sample_id,target_00,target_01,target_02,target_03,target_04,target_05,target_06,target_07,target_08,target_09,target_10,target_11
sample_07393cebc8e6882a,640.6436767578125,625.6488647460938,614.3402099609375,601.6402587890625,593.0166625976562,575.07666015625,564.386474609375,551.7366333007812,540.619140625,532.275634765625,528.1000366210938,517.6083984375
sample_640b9e2639db9b4f,379.7992858886719,378.4314270019531,379.2500915527344,380.4460754394531,383.7939453125,385.1368103027344,389.7342224121094,393.4223937988281,398.792236328125,399.34033203125,404.5863342285156,408.3973388671875
sample_cd1159b14b325e4b,424.9870910644531,415.92156982421875,410.7997741699219,403.7176208496094,398.732421875,394.8983459472656,390.2157287597656,389.635009765625,385.66748046875,386.9693603515625,387.1199035644531,383.7236328125
sample_cdb23a4bf60ec4df,383.9468078613281,383.5224304199219,384.1475524902344,384.06268310546875,382.646240234375,380.44036865234375,379.26678466796875,381.145263671875,383.65899658203125,381.71588134765625,383.6953125,382.69464111328125
sample_3713237d245e38bb,413.17413330078125,420.1214904785156,426.889892578125,429.5315246582031,430.0565185546875,430.6802673339844,421.9215087890625,423.943603515625,423.3940734863281,420.5087585449219,419.0578308105469,413.6877136230469
sample_f31824a4e3d5930f,403.1508483886719,403.9385986328125,406.2137145996094,406.4197082519531,404.531982421875,402.6380310058594,398.72369384765625,398.6838073730469,401.17633056640625,398.3544616699219,398.0801086425781,396.46563720703125
sample_25bea02c24a67c08,469.70257568359375,486.8939208984375,499.9076843261719,506.1084289550781,509.5503234863281,511.1937255859375,508.6602478027344,507.8521423339844,507.7413330078125,498.94134521484375,501.9745788574219,493.1848449707031
sample_2dd3977ed2b2ff57,413.4541320800781,416.3303527832031,421.45025634765625,424.2803649902344,424.994384765625,428.7624206542969,429.150146484375,431.3961486816406,437.474853515625,435.3951721191406,438.67974853515625,438.5467834472656
sample_32a96879a30b2909,442.5097961425781,434.7507019042969,430.147705078125,424.2313232421875,418.22711181640625,414.52020263671875,407.25067138671875,405.7706298828125,403.43426513671875,403.490966796875,401.3623962402344,397.6681213378906
sample_aad76c976c41a05f,376.9344177246094,379.20758056640625,383.0987243652344,386.7544860839844,392.2442626953125,396.3697204589844,402.0149841308594,406.71649169921875,411.63641357421875,413.4686279296875,419.4913635253906,421.9395446777344
sample_bca1cb59b70a22e6,285.1263732910156,291.53582763671875,301.95843505859375,311.6472473144531,319.82037353515625,330.2279052734375,337.0826110839844,345.85552978515625,351.4311218261719,356.8144836425781,362.90655517578125,368.466796875
sample_811305c96bbd2824,317.8305358886719,328.32196044921875,343.15472412109375,355.1463928222656,365.34857177734375,378.26849365234375,386.44293212890625,396.8691101074219,404.3245849609375,409.550537109375,415.0178527832031,418.56292724609375
sample_1b9772ccc78fca78,355.2634582519531,357.6534423828125,364.31842041015625,368.6610107421875,370.98883056640625,375.18548583984375,377.8894958496094,380.9300537109375,386.98345947265625,386.53277587890625,391.3628234863281,391.7478332519531
sample_26dc6ca145467ebb,358.5206298828125,361.3644104003906,367.7352600097656,371.3636474609375,373.8702392578125,376.85479736328125,376.6983642578125,380.81817626953125,384.9422912597656,384.4513854980469,387.65081787109375,388.19586181640625
sample_98842d07544af6e2,366.4175720214844,368.2364196777344,372.1716613769531,375.7379455566406,379.7908935546875,382.3624572753906,387.32171630859375,391.2554626464844,396.2958984375,397.997314453125,402.6985168457031,406.49798583984375
sample_c964c449faaf90f2,344.1445007324219,345.3965759277344,348.8468322753906,352.24591064453125,355.8874206542969,357.2724914550781,361.6619567871094,365.12664794921875,368.7829284667969,370.73309326171875,375.309814453125,378.8072509765625
sample_376a00813b7bf0b0,397.1626281738281,393.37725830078125,392.1973571777344,389.3740234375,386.7702331542969,386.58453369140625,383.4882507324219,386.3825378417969,387.6183776855469,387.724365234375,390.321533203125,391.0592041015625
sample_0d7f49c865bf5da3,384.5806884765625,386.6842041015625,393.0339050292969,395.86767578125,396.9480285644531,398.0621337890625,399.28826904296875,400.2181701660156,405.0404968261719,401.5225830078125,405.36260986328125,402.3973388671875
sample_2f279e207b201e3d,458.6922302246094,467.624267578125,473.01556396484375,475.7391662597656,474.95721435546875,468.435302734375,464.929931640625,461.78765869140625,459.0058288574219,451.8512268066406,456.5956115722656,449.7187194824219
sample_ee237257712686c8,461.7756652832031,451.3778991699219,445.7301940917969,436.9402160644531,431.3568115234375,424.53240966796875,416.7538757324219,415.0282287597656,409.1697692871094,407.5796813964844,404.07086181640625,400.1807861328125
sample_5d8e1635ce7c934c,402.1955261230469,417.1758728027344,433.2681884765625,440.66973876953125,450.10076904296875,455.80767822265625,456.1667175292969,462.2724914550781,465.0491943359375,460.9617004394531,462.4454345703125,455.6966857910156
sample_ed80421a26312202,400.3048400878906,397.528564453125,396.24609375,395.7713928222656,394.2803955078125,394.0696105957031,394.5218811035156,395.8782958984375,400.0478210449219,399.5565185546875,403.1727294921875,404.09954833984375
sample_151ad0fb36840adf,395.9581604003906,394.33428955078125,393.2917785644531,393.38800048828125,389.5776672363281,388.8057556152344,386.56231689453125,388.6825256347656,391.61968994140625,390.5743103027344,392.58587646484375,392.18780517578125
sample_8381566215893eb5,516.6140747070312,505.74896240234375,501.119140625,492.63458251953125,488.0821228027344,480.3178405761719,474.38714599609375,472.92315673828125,466.7142028808594,464.71136474609375,465.64508056640625,457.3460388183594
sample_1d2121d81e214e57,299.6685485839844,305.19384765625,313.6799621582031,323.2247009277344,331.2694091796875,341.73004150390625,348.1466369628906,356.78094482421875,364.1404724121094,370.175048828125,376.67333984375,382.8573913574219
sample_8657c167f711013a,362.9944763183594,364.5185852050781,367.78619384765625,370.9857482910156,373.5686340332031,375.3138427734375,377.2072448730469,380.36224365234375,385.22381591796875,386.0035400390625,389.1201171875,392.1158447265625
sample_e9c234275cbec2a2,355.8785095214844,360.497314453125,369.4029235839844,374.5307312011719,377.33123779296875,380.6103515625,381.9231262207031,385.8995361328125,388.995361328125,386.97808837890625,391.3235168457031,388.5528564453125
sample_fbf01e4b6151f775,439.1131896972656,438.54595947265625,438.98907470703125,438.29144287109375,434.99554443359375,432.62896728515625,429.4369201660156,426.5960998535156,430.6153259277344,426.4499816894531,429.24237060546875,422.8655090332031
sample_10d6d1c50ff6e8eb,441.937255859375,432.5931701660156,426.1746826171875,419.3539123535156,413.79473876953125,406.8472900390625,401.9757385253906,397.2112731933594,394.3584289550781,392.98687744140625,392.5311279296875,388.2311096191406
sample_128ee4eee3eb9506,420.5738525390625,423.68060302734375,426.4439392089844,426.6527404785156,424.4317932128906,420.04547119140625,412.49151611328125,410.4331970214844,409.864013671875,405.6394348144531,405.09136962890625,399.3500061035156
sample_ec5ee34fe44d6c64,306.5419006347656,312.5645446777344,322.722412109375,330.9859619140625,337.96380615234375,346.1768493652344,351.3251647949219,358.8792419433594,363.6481018066406,366.7799987792969,372.2369384765625,375.3642272949219
sample_0167fa422722a0e2,443.94097900390625,435.9938049316406,430.23077392578125,423.5200500488281,416.7202453613281,409.6582336425781,402.91302490234375,398.872314453125,396.2543029785156,392.98687744140625,390.9145202636719,387.56488037109375
sample_2b9fa5e8aa45ff01,447.98675537109375,441.9167785644531,438.0926513671875,433.2571105957031,428.09686279296875,422.0338439941406,416.2493896484375,413.7807922363281,412.4732666015625,409.12872314453125,408.245361328125,405.77655029296875
sample_cb8f5f10502a2009,287.4921569824219,292.61077880859375,301.11724853515625,309.860595703125,318.9566955566406,329.22125244140625,336.4325256347656,345.2589111328125,352.9908142089844,360.266845703125,366.6971740722656,373.80059814453125
sample_e7a8a0bb40501503,618.4382934570312,620.1813354492188,616.0826416015625,607.1796264648438,604.6088256835938,589.97900390625,577.1924438476562,566.289306640625,555.1598510742188,544.390625,540.4833984375,527.127197265625
sample_945d066b761acc18,359.85174560546875,361.01873779296875,364.02801513671875,366.8818359375,371.17620849609375,372.94970703125,379.0301513671875,382.6605529785156,386.89300537109375,388.720947265625,393.71087646484375,397.8614501953125
sample_efb1efddf184c58d,604.35498046875,598.1282348632812,591.600830078125,580.3320922851562,576.0538330078125,557.6423950195312,549.0022583007812,536.662109375,524.8922119140625,516.3703002929688,513.0426025390625,502.3074035644531
sample_3c45d5e67034ba0e,399.32659912109375,397.6434326171875,398.7990417480469,399.6014404296875,399.5069885253906,398.2750244140625,400.2571105957031,401.4247131347656,404.6610412597656,404.6965637207031,408.6298828125,408.8837585449219
sample_23c883867fc1daeb,440.4987487792969,433.3283996582031,428.50897216796875,422.6200256347656,416.6711120605469,411.97491455078125,404.2060241699219,402.0587463378906,399.8605041503906,399.0351867675781,396.018310546875,392.1419982910156
sample_8a64eaf81c862720,351.1759948730469,371.87530517578125,393.35205078125,415.417236328125,438.24383544921875,460.5028076171875,482.81817626953125,502.1777038574219,515.692626953125,526.8209228515625,534.6795043945312,541.6122436523438
sample_e0c9fbd81ab7a859,348.9778137207031,349.3404846191406,352.3951110839844,353.12042236328125,357.5741882324219,358.45672607421875,360.48187255859375,363.1062927246094,368.3968505859375,368.9342956542969,373.60400390625,377.14556884765625
sample_6e4de22042d4ec31,366.4167785644531,367.2413330078125,372.091796875,374.8080139160156,378.60943603515625,381.2566833496094,383.528076171875,386.9012145996094,392.7161865234375,394.8907775878906,397.309814453125,399.9466857910156
sample_45857440ba8e7c9a,297.8829650878906,302.7339782714844,310.4989929199219,318.9759216308594,328.4751892089844,337.5963439941406,345.29022216796875,353.50634765625,360.74786376953125,367.78338623046875,374.41009521484375,381.5804443359375
sample_bea820781e71b086,506.94000244140625,492.47210693359375,481.42315673828125,469.1935119628906,460.6912841796875,450.65716552734375,437.2874755859375,430.89599609375,421.7947692871094,420.78485107421875,412.2184143066406,406.42950439453125
sample_420a9b3c72f556a3,322.62371826171875,326.28564453125,333.51983642578125,339.47955322265625,345.60540771484375,351.9568786621094,357.84649658203125,363.85888671875,370.5766296386719,373.18408203125,379.9507141113281,384.4268798828125
sample_c4be1e5bae7c237a,627.7654418945312,613.4721069335938,604.5345458984375,594.2273559570312,589.267578125,575.088134765625,567.0352172851562,559.2044677734375,549.1309814453125,544.8523559570312,545.8818359375,534.8135986328125
sample_9bebbbebbb150308,257.32177734375,274.02728271484375,292.2115783691406,312.62939453125,331.31573486328125,351.90899658203125,369.0031433105469,387.64544677734375,394.36322021484375,406.83367919921875,417.01165771484375,424.186279296875
sample_83f2f41f92dc003c,590.0306396484375,577.2241821289062,564.3407592773438,548.5330200195312,538.6416015625,519.4231567382812,506.6374206542969,491.7569885253906,480.23309326171875,473.0764465332031,463.64599609375,456.2798156738281
sample_84e6f35cdc38be1d,407.0762939453125,416.83538818359375,428.3218078613281,433.575439453125,437.2968444824219,438.8558654785156,439.65570068359375,440.3334655761719,441.4974365234375,437.036865234375,441.21795654296875,434.2449035644531
sample_b26062026f8bedcb,334.20697021484375,339.2376708984375,347.2213134765625,355.96783447265625,365.3753356933594,375.2291564941406,383.34326171875,392.4961853027344,401.2879638671875,407.5788269042969,412.8888854980469,419.4681091308594
sample_5d01b7333894d709,410.32659912109375,406.9537658691406,405.7047424316406,404.0774230957031,399.9395446777344,398.2896728515625,394.4143371582031,395.14862060546875,396.5581970214844,395.5406799316406,396.5763854980469,394.6328125
sample_c9b3a0534b2adf5f,634.825927734375,629.2616577148438,621.6637573242188,608.0925903320312,603.8414306640625,583.691650390625,572.07470703125,558.3468627929688,543.4605712890625,534.063720703125,528.8341064453125,517.5372924804688
sample_2a01809b0f308234,457.2275390625,458.67767333984375,461.5337219238281,461.4453125,459.3248291015625,457.3868103027344,451.77044677734375,448.1622009277344,452.4928283691406,448.4884948730469,448.400634765625,442.9234313964844
sample_2a6325256da2c822,546.8778076171875,548.3092651367188,544.2215576171875,533.3900146484375,530.9737548828125,516.8215942382812,502.62615966796875,489.97064208984375,481.2640075683594,466.7755126953125,462.17864990234375,452.8509216308594
sample_b7e2ca6c7acd4dcb,450.8122253417969,443.3070983886719,436.9532165527344,430.02447509765625,423.1080017089844,415.13360595703125,406.663330078125,402.2112731933594,399.9571228027344,396.3751220703125,391.2263488769531,389.1226806640625
sample_b5e20a4b1bdab8e3,461.58526611328125,461.2009582519531,460.9128112792969,461.16888427734375,457.89385986328125,454.31103515625,449.3490295410156,448.9486389160156,448.99603271484375,446.11767578125,446.753173828125,439.6321716308594
sample_82017ddd80a46cc6,445.6630554199219,437.7806091308594,433.0920104980469,427.9006652832031,421.92706298828125,417.94146728515625,413.0359191894531,411.02825927734375,408.5817565917969,408.8687438964844,407.8142395019531,402.8617858886719
sample_c8e7115090586e50,305.007080078125,309.6341857910156,317.7492980957031,326.34002685546875,332.8000793457031,341.8109436035156,347.72393798828125,354.8995666503906,361.65679931640625,366.0244140625,372.40478515625,377.08660888671875
sample_dc027c12dda8c1a6,535.8482666015625,526.083251953125,517.466796875,507.1390075683594,498.98175048828125,483.8929748535156,474.08697509765625,464.56719970703125,457.3131103515625,451.0394287109375,445.0196533203125,437.64508056640625
sample_aecc2148ae34f849,369.451416015625,371.50830078125,378.1450500488281,380.8841857910156,382.1449279785156,383.6718444824219,384.92425537109375,385.71649169921875,390.52691650390625,387.1465148925781,390.92840576171875,388.86859130859375
sample_8b42e72c605c79d7,376.2017517089844,380.4615478515625,386.7350158691406,394.6533508300781,401.59326171875,408.1270751953125,416.3988952636719,422.3436279296875,428.6177978515625,430.9015197753906,436.6989440917969,439.5928039550781
sample_b324b49526179f30,308.72698974609375,313.43902587890625,322.2772521972656,330.1666259765625,336.4939270019531,345.4723205566406,351.17022705078125,357.66229248046875,365.20562744140625,369.33636474609375,375.1353454589844,379.9755859375
sample_7e81902db1a1102f,378.9820861816406,397.5940246582031,417.07373046875,435.4156494140625,454.99188232421875,472.87738037109375,492.4300537109375,507.967529296875,520.4434204101562,528.4089965820312,535.0894165039062,538.6323852539062
sample_7dd961db1087bec1,365.5420227050781,365.88421630859375,369.60028076171875,371.224853515625,374.3416748046875,375.6114196777344,375.9784240722656,378.7113952636719,383.9331970214844,385.01312255859375,387.4588928222656,388.85601806640625
sample_ea1a00a0e65e9826,422.05072021484375,420.0614318847656,418.3426513671875,414.97076416015625,411.37469482421875,406.3747863769531,399.7183532714844,397.3909912109375,399.31744384765625,395.5607604980469,392.5699768066406,390.26519775390625
sample_a4a30e62afc97417,383.33282470703125,387.5953369140625,394.6667175292969,396.8110046386719,397.6865234375,397.9502258300781,395.325927734375,396.677490234375,400.16522216796875,394.5079040527344,397.3988342285156,392.8169860839844
sample_cdab93bfbe70f66a,288.4158630371094,297.74664306640625,310.6398620605469,323.8641662597656,335.09765625,349.54815673828125,359.8808288574219,371.39453125,379.7237243652344,387.46209716796875,395.244873046875,401.66876220703125
sample_c7c524d4e9e4ece2,391.7839050292969,391.6262512207031,393.1795654296875,393.7030944824219,394.6944580078125,395.2701110839844,397.5333557128906,401.16180419921875,403.931884765625,405.0648498535156,408.4333801269531,409.0694274902344
sample_4bcabd5983d189f0,393.6793518066406,393.4184875488281,393.72216796875,394.13604736328125,391.7554626464844,390.9803466796875,388.9097595214844,391.166015625,393.62939453125,392.5639953613281,395.45220947265625,391.8410339355469
sample_660943221940951f,550.9285888671875,538.6058959960938,528.2020874023438,516.5838012695312,506.7176513671875,492.336181640625,480.3308410644531,469.7502136230469,461.4411926269531,456.23724365234375,447.68572998046875,439.1551513671875
sample_e8c834ac9b8b5489,319.0978698730469,323.5287780761719,331.05450439453125,338.55413818359375,346.999755859375,355.47540283203125,363.00982666015625,371.04193115234375,378.85418701171875,384.572021484375,390.8835754394531,397.0840148925781
sample_53f60a8fb30eaa63,444.9234619140625,438.3497314453125,436.7593994140625,430.6619567871094,428.1972351074219,421.54266357421875,417.5520935058594,415.5062255859375,415.063232421875,412.6398620605469,413.7895202636719,412.21551513671875
sample_73194d40989b98ac,368.4993896484375,383.2858581542969,398.15447998046875,418.85845947265625,440.0891418457031,461.9722900390625,484.5930480957031,504.6963195800781,520.2460327148438,533.568359375,543.4180297851562,552.7349853515625
sample_4f850d3e5d6a3522,523.0360717773438,510.8768615722656,503.1465148925781,494.0305480957031,486.4809875488281,476.6783752441406,464.97119140625,460.07904052734375,453.4041748046875,449.5384521484375,442.6238708496094,435.8077392578125
sample_753f3baa924a34fb,339.4466552734375,341.748779296875,346.0120544433594,350.1142578125,354.7412109375,357.8736877441406,362.6425476074219,367.648681640625,372.4639587402344,374.40277099609375,379.9017028808594,384.8278503417969
sample_773b8c6374157638,407.4534912109375,402.15130615234375,399.99566650390625,395.2740478515625,391.65997314453125,389.0404968261719,383.7920837402344,384.7909851074219,383.92327880859375,383.86846923828125,383.52227783203125,382.8765563964844
sample_e5a862a330a96d74,404.46282958984375,403.167236328125,402.2956237792969,400.8304443359375,396.81536865234375,395.02276611328125,389.60546875,390.3757629394531,391.5267333984375,389.9193420410156,389.6002502441406,387.1880187988281
sample_da4fabc1187db04b,325.23486328125,330.0347900390625,338.374755859375,344.9601745605469,349.63128662109375,355.6899719238281,358.4532165527344,364.2588806152344,369.5018005371094,370.3643493652344,375.1517028808594,376.2926330566406
sample_c12365177620d167,449.14373779296875,447.1136779785156,447.12506103515625,445.49920654296875,444.1121520996094,445.4306640625,445.6391296386719,446.8469543457031,449.1588134765625,450.76788330078125,454.2607727050781,452.0711364746094
sample_a792a3374d6a6e74,600.709228515625,590.4133911132812,582.7175903320312,570.1397705078125,565.0142211914062,547.2333374023438,537.5501098632812,524.89599609375,515.814208984375,510.5593566894531,502.2413635253906,491.5928039550781
sample_149bfa65dec725f7,336.3695983886719,339.2835693359375,345.51263427734375,351.90899658203125,356.867431640625,361.926513671875,367.7850341796875,372.9944763183594,377.417236328125,379.2292785644531,383.79302978515625,386.7677917480469
sample_bbe5f46d6e5326a8,303.4765625,306.8124694824219,315.1446533203125,321.6033630371094,330.8370666503906,338.6772155761719,346.8047790527344,353.5978698730469,359.9626770019531,366.19256591796875,371.7881774902344,378.69732666015625
sample_9fa215bfef10e3b6,453.95477294921875,442.8641357421875,435.92425537109375,426.4353942871094,420.4561462402344,413.6880798339844,404.7105407714844,402.2384033203125,396.1828308105469,395.8484191894531,390.9816589355469,387.2402038574219
sample_0aca06b2b91bbd20,341.0317687988281,346.4013671875,356.15301513671875,361.8367919921875,366.65057373046875,372.3355712890625,374.7963562011719,380.4419250488281,386.3954772949219,386.1580810546875,390.52581787109375,390.625732421875
sample_1860a721786e9ac2,312.5557556152344,315.2081604003906,322.3180236816406,329.1402587890625,336.1239013671875,343.316162109375,350.9845886230469,356.2385559082031,362.6763916015625,367.41973876953125,373.72900390625,379.4249267578125
sample_b70efa31ab846aff,356.87725830078125,357.78973388671875,360.6576843261719,363.0103454589844,363.8587646484375,364.07159423828125,364.3158874511719,367.2164611816406,370.25372314453125,369.6514587402344,372.8381042480469,374.567138671875
sample_e37d87f54753b265,299.09368896484375,309.2239685058594,323.1822509765625,334.7326965332031,344.8731384277344,357.0855407714844,363.97979736328125,374.97760009765625,380.6868896484375,385.3634948730469,391.629150390625,395.1775207519531
sample_86a8caa6730ec36d,294.451904296875,303.5375671386719,316.79290771484375,327.79803466796875,337.6349182128906,349.7864685058594,357.6324462890625,367.37420654296875,374.9429016113281,380.4397888183594,386.74310302734375,391.1226501464844
sample_f5832e911a86ed00,304.5419006347656,311.5826110839844,321.97259521484375,331.3170166015625,339.0955810546875,348.72393798828125,354.1453552246094,362.6690673828125,368.6827392578125,372.266845703125,378.21221923828125,382.0252685546875
sample_cc2417f501bdfd1c,324.7325744628906,332.5207214355469,343.945068359375,354.2762756347656,362.8837585449219,374.0564270019531,380.2598571777344,390.11993408203125,397.51348876953125,402.87322998046875,407.319091796875,411.46356201171875
sample_f90b82d04f646fb5,328.3882751464844,337.1194152832031,350.5711669921875,359.0544738769531,366.62225341796875,374.4539794921875,378.79541015625,386.6012878417969,390.2250061035156,391.93060302734375,396.643310546875,395.91680908203125
sample_64af1b7610e614dd,334.4056701660156,338.59893798828125,346.7216491699219,352.96783447265625,358.0058288574219,364.8298034667969,369.7433166503906,374.9504089355469,382.1980895996094,383.9119567871094,389.84295654296875,392.4281921386719
sample_c1c0959a898d3fb3,428.44329833984375,420.67401123046875,415.7169494628906,409.0159912109375,403.5768127441406,398.5439147949219,392.4207763671875,389.9706115722656,387.5655212402344,386.8255310058594,384.2131042480469,382.3918151855469
sample_02dc116142aaf115,365.28314208984375,375.4537048339844,386.7940979003906,389.9552917480469,394.3216552734375,396.7318420410156,390.9163513183594,395.4148254394531,395.2566833496094,389.52569580078125,392.9940185546875,387.22039794921875
sample_e4aeebc473c31a6f,296.1656494140625,304.4268493652344,316.7369689941406,327.4915771484375,336.8467712402344,348.818115234375,356.3031921386719,365.96063232421875,374.0014953613281,379.6443786621094,385.5399475097656,390.1807861328125
sample_01bb65f39b5a4631,660.9898071289062,642.0780029296875,627.5886840820312,611.2984008789062,602.676513671875,580.648193359375,568.3650512695312,554.3366088867188,539.97509765625,530.34375,524.4321899414062,515.1817626953125
sample_96acc88c4067a9de,388.2149963378906,389.648681640625,393.5193176269531,395.33746337890625,396.3187561035156,396.0272216796875,396.4791259765625,397.85968017578125,401.62353515625,399.7757873535156,403.1448669433594,400.8119812011719
sample_a8213d2b37924929,619.714599609375,601.5855712890625,587.9774780273438,573.2572631835938,566.2269897460938,546.608642578125,535.8812255859375,524.1637573242188,511.55206298828125,503.093994140625,499.5505676269531,490.0616455078125
sample_fa8a6a13551507b3,340.1232604980469,360.5046081542969,381.6570129394531,405.7059631347656,431.24383544921875,456.72711181640625,483.67327880859375,505.04888916015625,523.2608642578125,537.394287109375,547.0787963867188,557.5972900390625
sample_bc11d3fd662ded19,455.49786376953125,450.47198486328125,448.0030212402344,443.6383361816406,439.4917297363281,433.04840087890625,427.76556396484375,425.3062438964844,424.5328674316406,421.84954833984375,419.92730712890625,415.8843688964844
sample_1b9189f53063cd9b,355.42486572265625,355.9834899902344,361.279296875,364.196533203125,368.8190002441406,371.03173828125,375.2059326171875,378.71307373046875,383.4000244140625,385.6195068359375,388.4383544921875,390.9454040527344
sample_c066ba28fb53a359,312.62469482421875,331.61328125,349.8789978027344,371.73822021484375,392.8423767089844,411.6803894042969,431.8931884765625,450.8454895019531,455.6429443359375,467.04840087890625,475.9091796875,480.51678466796875
sample_d8bbd7529105e735,605.3092651367188,587.4170532226562,573.9220581054688,559.4475708007812,552.2771606445312,533.0968017578125,522.3094482421875,510.39764404296875,498.24835205078125,490.3816223144531,486.490478515625,477.17138671875
sample_14c9c0533d8cf5c0,375.1024169921875,378.634765625,385.17950439453125,391.3142395019531,395.973876953125,400.9186096191406,407.3471374511719,412.3232727050781,417.76214599609375,419.02301025390625,424.51434326171875,425.3785095214844
sample_4bef925d1b7fc913,365.74237060546875,367.671142578125,371.5189208984375,375.5025634765625,378.734619140625,381.38311767578125,385.10552978515625,388.796142578125,394.2481689453125,395.38555908203125,399.2197265625,402.4166564941406
sample_2aefe57b23de0d99,480.28125,487.8929443359375,493.40228271484375,497.2650451660156,505.7686462402344,510.7884826660156,518.6220703125,526.7877197265625,537.1036376953125,538.724609375,540.2616577148438,545.812255859375
sample_f8d3ba67c6cde096,311.5390319824219,315.5580749511719,323.3531494140625,330.8517150878906,338.32464599609375,346.8553466796875,353.6262512207031,360.6927795410156,368.060302734375,373.6604919433594,379.97369384765625,385.3087158203125
sample_e5a4a3bbde68221a,360.0051574707031,362.05853271484375,368.28369140625,371.91705322265625,373.0572509765625,375.9715270996094,377.2478332519531,379.3656311035156,385.19610595703125,383.5528259277344,387.1181335449219,386.9757385253906
sample_4254ea6bd3ecf9dd,629.0524291992188,606.2237548828125,586.8364868164062,567.3274536132812,556.2101440429688,534.326171875,519.3715209960938,505.089111328125,488.6347961425781,480.0357666015625,472.30322265625,461.42333984375
sample_63b2b6f891199dfb,501.6537170410156,487.32080078125,475.42291259765625,464.7305908203125,456.0911865234375,445.4997253417969,436.27777099609375,427.0858154296875,419.89019775390625,418.1366271972656,413.98431396484375,406.1492919921875
sample_a4d395655189c922,382.42236328125,383.3961181640625,386.6093444824219,388.2915954589844,387.7790832519531,387.83392333984375,388.4497985839844,389.19952392578125,393.7859802246094,391.29229736328125,393.8271484375,394.65997314453125
sample_08bdaf8d3b1d8dc8,456.4193115234375,448.0577697753906,440.6055603027344,432.8748779296875,425.19464111328125,416.5737609863281,407.4595642089844,402.37738037109375,399.5233459472656,395.1083679199219,390.57440185546875,387.51715087890625
sample_baa92b941d19ca0e,363.7857666015625,364.6290283203125,368.14013671875,370.92333984375,373.838623046875,376.1408996582031,380.4792175292969,382.80120849609375,387.9098205566406,388.83538818359375,393.3699035644531,394.7265625
sample_08eefe23644a868e,426.85064697265625,424.3597412109375,422.10089111328125,419.5736083984375,415.96490478515625,411.00823974609375,406.0377197265625,404.79437255859375,404.446533203125,402.8987121582031,400.86328125,398.1257629394531
sample_187da4336eb6be9f,351.320068359375,362.0741882324219,373.1391296386719,389.0536804199219,408.4610900878906,424.98883056640625,444.9746398925781,460.7030334472656,471.3222351074219,481.19818115234375,493.42156982421875,503.8687744140625
sample_95b4498d04f8dbe4,300.5626525878906,306.8609619140625,317.5279541015625,327.6722412109375,335.4017333984375,345.8066101074219,353.4215393066406,361.66229248046875,367.12957763671875,372.23040771484375,378.87652587890625,382.91162109375
sample_0c1f18c0d08b2f3d,334.0992431640625,337.1122131347656,343.7901916503906,349.5448913574219,357.1300048828125,363.6419982910156,369.97198486328125,376.0317687988281,383.4540710449219,388.14593505859375,393.6274108886719,399.4262390136719
sample_6d79a7f57bb9dd43,537.12109375,564.0906982421875,584.2449951171875,596.4462280273438,608.1455078125,610.8299560546875,610.3265380859375,617.9471435546875,612.4307250976562,604.6734619140625,604.6883544921875,594.1820678710938
sample_db2389a12a259dcb,327.4671325683594,330.37347412109375,335.8179626464844,341.1811828613281,346.5795593261719,350.6195373535156,355.50042724609375,360.9131164550781,366.17431640625,368.9936218261719,374.0956115722656,379.1009216308594
sample_6d7f476726eb8b24,351.2418518066406,360.68682861328125,374.1540832519531,386.9141540527344,396.6602783203125,410.4654846191406,421.4610290527344,431.540283203125,441.52197265625,447.16229248046875,453.60443115234375,456.78369140625
sample_89dd33ca177237f6,539.3302612304688,552.6325073242188,561.3220825195312,567.8157348632812,573.210205078125,572.5427856445312,575.1188354492188,581.8215942382812,580.7045288085938,575.3157348632812,576.5558471679688,575.2384033203125
sample_ff70bc7fe4f13ccb,397.5194091796875,413.3491516113281,430.57275390625,447.3229675292969,464.13983154296875,480.6495056152344,496.8271789550781,511.313232421875,523.781982421875,530.3798828125,534.9656982421875,537.9797973632812
sample_154668ced0d69a44,404.6000671386719,405.6341857910156,406.9532775878906,406.4732360839844,401.5809020996094,399.8092041015625,391.04217529296875,391.1444091796875,390.7964782714844,387.6887512207031,386.6313781738281,382.10406494140625
sample_f629f3d23759e915,407.24603271484375,404.6727294921875,404.0522766113281,402.57379150390625,399.21197509765625,397.255615234375,393.1033935546875,394.2333679199219,396.3623962402344,394.5042419433594,395.5267028808594,393.1173095703125
sample_caf5d80993b32561,457.7554016113281,450.507568359375,445.17547607421875,439.0329284667969,433.0583190917969,425.09710693359375,418.6801452636719,414.6248474121094,412.8464660644531,408.1705322265625,406.01611328125,403.1742858886719
sample_fba775a2c24b996a,378.1959533691406,378.04998779296875,379.5163879394531,380.2264709472656,381.6224365234375,381.0692443847656,383.0451965332031,386.18890380859375,388.7843933105469,389.42059326171875,391.840087890625,394.09088134765625
sample_15c1d096f0d8350e,449.01397705078125,440.7293701171875,433.99462890625,426.7595520019531,420.1951599121094,410.8886413574219,403.03009033203125,397.0350036621094,393.968017578125,390.2799072265625,387.5320129394531,384.1807861328125
sample_31fce5b3839284ab,433.43731689453125,427.0,423.6342468261719,419.4720153808594,413.7218017578125,409.81134033203125,405.23968505859375,403.814697265625,403.337646484375,401.78369140625,401.2506408691406,398.0502624511719
sample_8f621165923ea381,399.1300964355469,401.00933837890625,404.339111328125,404.9410705566406,403.39984130859375,403.0196228027344,395.2334899902344,397.41815185546875,399.40521240234375,396.1344299316406,395.5951232910156,391.97222900390625
sample_fe2e6c5bd5a8e624,442.3988952636719,436.4054260253906,433.3142395019531,429.8680114746094,429.9721984863281,427.8623962402344,427.7865905761719,426.7604675292969,428.8126220703125,430.4324645996094,435.4313049316406,436.1734924316406
sample_659c3f335e60f403,416.2366027832031,414.4796447753906,414.389404296875,412.84283447265625,409.34515380859375,407.0641174316406,403.9374694824219,404.35711669921875,405.9901123046875,404.64892578125,405.3251647949219,403.5601806640625
sample_565cbc75c3de3602,478.7004089355469,491.59881591796875,504.8218688964844,515.4278564453125,527.2117309570312,538.128662109375,545.64794921875,557.2420043945312,567.0642700195312,568.3304443359375,568.59912109375,566.8469848632812
sample_02b07c104460f4e0,328.6850280761719,331.5592956542969,336.6025390625,342.02392578125,347.9981994628906,351.9374694824219,357.3218994140625,363.03173828125,368.19927978515625,371.487548828125,376.8500061035156,382.2668151855469
sample_d6c767141094adae,494.92706298828125,481.8792724609375,470.8122253417969,459.3426818847656,450.26654052734375,437.29302978515625,426.358642578125,418.1841125488281,411.04205322265625,405.769287109375,401.0267028808594,395.04022216796875
sample_1e0ac64be1a3bc2a,388.06158447265625,385.7479553222656,384.0450744628906,382.1931457519531,378.1177062988281,375.6593017578125,373.2400207519531,373.3028564453125,374.0592956542969,372.9817810058594,373.5256042480469,372.0359802246094
sample_7257eff202b87d40,488.5396728515625,487.6916198730469,485.796875,478.58636474609375,475.5201110839844,466.3255310058594,457.044677734375,448.3943786621094,446.3560791015625,438.7421569824219,436.8049621582031,429.888916015625
sample_c2f2193f9591d071,346.989013671875,351.0306701660156,358.6383056640625,364.3561706542969,369.0494079589844,374.7422790527344,377.4364013671875,382.82159423828125,389.1590881347656,390.27081298828125,393.9754638671875,396.04473876953125
sample_86ecd7b7efcdc349,370.0077819824219,384.667236328125,400.5162658691406,418.07379150390625,436.4890441894531,454.342529296875,474.3627624511719,490.021728515625,503.57586669921875,513.4109497070312,521.7731323242188,527.5272216796875
sample_afc063171d68ade3,480.1150817871094,489.15313720703125,495.34881591796875,499.4665832519531,500.8264465332031,495.9823913574219,495.49493408203125,494.943603515625,493.74273681640625,488.0572204589844,492.2859802246094,486.09197998046875
sample_0d814a480a147710,349.7569274902344,351.9623107910156,356.32110595703125,360.2713317871094,364.5536804199219,367.6669921875,371.69415283203125,376.20123291015625,381.6407775878906,383.4149475097656,388.3120422363281,392.385009765625
sample_dec0d0dae802e14f,308.3309631347656,315.5141906738281,325.9451904296875,333.5569152832031,339.7580261230469,346.954345703125,347.78118896484375,356.1707763671875,360.4029846191406,361.82861328125,364.9321594238281,366.59149169921875
sample_0b3a81ed5522140e,312.21533203125,314.6227722167969,321.1753845214844,326.71807861328125,335.7361755371094,341.93927001953125,350.9803771972656,356.2893981933594,362.85321044921875,368.1597900390625,374.72900390625,381.20220947265625
sample_b133303ea09b9654,558.521728515625,542.2568359375,527.1447143554688,510.80322265625,499.8017272949219,480.6992492675781,466.5966491699219,452.9942626953125,441.26361083984375,433.10272216796875,423.8809814453125,418.1772155761719
sample_97cd37a42acadff9,288.7671203613281,293.9539794921875,302.40216064453125,310.7533264160156,319.4067687988281,328.37384033203125,334.64727783203125,343.02838134765625,350.2467956542969,356.10748291015625,361.84735107421875,368.5817565917969
sample_f59b28bd83b68e1c,494.834716796875,480.2781677246094,469.08966064453125,456.67254638671875,448.6410827636719,438.41705322265625,426.7337951660156,419.9434509277344,410.7947692871094,409.8888244628906,402.7811279296875,396.3733215332031
sample_e474604211caabea,482.27947998046875,474.04266357421875,465.536376953125,455.1474609375,446.5068359375,433.5385437011719,423.80950927734375,415.0316162109375,409.9009094238281,404.3824768066406,398.2166442871094,395.5268859863281
sample_6796dd543dee7cdb,588.646240234375,568.0869140625,549.170654296875,530.0726318359375,518.2861938476562,498.26287841796875,482.3340148925781,467.1636962890625,452.916748046875,445.706298828125,436.27850341796875,427.74993896484375
sample_573814b9cd5820be,431.3549499511719,431.97735595703125,432.1095275878906,430.1837463378906,427.5689697265625,423.53289794921875,418.06732177734375,413.53424072265625,417.04998779296875,410.5180969238281,413.261474609375,408.9917297363281
sample_94909cfcbf274ee9,387.3673400878906,387.4118957519531,390.0220642089844,391.4085998535156,392.75372314453125,393.07708740234375,392.2419128417969,394.4435729980469,398.6718444824219,397.6553955078125,400.4768981933594,400.646728515625
sample_0a15dd4ed32eb914,394.1878662109375,392.8187255859375,390.70501708984375,389.1563720703125,386.5307922363281,382.88116455078125,380.0810546875,381.1622009277344,381.903076171875,379.37255859375,379.5763854980469,378.96527099609375
sample_5a324a738de84017,362.4520568847656,382.4681701660156,402.268310546875,422.92047119140625,444.76788330078125,464.64874267578125,486.427490234375,504.21160888671875,515.6190185546875,525.9268798828125,533.8544311523438,538.39990234375
sample_81c23dfc9febf80f,415.7101745605469,409.75482177734375,405.82861328125,401.5958251953125,396.3280029296875,392.3153076171875,388.6636657714844,386.31640625,385.763916015625,385.12164306640625,385.0589599609375,383.0489807128906
sample_4aa7ab013b27d632,357.2052917480469,362.1905822753906,370.2911682128906,378.3154296875,383.9688415527344,392.1495361328125,395.7559509277344,403.123291015625,411.0104064941406,414.26885986328125,417.1539001464844,420.48046875
sample_6c5b489d6911e606,372.8226623535156,373.52703857421875,378.0255432128906,381.043212890625,387.3689270019531,389.9697570800781,396.73876953125,400.4181823730469,405.9921875,408.28497314453125,413.09649658203125,416.3578796386719
sample_cfa08cc11e4a6bf0,357.6582336425781,360.1745910644531,367.06878662109375,371.1077880859375,372.64849853515625,374.9374694824219,375.98150634765625,378.414794921875,382.4433898925781,380.2157287597656,383.9264221191406,381.7681884765625
sample_efe9b93547c6e685,336.4189453125,337.8022766113281,341.17138671875,343.8985595703125,348.9155578613281,350.05548095703125,354.115234375,357.7825927734375,362.2444152832031,364.38299560546875,368.95648193359375,374.1390686035156
sample_f9ccc04ae0e0c4ce,552.21435546875,539.9129638671875,531.1327514648438,520.2700805664062,511.980712890625,497.9324951171875,487.0171203613281,477.7298889160156,470.1265869140625,464.9442138671875,457.7687683105469,449.816162109375
sample_946aa54ae6612866,419.684326171875,414.7142333984375,413.3568420410156,410.1256408691406,408.50439453125,405.2027893066406,403.50909423828125,401.6825256347656,404.10760498046875,403.7184143066406,406.5317687988281,406.6473388671875
sample_45e39849947fd11d,604.655517578125,596.4624633789062,586.6696166992188,569.239013671875,562.2514038085938,541.3142700195312,527.22216796875,511.984130859375,496.25469970703125,488.0346374511719,477.96221923828125,469.6064453125
sample_f6705e58cea7da5e,386.384765625,385.7201232910156,386.28173828125,386.4671325683594,387.4962158203125,386.64947509765625,388.48724365234375,390.9540710449219,393.5701599121094,393.653564453125,396.2630615234375,398.8158874511719
sample_cbe574dcd9c389d2,337.1734619140625,341.0327453613281,349.2496032714844,355.8525085449219,359.6059265136719,364.4036865234375,368.35552978515625,373.0080261230469,376.7371826171875,377.34710693359375,382.24798583984375,382.04669189453125
sample_f752f2f12400ee22,317.71728515625,323.0146789550781,331.99957275390625,340.0924377441406,347.68804931640625,357.0145568847656,363.5399169921875,370.9809265136719,379.6936340332031,384.10748291015625,389.7395935058594,394.6385803222656
sample_751639bf067c1fae,414.8251647949219,410.7450256347656,410.00994873046875,407.9363098144531,406.5644836425781,403.326171875,402.318115234375,401.28253173828125,403.7951965332031,403.3465576171875,406.7557373046875,406.29644775390625
sample_2f38c1430eb21885,328.9297180175781,333.79168701171875,342.4582214355469,349.1835632324219,354.5066223144531,359.41339111328125,364.84521484375,369.5605773925781,373.20025634765625,372.636474609375,378.44805908203125,379.04278564453125
sample_3ed284690d877dee,339.25872802734375,339.60491943359375,343.8248596191406,344.7295227050781,350.5526428222656,352.6241760253906,356.5977478027344,359.2791748046875,365.3713073730469,367.421142578125,372.1212158203125,375.751708984375
sample_780f90610811cb96,572.9779052734375,558.989990234375,546.867919921875,534.0120239257812,524.2538452148438,507.66326904296875,495.55657958984375,483.9773254394531,474.1180725097656,466.2115173339844,458.6212158203125,449.49798583984375
sample_e6eb4619dc2f030a,449.73394775390625,457.8597717285156,465.4583740234375,474.8371887207031,484.7955322265625,492.7810974121094,503.6712341308594,511.70635986328125,522.4158935546875,522.6342163085938,527.8765258789062,530.135009765625
sample_18d536a21c26d6d0,301.3846435546875,307.53375244140625,317.41656494140625,326.679931640625,334.7200012207031,345.36773681640625,352.0741882324219,360.245361328125,368.4311218261719,373.91845703125,379.744873046875,385.1336975097656
sample_a0cd053e8a0aece0,340.4947814941406,356.3113098144531,372.5437927246094,394.586669921875,417.0151672363281,440.3302917480469,463.9837341308594,485.09295654296875,499.6277160644531,513.7189331054688,525.4109497070312,535.9492797851562
sample_d3c8d95dfa04fc64,487.6990966796875,478.6334228515625,470.28607177734375,459.60150146484375,451.18145751953125,438.0169677734375,427.9530944824219,420.03839111328125,414.5560302734375,408.57489013671875,403.0611572265625,399.91748046875
sample_ff846552df312a6f,473.0798034667969,467.9439697265625,463.0102233886719,457.8286437988281,451.4602966308594,442.7414245605469,434.18243408203125,428.36383056640625,426.4819641113281,423.1253356933594,417.8389892578125,410.9515686035156
sample_91fa2c96071fcb0d,309.4805603027344,313.3330078125,321.19366455078125,328.1908264160156,334.493408203125,341.4085388183594,347.5732116699219,353.299560546875,358.3477478027344,360.4578857421875,366.1123962402344,369.7606506347656
sample_578a8e2f37652a04,411.4687194824219,431.4509582519531,451.37969970703125,470.64788818359375,490.41766357421875,508.83782958984375,528.96435546875,544.75732421875,559.4259643554688,566.06396484375,570.8314208984375,574.629150390625
sample_3c3a6848822543b8,479.2548522949219,466.8153076171875,458.5348205566406,448.740234375,441.1550598144531,435.4382629394531,426.3994140625,423.5909423828125,417.0960998535156,417.3892517089844,413.8323669433594,407.9109802246094
sample_426234b373230d5e,392.9215087890625,391.56494140625,391.3650817871094,390.4132080078125,387.73291015625,385.6039123535156,382.03094482421875,383.57574462890625,386.0147399902344,384.1640319824219,385.1272888183594,383.8219299316406
sample_9b19edfb2a261987,352.4505920410156,354.3454895019531,360.04022216796875,365.2803649902344,367.83221435546875,371.5915832519531,375.61749267578125,378.8385314941406,383.93792724609375,384.6748962402344,389.17730712890625,390.16485595703125
sample_e6c6a32bafc93ddf,407.5042724609375,406.3412170410156,404.9728088378906,403.8099670410156,399.8092956542969,395.1109313964844,391.2261047363281,390.8452453613281,391.343994140625,388.48785400390625,388.569091796875,384.2745361328125
sample_4b585b4f5af25525,317.28228759765625,341.8086242675781,366.4647216796875,390.17205810546875,415.7466735839844,438.94708251953125,460.331787109375,482.06585693359375,491.2608642578125,503.2106018066406,510.55230712890625,515.6038208007812
sample_f1dc438fdfd5d302,524.943603515625,507.96728515625,492.64385986328125,478.04193115234375,468.7261962890625,453.1952819824219,440.8282165527344,430.0247802734375,419.2505187988281,413.62945556640625,408.3827209472656,400.0596923828125
sample_7a09b9e91e9b8374,395.62255859375,394.2504577636719,393.9032287597656,393.210693359375,390.4000244140625,389.3014831542969,385.5665283203125,387.70880126953125,389.8192443847656,388.54180908203125,390.02008056640625,388.3695373535156
sample_ad658558139038f3,392.138916015625,396.5633544921875,404.0556640625,406.7367858886719,408.2992858886719,410.21588134765625,406.84759521484375,409.5809020996094,412.9195251464844,409.6559753417969,411.0735168457031,406.5500183105469
sample_d8c420348da2f944,517.3441162109375,506.8892822265625,495.3551330566406,481.8813781738281,471.5301208496094,454.8146057128906,442.2958984375,430.62139892578125,421.75140380859375,416.1940002441406,406.8120422363281,402.48956298828125
sample_fee9420e30f19f73,387.55072021484375,392.87249755859375,401.7225341796875,406.3738708496094,408.57501220703125,412.4371032714844,411.6511535644531,415.99786376953125,420.51922607421875,418.1600646972656,420.2488708496094,417.3876037597656
sample_13070dab81c7a242,314.48773193359375,318.43548583984375,326.3323059082031,334.4799499511719,341.5309143066406,350.7647399902344,357.9875183105469,364.9029541015625,372.1080017089844,377.33636474609375,384.32086181640625,389.5301208496094
sample_34aa29a4df00c697,463.99456787109375,455.5907897949219,447.6750183105469,438.55230712890625,429.98175048828125,419.81207275390625,410.1749572753906,403.5400695800781,399.1893615722656,394.257568359375,389.86859130859375,386.85546875
sample_7b48d8c358d5b6cc,677.5548706054688,659.7368774414062,645.5331420898438,632.7040405273438,622.5143432617188,604.3527221679688,591.5422973632812,581.2586669921875,568.1529541015625,558.63818359375,553.6406860351562,541.953857421875
sample_6952de8a823aedad,303.28607177734375,310.6903991699219,321.0417785644531,331.8871765136719,341.4458312988281,353.77496337890625,361.0813293457031,371.35723876953125,379.7607421875,386.9407958984375,392.576171875,398.79278564453125
sample_45743eb53675dd35,357.6201171875,366.2535400390625,377.4046325683594,381.4835205078125,385.9460754394531,389.4169616699219,385.89404296875,390.86566162109375,393.6492919921875,388.8150634765625,391.11944580078125,386.8284912109375
sample_a64c5d12f638559d,431.9775390625,427.3707275390625,424.55157470703125,420.1010437011719,415.87286376953125,410.2550964355469,404.9664001464844,403.46893310546875,402.8050842285156,400.9292297363281,397.62786865234375,396.4653625488281
sample_b78bbdc16608ba8c,273.50091552734375,279.4656677246094,288.3050537109375,297.9521179199219,307.55731201171875,318.1689453125,324.7352600097656,334.625,341.8324279785156,349.3222351074219,355.25372314453125,363.131103515625
sample_c5107c81a7bc792e,341.00677490234375,344.796142578125,352.8188781738281,358.42230224609375,362.8431396484375,368.7422790527344,372.619140625,377.2961730957031,384.0072326660156,384.7907409667969,389.94232177734375,391.4882507324219
sample_d56a7146d902d515,382.7699890136719,389.25421142578125,398.9447937011719,406.11822509765625,412.1199035644531,419.688720703125,422.3976135253906,429.94024658203125,436.3531188964844,438.2965393066406,439.5311279296875,439.09375
sample_f00287a2cbde8122,348.6551208496094,351.50732421875,356.8872985839844,362.7761535644531,368.4201354980469,374.107666015625,378.4599914550781,384.28936767578125,390.6938171386719,394.45111083984375,398.76300048828125,403.68255615234375
sample_900358450be536ce,343.6626281738281,356.64971923828125,373.1561584472656,383.6689453125,393.462646484375,403.0556945800781,407.5852355957031,417.3403015136719,421.4786376953125,422.46746826171875,426.5814514160156,424.2382507324219
sample_e8c371e7def76f3e,454.05072021484375,460.5796813964844,468.0133361816406,475.4061584472656,484.38800048828125,493.2291564941406,500.58453369140625,510.16400146484375,521.5330810546875,522.667236328125,525.5540771484375,529.4733276367188
sample_824bd3749ac2d2cc,434.95751953125,426.93017578125,422.2997131347656,415.3043212890625,413.2265930175781,408.40716552734375,406.366455078125,403.62823486328125,402.28240966796875,401.82891845703125,404.8588562011719,406.2723388671875
sample_0b87afe3782b64d6,501.114501953125,488.34832763671875,476.36773681640625,463.9539794921875,454.3537292480469,440.81280517578125,429.01129150390625,420.15020751953125,412.352294921875,406.2581481933594,400.6141662597656,395.0440979003906
sample_cd9b0b08e7aac31b,356.8406066894531,364.8917541503906,375.90325927734375,386.36700439453125,396.4088439941406,407.46978759765625,419.3297119140625,428.34027099609375,438.34637451171875,442.47625732421875,450.934814453125,454.0129089355469
sample_8da2d10a360e3317,322.349853515625,332.3456726074219,344.3760681152344,357.9552917480469,369.5604248046875,382.0107727050781,393.59490966796875,405.1064147949219,409.7302551269531,416.5627136230469,424.63446044921875,427.3401794433594
sample_e38c2102b5fb332b,353.4740295410156,357.91754150390625,366.91650390625,373.0428466796875,377.3687438964844,383.5452880859375,386.2746887207031,391.6419372558594,396.7284851074219,397.81842041015625,401.5889892578125,401.7109680175781
sample_cf4604ed66661692,405.8990478515625,421.4681701660156,438.4068298339844,450.54632568359375,463.8519287109375,472.52191162109375,483.4739990234375,493.09625244140625,498.3418273925781,498.68902587890625,502.47808837890625,500.3944091796875
sample_b4242c620c64cd8e,309.9902648925781,320.362548828125,333.848876953125,346.42706298828125,357.44842529296875,368.99493408203125,378.59490966796875,389.53692626953125,392.9341735839844,398.859130859375,405.6468200683594,406.84375
sample_4e277403d88602e5,357.53802490234375,357.0671691894531,357.9587707519531,358.53118896484375,361.9433898925781,362.4321594238281,365.4664306640625,367.2393493652344,371.5430603027344,371.36944580078125,377.5417175292969,379.63653564453125
sample_e36aa55d723076f3,436.68597412109375,435.07244873046875,432.4195556640625,427.4485168457031,422.8655700683594,414.5456237792969,407.0181579589844,401.0079345703125,399.6759948730469,394.031494140625,390.01434326171875,384.7752685546875
sample_b82c854e547b94f0,446.8509216308594,452.362548828125,456.2781677246094,457.4972839355469,455.1300048828125,449.8712463378906,446.0356750488281,442.5435791015625,442.15234375,435.4617919921875,439.8050231933594,432.9750671386719
sample_84a3f885da6c5b88,339.7500915527344,342.9347229003906,350.52716064453125,356.521484375,359.7179260253906,363.9726867675781,367.49493408203125,371.45208740234375,375.39666748046875,375.58984375,380.12872314453125,379.88336181640625
sample_fda506d7120ac863,365.82220458984375,370.90447998046875,380.3753967285156,384.93597412109375,387.3626708984375,391.2431945800781,391.8603820800781,395.4927673339844,400.6146240234375,397.641845703125,401.8592834472656,399.07965087890625
sample_65823ce54868952e,310.40478515625,321.01727294921875,333.45953369140625,347.8399658203125,360.2608947753906,373.60711669921875,385.790283203125,398.2318420410156,402.66949462890625,410.38580322265625,418.61590576171875,421.8914794921875
sample_c268ed486989f3a9,330.0309143066406,338.30718994140625,350.959716796875,359.2770690917969,366.0591125488281,374.5603942871094,378.3587951660156,385.9945068359375,391.3790283203125,392.7469482421875,397.4339294433594,398.0840148925781
sample_4a834d9c17c0f9fd,285.1824035644531,290.8441162109375,300.2912902832031,309.4480895996094,317.7696838378906,328.7142333984375,335.33355712890625,344.0114440917969,352.1339416503906,358.3985290527344,364.5832214355469,371.4661560058594
sample_b4071bd330dd0128,521.6316528320312,514.662109375,508.516845703125,499.6373596191406,492.4841003417969,477.9889221191406,469.3509216308594,459.7061767578125,452.57977294921875,447.208984375,442.53289794921875,433.135009765625
sample_67187765d796918c,396.9724426269531,401.6947326660156,406.310546875,412.1144714355469,427.01190185546875,434.4371032714844,448.1563415527344,458.4521179199219,467.639404296875,471.2513122558594,481.34381103515625,491.68695068359375
sample_269418069ec1b20c,300.2524108886719,307.56988525390625,317.88909912109375,328.4988708496094,337.18328857421875,348.3695068359375,355.51922607421875,364.84197998046875,371.76947021484375,376.80572509765625,383.6724548339844,389.1297912597656
sample_fd8d4e26e58d0c66,401.9290771484375,402.9620361328125,405.4839782714844,406.85540771484375,412.4508972167969,414.3375549316406,420.82513427734375,424.15374755859375,429.3940734863281,430.6291198730469,435.9833984375,440.8337097167969
sample_39b366ff0d055ef9,376.5535583496094,376.6484375,379.40057373046875,380.9314270019531,380.6847839355469,380.3150939941406,380.5947570800781,382.3817138671875,386.18133544921875,385.3750915527344,387.2540588378906,387.6827392578125
sample_75e096f3bbbaa725,325.6126403808594,344.7349853515625,364.04541015625,386.8785705566406,409.8925476074219,433.0542297363281,455.83758544921875,476.62176513671875,488.30657958984375,501.76556396484375,512.38623046875,521.056396484375
sample_615cd7df0cf30f34,503.6288757324219,492.3246154785156,484.563232421875,477.2127990722656,469.7688903808594,460.82000732421875,452.8890686035156,447.8655090332031,442.0375061035156,440.156982421875,437.5267028808594,431.07623291015625
sample_782124615b203a40,453.107177734375,443.9150390625,437.994384765625,430.8748779296875,424.1135559082031,419.5755615234375,411.26165771484375,409.0146789550781,405.4061584472656,405.58648681640625,402.3694763183594,398.009033203125
sample_0c299d124bf4fc2f,362.4761962890625,390.1772766113281,416.6876525878906,445.55426025390625,474.6990966796875,503.210205078125,531.0394287109375,555.5404663085938,572.681396484375,587.2046508789062,593.596435546875,601.9102783203125
sample_dfea9c4e2e24d167,471.0648193359375,463.5137634277344,456.9673767089844,451.1986389160156,442.645751953125,433.3816223144531,424.61871337890625,418.7875671386719,416.1610412597656,412.13946533203125,406.80145263671875,402.014892578125
sample_5a82b7cdbf57d2cf,605.0291748046875,605.345703125,601.1864624023438,592.4331665039062,590.6499633789062,576.749267578125,564.8800659179688,553.1265869140625,545.1055908203125,534.7822875976562,530.9083251953125,517.7366333007812
sample_c0c62d7c979e418b,276.8572692871094,285.4182434082031,297.6815185546875,308.1859436035156,317.2218322753906,328.85943603515625,334.6072082519531,344.91656494140625,350.7585754394531,355.5369873046875,361.66009521484375,367.0716857910156
sample_9abfee627f311105,316.0725402832031,319.7973327636719,326.7281799316406,333.47149658203125,338.75543212890625,345.0602111816406,349.5075378417969,355.26904296875,361.3315124511719,364.57232666015625,369.44805908203125,373.54052734375
sample_7ac154ad6ba2ef1d,398.5471496582031,406.0255432128906,415.6819152832031,419.13555908203125,421.75750732421875,424.28631591796875,421.1770324707031,423.46905517578125,425.19708251953125,420.75457763671875,424.201171875,417.252685546875
sample_3603f3a0cd51e979,324.59173583984375,331.5432434082031,342.3752746582031,352.68072509765625,360.9207458496094,371.7081298828125,380.2779541015625,388.41485595703125,396.517822265625,401.32562255859375,408.5346374511719,412.3525390625
sample_776fb01c682ce2ca,550.1791381835938,536.6234130859375,529.3126831054688,518.8724975585938,512.4677734375,501.1805419921875,492.7396240234375,488.2756652832031,479.3131103515625,476.1069641113281,472.83941650390625,463.9200744628906
sample_2b56e247f7ecdf4b,401.17742919921875,398.89306640625,397.3295593261719,397.6312561035156,392.9207763671875,395.6817626953125,394.2763977050781,396.863037109375,398.445068359375,401.2007751464844,403.33441162109375,404.25048828125
sample_4d7aba7a9158a0bc,353.934326171875,361.497314453125,370.6390686035156,381.9783020019531,391.68353271484375,400.0054016113281,411.0185852050781,419.597900390625,423.821533203125,427.77801513671875,435.05584716796875,437.52166748046875
sample_9da52c27f96dbd7c,726.1188354492188,724.23046875,715.8248901367188,698.5403442382812,697.8870849609375,675.2691040039062,657.886474609375,641.4417724609375,623.6168212890625,608.6929931640625,601.5955810546875,589.266845703125
sample_50c485550570ccbe,302.79510498046875,308.72564697265625,318.6665954589844,327.7295227050781,335.3449401855469,345.5823059082031,351.4228515625,359.67926025390625,366.38775634765625,371.48699951171875,376.75726318359375,381.9142150878906
sample_3aa355028d97b6da,442.99169921875,433.58905029296875,428.00787353515625,420.2047424316406,416.34466552734375,409.92999267578125,406.00225830078125,403.20111083984375,399.35406494140625,398.6904602050781,400.00372314453125,398.11553955078125
sample_def353c77e98c5ab,390.5594787597656,390.4347839355469,390.77972412109375,390.15081787109375,388.205322265625,384.6188049316406,381.86785888671875,382.805419921875,385.152587890625,382.2120666503906,382.6263122558594,381.6811828613281
sample_776126709628e611,351.751220703125,354.4002380371094,360.4016418457031,364.4624328613281,367.08868408203125,370.842041015625,373.9968566894531,377.5029296875,383.2850036621094,382.6488952636719,387.95867919921875,390.0247802734375
sample_4cf13f14baae85aa,387.7439880371094,387.7076721191406,388.9009094238281,389.37091064453125,387.9964904785156,386.730712890625,386.30731201171875,388.0913391113281,391.5583190917969,390.1806945800781,391.4084777832031,392.46173095703125
sample_15baf1a76650d888,402.6363525390625,400.47406005859375,400.93408203125,401.6731872558594,402.233154296875,401.4252014160156,403.65875244140625,404.9283142089844,408.13897705078125,408.4222412109375,413.9128112792969,414.19952392578125
sample_01e684db3a69abf0,626.4627075195312,612.053955078125,601.201416015625,589.2273559570312,581.45458984375,563.7635498046875,553.8230590820312,541.7230834960938,530.8099975585938,522.22705078125,519.0576171875,509.3824157714844
sample_fbab3807ae8629af,377.88311767578125,381.0401306152344,388.33294677734375,391.2319641113281,392.7174072265625,394.24749755859375,396.0191650390625,396.0266418457031,400.47052001953125,397.0320739746094,401.5792541503906,398.2420654296875
sample_f5ae16d074c4e823,311.1241455078125,318.9405822753906,329.9036560058594,339.4996643066406,348.19647216796875,355.53485107421875,363.09942626953125,370.5131530761719,373.5308837890625,374.81109619140625,381.24224853515625,381.8057861328125
sample_a2a78ae6bc53f728,390.7597961425781,390.445556640625,391.6664123535156,391.8027038574219,389.5698547363281,388.8172607421875,384.3462829589844,386.44525146484375,387.8987731933594,385.6914367675781,386.9942321777344,384.3328857421875
sample_949bcbd9c863efec,460.7794189453125,452.61004638671875,448.8004150390625,441.06561279296875,437.58343505859375,428.5804138183594,422.94793701171875,419.52655029296875,416.9961242675781,413.10638427734375,413.087646484375,410.5054626464844
sample_af92183e5baa7835,618.571533203125,601.6151733398438,588.6170043945312,574.2169189453125,567.515380859375,548.3131713867188,537.5940551757812,524.7196655273438,512.042236328125,504.50115966796875,500.93927001953125,491.61358642578125
sample_d2c6247806c93f2d,354.4856872558594,355.71978759765625,359.22027587890625,362.4362487792969,364.1044921875,365.2183837890625,367.0133361816406,369.89105224609375,373.9413146972656,374.5859069824219,377.60089111328125,380.3953857421875
sample_0a33e048e3a98617,290.4627685546875,298.2640075683594,309.5001525878906,322.4000549316406,333.3840026855469,347.603515625,358.49853515625,369.7504577636719,377.8886413574219,386.6390075683594,394.856201171875,402.0606384277344
sample_905c007216ec9810,364.4015808105469,371.4034423828125,382.7505798339844,392.13555908203125,398.9957580566406,408.96405029296875,416.6265869140625,423.9945068359375,432.8714294433594,435.4262390136719,441.14593505859375,442.7463684082031
sample_dc2a0f8e27ac0d85,524.22705078125,518.5025024414062,510.2741394042969,496.38897705078125,486.5144958496094,469.1348876953125,454.559814453125,443.7095642089844,430.475830078125,423.85235595703125,415.61328125,409.4830627441406
sample_02a69fdaf27ade41,615.7505493164062,593.3751220703125,574.336669921875,555.0468139648438,543.8604125976562,522.6410522460938,507.69232177734375,493.08233642578125,477.6282653808594,469.4672546386719,461.7519836425781,451.5317687988281
sample_030fa54e5c20752c,720.1275634765625,703.6956787109375,688.951171875,671.093505859375,660.7277221679688,637.0220336914062,624.631591796875,605.71630859375,589.3786010742188,581.23974609375,572.41455078125,561.740234375
sample_9956734bd196cd50,475.6778564453125,466.61004638671875,457.88311767578125,448.7998962402344,440.48150634765625,429.12518310546875,419.27392578125,412.36041259765625,407.9464416503906,401.5782775878906,395.77935791015625,392.5817565917969
sample_ca503b288166ed8c,340.7436828613281,342.7892150878906,348.0124206542969,351.387451171875,354.87579345703125,358.0827941894531,359.16552734375,363.3741149902344,368.62017822265625,369.9713134765625,372.65081787109375,375.7497863769531
sample_15aa9da5c192a029,340.0586242675781,352.2748718261719,367.87744140625,381.7012023925781,393.8123779296875,407.61859130859375,419.2255859375,430.8250732421875,438.5457458496094,444.1204833984375,451.16009521484375,453.3317565917969
sample_9e19f2570b930af2,382.55230712890625,381.54010009765625,381.6702880859375,381.8302307128906,384.18115234375,384.36529541015625,387.83038330078125,390.2406005859375,393.61724853515625,393.7560119628906,398.30120849609375,401.673828125
sample_302cc6352a0cdeda,390.750244140625,397.79754638671875,408.5151062011719,413.0859680175781,416.4326477050781,420.18780517578125,420.354248046875,424.04193115234375,429.6742248535156,425.3089599609375,428.95159912109375,424.49407958984375
sample_c809543322d333e4,482.4779052734375,485.3583984375,484.40228271484375,479.3128356933594,473.908447265625,465.670166015625,452.37115478515625,446.45880126953125,439.6466979980469,430.6537170410156,428.1759948730469,418.694580078125
sample_d58dd82e4224f7ff,298.34576416015625,308.5331115722656,322.4600524902344,333.93109130859375,343.91064453125,355.8375244140625,362.3549499511719,373.3606262207031,378.6391906738281,383.1156921386719,389.33587646484375,392.62298583984375
sample_2453cac039d3ae1b,360.35595703125,368.60772705078125,381.1265563964844,389.30206298828125,395.7717590332031,402.2789306640625,407.04638671875,413.6656799316406,417.2857971191406,417.8475341796875,422.3924255371094,420.14410400390625
sample_9b38660549bcecd9,423.5919494628906,416.7507019042969,413.0644836425781,405.966796875,401.952392578125,395.67279052734375,390.6788635253906,388.19775390625,386.28240966796875,384.7370910644531,384.35931396484375,383.7488098144531
sample_ebf0d8a89b8176d9,553.6959228515625,557.3408813476562,554.70849609375,543.064697265625,539.5132446289062,524.831298828125,507.9874267578125,496.67572021484375,484.61541748046875,469.4757080078125,466.717529296875,456.4622802734375
sample_80fcb4df3b0fd383,327.9150390625,330.5942077636719,335.286376953125,339.82513427734375,346.6479797363281,349.9326171875,355.6482238769531,361.03851318359375,366.37823486328125,369.7198181152344,375.0447998046875,381.1842041015625
sample_87df0b143891dae7,415.3104248046875,411.27685546875,409.253173828125,407.225830078125,402.8579406738281,400.9644775390625,396.5914001464844,396.494384765625,397.554443359375,397.1352233886719,397.64263916015625,395.6354064941406
sample_60b51ce798a0196c,351.91290283203125,352.9167175292969,355.88116455078125,359.7640380859375,365.7186584472656,369.308349609375,376.5714111328125,381.1063232421875,385.4184265136719,389.1688232421875,394.4167175292969,398.0512390136719
sample_c21dcbbe13c7f12e,464.0520324707031,459.7209777832031,456.0176696777344,449.38287353515625,444.94232177734375,435.8544921875,427.51165771484375,420.9468994140625,419.7726135253906,415.73876953125,409.47943115234375,404.94830322265625
sample_50cafc4050f59b05,503.3038330078125,490.6915283203125,478.8123779296875,467.00396728515625,457.2290344238281,444.3343811035156,431.75189208984375,423.47564697265625,415.5474853515625,409.6497802734375,402.36859130859375,396.8213806152344
sample_5e76277248c8a678,472.111328125,467.1471252441406,462.22540283203125,455.0099182128906,448.1222229003906,437.346923828125,428.5811767578125,422.71636962890625,418.74884033203125,415.3785095214844,410.0523376464844,404.28924560546875
sample_d7245fa02fba9b76,375.93841552734375,376.86309814453125,381.03302001953125,383.61004638671875,383.52313232421875,385.1874084472656,386.2713623046875,387.18597412109375,392.91851806640625,390.9854431152344,394.1521301269531,393.9273681640625
sample_63d36478fd28f0d5,306.8556823730469,332.8746643066406,357.9649353027344,384.27203369140625,412.2727966308594,437.2145080566406,461.8466796875,485.92352294921875,494.7314758300781,508.9122314453125,517.0416870117188,523.5921020507812
sample_5e7b3b4b8330496d,346.9744567871094,350.796142578125,358.86053466796875,364.7860107421875,368.71185302734375,374.5356140136719,378.41827392578125,382.7741394042969,389.0842590332031,389.8028869628906,394.9184875488281,395.62835693359375
sample_327dd918c8fb6a71,543.6182250976562,546.9959716796875,546.110595703125,545.5451049804688,540.8405151367188,535.4130859375,526.5025024414062,521.657958984375,517.6741943359375,511.2928771972656,509.2923889160156,498.8494567871094
sample_cdacda281a6afead,418.00799560546875,413.7790832519531,411.6904602050781,407.9028625488281,403.697998046875,399.85931396484375,396.1394348144531,396.0926818847656,395.6922302246094,394.6882019042969,392.81866455078125,392.6816101074219
sample_b9603d6b1890cff0,411.8464050292969,406.9689025878906,404.9889831542969,400.04296875,396.5915832519531,393.2185974121094,386.8590087890625,387.43505859375,387.1228332519531,386.0625915527344,384.555419921875,383.54473876953125
sample_f6e0a499dc01a321,330.7881774902344,341.47088623046875,356.2942810058594,364.40283203125,372.223388671875,379.61322021484375,381.63372802734375,390.1572265625,394.16424560546875,393.53021240234375,397.2060241699219,395.58306884765625
sample_b729716ef59a0c48,287.89044189453125,294.0881042480469,304.08331298828125,312.9444274902344,320.8887939453125,331.0370178222656,337.04766845703125,345.29620361328125,352.93438720703125,357.8907775878906,363.643310546875,369.41259765625
sample_cd541bfeecfe2a2a,339.1313171386719,340.41717529296875,344.5638122558594,346.67535400390625,352.4312744140625,354.75030517578125,358.3760681152344,361.7554626464844,368.05078125,370.2295837402344,374.596923828125,379.720703125
sample_ad82b56f9ad43033,418.50030517578125,436.3822021484375,453.7970886230469,462.62213134765625,473.0151672363281,478.63800048828125,480.0386657714844,485.14031982421875,485.7302551269531,481.4884033203125,484.360595703125,475.3028564453125
sample_2a13318dffe39f57,420.2090759277344,418.7050476074219,416.5909423828125,414.15283203125,409.0840148925781,403.4963684082031,398.03076171875,395.5333557128906,394.69818115234375,392.4039306640625,390.75860595703125,385.5169982910156
sample_d763ffe3d61ef65d,454.0231628417969,445.5013732910156,440.9529724121094,432.3377990722656,428.1515808105469,418.7567138671875,412.3062744140625,408.5909423828125,405.2586669921875,401.2312927246094,400.2440185546875,398.28729248046875
sample_6307bb74720c5cda,658.8792114257812,643.947021484375,627.0346069335938,606.0104370117188,593.189453125,568.896240234375,552.2589721679688,532.9400024414062,515.1032104492188,508.04931640625,494.11065673828125,485.0823974609375
sample_732c8292a11313e4,355.38031005859375,365.3542785644531,376.6675109863281,390.1367492675781,404.3480529785156,416.4654846191406,430.8083801269531,443.2826843261719,450.86468505859375,457.11370849609375,464.72369384765625,468.1135559082031
sample_e581cbf5c0b5dd1b,311.1333312988281,317.02825927734375,326.1390075683594,333.2996826171875,339.05706787109375,346.1671447753906,347.2245788574219,354.95379638671875,359.91497802734375,362.0973205566406,365.0284729003906,367.7606506347656
sample_3448a97e003e3338,396.0355224609375,399.3587341308594,403.5550842285156,404.5289611816406,403.0633239746094,402.1351013183594,392.84442138671875,395.4105224609375,395.6471862792969,391.9005432128906,390.6812744140625,386.7356262207031
sample_62fc7a5405bbcce0,325.29608154296875,329.38958740234375,337.3741149902344,346.11663818359375,352.0372619628906,360.7027587890625,368.054443359375,374.9504089355469,380.5613708496094,385.46466064453125,391.89593505859375,395.9213562011719
sample_b8745bcce9d2ad97,448.7817687988281,442.15130615234375,438.32879638671875,434.8111267089844,428.80950927734375,423.35662841796875,418.4586181640625,413.4486083984375,414.5936279296875,413.7300109863281,411.85577392578125,408.35821533203125
sample_d5665c2c14330483,396.8105773925781,419.7976379394531,442.2984313964844,459.53497314453125,478.0948486328125,490.61712646484375,503.6072998046875,517.0048217773438,521.3544921875,523.9065551757812,527.61767578125,523.9791259765625
sample_1f3816dab986551d,309.0320739746094,335.7508544921875,360.85406494140625,387.784912109375,415.9732666015625,440.3640441894531,465.0782470703125,489.39129638671875,496.52972412109375,510.5361328125,518.4727783203125,524.3700561523438
sample_8645c0768769f1d2,412.99658203125,411.58148193359375,409.5197448730469,407.2850646972656,402.8575744628906,397.0750732421875,392.570556640625,390.3011474609375,390.3424072265625,387.1586608886719,385.9949035644531,381.40399169921875
sample_3252fcbdfde498a9,413.8482666015625,409.85577392578125,408.6698913574219,405.51495361328125,401.3328552246094,398.82769775390625,393.5048828125,394.0706481933594,395.0701904296875,393.61358642578125,393.7731628417969,391.6651306152344
sample_b7a096a0f4bac271,328.9435729980469,331.8084716796875,338.74169921875,345.76019287109375,351.880126953125,359.192138671875,366.7391052246094,372.1199035644531,378.4020080566406,382.4058837890625,389.2440185546875,394.0369567871094
sample_ef6343abcad7ae57,435.6206970214844,430.5252990722656,427.0445556640625,424.18389892578125,417.69140625,413.1517333984375,406.6051330566406,404.19097900390625,404.75738525390625,402.5774230957031,400.33148193359375,396.6338806152344
sample_8e823c6a6bc6575f,440.0102233886719,431.36279296875,424.591552734375,417.31280517578125,410.6072082519531,403.1032409667969,395.8515625,391.1739807128906,387.7662658691406,385.099609375,382.5797119140625,379.0684509277344
sample_0d66d63faaad7b96,542.4718627929688,528.9453125,518.0623779296875,506.23541259765625,498.7044677734375,482.75567626953125,472.53717041015625,463.09259033203125,454.048583984375,445.9461975097656,442.0152282714844,434.71099853515625
sample_84bafe7f62db145c,417.48675537109375,416.4059143066406,415.3835754394531,414.20074462890625,408.87493896484375,406.0641174316406,399.32232666015625,399.13336181640625,398.4231872558594,398.11175537109375,396.65301513671875,391.9559326171875
sample_49ca3a1a92f43790,294.75146484375,301.2053527832031,311.52783203125,320.96942138671875,329.22027587890625,340.1038818359375,347.21649169921875,355.4758605957031,363.4267578125,368.9461669921875,375.22369384765625,381.0207214355469
sample_75211e1279fe8e42,394.3810729980469,402.6489562988281,411.9163818359375,423.9033203125,437.05859375,450.5445556640625,465.7035827636719,478.0758972167969,490.8734130859375,496.53839111328125,505.6521301269531,512.890869140625
sample_2ce7d859c5ab544b,365.7152099609375,376.34088134765625,391.0163269042969,400.79962158203125,408.5234375,417.473388671875,422.8555908203125,430.7606201171875,436.6999816894531,437.27703857421875,441.5046081542969,440.1885681152344
sample_699bef7bc74eebe6,370.5126647949219,370.2898254394531,372.9970703125,373.84246826171875,375.4494323730469,375.5464782714844,377.4232177734375,378.99273681640625,383.478515625,384.0981750488281,386.9722595214844,388.0271301269531
sample_a2d5c2d8a841e240,336.9602355957031,340.1737060546875,346.8322448730469,351.8924560546875,356.5861511230469,361.7818298339844,366.49072265625,371.45208740234375,378.0408935546875,379.2552795410156,385.3826904296875,388.8775329589844
sample_5fe97f76de589501,401.3681640625,416.6428527832031,433.5460205078125,442.38909912109375,453.21380615234375,459.98272705078125,463.1738586425781,471.00469970703125,475.92547607421875,472.7638854980469,473.8155517578125,468.85479736328125
sample_1573fd72e82cf195,332.8773193359375,334.94097900390625,339.7413024902344,343.09771728515625,348.3132019042969,351.359375,354.102783203125,358.96392822265625,364.416259765625,367.19482421875,370.50372314453125,375.49603271484375
sample_a763c41725f0de82,355.3556823730469,357.1426696777344,361.2616882324219,365.15911865234375,371.70977783203125,374.95391845703125,383.1307678222656,387.238525390625,393.4574279785156,395.5483093261719,401.9432067871094,407.130615234375
sample_0a9e16b265d02fab,423.7384033203125,425.25518798828125,428.149169921875,428.58416748046875,435.92303466796875,437.5053405761719,444.7777404785156,450.7808837890625,457.0193176269531,458.33526611328125,462.0788269042969,469.9124450683594
sample_7dfc4152340051fa,357.5404052734375,359.193115234375,364.22039794921875,368.0068054199219,372.46929931640625,375.9770202636719,379.102783203125,383.22833251953125,389.3663635253906,391.85687255859375,395.180419921875,398.7749328613281
sample_cbbc4d72c3011f0c,515.0636596679688,498.7602844238281,485.53338623046875,471.4645080566406,462.3521728515625,450.5374755859375,437.5759582519531,429.1298522949219,418.4261474609375,416.7071533203125,409.10003662109375,401.4953918457031
sample_0172b2a3b2808970,319.7500915527344,325.4825439453125,334.4304504394531,343.6138000488281,350.72607421875,358.0273132324219,365.5036926269531,372.3572082519531,376.4507141113281,378.33636474609375,384.9975280761719,386.97686767578125
sample_25bf03eb9495e9b0,402.3740539550781,399.5264892578125,397.9612121582031,398.03570556640625,397.5710754394531,398.258056640625,399.4800720214844,402.4139099121094,406.0350341796875,407.09930419921875,410.6899719238281,413.6994323730469
sample_6cfb556b7a34fe2d,297.5122985839844,305.607177734375,316.7225341796875,329.3424072265625,339.7215576171875,353.10748291015625,363.0703430175781,373.9945373535156,381.9927978515625,388.9995422363281,396.976318359375,403.7301330566406
sample_09ced447b602e720,349.8485412597656,350.7908630371094,353.77191162109375,356.39825439453125,360.9183349609375,362.15911865234375,368.2602844238281,371.15374755859375,375.4710998535156,377.13519287109375,382.28289794921875,385.7239685058594
sample_bf1004f7768d9af2,338.66656494140625,343.39398193359375,352.08331298828125,357.3238830566406,361.3874816894531,366.1191711425781,366.302490234375,372.3673400878906,376.7122497558594,376.4892578125,379.36505126953125,380.0479736328125
sample_153963fb528182c0,429.38177490234375,425.0177307128906,420.8293762207031,416.5970153808594,410.1850891113281,403.1548156738281,397.0165100097656,393.32318115234375,391.99493408203125,388.7664794921875,386.02978515625,383.3323974609375
sample_6e9dc870ea18ed95,324.7907409667969,329.88763427734375,339.3750305175781,346.24163818359375,351.2567443847656,358.0589599609375,361.58160400390625,367.50634765625,373.06683349609375,374.381591796875,379.4595642089844,380.9278564453125
sample_11748e1e0430c60d,331.2835693359375,334.3475341796875,340.63763427734375,345.60296630859375,351.0235595703125,355.6657409667969,361.33453369140625,366.64190673828125,372.5669250488281,374.3072814941406,380.81378173828125,385.29327392578125
sample_9fa1858e77039032,383.395751953125,405.3677673339844,426.18548583984375,449.00433349609375,473.8444519042969,495.39642333984375,521.1558227539062,540.6319580078125,555.276123046875,566.3078002929688,574.0081176757812,580.052490234375
sample_27e4fa8324adc202,359.59796142578125,361.5255126953125,367.47802734375,371.7682800292969,372.9353332519531,375.8785400390625,377.8838195800781,380.1249694824219,385.4206237792969,383.5788269042969,387.7378234863281,387.39215087890625
sample_ec22e0119d80e1ad,453.02227783203125,453.36627197265625,455.0699157714844,455.85150146484375,463.6810607910156,466.4229736328125,471.0356750488281,477.81817626953125,483.11749267578125,485.2018737792969,491.54302978515625,493.0841979980469
sample_69cf57e00b47616d,291.64990234375,299.2947692871094,310.458740234375,320.87103271484375,330.358642578125,342.2217712402344,349.46490478515625,359.1165466308594,367.60888671875,373.7847900390625,379.576171875,385.23760986328125
sample_a801ccf286c65575,561.3651733398438,556.7819213867188,552.5938110351562,542.7467651367188,540.289794921875,526.03564453125,516.387451171875,504.7129821777344,498.75103759765625,491.0233154296875,486.0947265625,476.4061279296875
sample_1aa7e24d3e1fc1ce,325.853271484375,329.6415710449219,337.40216064453125,342.81060791015625,347.4305725097656,353.0809020996094,354.74041748046875,360.5876770019531,366.3630065917969,367.737060546875,371.0355224609375,374.128662109375
sample_3f9fc9f395166142,374.1145324707031,378.6022033691406,385.8116760253906,393.2073669433594,399.02459716796875,406.20184326171875,414.0906677246094,420.5538024902344,426.815185546875,428.99334716796875,435.85443115234375,437.259033203125
sample_9aabe01725411a3c,442.1871032714844,435.37310791015625,429.8979187011719,423.81842041015625,417.42730712890625,410.37066650390625,402.9298400878906,399.2858581542969,397.7423095703125,394.70599365234375,390.0938415527344,388.33953857421875
sample_d1eca5a9c75a9446,282.4015808105469,291.3436279296875,303.6398620605469,315.4423828125,325.5472412109375,337.6703796386719,345.2934875488281,356.37420654296875,361.5980224609375,367.2561340332031,374.2342834472656,379.34539794921875
sample_a67a3d77f62234b5,391.16351318359375,391.7499694824219,393.93231201171875,393.9524841308594,391.9989013671875,390.4689636230469,384.9670104980469,386.0628356933594,388.09747314453125,384.9823303222656,384.22662353515625,382.0095520019531
sample_f091db7ffc210660,410.6142272949219,407.3855285644531,406.62847900390625,404.4163513183594,400.7365417480469,398.7857360839844,394.1242370605469,395.02996826171875,396.6579895019531,395.08575439453125,395.74114990234375,393.7445068359375
sample_0e31ffe90271fb4d,409.1199951171875,408.3339538574219,407.8680114746094,407.2381286621094,404.7920227050781,401.5312805175781,398.195556640625,399.2901611328125,400.445068359375,398.385009765625,398.59515380859375,397.2597961425781
sample_c935710c0e97520e,356.1365661621094,360.24267578125,368.48590087890625,372.8936462402344,376.0494079589844,380.3368225097656,381.7362060546875,386.1673583984375,391.6938171386719,390.27789306640625,394.212646484375,393.6341857910156
sample_3692c102904f9e7a,390.1906433105469,393.97705078125,400.04150390625,401.77752685546875,402.173583984375,400.7855224609375,398.4764709472656,398.5401916503906,400.7791442871094,395.203857421875,398.57904052734375,393.2309875488281
sample_93b8b222721be4bc,636.5540161132812,651.5844116210938,656.6572875976562,659.0326538085938,659.423583984375,647.8382568359375,633.6692504882812,631.1910400390625,618.3117065429688,607.0142822265625,601.6953125,588.3519897460938
sample_d4a9f2a100e204af,323.2251281738281,326.4707336425781,333.8598937988281,341.5291442871094,348.6556091308594,356.2097473144531,363.72943115234375,369.8690490722656,375.4703063964844,380.04534912109375,386.046142578125,390.6463623046875
sample_2b68691405f5d16a,617.1087036132812,603.9938354492188,587.8683471679688,566.9201049804688,553.8524169921875,531.0299072265625,513.740234375,495.4010009765625,479.09014892578125,472.7043151855469,458.2537536621094,451.5213623046875
sample_393feed53e30c721,335.1778259277344,343.0422058105469,354.50030517578125,367.5077209472656,378.0591125488281,392.1822509765625,404.5069580078125,415.45892333984375,425.430908203125,432.8746643066406,441.17333984375,446.6713562011719
sample_f18dc8fb2889082a,412.81317138671875,420.2576904296875,426.0152893066406,428.52386474609375,427.5567932128906,423.9313659667969,413.3021545410156,413.40631103515625,409.9895935058594,405.5124206542969,403.7281188964844,398.2264099121094
sample_55f38e3bc123c071,454.8910217285156,476.0383605957031,495.0206298828125,504.00433349609375,515.6421508789062,519.4762573242188,522.3303833007812,525.489501953125,525.3115234375,518.8834228515625,522.6353759765625,512.1323852539062
sample_8222d115bbadf273,368.1575927734375,383.3402404785156,400.5179748535156,413.8358459472656,424.8392639160156,434.439208984375,442.34979248046875,452.3437194824219,454.0555419921875,455.9057312011719,461.0293273925781,457.564208984375
sample_4e38ac53318585f4,358.9919738769531,362.3063659667969,368.6240234375,374.6944885253906,378.8238525390625,382.63714599609375,387.80316162109375,392.2859802246094,396.4465637207031,397.0577697753906,401.6406555175781,402.7710266113281
sample_42b891dc4ee24b3f,362.9158020019531,364.0789794921875,369.0157775878906,371.9078063964844,373.134521484375,375.3910217285156,377.3606872558594,379.1215515136719,383.8724060058594,383.1066589355469,386.05584716796875,385.7991943359375
sample_10e492b37f72aa58,362.9646301269531,363.30108642578125,365.2993469238281,366.8886413574219,371.29193115234375,372.13909912109375,377.1778869628906,379.4291687011719,384.307373046875,385.06512451171875,390.3553161621094,393.78338623046875
sample_29c3e1782b591541,324.0086975097656,329.27703857421875,337.82568359375,347.89404296875,356.5132141113281,366.39935302734375,376.98492431640625,385.53009033203125,390.88665771484375,396.63079833984375,403.8826904296875,409.0788269042969
sample_58d9810fb7f28eff,353.7811584472656,354.822998046875,359.355712890625,363.40338134765625,366.4252014160156,368.8767395019531,373.8084716796875,376.45208740234375,380.901123046875,382.70965576171875,387.300537109375,389.61163330078125
sample_6a331bfb6f7e2e1f,432.4851989746094,429.9019470214844,428.8578186035156,427.3299560546875,423.6868896484375,421.2842102050781,416.28466796875,417.7265930175781,418.86785888671875,416.2157287597656,416.9432373046875,414.3697509765625
sample_6d4fdbdbfe71a15b,366.88519287109375,365.7479553222656,365.0451965332031,365.5491943359375,366.91766357421875,367.0244140625,369.04510498046875,370.6590270996094,374.19659423828125,374.0426330566406,379.7079162597656,381.01715087890625
sample_448274bacaa9e4e0,389.4981689453125,395.2837829589844,403.4867858886719,405.8863830566406,407.6687927246094,408.5641784667969,405.3846435546875,407.02496337890625,409.9650573730469,404.43499755859375,407.4745788574219,402.45220947265625
sample_ccb7d52ad0aafe80,404.4890441894531,406.22442626953125,408.3721618652344,409.51092529296875,418.53857421875,421.9521179199219,431.1362609863281,438.28936767578125,444.2600402832031,445.78057861328125,453.7546081542969,459.9634094238281
sample_8f9e40c50ca9f4e2,351.3561706542969,354.3833923339844,360.02618408203125,366.0406494140625,371.9077453613281,378.01708984375,385.4098815917969,391.2283630371094,397.6352233886719,400.9345703125,407.9599914550781,412.3177795410156
sample_932478bd356233e4,413.89300537109375,409.5691223144531,407.7806396484375,404.43994140625,400.8480224609375,397.9134216308594,395.68341064453125,395.9401550292969,395.7854919433594,395.66558837890625,395.7866516113281,395.55279541015625
sample_a1449937fa68d592,379.91937255859375,378.8966064453125,378.3161926269531,378.3634033203125,376.3062744140625,375.869873046875,373.7646179199219,376.7817077636719,379.193115234375,378.8149108886719,380.69476318359375,382.3036193847656
sample_4311f5e15241959e,363.52874755859375,385.5211181640625,407.74151611328125,430.5752868652344,453.4197082519531,475.7939758300781,496.92425537109375,516.733642578125,529.18505859375,540.1484375,545.9727783203125,552.056396484375
sample_790a04fc67888463,530.656005859375,532.100830078125,532.5266723632812,532.2384643554688,528.0289306640625,525.937744140625,517.867919921875,513.3698120117188,515.1600952148438,510.87158203125,509.177001953125,500.7451477050781
sample_b0578f0b445e4193,514.0286254882812,502.5188903808594,497.7853698730469,487.54266357421875,484.5190124511719,478.126953125,472.5572509765625,472.2112731933594,465.91595458984375,464.9193420410156,467.58502197265625,459.9554443359375
sample_b2f9923d9c0a0e74,386.3330383300781,385.1871032714844,385.0419921875,384.4708557128906,383.8487243652344,383.6473693847656,382.7270202636719,383.7782897949219,387.341552734375,385.7865295410156,389.9991149902344,389.46258544921875
sample_8602a18118bebb71,345.1061096191406,354.08984375,366.2232666015625,377.7399597167969,387.8472900390625,398.55426025390625,409.435791015625,419.18096923828125,425.4439697265625,430.5039367675781,437.95867919921875,439.23565673828125
sample_060c7b0d9235d974,384.17413330078125,399.26593017578125,416.2950744628906,429.90924072265625,445.27667236328125,458.3741455078125,473.34722900390625,484.92340087890625,495.0119934082031,498.95037841796875,504.7696228027344,506.212890625
sample_e252c1f1cc775895,327.8748779296875,330.12286376953125,334.8385314941406,339.2880554199219,344.26959228515625,347.22747802734375,351.37896728515625,356.2181701660156,360.78826904296875,363.9625549316406,367.8478088378906,373.0499267578125
sample_5aa57e21a54fab81,474.5054931640625,472.72479248046875,470.471923828125,463.8122253417969,458.7296142578125,449.4398498535156,440.3179626464844,432.6418151855469,428.0675964355469,421.5307922363281,418.33544921875,410.80950927734375
sample_4087bc8297052e4f,370.3891906738281,372.5107116699219,377.96380615234375,382.0570068359375,384.26629638671875,388.46514892578125,392.2339172363281,395.1537780761719,401.7383728027344,401.7130432128906,406.9617614746094,408.2481384277344
sample_6655f6b4c692d72b,401.0777282714844,398.4548034667969,398.26397705078125,396.75958251953125,393.61187744140625,393.20635986328125,389.6431579589844,391.9621887207031,393.88812255859375,393.07220458984375,395.0531921386719,393.5373840332031
sample_d4a2c78b6fe20fad,444.0056457519531,436.6654052734375,432.0921325683594,425.0906066894531,419.87078857421875,412.8411865234375,406.6397399902344,403.4282531738281,400.9440612792969,397.51019287109375,396.62652587890625,394.17169189453125
sample_03646654ab19a920,606.6815795898438,595.7166137695312,589.8279418945312,581.8171997070312,576.9640502929688,562.8789672851562,556.1736450195312,546.9129638671875,540.0396728515625,533.8017578125,533.8323364257812,523.8580322265625
sample_5a1edbdadb1e06a0,337.5530090332031,339.714599609375,345.0124206542969,348.6436767578125,352.41961669921875,355.3824768066406,358.3970947265625,362.74700927734375,367.94012451171875,368.53106689453125,372.96484375,377.0247802734375
sample_fef79f489309fae6,356.0849609375,358.5166320800781,362.8524169921875,367.5773620605469,371.594482421875,375.3824768066406,378.7764587402344,383.26904296875,389.112548828125,391.13067626953125,394.77008056640625,398.4682922363281
sample_d6a72e2a874c12d3,304.5451354980469,310.68182373046875,320.7362976074219,328.3577575683594,335.3449401855469,343.7221374511719,347.94158935546875,355.360595703125,362.1470031738281,365.0919494628906,369.80584716796875,373.4752502441406
sample_1b81845c0e467a25,429.1991882324219,426.8326416015625,425.5869445800781,423.46612548828125,419.936767578125,416.868408203125,414.15496826171875,413.88421630859375,414.5831604003906,413.16375732421875,413.4986572265625,411.24481201171875
sample_a38531cd53e312c4,352.8760070800781,353.0073547363281,355.98187255859375,357.8173522949219,361.4663391113281,362.6737365722656,366.4679870605469,369.0758056640625,374.0931396484375,374.7540283203125,379.0589294433594,382.3392333984375
sample_9262ebde047bcc36,336.5760803222656,354.6820068359375,373.12799072265625,396.8858337402344,421.29193115234375,446.56610107421875,472.44427490234375,494.75396728515625,512.08740234375,526.9559936523438,538.379150390625,549.4921264648438
sample_b13ab4c9bd49800f,372.1613464355469,397.5142822265625,422.7427978515625,447.1478271484375,472.297119140625,496.5020751953125,520.4909057617188,540.621826171875,555.9375610351562,566.4652099609375,571.9887084960938,577.2655029296875
sample_6ddb422485b3b4fb,320.42156982421875,325.732177734375,334.87457275390625,344.74566650390625,351.7757568359375,361.564697265625,369.708740234375,377.6826171875,383.49188232421875,388.6672668457031,395.4878234863281,399.5262451171875
sample_252cf17eb785dfc2,424.7504577636719,424.1226806640625,425.35028076171875,425.0110168457031,423.01800537109375,422.3265380859375,420.34490966796875,421.6024475097656,424.2848205566406,423.78497314453125,425.7250671386719,423.6720886230469
sample_204f0ac52b7a8f70,535.5941162109375,539.4579467773438,542.8048706054688,543.991455078125,543.7820434570312,547.0517578125,542.8990478515625,542.9774780273438,549.3756713867188,548.2479248046875,546.8588256835938,541.9173583984375
sample_310cfcf87323c8b9,586.0294799804688,568.1165161132812,553.477294921875,538.5709838867188,529.3262939453125,511.12841796875,499.1322021484375,488.41119384765625,476.15728759765625,467.70233154296875,462.67071533203125,452.95318603515625
sample_52a9d86de951dcde,520.328125,515.5723266601562,513.1600341796875,508.1518249511719,505.30853271484375,496.61614990234375,490.73773193359375,484.0926818847656,482.43524169921875,479.1077880859375,476.52935791015625,468.1109924316406
sample_8d554696bd4cfb13,310.1564636230469,318.07916259765625,330.2649230957031,339.3262634277344,347.04644775390625,356.4363708496094,361.29608154296875,369.892822265625,374.9256591796875,377.866455078125,383.42156982421875,385.8580322265625
sample_527826b33d0ed062,524.9141235351562,509.3634338378906,496.28387451171875,482.399169921875,472.7277526855469,460.596435546875,445.4685974121094,436.41461181640625,426.4239501953125,424.01910400390625,413.8367919921875,407.49603271484375
sample_4cab0a343cc46121,376.25897216796875,375.6182556152344,375.6047058105469,375.6365966796875,374.7638854980469,372.4871826171875,372.8149108886719,375.3677062988281,377.6839599609375,376.3625183105469,378.1322937011719,379.6527099609375
sample_79e099d4a2db479a,455.0037536621094,445.79779052734375,437.1189880371094,427.91522216796875,419.793701171875,409.7944641113281,401.211181640625,394.1197509765625,389.5451354980469,385.3338623046875,381.9525146484375,378.4119567871094
sample_249ea91958d504d8,359.44085693359375,365.5121154785156,376.3895568847656,383.1351623535156,387.8512878417969,394.13067626953125,397.6877136230469,403.184326171875,408.7587585449219,408.8252258300781,413.02227783203125,411.9284973144531
sample_7cc9643e80ff9358,399.7308654785156,415.96539306640625,431.96142578125,448.43829345703125,466.38970947265625,481.9960021972656,500.7198181152344,515.16748046875,527.5802001953125,533.8997802734375,540.3367919921875,544.199951171875
sample_d96e43dd6e9add6c,491.1925048828125,488.6095886230469,484.6263122558594,474.2927551269531,469.86175537109375,458.3426208496094,446.4363098144531,436.3231506347656,431.6425476074219,423.66278076171875,418.43572998046875,413.234375
sample_8f880339a3ddfc4b,485.1754150390625,471.4060974121094,462.67333984375,451.44189453125,444.5169372558594,435.6589660644531,427.061767578125,423.2824401855469,414.16778564453125,413.7828674316406,409.6777648925781,403.1963806152344
sample_df2d2c22fae335c4,434.4463195800781,444.55474853515625,455.472900390625,467.65692138671875,481.87261962890625,495.2253723144531,510.18353271484375,522.1436767578125,537.8494262695312,541.89697265625,546.9869384765625,552.999267578125
sample_30246105156b94d5,470.3874816894531,462.93603515625,459.0369567871094,452.4797058105469,448.5216064453125,438.57733154296875,431.93402099609375,426.95367431640625,425.34320068359375,420.73028564453125,420.0337829589844,416.11749267578125
sample_786c14011feb2636,443.990966796875,438.9164733886719,434.2459716796875,429.5389404296875,422.96612548828125,415.4393005371094,408.6064147949219,404.14349365234375,402.75201416015625,400.8687438964844,395.5302429199219,392.1413269042969
sample_918e0ce784045a9c,396.47747802734375,394.3100280761719,392.14178466796875,392.06878662109375,391.2897644042969,392.8987731933594,393.5024108886719,395.42913818359375,399.57354736328125,399.874267578125,404.3554992675781,405.8369140625
sample_c4b7bef4ae9e6da6,351.0955505371094,359.8721618652344,373.26544189453125,382.5585021972656,390.1721496582031,399.2807312011719,405.33941650390625,413.1165466308594,420.16204833984375,421.4937744140625,427.1636047363281,426.9122619628906
sample_8129b0975a691261,318.3845520019531,326.3583984375,338.4456481933594,346.3262634277344,353.1838073730469,361.2455139160156,364.1899719238281,372.38433837890625,377.1361083984375,378.6794128417969,383.2007141113281,384.1414794921875
sample_b1b328277552ed18,499.2705078125,484.03948974609375,470.9502258300781,458.4072265625,449.8777770996094,437.43109130859375,427.19952392578125,417.923095703125,409.2113342285156,405.6983642578125,401.29083251953125,393.7122802734375
sample_e2d726aa5d405140,320.7463684082031,325.7801513671875,335.0134582519531,344.2992858886719,351.2319030761719,360.67596435546875,368.45904541015625,375.8792419433594,381.5960388183594,386.63958740234375,392.84735107421875,396.2505798339844
sample_f816bacf2cfba86b,478.7663269042969,465.65985107421875,456.5343017578125,446.375732421875,441.99237060546875,432.56048583984375,426.6141357421875,421.3671875,413.95733642578125,414.1380615234375,413.9463195800781,408.52301025390625
sample_f8fadee01e5d0095,425.2023010253906,424.2841796875,425.0326232910156,423.47430419921875,419.1610107421875,415.7507019042969,410.3363952636719,407.81134033203125,407.9508056640625,406.7252197265625,405.2634582519531,399.70416259765625
sample_42569f4f565a2438,503.9837951660156,506.4313049316406,509.2005920410156,509.3134460449219,507.6314697265625,507.11749267578125,500.7746887207031,497.5376281738281,504.32696533203125,501.20684814453125,498.7570495605469,496.1669921875
sample_df1e5284bb2b68c0,343.5415344238281,362.7989501953125,382.4343566894531,405.07696533203125,428.26763916015625,451.963623046875,474.3731384277344,495.381103515625,509.59942626953125,523.301025390625,531.5717163085938,539.2785034179688
sample_00789f224028e3bc,384.4643859863281,384.7338562011719,386.5430908203125,386.8446350097656,385.4787292480469,383.4297180175781,380.869384765625,381.86370849609375,384.86138916015625,381.7987976074219,382.8105163574219,381.3816833496094
sample_c835a7200b1533d8,347.3561706542969,349.1891174316406,354.18218994140625,359.4450988769531,364.8415832519531,369.37701416015625,375.7640075683594,380.1097106933594,385.053955078125,387.9659423828125,392.4820861816406,395.8258972167969
sample_ea65cb67e4900a33,391.82379150390625,389.3514709472656,388.3922119140625,386.92864990234375,386.0807189941406,383.8009033203125,384.2317810058594,386.6613464355469,387.3287353515625,387.1258850097656,388.8988342285156,390.3745422363281
sample_92d2610d2e635fbe,526.16796875,508.155029296875,492.5880432128906,477.13226318359375,468.1007385253906,452.8804016113281,440.5966491699219,430.03155517578125,418.0574951171875,413.4457702636719,407.58062744140625,398.9505920410156
sample_4c1b654032f0ed14,378.4234313964844,380.7680358886719,385.54736328125,388.7182922363281,390.7070007324219,392.1606140136719,394.21710205078125,396.5147705078125,400.39190673828125,399.7062683105469,402.89837646484375,402.03387451171875
sample_20180b8233185799,297.1998291015625,305.3862609863281,317.2786865234375,327.2601318359375,335.7215576171875,346.04852294921875,351.7061462402344,361.0250244140625,366.8670654296875,370.8576965332031,376.7024841308594,380.63140869140625
sample_77031a517d6abbb6,282.2090148925781,289.0495910644531,299.76422119140625,308.821044921875,316.87054443359375,326.6826171875,331.9668273925781,340.8589172363281,346.88232421875,351.35870361328125,356.85882568359375,362.41259765625
sample_3329c03b3632d2cf,449.2965087890625,441.6120910644531,436.7587585449219,430.5369567871094,424.6645202636719,418.06854248046875,411.7959289550781,409.0451965332031,406.4429626464844,403.65399169921875,401.14154052734375,398.56097412109375
sample_9226eb3fda4d6e87,363.66522216796875,367.0741882324219,375.13873291015625,378.7779235839844,380.680419921875,382.3271179199219,382.9383239746094,385.238525390625,388.4639587402344,385.0736083984375,389.0041809082031,385.4350891113281
sample_8c4610611a4be4a6,367.37335205078125,379.03448486328125,392.2788391113281,408.269775390625,424.6866455078125,442.16387939453125,460.7417907714844,476.17083740234375,490.2093811035156,498.77349853515625,509.33148193359375,517.201904296875
sample_43d71d5cec748078,317.2511291503906,320.89373779296875,327.6166687011719,334.3468933105469,342.51165771484375,349.7009582519531,357.54669189453125,364.2758483886719,371.4182434082031,376.6051025390625,383.9021301269531,389.9213562011719
sample_e25abde607e2caa5,427.5574951171875,442.090576171875,456.2679443359375,462.4294128417969,469.73736572265625,472.6229248046875,472.0619201660156,474.9335021972656,476.32916259765625,470.676025390625,473.48870849609375,465.4288330078125
sample_6c5e4a0024a03007,366.4322204589844,365.63189697265625,366.329833984375,366.16461181640625,372.0400695800781,374.2038269042969,380.601806640625,384.5190124511719,389.0747375488281,389.5565185546875,398.01544189453125,402.65716552734375
sample_6f4fce47a97f0273,322.3692626953125,327.8896789550781,337.8474426269531,345.04364013671875,350.2821044921875,357.2705078125,360.8578186035156,367.1877136230469,372.511474609375,373.7732238769531,379.046142578125,380.5928039550781
sample_f267ca41acc56ccd,430.9234619140625,424.7761535644531,420.2729797363281,414.4962158203125,408.5150146484375,401.900146484375,396.9689636230469,393.7706298828125,391.9830627441406,388.8653564453125,387.5032958984375,385.8069152832031
sample_605b64e630bafd72,321.2828369140625,329.45794677734375,341.0559387207031,353.83837890625,365.2218322753906,379.2569885253906,391.26568603515625,402.45556640625,412.7779846191406,420.1744689941406,428.5205078125,434.89215087890625
sample_54652cd81c340193,491.0719909667969,476.9583435058594,465.2006530761719,453.6064147949219,445.86614990234375,433.432861328125,423.86767578125,415.32989501953125,407.445556640625,403.2493896484375,399.35003662109375,392.42950439453125
sample_5312d6d1c2ec6425,375.0757751464844,385.09222412109375,395.22247314453125,408.97064208984375,423.1098327636719,436.8612365722656,453.0050048828125,466.2352294921875,476.45904541015625,483.7531433105469,493.3279113769531,499.66357421875
sample_634b60eb2eab5c0b,444.70184326171875,436.0876770019531,429.96673583984375,422.602294921875,416.5200500488281,409.62481689453125,402.12774658203125,398.68585205078125,395.6078796386719,393.1549987792969,389.81292724609375,386.0664978027344
sample_53fd2ece3e0d497f,320.57861328125,324.0677185058594,330.7209777832031,336.61968994140625,343.480224609375,349.3860778808594,355.9985046386719,362.3843078613281,368.7035217285156,372.18408203125,379.1123962402344,384.20416259765625
sample_b707b424d5e3fedc,437.6278076171875,438.3164367675781,439.90130615234375,438.5889587402344,435.7340087890625,432.343505859375,425.9041748046875,422.8833923339844,424.26824951171875,420.20867919921875,419.68890380859375,414.0069274902344
sample_4e05e10cae45245c,312.6148376464844,316.7760314941406,325.0686340332031,332.85211181640625,339.2435607910156,348.26080322265625,354.0279235839844,360.64532470703125,368.2099609375,372.9845886230469,379.00372314453125,383.8652038574219
sample_12a69b44127c6be1,308.6914367675781,312.9486389160156,321.5549621582031,330.18316650390625,335.7438049316406,344.1495361328125,350.5230712890625,356.99786376953125,362.26202392578125,366.21685791015625,372.3332214355469,376.03369140625
sample_a12506e5d5919eab,628.4790649414062,633.8436889648438,629.1257934570312,615.4618530273438,612.9591674804688,594.5935668945312,574.7962646484375,561.4791259765625,544.1632080078125,526.009765625,521.8447265625,509.2512512207031
sample_fcff70070d1fc33a,581.08203125,560.3599853515625,541.2259521484375,522.4193725585938,511.1610107421875,491.35345458984375,475.5306396484375,461.3535461425781,446.7171630859375,439.0823974609375,430.17071533203125,420.97265625
sample_4ef50224ab5fd52d,303.0054016113281,312.9598388671875,326.0982360839844,340.58349609375,352.8731384277344,368.3511657714844,380.9953308105469,393.3708190917969,402.7561950683594,411.248779296875,419.94451904296875,426.5512390136719
sample_ec8fb37790a5d918,439.2114562988281,431.8490295410156,427.2444152832031,421.34625244140625,417.97064208984375,416.9256591796875,413.22705078125,413.8892822265625,413.33984375,413.9015197753906,416.56158447265625,416.0179443359375
sample_b3a87e76fbbb3d57,398.32421875,395.04351806640625,394.2391662597656,393.0108947753906,390.6394958496094,391.96624755859375,390.0894775390625,393.17236328125,395.7341003417969,396.3346862792969,398.9566345214844,400.1719665527344
sample_7f2b9efd9ad1ea19,501.5329284667969,493.91473388671875,491.8844299316406,486.1248474121094,483.1972351074219,475.90191650390625,470.9676818847656,470.31640625,465.9472351074219,464.72833251953125,464.1552429199219,458.97088623046875
sample_c057edd2a46e81cb,371.8240661621094,378.5375671386719,389.6259765625,396.33392333984375,401.4017333984375,406.43280029296875,410.22747802734375,415.7029724121094,419.5093078613281,418.681396484375,423.106201171875,420.15252685546875
sample_66a05f4e2dd191b7,409.8828125,404.8934020996094,402.78717041015625,400.2659606933594,396.2038269042969,397.37054443359375,394.6653137207031,396.8350524902344,397.2154846191406,399.3717041015625,402.0313415527344,401.450439453125
sample_c5176474e0af91b8,495.0855712890625,487.34112548828125,483.1064147949219,475.5869445800781,470.4962463378906,458.5469665527344,451.13616943359375,445.8757019042969,442.8074645996094,436.20361328125,433.9569091796875,430.3460388183594
sample_d0312295fc7a7d25,308.6855773925781,312.12353515625,318.7415771484375,324.4126281738281,333.8740539550781,339.9854736328125,348.00689697265625,354.3775329589844,361.32281494140625,366.7853698730469,373.36944580078125,380.81097412109375
sample_f4ab9bd74a0f561a,589.3309936523438,582.3101806640625,573.9825439453125,556.5288696289062,549.5894775390625,528.7865600585938,514.6141357421875,499.87567138671875,484.0464172363281,475.46612548828125,466.8120422363281,460.2687683105469
sample_a79837d3385a94d6,531.9932861328125,540.6497192382812,544.376708984375,547.1029052734375,545.0758056640625,540.6134033203125,532.0358276367188,528.4334106445312,526.351318359375,518.9063110351562,515.5906372070312,508.7473449707031
sample_f4111815156cf5d1,300.5211486816406,308.52276611328125,320.91754150390625,332.0536804199219,341.2968444824219,352.40472412109375,360.8387756347656,370.5301208496094,375.20758056640625,380.9927673339844,387.6539001464844,390.572021484375
sample_306ba2cdc05f8ad8,581.4342651367188,571.0328369140625,562.1895141601562,549.49462890625,542.232177734375,524.7689208984375,513.7034301757812,501.865478515625,491.77734375,487.6720886230469,478.3677062988281,467.9853515625
sample_3616703cf0f0d9f3,329.38140869140625,332.6181945800781,340.31866455078125,347.05859375,351.6556091308594,357.20489501953125,362.2216491699219,366.86566162109375,371.66015625,373.2448425292969,378.3495788574219,379.8775329589844
sample_261025f0ce7da2ee,548.9991455078125,537.422607421875,529.7022705078125,521.1466674804688,515.6442260742188,501.63702392578125,493.4970703125,485.12652587890625,478.5039367675781,472.562744140625,471.5576171875,463.5281982421875
sample_20113919780ea8c7,401.7203674316406,399.2928466796875,399.5242919921875,399.98297119140625,399.1796875,397.95013427734375,399.1802978515625,400.1138916015625,403.8582458496094,403.6443786621094,407.5563049316406,408.79266357421875
sample_04bc966e281c910d,610.997314453125,593.9624633789062,574.977783203125,552.9338989257812,538.9623413085938,514.8258056640625,496.9588623046875,477.93658447265625,463.22479248046875,453.8831787109375,439.60888671875,434.7544860839844
sample_10de1477891d2d10,383.85150146484375,383.08050537109375,384.4380187988281,384.32867431640625,387.3580627441406,388.4085693359375,389.5305480957031,391.24017333984375,395.9590148925781,395.9136657714844,400.6452941894531,402.7009582519531
sample_99bdbfb68f6f7294,334.948974609375,336.6694030761719,340.5865173339844,344.3701171875,349.36285400390625,351.5691223144531,356.51141357421875,360.78936767578125,365.2460021972656,367.5172119140625,372.6145935058594,377.3023681640625
sample_8c09fdb0778093fc,416.6493225097656,414.93212890625,414.99896240234375,413.61798095703125,410.07513427734375,406.7306823730469,403.1717834472656,402.0520324707031,405.7509460449219,402.8170471191406,403.1598815917969,398.6737976074219
sample_817461785b74f003,377.1377868652344,378.854248046875,384.84881591796875,388.7588195800781,397.6043701171875,402.2681884765625,410.66925048828125,415.85546875,422.5148620605469,425.62091064453125,431.7267761230469,436.1809387207031
sample_5f6314bfeb154d3e,270.9779968261719,277.3558044433594,286.5274353027344,296.58880615234375,306.3013610839844,317.525146484375,324.0114440917969,334.187744140625,341.67620849609375,348.9738464355469,355.1097412109375,362.8515625
sample_dec59108a23f6cf6,387.1202392578125,387.1173400878906,387.5502624511719,388.61651611328125,386.5149841308594,386.57440185546875,385.7884826660156,388.8565979003906,390.860595703125,391.03125,393.96978759765625,391.5074768066406
sample_b14b61e71fdf3d8b,374.20306396484375,387.57781982421875,402.2380676269531,418.1141357421875,434.73785400390625,451.15777587890625,469.45458984375,483.5369567871094,496.60198974609375,504.99700927734375,512.65478515625,517.5369262695312
sample_747538c3de240b66,495.3528137207031,484.69976806640625,476.7300720214844,469.1716613769531,463.0192565917969,451.57196044921875,443.7105407714844,436.8722839355469,431.540771484375,427.1015930175781,425.0240478515625,418.80059814453125
sample_83d5dae52d3ca43d,291.13232421875,297.42510986328125,307.20806884765625,317.1343688964844,326.6951904296875,338.3518981933594,346.0198669433594,355.6589050292969,364.52001953125,371.67742919921875,377.911865234375,384.90576171875
sample_fed7cf2416a7b380,384.07586669921875,381.8578186035156,380.7880859375,379.9866943359375,378.1275939941406,377.072021484375,377.3922119140625,378.3469543457031,380.2392578125,379.7952880859375,382.66363525390625,382.6486511230469
sample_6c67997e794c23e3,448.7955017089844,462.8333435058594,475.2662353515625,485.7004089355469,498.62432861328125,509.74871826171875,522.4053955078125,531.7064208984375,546.2463989257812,546.193359375,549.1370849609375,553.3369140625
sample_fecf1cd5a11aa7f6,366.9678649902344,366.5122375488281,367.5039978027344,368.6595153808594,369.98944091796875,370.4390869140625,373.502685546875,375.83892822265625,379.11492919921875,379.96002197265625,384.2245788574219,386.20758056640625
sample_cd072e16b662f205,562.8697509765625,546.9948120117188,534.4501953125,521.1507568359375,513.5402221679688,496.34661865234375,485.5759582519531,476.6552734375,466.4261474609375,458.0521545410156,454.6212158203125,446.6083984375
sample_60184b8611f15fbb,513.3546752929688,501.7744140625,491.0908203125,479.32733154296875,469.367431640625,457.5349426269531,443.7952575683594,434.7942810058594,428.384765625,424.4485778808594,414.8111572265625,410.03955078125
sample_bd5cd0094f86a84a,301.9768371582031,309.469482421875,321.2229919433594,330.5408020019531,338.54620361328125,348.23760986328125,353.983642578125,362.6080627441406,367.7760009765625,371.3863830566406,377.2298583984375,380.57916259765625
sample_5721cff6c4f97829,373.1265869140625,370.876220703125,369.7528381347656,371.1764221191406,374.8829345703125,376.0865783691406,381.3798828125,385.50714111328125,390.47662353515625,391.9478759765625,397.9593505859375,403.85601806640625
sample_3e5cac7a1e7f683a,529.317626953125,513.2953491210938,500.1724853515625,486.7459411621094,476.77740478515625,464.15753173828125,450.3974304199219,441.37054443359375,430.62786865234375,427.62744140625,419.29791259765625,411.4973449707031
sample_b14566130025e690,416.1150817871094,437.30584716796875,457.6300048828125,477.6898193359375,498.9934387207031,517.8809814453125,540.1053466796875,556.0657958984375,571.608154296875,578.3826904296875,583.453369140625,587.068115234375
sample_56bbcdaa26800afa,430.81817626953125,423.22833251953125,420.0644836425781,412.8841552734375,408.87738037109375,404.7809753417969,398.48223876953125,398.61468505859375,395.3529052734375,394.80462646484375,392.652587890625,391.6371154785156
sample_b908fc957c5ca49c,419.8013610839844,425.46954345703125,430.71405029296875,436.33038330078125,444.7179260253906,451.5356140136719,460.01531982421875,468.9809265136719,479.0559387207031,480.78875732421875,486.3332214355469,493.5869445800781
sample_07476bd6b92931f1,411.70184326171875,405.78472900390625,402.31463623046875,398.0171813964844,392.9716796875,390.7001037597656,387.00262451171875,386.2587890625,385.90704345703125,385.631103515625,386.63934326171875,386.07281494140625
sample_66ae1c8371959add,307.0299987792969,310.70391845703125,317.3389892578125,323.6114196777344,331.1178283691406,337.6675109863281,342.8199768066406,350.07244873046875,356.3022155761719,361.6277160644531,366.4895935058594,373.0918273925781
sample_a772a9a88bf82a04,598.85595703125,581.252685546875,564.2830810546875,545.98388671875,534.0130615234375,513.2664794921875,497.06365966796875,482.4145812988281,468.6932067871094,459.5449523925781,448.71490478515625,441.2999267578125
sample_0b253c3479c71dcb,369.2513427734375,370.2334899902344,374.3002624511719,376.61810302734375,377.068359375,379.1667175292969,380.10955810546875,381.50628662109375,386.63165283203125,385.54437255859375,388.52935791015625,387.7469482421875
sample_108563aeddf0003e,320.1746520996094,324.8592224121094,332.22119140625,340.182373046875,348.599853515625,357.2194519042969,364.59002685546875,372.8487243652344,380.6025695800781,386.2479248046875,392.476318359375,398.750244140625
sample_25eb53720b01ea43,348.8764953613281,351.0069580078125,355.4669494628906,359.88299560546875,364.0506591796875,366.77032470703125,371.91033935546875,376.1978454589844,380.94012451171875,382.6748962402344,387.7161865234375,392.8284912109375
sample_2b6251ad1cd0fa6e,513.7965698242188,505.9061279296875,501.52313232421875,496.3974304199219,490.9716796875,483.6776428222656,475.4515075683594,472.3468933105469,468.0167236328125,465.2519226074219,462.8420715332031,456.1742858886719
sample_cb7c1eeeda667af2,417.3038330078125,410.63995361328125,407.4253845214844,401.6857604980469,399.35888671875,398.65875244140625,394.8240966796875,397.9604797363281,396.82568359375,398.2064208984375,401.2000732421875,401.62347412109375
sample_557e34f78a6a7605,338.5386657714844,343.2853088378906,351.1524963378906,357.3980712890625,362.3874816894531,366.8918151855469,372.256591796875,376.2385559082031,379.9324035644531,379.9068908691406,385.08013916015625,385.9614562988281
sample_db50a129879ffbc4,277.25079345703125,284.8097229003906,295.7919921875,307.63153076171875,317.1087951660156,329.2138671875,337.5179443359375,348.1538391113281,353.0600891113281,359.7328186035156,366.76165771484375,372.40350341796875
sample_7502bbf8aa67d87a,308.6305236816406,316.1775207519531,327.29205322265625,338.6480407714844,347.8087463378906,359.304443359375,368.5179443359375,378.1097717285156,384.5091247558594,390.3168640136719,397.7077941894531,401.62689208984375
sample_e7e7fee37d9db547,565.0711059570312,551.1990966796875,539.1455078125,527.6483154296875,517.7662963867188,502.2833251953125,490.2260437011719,481.77392578125,472.20916748046875,462.91510009765625,457.1477355957031,449.0499572753906
sample_8dd6d6cde19e3294,315.4107666015625,323.6785583496094,335.2783203125,347.5988464355469,357.95928955078125,370.43817138671875,381.1414794921875,391.658935546875,398.6435546875,405.5316162109375,413.4913330078125,417.8431091308594
sample_f809a74510f8a5fb,422.91326904296875,415.5034484863281,410.0502014160156,402.8587341308594,397.4516296386719,391.10504150390625,385.59088134765625,382.0045166015625,378.8486328125,377.1982421875,376.4648742675781,375.2265625
sample_2020156dc9ea50a1,655.1234741210938,644.3305053710938,637.8839111328125,627.3297119140625,624.345703125,607.0521850585938,600.2810668945312,588.0214233398438,580.599365234375,574.5384521484375,572.4197998046875,561.3629150390625
sample_e90cbf949be520a3,278.2146911621094,283.75677490234375,292.228515625,301.2658386230469,310.7757568359375,320.4820251464844,327.1466369628906,336.5402526855469,343.5894775390625,350.73480224609375,356.5355224609375,364.189208984375
sample_1a54b348c1de48ea,369.83038330078125,370.94512939453125,375.2484436035156,378.337646484375,378.10308837890625,379.613525390625,377.6813659667969,380.7317199707031,384.2347106933594,383.56951904296875,385.1313781738281,384.4567565917969
sample_2646dace051eaf5a,417.9647216796875,416.20263671875,415.63433837890625,413.326416015625,411.2626953125,406.48541259765625,402.732421875,402.3638916015625,403.0901794433594,401.2564392089844,400.2395935058594,397.88330078125
sample_b4497d02d08dd3f1,498.9036560058594,514.1036376953125,526.82275390625,536.8092651367188,548.062744140625,551.2684936523438,558.55029296875,569.2996215820312,570.2400512695312,569.760498046875,571.1512451171875,572.6307983398438
sample_59be4908b4e0176d,419.19110107421875,416.33428955078125,415.12506103515625,413.9538269042969,409.0459899902344,405.9073181152344,401.6556091308594,400.7994689941406,403.8597412109375,401.86395263671875,401.5991516113281,398.44110107421875
sample_2c8181299cda7177,402.7547912597656,400.3449401855469,398.8160095214844,396.8627014160156,394.1805419921875,390.5893859863281,388.0880126953125,389.5808410644531,390.0674133300781,388.6195373535156,388.0509948730469,388.1734924316406
sample_7f5222cb3eb4929d,447.1224670410156,442.6170959472656,442.0655212402344,437.6961975097656,435.98590087890625,432.19488525390625,430.63604736328125,431.111328125,430.7312316894531,429.7704162597656,430.5110168457031,429.88525390625
sample_5d8491474d0f4a46,577.3056640625,567.6677856445312,563.8417358398438,557.0321655273438,553.7830810546875,548.10986328125,542.063720703125,538.42822265625,533.2499389648438,534.537841796875,538.1468505859375,529.67138671875
sample_f2c1cd80d466bebb,423.4988708496094,421.377197265625,419.8095703125,416.1317443847656,414.9077453613281,408.6434631347656,404.1730651855469,402.9503173828125,403.1509704589844,400.5242919921875,398.6384582519531,396.58184814453125
sample_66dea2418c27863a,364.11492919921875,370.14312744140625,380.4730224609375,386.03594970703125,389.8948669433594,393.01763916015625,395.4658203125,398.8046569824219,401.2816467285156,398.6452331542969,403.6013488769531,399.8827209472656
sample_ee8a19f60fdc2d4d,317.19146728515625,321.0111389160156,328.4920654296875,336.66180419921875,342.72454833984375,350.6978759765625,356.72943115234375,363.24871826171875,369.6676940917969,374.4491271972656,380.5010681152344,384.8677978515625
sample_bb264d2e5bd22818,507.0022888183594,498.638427734375,488.03643798828125,475.32891845703125,465.0562438964844,449.6273193359375,437.1956481933594,426.3536071777344,418.53009033203125,414.4762878417969,404.69720458984375,399.42755126953125
sample_78a03df5a86e4d95,419.3743591308594,420.73956298828125,422.26953125,421.6430969238281,418.0209655761719,415.3178405761719,407.3002624511719,405.47320556640625,405.5987854003906,402.3785095214844,400.7899475097656,395.7286682128906
sample_2fc9cae6fdd41ae3,411.609619140625,408.9285888671875,406.99658203125,404.71392822265625,400.4177551269531,396.79119873046875,391.63604736328125,391.2333679199219,391.9432678222656,389.8605651855469,388.07574462890625,386.31878662109375
sample_a6e1dd60fe14455b,304.3244934082031,314.1046447753906,327.87652587890625,339.8399658203125,350.1605224609375,362.3828125,370.78314208984375,381.5470886230469,387.88427734375,393.0792236328125,400.00018310546875,403.50933837890625
sample_c026d9f966fda071,377.08837890625,394.474365234375,414.213134765625,427.9527587890625,442.5909423828125,455.21240234375,464.81036376953125,477.048828125,484.805908203125,486.88623046875,489.8297119140625,488.54925537109375
sample_310851bc2a2224f6,290.8147277832031,299.2008972167969,310.6255798339844,322.5657958984375,332.584228515625,345.1901550292969,353.4189758300781,364.2860412597656,370.8496398925781,376.99615478515625,384.2881774902344,390.3447265625
sample_8be79b1e12c5fe02,472.5599365234375,473.3377380371094,472.4739074707031,470.294921875,464.9017639160156,460.218505859375,450.39349365234375,449.12152099609375,444.6439208984375,442.01568603515625,439.91717529296875,430.7132568359375
sample_a4928b43b599f291,344.5605773925781,345.8667907714844,350.1716613769531,354.1305847167969,358.2315673828125,361.2408447265625,366.0469970703125,369.24359130859375,373.871826171875,375.9193115234375,379.2435607910156,381.5277099609375
sample_057379090f86b5df,286.24407958984375,292.4218444824219,302.8332824707031,313.69683837890625,322.0079040527344,333.50933837890625,341.93902587890625,350.9402770996094,356.4744873046875,363.07781982421875,369.91802978515625,375.4080505371094
sample_293555298fe036e1,284.06146240234375,291.338623046875,302.0556640625,313.6641845703125,323.3459777832031,336.3457946777344,344.84844970703125,355.1097717285156,363.10565185546875,370.2284240722656,377.4560241699219,384.8450622558594
sample_a2ad5a33f9f86187,496.62872314453125,481.41912841796875,470.8392333984375,458.3660888671875,451.9908142089844,440.93682861328125,433.6083068847656,427.6485290527344,418.23944091796875,416.5005798339844,414.4631042480469,406.3700866699219
sample_6c54654e832d1537,461.1699523925781,451.0388488769531,442.2298583984375,433.0305480957031,425.593505859375,416.6291198730469,406.87225341796875,401.64178466796875,396.5451354980469,393.061767578125,387.874755859375,384.02398681640625
sample_011a3022d69c67be,365.24603271484375,364.79681396484375,366.1899719238281,365.9963684082031,367.21331787109375,366.9482116699219,366.9356689453125,369.0074462890625,372.2265319824219,370.8899230957031,375.4350891113281,376.5382995605469
sample_a456b719c10d00ff,469.5817565917969,459.52716064453125,453.1329040527344,444.77490234375,439.4693603515625,429.55615234375,423.32568359375,418.80450439453125,414.4257507324219,410.2245178222656,409.48431396484375,404.9606628417969
sample_123b71f83d7c0e0b,390.0087890625,396.79754638671875,405.8204345703125,409.42425537109375,412.3758544921875,414.80609130859375,411.2313537597656,415.0215759277344,417.4986267089844,413.5726013183594,415.61151123046875,410.28045654296875
sample_025201e66fd12f26,357.19610595703125,374.1875305175781,390.9329833984375,413.8269958496094,437.2908935546875,461.042724609375,485.51800537109375,507.35736083984375,523.211181640625,538.0376586914062,548.0929565429688,557.9453735351562
sample_828142ba94cee305,313.23486328125,320.881103515625,332.2088623046875,343.077880859375,351.9212646484375,363.46978759765625,371.84844970703125,380.8758850097656,388.60888671875,393.4849853515625,400.8455810546875,405.0716857910156
sample_8869b3fed1015681,283.6981506347656,291.0954895019531,301.76409912109375,313.06097412109375,322.3084716796875,334.80841064453125,342.68804931640625,352.6385803222656,360.20977783203125,366.8367919921875,373.76165771484375,380.7359619140625
sample_421e3d2d555dea7a,643.1847534179688,627.2843627929688,616.2845458984375,603.449951171875,594.4039306640625,578.1179809570312,565.6904296875,553.6925659179688,542.7211303710938,536.7314453125,530.0222778320312,518.6096801757812
sample_74fde0747e54042e,319.8390197753906,324.00787353515625,332.158935546875,339.76947021484375,345.8497314453125,354.5167236328125,360.4477233886719,366.74365234375,374.36181640625,378.3728332519531,384.9259948730469,389.1996154785156
sample_db14813c9ec40ff2,354.0284118652344,355.6788024902344,360.83160400390625,365.7840270996094,369.1069030761719,373.1138000488281,378.3497009277344,382.265625,386.71343994140625,388.50677490234375,393.578369140625,396.02410888671875
sample_79fd30b0370675da,506.53924560546875,492.749267578125,482.2010498046875,470.54913330078125,463.354248046875,448.7143249511719,439.2066345214844,430.13665771484375,422.2438049316406,417.3533630371094,414.1583251953125,407.26226806640625
sample_da145a8a667979f1,612.4830932617188,600.4821166992188,593.3138427734375,584.982177734375,578.419677734375,566.7214965820312,558.183349609375,547.6417846679688,540.3499145507812,538.0739135742188,534.6830444335938,524.9161987304688
sample_25a8a8b1568f840c,305.5484619140625,309.8544921875,317.4294128417969,324.4299621582031,333.5309143066406,341.95867919921875,348.47003173828125,356.4283752441406,364.05810546875,370.5841979980469,376.1592102050781,383.5843505859375
sample_f514731ca62a9738,469.0564880371094,461.7462158203125,456.6618957519531,451.35589599609375,445.058837890625,438.4788513183594,429.3315124511719,426.401123046875,423.84210205078125,420.75799560546875,416.5249328613281,411.1749267578125
sample_745b4f60a7f6eefa,330.3416442871094,332.0335388183594,338.185791015625,343.2634582519531,348.9198913574219,354.24749755859375,361.1964111328125,365.0792236328125,371.0973205566406,374.3714294433594,379.9547119140625,384.4333801269531
sample_914752184535f34d,385.22705078125,397.8081970214844,411.3765869140625,426.6423645019531,442.5371398925781,458.3213195800781,476.09881591796875,489.6521911621094,503.61285400390625,511.06988525390625,518.4039306640625,523.5408325195312
sample_557eb89f89a9c468,331.969970703125,334.8297119140625,341.1477355957031,346.6604309082031,354.1360778808594,359.988525390625,367.6595458984375,373.0826110839844,380.1319580078125,384.17022705078125,390.49578857421875,395.816162109375
sample_a76d9677a5ef572e,595.7548217773438,589.8778686523438,581.1010131835938,563.9510498046875,557.6401977539062,537.126953125,522.764892578125,507.6722717285156,491.3392333984375,480.8699035644531,472.53643798828125,464.1577453613281
sample_caf97475faaff1f7,437.61114501953125,435.696533203125,433.42364501953125,429.2768249511719,425.1201171875,418.1966552734375,411.0000305175781,406.85540771484375,408.1141357421875,403.24456787109375,400.7471008300781,395.6867980957031
sample_902cd9066938e18b,530.8107299804688,516.9198608398438,505.6176452636719,494.4830017089844,486.41656494140625,472.34228515625,462.04620361328125,453.4722595214844,444.3978271484375,437.71392822265625,432.9851989746094,424.1557922363281
sample_022b9864fb831d1a,349.4881896972656,350.4963684082031,353.73370361328125,356.9066162109375,362.14666748046875,364.57220458984375,371.21710205078125,374.2978210449219,379.2752990722656,381.41156005859375,386.7824401855469,390.13775634765625
sample_ce5e930af3082d64,383.8031005859375,407.98333740234375,432.0205078125,453.0478515625,475.77099609375,495.4237060546875,515.7625732421875,533.1573486328125,544.883544921875,552.2368774414062,557.416259765625,559.3947143554688
sample_8e3441f577e2d417,469.7683410644531,460.54608154296875,451.4664001464844,441.014404296875,432.6061706542969,420.52093505859375,410.7745666503906,402.61126708984375,397.45623779296875,391.9388427734375,386.92333984375,384.30548095703125
sample_16be59985e29579b,310.3707580566406,319.8890380859375,333.68255615234375,342.269775390625,350.1351623535156,357.603515625,361.1343688964844,369.78436279296875,371.6241455078125,373.1905517578125,377.48162841796875,377.0278625488281
sample_a7c92106d6766579,319.53680419921875,324.4005126953125,333.3330993652344,339.8609924316406,345.4751892089844,352.6741638183594,356.5774230957031,362.6283874511719,369.3661804199219,371.26544189453125,376.106201171875,379.03759765625
sample_c2efdb9c423742b6,680.0636596679688,657.8331298828125,636.5037841796875,612.459716796875,598.6597290039062,571.2240600585938,552.2318115234375,533.00439453125,514.17724609375,501.74334716796875,488.31207275390625,481.3285217285156
sample_57f312fc691f11e9,302.8384704589844,308.80352783203125,318.5553283691406,328.1178283691406,336.15740966796875,347.2023620605469,354.0741882324219,362.4826354980469,370.880126953125,376.85430908203125,382.71484375,388.52166748046875
sample_273591b7b3d74a69,330.1882629394531,335.28204345703125,344.5972595214844,350.4315490722656,355.4316101074219,361.3434753417969,364.1045837402344,369.96734619140625,375.8466796875,376.0281066894531,380.7413635253906,382.1802978515625
sample_1e3905c41d6a2fe4,576.6175537109375,584.6538696289062,585.1265258789062,582.9859619140625,581.0184936523438,569.3855590820312,557.2153930664062,551.08251953125,541.4724731445312,529.9905395507812,526.3244018554688,514.8817749023438
sample_5faaf6f8c0b59d2b,464.57745361328125,463.80328369140625,464.2237548828125,462.1624755859375,459.15997314453125,455.2336730957031,449.4242858886719,445.4316711425781,447.32281494140625,443.5293884277344,442.94012451171875,436.71868896484375
sample_e797b18e8f520fc5,333.40020751953125,349.78656005859375,367.8778076171875,389.2487487792969,410.61578369140625,434.0506286621094,456.0367736816406,475.66241455078125,491.72314453125,504.86279296875,514.4409790039062,524.0615844726562
sample_fc590df46c610586,647.1044311523438,634.998291015625,630.4527587890625,621.4696655273438,618.3639526367188,605.4163208007812,598.5753784179688,589.7197265625,582.53857421875,579.80517578125,580.3049926757812,569.9110107421875
sample_808d06a9def8c034,390.92822265625,391.581787109375,393.6001281738281,395.3011169433594,394.6580505371094,395.14459228515625,395.36322021484375,398.39019775390625,401.5430603027344,401.44744873046875,403.68206787109375,402.3634948730469
sample_00a10c700a59d910,398.1260070800781,403.533447265625,412.19482421875,417.0021057128906,420.48785400390625,422.2717590332031,425.1993408203125,427.2792053222656,430.81854248046875,428.3940124511719,432.67376708984375,428.5534973144531
sample_4ae6b15f33579141,289.48883056640625,296.9471130371094,308.58404541015625,317.63153076171875,325.758544921875,335.7415466308594,341.09100341796875,349.8487548828125,355.9256591796875,360.166259765625,365.6070861816406,370.35577392578125
sample_7456792a7457985a,397.3222351074219,397.2052917480469,397.5120544433594,398.3179016113281,395.9851989746094,395.66497802734375,394.965576171875,397.252685546875,399.06451416015625,399.3019104003906,402.4474792480469,399.8961181640625
sample_86ac4d61e6c34e77,323.0623779296875,332.26214599609375,345.68255615234375,353.21173095703125,360.22235107421875,366.70989990234375,368.58197021484375,376.184326171875,378.08624267578125,378.4316101074219,381.9913635253906,380.2557678222656
sample_2d3b2cf8d8a17a87,421.08319091796875,415.94671630859375,413.66217041015625,409.9599304199219,406.20989990234375,404.41253662109375,402.11712646484375,401.42828369140625,402.9894104003906,402.1959533691406,404.57110595703125,403.70611572265625
sample_a3d6aec5c7576c70,383.8740234375,386.2590026855469,389.22412109375,392.0400695800781,394.06280517578125,394.1922607421875,395.051025390625,398.3266296386719,400.866455078125,401.0789794921875,404.52008056640625,402.87054443359375
sample_a442ab5131bd1d85,424.9032287597656,420.5093078613281,419.315673828125,415.40728759765625,411.44207763671875,408.5669250488281,402.2510070800781,402.54351806640625,403.3885192871094,401.5980529785156,400.6777648925781,398.45953369140625
sample_29c86f158e487940,378.8960266113281,383.3886413574219,392.0555419921875,397.14202880859375,400.01849365234375,404.83770751953125,405.18670654296875,409.9707336425781,415.1656188964844,414.27960205078125,416.4281921386719,414.8013916015625
sample_9d11747d554d4a3e,612.5123901367188,595.8201293945312,585.839111328125,573.638671875,566.9406127929688,552.1830444335938,544.4757080078125,538.807861328125,527.7037353515625,522.2581176757812,521.194580078125,510.822021484375
sample_865a673ff9e212b1,370.2474060058594,372.0030212402344,376.8768615722656,380.337646484375,382.08154296875,385.3855285644531,388.40679931640625,391.02496337890625,396.9737854003906,396.5528259277344,401.2767028808594,402.6129150390625
sample_36c5941d81bf4be4,370.7728271484375,370.3164978027344,371.4269714355469,372.10504150390625,373.1740417480469,371.9126892089844,373.35418701171875,375.1531066894531,377.8408203125,377.2677307128906,380.90325927734375,381.55218505859375
sample_e232f8e6e50f06e7,476.49859619140625,463.7066345214844,454.340087890625,443.73138427734375,437.9173583984375,426.16290283203125,418.9990234375,411.8620910644531,405.31744384765625,401.8713073730469,400.46221923828125,394.7515869140625
sample_1031688b83e2039a,435.0665588378906,432.76141357421875,430.6431579589844,426.2435607910156,421.5495300292969,414.94622802734375,408.33056640625,403.1231994628906,404.24322509765625,399.7887878417969,396.69940185546875,391.8824157714844
sample_efa0bc12d9a32777,361.3821716308594,364.5710754394531,370.0409851074219,372.7604064941406,373.2949523925781,375.3229064941406,369.6647033691406,374.1181640625,376.51287841796875,374.1820983886719,374.8692321777344,373.73370361328125
sample_60888962fd25ca1b,378.25799560546875,382.0475158691406,389.5831298828125,393.3150329589844,396.0367431640625,397.6164855957031,400.0583190917969,401.1164855957031,404.98565673828125,402.5172119140625,407.34515380859375,404.50189208984375
sample_e98c2f4477357752,346.5203857421875,354.4952697753906,366.0837097167969,378.309326171875,389.6967468261719,402.89288330078125,415.5069580078125,426.1741943359375,437.0794982910156,443.354736328125,451.3111572265625,457.005126953125
sample_c2f7caa1bef9ec58,424.4308776855469,418.5756530761719,415.7177429199219,411.41436767578125,406.6721496582031,404.5730285644531,399.0291442871094,399.2757263183594,398.3289489746094,398.7627868652344,398.4206848144531,395.2684326171875
sample_156782210715e7be,317.5616455078125,320.9957580566406,328.3877258300781,335.1985168457031,341.66168212890625,349.2796630859375,355.2300720214844,361.44873046875,368.5223693847656,373.36944580078125,379.02227783203125,383.758056640625
sample_4b37a93391c5d60b,479.4276428222656,470.16436767578125,463.06396484375,455.4369812011719,448.1697998046875,438.6977844238281,428.8793640136719,423.4756774902344,419.62750244140625,415.5486145019531,409.5567321777344,405.2421569824219
sample_3bf9eb6a1b713626,373.5664978027344,374.0174865722656,376.6957702636719,378.9770812988281,378.6646423339844,379.2398681640625,379.8179626464844,381.5766296386719,385.91912841796875,385.20867919921875,387.4468688964844,387.32684326171875
sample_fab0bf0ea9a4d975,376.095458984375,378.48199462890625,383.092041015625,387.800537109375,391.6976318359375,396.0025329589844,400.327392578125,404.4317321777344,411.5821533203125,413.1583557128906,417.0333251953125,420.2449035644531
sample_f07610287ecc3e89,402.8934326171875,401.62103271484375,400.3964538574219,399.3472595214844,396.0141906738281,392.30181884765625,387.9779052734375,388.526611328125,388.5516662597656,386.7893371582031,386.0748596191406,383.5911865234375
sample_a915c44ac7ac202d,390.3447265625,390.6184387207031,391.54638671875,392.10699462890625,390.5998229980469,389.7176208496094,388.1845703125,390.2307434082031,393.2667541503906,392.00360107421875,394.92572021484375,391.2420349121094
sample_c6f8749953e195af,398.0830993652344,396.82611083984375,396.017822265625,394.52459716796875,390.6841125488281,389.05377197265625,384.08526611328125,384.8977966308594,386.4247741699219,384.38726806640625,384.4624328613281,382.3677978515625
sample_2fa0fe8c1e5563cc,424.8809509277344,417.8765563964844,413.4114990234375,408.3966369628906,403.8211364746094,399.82232666015625,396.4948425292969,393.2113037109375,392.72271728515625,392.4562072753906,394.06512451171875,392.6887512207031
sample_507070442578054e,530.4755859375,517.962158203125,505.0069580078125,490.35076904296875,479.30352783203125,462.8031005859375,448.89678955078125,437.7502136230469,429.4217834472656,421.6517639160156,412.49578857421875,408.4967041015625
sample_fb222b75147378ab,321.1269836425781,326.2376708984375,334.7630615234375,344.323486328125,353.53802490234375,364.52337646484375,374.4493408203125,383.4351806640625,391.97991943359375,398.63421630859375,407.2174987792969,413.2969970703125
sample_02618879af651892,334.24462890625,338.61285400390625,346.1797790527344,352.92633056640625,358.87457275390625,366.30517578125,371.41278076171875,377.5402526855469,385.36834716796875,388.31744384765625,393.4833984375,397.37005615234375
sample_27ce0cdb916bb6fc,359.6607360839844,361.5047912597656,367.17926025390625,371.0985107421875,372.66949462890625,376.0517883300781,378.21435546875,380.7215576171875,386.7947998046875,385.9176330566406,390.2197265625,390.8349914550781
sample_4a2a1c9164c8b5ee,394.5169677734375,392.98602294921875,392.7488098144531,392.0992736816406,390.186279296875,386.7434387207031,385.156494140625,387.0435485839844,387.33905029296875,386.1973571777344,387.16461181640625,385.4326477050781
sample_c46ba09b7b5370ab,388.3104248046875,387.50689697265625,388.3963317871094,389.2234802246094,390.8980407714844,392.17559814453125,392.5493469238281,394.5253601074219,398.7585144042969,399.05255126953125,403.4530334472656,403.9319152832031
sample_d3d3414528956728,357.48077392578125,369.63250732421875,383.6838684082031,389.5770263671875,396.32373046875,400.9104919433594,398.5010986328125,403.4250183105469,404.1404724121094,399.880615234375,403.36328125,396.7077331542969
sample_b3cf295801522e73,420.13031005859375,413.93603515625,410.3425598144531,405.2486572265625,399.8591613769531,395.6539001464844,390.766845703125,389.12994384765625,387.9179382324219,387.3799133300781,385.286865234375,384.4673156738281
sample_023fb5e550a0caa2,566.9082641601562,564.2988891601562,556.1648559570312,537.5643310546875,531.810546875,512.5852661132812,493.1652526855469,476.89599609375,462.22637939453125,445.921875,438.1830749511719,433.1551513671875
sample_e0cb91e667103dbc,328.8955383300781,333.9441833496094,343.3748779296875,350.2662353515625,356.012939453125,363.4309997558594,368.00982666015625,373.95379638671875,380.9106140136719,382.96905517578125,388.2855224609375,390.59149169921875
sample_fdde51eb17dac184,336.6310119628906,344.11767578125,355.8896179199219,365.5408020019531,373.358642578125,383.4856262207031,390.9028015136719,398.7470703125,406.8171691894531,409.869873046875,416.379150390625,418.41064453125
sample_8f6f2981b2942393,373.5433044433594,375.03765869140625,379.0816345214844,381.8580017089844,382.3013916015625,384.2208251953125,386.1291198730469,388.4605407714844,393.0139465332031,391.46807861328125,395.5874328613281,397.9234619140625
sample_302a6d6b4c8b7d34,314.9210205078125,324.6610412597656,338.40447998046875,348.97222900390625,358.03533935546875,368.48919677734375,374.4720153808594,384.5674133300781,389.1012878417969,392.3567199707031,398.27667236328125,399.7953796386719
sample_574d962d8b059928,498.0304870605469,483.85589599609375,472.9510192871094,460.82171630859375,452.7039489746094,442.89727783203125,429.89422607421875,423.5570068359375,414.89019775390625,413.60455322265625,405.26611328125,399.6502685546875
sample_17cfbe8d01eac8e9,308.64617919921875,313.9187316894531,323.06903076171875,332.3984680175781,339.34442138671875,349.52337646484375,356.59295654296875,364.0216064453125,371.2923278808594,376.0953369140625,382.89508056640625,387.91485595703125
sample_4abf772adba312c6,510.90185546875,502.3538513183594,496.18963623046875,488.82647705078125,481.8332824707031,469.3846740722656,462.3690185546875,454.03839111328125,448.5255126953125,443.70458984375,440.7899475097656,432.96453857421875
sample_0079d25c2c5ac3f2,357.1210021972656,366.1381530761719,376.58349609375,390.7722473144531,404.3221740722656,418.2411804199219,433.5768127441406,446.85894775390625,455.51544189453125,463.5694885253906,472.52581787109375,478.3323974609375
sample_9273589b525f7104,608.0386962890625,588.8544921875,573.0322875976562,555.8919677734375,545.637451171875,525.2901611328125,511.974365234375,500.35693359375,487.0858154296875,477.66448974609375,471.259033203125,463.1843566894531
sample_13e3fdff17574e41,384.79705810546875,386.20867919921875,389.3658752441406,392.3077087402344,396.02947998046875,399.0682373046875,403.6549987792969,408.3215637207031,411.5790100097656,413.9687805175781,419.4352722167969,420.4457092285156
sample_a569a28d12627566,473.0226135253906,467.5368347167969,463.3782043457031,455.46435546875,448.3345947265625,436.4660949707031,427.5727844238281,421.1536560058594,416.35626220703125,413.25897216796875,408.5735168457031,402.3466796875
sample_316b8ba936458e12,360.54168701171875,372.0101013183594,385.9335021972656,393.2875061035156,400.12353515625,404.7530517578125,405.55413818359375,410.03857421875,410.18817138671875,408.4680480957031,412.35089111328125,406.92657470703125
sample_9ef8cbf61e535a49,604.4210205078125,587.2932739257812,573.0333251953125,558.34033203125,549.4520263671875,530.6007690429688,518.5242309570312,506.49932861328125,494.0531311035156,484.43023681640625,479.42510986328125,470.0635986328125
sample_98bd2f8c574564a9,502.385986328125,489.22039794921875,477.8677978515625,467.36767578125,458.6918029785156,447.6000061035156,436.6167297363281,427.984130859375,420.78607177734375,416.98065185546875,411.42156982421875,403.9278564453125
sample_76d163e2d49e9054,415.1274719238281,416.9957580566406,418.92523193359375,420.6054992675781,420.2821044921875,420.2087097167969,420.373046875,422.6503601074219,425.91912841796875,424.80572509765625,428.14739990234375,425.7167663574219
sample_441284b3449b40b8,488.494140625,480.7334899902344,476.59246826171875,472.4139709472656,467.4405212402344,459.9463195800781,453.9731750488281,449.4146728515625,446.66094970703125,444.4754333496094,444.4732666015625,437.05999755859375
sample_30593107ca8f4adc,422.6501159667969,415.8892822265625,411.6060791015625,405.8595275878906,400.2022705078125,396.2022705078125,391.0847473144531,388.8113098144531,387.17828369140625,386.2586975097656,385.8381042480469,384.5531921386719
sample_ebc7d937425aa2fd,446.9779052734375,437.8724060058594,431.3970642089844,423.4200439453125,417.3071594238281,410.02056884765625,402.4052429199219,398.79095458984375,395.3150634765625,392.7235107421875,389.471923828125,385.51324462890625
sample_8d06777854284b11,516.9685668945312,502.91571044921875,491.0617370605469,478.6475524902344,470.3658752441406,455.87786865234375,445.8508605957031,436.8214111328125,428.40655517578125,421.86651611328125,418.1830749511719,411.15643310546875
sample_edbb355eac3f707d,608.8873901367188,599.5632934570312,597.3698120117188,589.3051147460938,588.8525390625,581.0320434570312,576.2994995117188,571.516357421875,567.7423095703125,568.0595092773438,571.43701171875,565.16845703125
sample_aec0f807a8d90ffd,547.9414672851562,536.10693359375,525.42431640625,511.4346008300781,502.5174560546875,484.2103576660156,472.3321228027344,460.53326416015625,450.6082763671875,443.51470947265625,435.5788269042969,430.381103515625
sample_6fc8cc1a4cd7265f,306.1789245605469,311.8260498046875,320.40216064453125,329.7121887207031,338.2319030761719,349.30877685546875,355.5036926269531,364.8724670410156,372.88665771484375,380.0865783691406,385.45159912109375,392.1336975097656
sample_5b2ab25e3adae783,514.2168579101562,508.0233459472656,498.6417236328125,486.537353515625,476.5266418457031,460.8868408203125,447.2292785644531,437.4654846191406,426.7664794921875,422.35137939453125,412.4631042480469,405.36944580078125
sample_d04f18d13f906177,327.5042419433594,336.0389404296875,347.63934326171875,360.2351379394531,371.85943603515625,385.2569885253906,395.74822998046875,407.364013671875,417.3311462402344,425.1866149902344,431.17950439453125,437.6164855957031
sample_d13d943358c49c6b,482.6597595214844,481.5891418457031,478.7414245605469,469.7132568359375,465.92840576171875,455.3595886230469,443.867431640625,434.9129943847656,431.945068359375,422.7613830566406,419.1053161621094,414.17169189453125
sample_2661de60ef3b7f96,328.6582946777344,334.3078308105469,343.4579772949219,353.2912292480469,361.9886474609375,371.21820068359375,380.5205078125,389.0995788574219,394.7846984863281,399.7867736816406,406.0205078125,409.635986328125
sample_a178a00324cf95f9,312.8634338378906,317.2056884765625,324.38787841796875,332.08319091796875,339.3433837890625,347.0079345703125,353.1534118652344,360.3639831542969,367.0147705078125,372.16485595703125,378.11767578125,383.6437683105469
sample_3ccbcfb353d3c6e8,599.549072265625,588.0983276367188,581.7166748046875,573.792236328125,567.9949340820312,557.3257446289062,548.057861328125,541.9536743164062,533.5885009765625,531.3770751953125,527.4251098632812,519.3009033203125
sample_4adf302e581253a9,381.51080322265625,382.0313415527344,385.60565185546875,388.735107421875,393.068359375,395.9831237792969,402.09014892578125,405.7402038574219,411.22540283203125,412.9436340332031,417.7585754394531,420.4166564941406
sample_24e7d0e681559842,362.7469787597656,364.759033203125,368.87994384765625,372.8743591308594,378.21612548828125,381.6669921875,385.99542236328125,390.3673400878906,396.6884765625,399.18267822265625,403.1203308105469,407.8284912109375
sample_f4041c9d78c9fe42,490.1495666503906,476.8964538574219,466.42315673828125,454.6564025878906,446.66644287109375,434.251708984375,424.6083068847656,417.65191650390625,410.2372741699219,405.368896484375,402.01434326171875,396.20416259765625
sample_7bd68a27fe8f93b7,386.1068115234375,384.3129577636719,382.8437805175781,381.9414367675781,378.7994079589844,377.4933166503906,376.1717834472656,376.2265930175781,378.52642822265625,377.15582275390625,379.3998107910156,377.54498291015625
sample_d20aa291aa189fad,384.8291320800781,383.5442199707031,383.6705322265625,383.2974853515625,381.539306640625,380.7017822265625,379.5442810058594,380.3189697265625,383.99761962890625,383.3153381347656,385.9291076660156,385.1221008300781
sample_120fa03ca6c36d8d,439.5873718261719,432.1131286621094,428.5923156738281,422.190185546875,417.1961975097656,412.6776428222656,405.2548828125,404.7164001464844,401.9559326171875,400.5689392089844,398.8473815917969,395.3066101074219
sample_9e1aa6b01fb87aa9,611.691650390625,594.96044921875,578.6168823242188,558.8685302734375,546.77587890625,523.7703857421875,507.2602844238281,491.23150634765625,477.69757080078125,467.21746826171875,455.83502197265625,450.8564453125
sample_948c0f47f056a205,570.4080810546875,557.3228759765625,551.6182861328125,541.037841796875,537.4683227539062,528.34765625,521.7467651367188,520.0045166015625,510.4930419921875,510.0131530761719,511.490478515625,502.7980041503906
sample_4c39af3b40a750e6,346.0700988769531,348.33953857421875,354.37371826171875,358.72674560546875,361.38543701171875,365.6560363769531,368.9968566894531,372.28936767578125,378.7090759277344,378.8966979980469,383.6861572265625,386.190673828125
sample_c3aeaebb20549903,531.1237182617188,517.1076049804688,507.2842712402344,495.2926940917969,489.5417785644531,474.7143249511719,466.8133544921875,458.5570068359375,450.4888916015625,444.2892150878906,443.0682373046875,435.37200927734375
sample_0013684ef0a5399e,628.4572143554688,615.6719360351562,605.243896484375,592.5838012695312,584.2929077148438,565.3599243164062,556.2415771484375,542.6180419921875,530.9054565429688,523.2426147460938,518.6742553710938,508.4927978515625
sample_160f2acf2c52b3af,317.3263854980469,326.4244384765625,340.1265563964844,350.58349609375,360.09765625,370.4144287109375,377.96295166015625,387.3775634765625,392.5003967285156,396.70849609375,402.677734375,403.9613037109375
sample_e053cb13ca8ea306,400.6252746582031,396.9303894042969,393.78076171875,391.010498046875,385.7167663574219,381.7973327636719,377.3807067871094,376.07574462890625,375.8712158203125,374.478515625,373.1212158203125,371.6557922363281
sample_2bb3135f2c964e64,575.691650390625,562.6275634765625,553.5071411132812,543.0709228515625,537.1054077148438,521.3775024414062,512.9906005859375,503.7332763671875,495.4302978515625,486.9529724121094,485.6848449707031,477.31585693359375
sample_c9dfdda2a583a18d,479.77337646484375,489.9571228027344,498.43212890625,504.88031005859375,509.84625244140625,511.7969055175781,514.5399169921875,520.2249755859375,521.9127807617188,517.8461303710938,519.5081176757812,514.9085693359375
sample_35431ae3419ff7ac,312.111572265625,316.8227844238281,325.61065673828125,334.3404235839844,340.84417724609375,349.175048828125,355.7992858886719,362.655517578125,368.00604248046875,371.9204406738281,377.97369384765625,381.30999755859375
sample_c2b9a100a65495aa,370.2123718261719,370.534423828125,372.8404846191406,374.5137939453125,375.8465270996094,375.96356201171875,378.4846496582031,380.751220703125,384.243408203125,384.3979797363281,387.31268310546875,389.1646423339844
sample_e6a506615dddbe5f,321.24951171875,323.8417053222656,330.6860046386719,336.66888427734375,343.9237060546875,350.72467041015625,358.71258544921875,363.9571838378906,370.77838134765625,375.17193603515625,381.4895935058594,386.9814147949219
sample_847d947fa62d5df7,327.5078125,330.3868103027344,335.35235595703125,340.2136535644531,348.13885498046875,351.9994812011719,358.4599914550781,364.1470031738281,370.3446044921875,374.087158203125,379.786865234375,386.5140686035156
sample_dabcebbe3c891989,326.21734619140625,341.5692138671875,358.43292236328125,378.71893310546875,399.21484375,421.1059875488281,442.181640625,461.2149658203125,476.04425048828125,488.3603515625,498.6335754394531,507.7349853515625
sample_43e714cf1a278a6d,378.47503662109375,383.1390075683594,390.6112976074219,393.2823486328125,394.76812744140625,397.1046142578125,392.3343505859375,395.69952392578125,398.5702819824219,395.5,396.2786865234375,392.8553771972656
sample_e9feccd0d21f4fdd,592.603759765625,570.8248901367188,552.2813720703125,533.82421875,521.8858032226562,505.6683349609375,488.06622314453125,476.9603271484375,459.81475830078125,456.3855895996094,444.11065673828125,435.41552734375
sample_40653fb5286966aa,382.1772155761719,395.19403076171875,409.4046325683594,424.6593017578125,440.7125244140625,456.4708557128906,474.0626220703125,487.6454162597656,501.00982666015625,508.52569580078125,515.6972045898438,520.20703125
sample_21a3925795227c7b,583.1246948242188,567.069091796875,552.6172485351562,536.878173828125,526.6273803710938,506.8408508300781,493.7027282714844,479.41119384765625,466.95770263671875,459.0142822265625,450.2219543457031,442.8428039550781
sample_8330221633cb22fb,443.5158996582031,440.1850280761719,439.538330078125,437.714111328125,435.6245422363281,431.2094421386719,427.8648681640625,427.5401611328125,427.26104736328125,425.6559753417969,428.89971923828125,423.56536865234375
sample_d434fbb85c8f47bc,403.0032043457031,405.6445007324219,408.4784240722656,408.9664611816406,405.75006103515625,404.00927734375,394.34222412109375,395.2536315917969,394.4954528808594,390.8807678222656,389.6302185058594,385.0225524902344
sample_9c0bcc17b8fa9e0e,562.9991455078125,554.343505859375,550.5364990234375,544.6692504882812,540.9711303710938,535.5408935546875,530.1475219726562,526.2011108398438,521.7900390625,522.9572143554688,525.0028686523438,517.2801513671875
sample_54a9a683c686fd37,358.7181396484375,363.1609802246094,370.8739013671875,379.298095703125,387.7686462402344,397.0255432128906,407.4506530761719,414.6961975097656,422.546142578125,427.1196594238281,434.92510986328125,439.41583251953125
sample_9d7877bedc0c2560,346.3330078125,347.4755859375,351.6717224121094,354.4941101074219,357.2156066894531,359.1819152832031,360.5196533203125,364.03851318359375,368.6728515625,370.1993408203125,372.8745422363281,375.9486389160156
sample_04f8bfa14818e857,521.9867553710938,512.1963500976562,506.82806396484375,500.03253173828125,493.9017028808594,485.74090576171875,475.9226989746094,471.7401123046875,466.7662658691406,463.6836853027344,459.69366455078125,452.9606628417969
sample_b17b5bebc9cc6ed1,397.13348388671875,413.8202819824219,431.7119140625,449.16650390625,466.7404479980469,484.03125,501.1829528808594,516.1030883789062,528.86865234375,535.826904296875,540.5399169921875,543.5310668945312
sample_2065e5d7f04c2f01,312.5590515136719,323.48187255859375,338.515869140625,351.2375183105469,362.56146240234375,376.0380859375,385.50439453125,396.6148681640625,404.7627258300781,410.00970458984375,416.5381774902344,420.1142272949219
sample_c966b5ed28fca0bc,332.5260925292969,335.19622802734375,340.50543212890625,345.6438903808594,350.5199890136719,354.3174133300781,359.3623352050781,364.2046203613281,369.50299072265625,371.65399169921875,377.23651123046875,381.6580505371094
sample_d31efad2fd13f3bf,357.91290283203125,358.3544006347656,360.75341796875,362.1789245605469,367.3585205078125,368.6272277832031,373.3048095703125,375.9537658691406,381.11590576171875,381.975830078125,387.80718994140625,391.8924560546875
sample_5139705ad99aa113,408.3500671386719,404.8729553222656,403.9613342285156,403.5068664550781,401.55841064453125,400.5401306152344,400.32379150390625,399.9808349609375,403.8631896972656,403.9495544433594,407.599365234375,408.291259765625
sample_18ed84aa379feef7,423.1325988769531,432.0657958984375,440.7934265136719,444.85528564453125,447.28314208984375,449.5726318359375,444.002685546875,446.418212890625,446.69818115234375,443.32647705078125,443.7762451171875,436.4350891113281
sample_69af8bd521a327f2,360.5428161621094,361.3479309082031,364.7964782714844,367.6011657714844,369.79644775390625,371.1436462402344,374.9059753417969,377.62664794921875,381.6896667480469,382.4827575683594,386.29833984375,389.1442565917969
sample_09309318b478645c,395.2988586425781,393.7586364746094,393.3299560546875,392.7101745605469,393.6986999511719,392.6036071777344,393.9264831542969,396.5753479003906,398.1507263183594,398.8816833496094,401.35809326171875,403.4877624511719
sample_73f8a4e89fbbf40c,370.5617980957031,375.9237365722656,385.2780456542969,391.9444274902344,396.25067138671875,400.46746826171875,405.179931640625,409.7978820800781,413.3499450683594,412.6104736328125,417.9361572265625,415.7393798828125
sample_0c559b72f5ee284e,297.4730224609375,302.6981201171875,312.0550231933594,322.4480895996094,330.319580078125,341.1768493652344,350.2527160644531,358.76739501953125,364.08624267578125,371.1385803222656,378.0143127441406,383.5223388671875
sample_47ca03576ff9443a,323.7520751953125,328.00909423828125,335.7280578613281,343.5706787109375,352.0372619628906,360.9920959472656,369.6165466308594,377.13348388671875,385.1014709472656,390.7158508300781,398.36236572265625,404.0272216796875
sample_46aa23a8ab11be3e,412.1884765625,407.556396484375,405.40545654296875,402.7538757324219,398.7978515625,398.2775573730469,394.28173828125,396.09100341796875,396.53167724609375,396.88824462890625,399.043701171875,397.5230712890625
sample_0f46c4202bf91ec4,358.17413330078125,368.383544921875,382.76629638671875,391.4439697265625,398.6481018066406,406.0010681152344,409.7676086425781,417.1131591796875,421.8648986816406,421.53021240234375,425.5832214355469,423.4720153808594
sample_a374008011ff3bca,392.06939697265625,389.9644470214844,389.1214599609375,388.5157470703125,386.10882568359375,385.90911865234375,385.0128173828125,385.8070983886719,389.3493347167969,388.3931884765625,391.4584655761719,391.15875244140625
sample_802c4a7511340745,408.560791015625,408.3641357421875,409.19061279296875,408.94775390625,405.0498046875,403.5873107910156,397.28765869140625,397.1384582519531,398.2370910644531,396.307861328125,395.6221008300781,392.18475341796875
sample_7fc1c2bc9131cef1,340.9806823730469,354.07916259765625,369.0430908203125,387.98992919921875,407.65069580078125,428.771728515625,448.1311950683594,467.5403747558594,481.6712646484375,495.13006591796875,504.1318054199219,513.298583984375
sample_b6b2bedb97228c95,427.064697265625,425.0916442871094,423.3045654296875,420.4049377441406,414.7464599609375,408.6282958984375,402.44635009765625,399.113037109375,398.0414733886719,396.6882019042969,393.84869384765625,387.2975158691406
sample_8c2b67897e414125,375.499755859375,378.4302978515625,383.02593994140625,388.35418701171875,394.0103454589844,399.2140808105469,406.9732666015625,412.4317626953125,418.843505859375,421.3332824707031,427.6790771484375,433.18157958984375
sample_abd0a2eaf7cb4046,376.0327453613281,375.1332092285156,374.8580627441406,374.07427978515625,372.056396484375,371.2935791015625,370.09796142578125,370.968994140625,373.51959228515625,371.9594421386719,375.37481689453125,373.93255615234375
sample_4500214616e55071,424.37994384765625,427.15826416015625,429.73553466796875,429.4624328613281,426.2845458984375,422.7950134277344,413.903564453125,412.55712890625,411.51837158203125,406.67913818359375,406.62939453125,400.0743713378906
sample_342cd8b590222ce5,323.44732666015625,329.7999572753906,340.6812744140625,347.7799072265625,353.07025146484375,359.43280029296875,362.2009582519531,368.94024658203125,372.80865478515625,373.34515380859375,377.9383544921875,378.5379333496094
sample_b9d8bc4599901213,348.8211975097656,351.57733154296875,358.0125732421875,364.8594055175781,369.0798034667969,375.21588134765625,381.476806640625,386.7063293457031,391.5896911621094,394.1789855957031,399.9992980957031,402.82135009765625
sample_944dd93dfdd60092,418.32794189453125,413.72576904296875,412.107177734375,408.1508483886719,403.7542724609375,400.93408203125,394.8451232910156,395.11981201171875,395.49267578125,394.19427490234375,393.626953125,391.4046630859375
sample_9bd4b758f5dfc0d7,491.30194091796875,479.2011413574219,472.72967529296875,462.8813781738281,457.2559509277344,448.54644775390625,441.0145568847656,438.4824523925781,431.0895690917969,428.753173828125,425.3712158203125,419.85479736328125
sample_d8a31b3b8c283bd6,434.4968566894531,427.41162109375,423.1617126464844,417.40509033203125,411.3898010253906,405.8174743652344,400.29949951171875,397.4146728515625,395.70867919921875,393.3332824707031,392.365478515625,389.640380859375
sample_94d6bbd780ee5fee,328.39898681640625,331.8124694824219,339.3528747558594,346.90093994140625,355.1994323730469,363.8218994140625,373.5677185058594,380.23516845703125,386.6091003417969,390.776611328125,398.24310302734375,404.30804443359375
sample_b54a8aab5beb87ae,290.00390625,293.2854309082031,300.4569396972656,305.8672790527344,315.3241271972656,321.54351806640625,328.3597412109375,335.1639709472656,341.99853515625,347.94134521484375,353.3456115722656,361.5888977050781
sample_e655298e9db64530,469.59893798828125,461.2410583496094,455.84210205078125,449.52044677734375,442.8018493652344,436.55181884765625,427.537841796875,424.2960205078125,421.25213623046875,419.846435546875,415.23785400390625,410.95416259765625
sample_38e068a167ad7007,449.14422607421875,443.4133605957031,438.5721435546875,433.9683837890625,427.20330810546875,422.0800476074219,412.99969482421875,409.0519714355469,408.9017028808594,407.3626708984375,401.8804931640625,398.6410217285156
sample_4768854fcf248743,393.04107666015625,392.010009765625,391.62725830078125,390.326416015625,386.7108459472656,385.5367431640625,380.5804138183594,381.9028625488281,383.707275390625,381.492919921875,382.1567687988281,380.01885986328125
sample_5fe7b2b2df3f7a6b,360.9297180175781,365.4825439453125,374.4443359375,379.9436340332031,383.7498779296875,389.1811828613281,392.1142883300781,396.8622741699219,403.22955322265625,402.94671630859375,407.51123046875,407.1009216308594
sample_2d143fe1d6d2244b,435.67913818359375,439.0557861328125,440.9718017578125,440.694091796875,439.36944580078125,433.6630859375,429.0885009765625,424.4391174316406,425.50225830078125,418.9992980957031,422.67315673828125,418.0205993652344
sample_1829e7c51870c80c,351.6414489746094,351.93865966796875,354.7473449707031,357.4732971191406,362.7556457519531,364.93695068359375,371.7289123535156,375.03173828125,380.3544921875,382.43585205078125,387.7077941894531,391.36114501953125
sample_db1ed1d5fea725cb,409.9293518066406,413.9811706542969,418.2359924316406,419.89324951171875,419.0765075683594,414.9618225097656,412.7832336425781,410.02069091796875,412.05633544921875,405.68450927734375,409.58721923828125,403.5467529296875
sample_4b6636d4728d3e5b,287.0829772949219,294.625244140625,305.6115417480469,316.0363464355469,324.7960510253906,336.1056823730469,342.67962646484375,352.1707763671875,359.0167236328125,364.3134765625,370.6962890625,376.40673828125
sample_9a5f1a9b93fd644c,371.5654296875,372.1900329589844,374.418701171875,376.26806640625,376.0870361328125,376.9713134765625,378.6199035644531,380.6418762207031,384.56365966796875,384.7415771484375,387.4235534667969,386.7779541015625
sample_65b8cf23d454a128,486.11077880859375,473.4508056640625,463.7288818359375,452.73944091796875,445.7419738769531,434.01336669921875,426.23187255859375,419.72650146484375,412.5235595703125,408.3878173828125,406.5284729003906,401.0872802734375
sample_2a242f2870e04dc1,605.3563842773438,586.651611328125,570.8106689453125,554.744384765625,544.3759765625,524.4080810546875,511.2227783203125,497.05865478515625,483.8775329589844,476.1756591796875,468.138916015625,459.8486328125
sample_d81097cd7bbdfb18,442.6247863769531,436.031982421875,431.8008117675781,425.39703369140625,419.68377685546875,411.9287109375,406.0498046875,402.96722412109375,401.08721923828125,396.6678466796875,394.97369384765625,393.0315856933594
sample_8c553284d19c77c3,412.8135986328125,407.1705627441406,405.0372314453125,400.5631408691406,396.4972839355469,394.1517333984375,389.23419189453125,390.0079345703125,389.1749267578125,389.478515625,389.8995056152344,388.4879150390625
sample_354e35c74b667fd3,301.4983215332031,327.16900634765625,350.96453857421875,378.2220458984375,406.2474365234375,430.81695556640625,456.41845703125,481.1641845703125,488.13714599609375,503.24847412109375,511.9639587402344,518.9259033203125
sample_6bc5c8742aaff4a9,335.7835388183594,341.3238220214844,350.3885192871094,360.09283447265625,367.3758544921875,376.812744140625,385.5120849609375,393.536865234375,399.639404296875,404.3431396484375,411.24224853515625,414.193115234375
sample_2904e9a4c8d3832b,473.20184326171875,482.4261779785156,490.848876953125,495.39239501953125,497.0641784667969,499.37384033203125,497.5020446777344,499.5300598144531,500.8163757324219,496.744140625,497.49755859375,490.252685546875
sample_7676aaccd1475559,285.78887939453125,293.2308044433594,304.0837097167969,314.5734558105469,323.3459777832031,334.77496337890625,341.5010986328125,351.0284118652344,358.0167236328125,363.5214538574219,369.9657287597656,375.85089111328125
sample_60d002e99b6a1e0f,482.483642578125,503.4056091308594,521.4083862304688,533.9785766601562,546.7415161132812,557.4525146484375,565.6318359375,575.960693359375,584.7083129882812,581.543212890625,580.9144897460938,578.8895263671875
sample_fdf45e9d2845fce9,371.442626953125,371.8582458496094,373.5765686035156,375.18829345703125,374.5844421386719,375.2274169921875,375.5235900878906,378.1147766113281,381.4080505371094,381.485595703125,384.0286865234375,383.2871398925781
sample_e0a17768680fc648,443.1968078613281,443.69671630859375,445.6446228027344,446.0457458496094,452.5464782714844,455.8390808105469,461.3034362792969,466.9283447265625,473.1923522949219,474.81195068359375,480.0611572265625,483.8337097167969
sample_049dc8b66fdab047,495.96124267578125,483.1798095703125,471.8957214355469,460.49993896484375,450.86663818359375,437.5823974609375,426.2693786621094,417.51971435546875,410.34356689453125,404.88543701171875,399.57177734375,393.81878662109375
sample_cdf8b8a4e385ec12,296.12225341796875,304.7273864746094,317.3482666015625,327.9464111328125,336.8969421386719,348.8102111816406,354.85687255859375,364.86572265625,371.8041076660156,376.77264404296875,382.33056640625,386.8489685058594
sample_c6c20f9cab0c9f3b,329.61468505859375,334.3484191894531,342.47161865234375,349.860595703125,356.5187683105469,364.5708312988281,370.0502624511719,376.8351745605469,384.7088623046875,388.3086853027344,393.4410095214844,397.699951171875
sample_46115e3157895047,451.23431396484375,464.72607421875,475.6284484863281,481.0068664550781,483.53558349609375,484.552490234375,483.5205078125,482.7978820800781,482.8173828125,475.64691162109375,479.786865234375,470.9963684082031
sample_df2b7c8377bf0749,589.6278686523438,572.080078125,554.6717529296875,535.702392578125,523.1625366210938,503.116943359375,486.2072448730469,471.66204833984375,459.5955810546875,449.56927490234375,438.88275146484375,432.63372802734375
sample_f2aa5e4f8177c4a7,387.3623352050781,387.8936767578125,389.6141662597656,390.4974365234375,389.30291748046875,388.42132568359375,387.39935302734375,388.43084716796875,392.3116760253906,389.8363342285156,392.4715881347656,389.4068603515625
sample_0b26aa755b3910ee,512.1929321289062,496.8689270019531,484.1724853515625,473.0604553222656,464.828125,452.6219482421875,443.77001953125,434.0078430175781,425.60394287109375,423.273681640625,420.1106262207031,411.37591552734375
sample_c1482dbc36292bc7,317.1622009277344,339.5658264160156,362.5750732421875,384.83172607421875,408.37005615234375,430.44744873046875,450.1920471191406,470.68280029296875,479.9898376464844,491.3807067871094,498.64947509765625,503.72393798828125
sample_2b7f06acd135aae4,467.531494140625,461.5646667480469,457.54461669921875,451.7288818359375,445.3472595214844,438.0052795410156,430.5129699707031,423.37060546875,423.3323059082031,422.6469421386719,418.2877502441406,414.66943359375
sample_6eb22f86dd558e82,368.2496643066406,370.8568420410156,378.0827941894531,381.24005126953125,382.4234619140625,384.2450866699219,385.69140625,386.3741149902344,391.2460021972656,387.6681213378906,391.8248291015625,389.0893859863281
sample_89ae42348df70ce1,477.921142578125,477.9371337890625,480.0224609375,478.4189147949219,478.5699157714844,477.1124572753906,473.7117919921875,472.2516174316406,477.30572509765625,475.6959228515625,476.0069885253906,474.6629943847656
sample_e5f3b4a35eae31b2,282.1468505859375,289.0487365722656,299.55548095703125,310.71337890625,320.658203125,333.89898681640625,342.55413818359375,352.82843017578125,361.7065124511719,369.6443786621094,376.7793273925781,384.51129150390625
sample_feb870857a91424e,394.74951171875,403.7309875488281,413.9305114746094,427.17669677734375,441.6719055175781,456.7864685058594,472.88922119140625,486.2386169433594,500.0533752441406,506.20892333984375,515.513427734375,522.995361328125
sample_aa26cfd1e4cb322e,414.723388671875,416.0487365722656,417.6584777832031,416.4571228027344,413.65386962890625,408.9666442871094,402.3170166015625,399.6189880371094,400.5738525390625,396.033203125,395.72259521484375,390.5482482910156
sample_e10d661db4c0684f,330.5188293457031,333.5267028808594,339.5819396972656,346.2063903808594,351.3611145019531,357.02984619140625,362.5618896484375,367.9944763183594,373.7643127441406,377.40081787109375,383.184814453125,387.2087097167969
sample_f1ac6e751b432ff4,474.20843505859375,492.0328369140625,506.8795166015625,515.5794067382812,525.1763305664062,532.5614624023438,536.7359619140625,543.2420043945312,552.4156494140625,547.4154663085938,546.7855224609375,544.1859741210938
sample_98b8b01e3f680d6c,320.2957763671875,327.72772216796875,338.41680908203125,350.16015625,359.9085693359375,371.8910827636719,382.4552001953125,392.2012939453125,399.8041076660156,406.4884033203125,414.3182067871094,419.06842041015625
sample_f4bfaf53ac02891e,444.4170227050781,456.3704833984375,468.98883056640625,476.7334899902344,483.810791015625,489.0916442871094,492.0716247558594,497.88604736328125,502.37249755859375,499.4991455078125,500.04522705078125,495.20220947265625
sample_f309fa228b92c6cb,348.9034729003906,350.57574462890625,353.5653991699219,356.8778991699219,362.15936279296875,363.71685791015625,370.2617492675781,373.8673400878906,378.57464599609375,380.5155334472656,386.1326904296875,391.4973449707031
sample_dda0ec8703208e8c,392.7291564941406,394.2215576171875,397.564208984375,399.99835205078125,400.0261535644531,401.3968200683594,402.7692565917969,404.22747802734375,408.2721252441406,407.43951416015625,410.6536865234375,409.0674743652344
sample_f0b18de55d95325b,676.7400512695312,667.7686767578125,658.4893188476562,641.1898193359375,636.4896240234375,614.0011596679688,602.2208862304688,584.4993896484375,569.1982421875,560.42626953125,550.9798583984375,539.7174682617188
sample_b84e718397363c77,417.8824768066406,414.7426452636719,413.5798645019531,411.73870849609375,407.40838623046875,405.2070007324219,400.39898681640625,400.92657470703125,401.7995300292969,400.53900146484375,399.93902587890625,398.56536865234375
sample_682e70a494cdf8ed,389.6008605957031,404.7921142578125,421.62933349609375,430.38909912109375,440.16363525390625,446.4532470703125,449.5671081542969,456.014892578125,460.2335205078125,456.760498046875,459.44451904296875,453.3570861816406
sample_4d2b4dbcaf181640,447.2622985839844,438.35211181640625,430.508056640625,422.8744812011719,415.8069152832031,407.1683044433594,398.7008361816406,393.42822265625,389.8270568847656,386.64044189453125,382.4666442871094,378.62884521484375
sample_4c29b121bae29bd3,314.6434631347656,320.0881042480469,329.15264892578125,337.2581481933594,343.3819274902344,351.37384033203125,355.9512939453125,362.6589050292969,368.756591796875,371.46466064453125,376.9798583984375,379.86712646484375
sample_266551f8b9ea9303,340.55718994140625,355.1469421386719,371.6553039550781,390.22296142578125,407.6142272949219,426.82275390625,445.5231628417969,461.6352844238281,473.87518310546875,484.2428283691406,493.281982421875,499.97003173828125
sample_3ce884f8ab4ce5ed,383.8703308105469,391.2387390136719,399.76513671875,402.4988708496094,404.319580078125,404.1811828613281,399.7500915527344,401.4453125,401.24163818359375,396.08404541015625,399.8248291015625,393.23077392578125
sample_392d2a4380983bf3,480.1394958496094,470.3393859863281,461.6883850097656,452.65069580078125,444.6811828613281,433.595703125,424.2027587890625,417.7909240722656,412.7490539550781,407.0063781738281,402.587646484375,398.02655029296875
sample_ae37578fdd1a666c,543.8530883789062,525.3682250976562,508.3934326171875,492.2806396484375,481.9877014160156,465.16796875,451.0804748535156,438.5840759277344,426.67578125,420.5672607421875,413.37213134765625,404.73565673828125
sample_ff482ebe0bd7dd9c,354.2811279296875,360.52484130859375,371.5285949707031,377.7137756347656,382.26385498046875,388.0893249511719,389.99169921875,395.713134765625,400.9626770019531,400.381591796875,403.6812744140625,402.4585266113281
sample_f43b8e8c98a241fc,272.61627197265625,278.7608947753906,288.47198486328125,298.2170104980469,306.7200012207031,317.98779296875,324.34197998046875,333.7640075683594,341.0298156738281,347.47821044921875,353.5231628417969,361.29766845703125
sample_a91f5f153a08d141,336.090087890625,345.3388366699219,358.7382507324219,365.93914794921875,372.4473876953125,378.2965393066406,379.28765869140625,386.2860412597656,388.639404296875,387.26007080078125,390.7042541503906,387.9252624511719
sample_92f528688d3bf24d,431.3874816894531,426.2279968261719,423.2526550292969,421.2994384765625,415.5038757324219,413.5079650878906,408.9566955566406,407.3638610839844,408.54473876953125,408.6361999511719,408.596923828125,405.4046630859375
sample_563fbb15c0edd6b3,362.53790283203125,363.3841247558594,368.4776306152344,371.3872375488281,372.16265869140625,373.7606201171875,374.69818115234375,376.50799560546875,381.4879150390625,380.01397705078125,382.2672119140625,382.30084228515625
sample_98a8ebab6521498c,323.8036804199219,329.8257141113281,340.7225341796875,349.4077453613281,356.31402587890625,365.1610412597656,371.4493408203125,378.8216247558594,384.090576171875,387.73138427734375,393.2245788574219,395.0291442871094
sample_7e305228398b968f,364.2541198730469,366.2473449707031,370.3191223144531,374.3783874511719,380.3755187988281,383.95635986328125,389.3343505859375,393.5300598144531,400.40972900390625,402.8204345703125,407.4105224609375,412.6322326660156
sample_caa449088cfc4523,518.71435546875,518.8147583007812,514.207275390625,503.2176818847656,498.7240295410156,485.19183349609375,469.8240966796875,457.58416748046875,449.24993896484375,434.1603698730469,429.736083984375,421.575927734375
sample_af4ba808de832497,466.36932373046875,454.8579406738281,447.6182861328125,437.40155029296875,431.9305419921875,423.1075439453125,416.67559814453125,413.868896484375,407.2414245605469,404.29742431640625,403.448974609375,401.0187683105469
sample_2db3d321dd8db5e0,310.8924560546875,320.6651611328125,334.2658386230469,343.1375427246094,350.6850891113281,359.55426025390625,361.8665771484375,371.306396484375,375.3681640625,376.8421630859375,380.6910095214844,381.6366271972656
sample_a83e353bfb564be8,433.1630554199219,438.9402770996094,443.6534729003906,445.2912292480469,443.5993347167969,440.8341369628906,431.5600891113281,430.3554382324219,428.9110107421875,424.27508544921875,423.01666259765625,416.62872314453125
sample_c51361562f214cb5,397.098876953125,402.53375244140625,409.7217712402344,417.06744384765625,423.3251647949219,429.0826721191406,436.2510986328125,443.00128173828125,448.2143249511719,449.1094665527344,454.8067321777344,455.7606506347656
sample_26837e6f7ec759ea,491.2658996582031,476.6385498046875,465.9785461425781,453.4741516113281,445.7911376953125,436.2851257324219,425.0281066894531,419.7434387207031,410.1396484375,409.7483825683594,402.96044921875,396.7044982910156
sample_4b705b6b6dfcf9c2,349.5667419433594,350.8870849609375,356.06787109375,360.4783630371094,361.8973083496094,364.974609375,368.1097412109375,370.5707092285156,375.6245422363281,376.00775146484375,379.63006591796875,381.36309814453125
sample_c7b668357689e8c6,308.36328125,316.7827453613281,328.2371520996094,338.4835205078125,347.85943603515625,355.9658508300781,364.0269775390625,372.16400146484375,375.3204345703125,377.21826171875,383.73870849609375,384.46875
sample_c22fb240ef804d77,377.9149169921875,379.77276611328125,385.7559814453125,387.76806640625,389.1383361816406,389.974609375,391.4806823730469,391.4893493652344,396.27154541015625,392.98797607421875,396.6278381347656,394.1488037109375
sample_86679ac78aa09b5e,491.2715148925781,479.39508056640625,472.229736328125,462.8071594238281,456.4059753417969,447.2984313964844,438.6309814453125,435.15704345703125,428.44317626953125,425.4135437011719,420.814697265625,415.24603271484375
sample_a564dffc61ed8fb3,395.7315673828125,402.9208068847656,410.73565673828125,419.63800048828125,429.05096435546875,438.8461608886719,450.3057556152344,459.9470520019531,470.1685791015625,473.0379943847656,480.7563781738281,487.2963562011719
sample_d36cfb032768ce36,353.4316711425781,359.7827453613281,370.6259765625,376.1932067871094,380.0200500488281,384.8078918457031,385.24688720703125,390.1775207519531,394.2978820800781,392.24652099609375,395.8076171875,393.5741271972656
sample_eeac0eb025842d0d,315.7454528808594,320.3549499511719,328.5616455078125,337.744873046875,345.1751403808594,355.0303955078125,363.0489501953125,370.7911071777344,377.59820556640625,383.3796081542969,390.38623046875,395.249267578125
sample_b03f39b2b5dfb575,333.32293701171875,336.8699035644531,343.818359375,349.6033630371094,355.7427673339844,361.6547546386719,367.9315490722656,373.7436218261719,380.42913818359375,383.0402526855469,389.76519775390625,394.03887939453125
sample_e56e02dad762fece,365.0798645019531,365.58905029296875,368.1921081542969,370.5635681152344,371.9459533691406,373.0226745605469,375.4539794921875,378.4266357421875,382.0747375488281,383.0374450683594,386.38116455078125,387.45416259765625
sample_b3a71b0232f49280,367.7060241699219,368.7986755371094,372.5587158203125,376.1758728027344,378.5076599121094,381.0785827636719,384.6507873535156,387.4622497558594,391.7205505371094,393.3041687011719,396.6932067871094,397.42120361328125
sample_2f31ebc640ceb991,423.8394470214844,418.8421630859375,415.92608642578125,414.17523193359375,409.0350646972656,409.0374450683594,405.9246826171875,406.7740478515625,406.84783935546875,408.31634521484375,410.518310546875,408.4820861816406
sample_1716e9e3f03cefea,366.9953308105469,370.3368835449219,377.04742431640625,384.3472900390625,389.3302001953125,395.8200988769531,402.6456604003906,408.0758361816406,413.7057189941406,416.8582763671875,422.2563781738281,423.9304504394531
sample_5feaf6465de6da2d,274.0207214355469,282.8680419921875,296.3207702636719,307.72381591796875,317.6100769042969,328.7451477050781,337.3465270996094,347.51318359375,350.5003967285156,356.37225341796875,362.67156982421875,366.01422119140625
sample_5dd8ea42457ed034,370.41326904296875,390.8092956542969,410.7961730957031,431.8462829589844,454.26812744140625,474.7156066894531,497.28387451171875,515.438720703125,527.90966796875,538.502197265625,546.2731323242188,551.0635375976562
sample_d1acfc296cb4a2d5,506.2715148925781,493.90472412109375,482.2290954589844,469.77252197265625,460.3040466308594,445.8875732421875,434.0378112792969,425.336669921875,417.5496826171875,410.674072265625,404.1830749511719,399.1551513671875
sample_76b85ca3cc0a1944,486.9174499511719,487.1304016113281,484.2767333984375,475.7493591308594,471.3975524902344,459.8525695800781,447.3221435546875,436.8858947753906,431.4483337402344,418.40618896484375,414.393310546875,408.28729248046875
sample_1886fb78df2f336d,414.43511962890625,411.5048522949219,410.10772705078125,408.29254150390625,404.430419921875,402.1887512207031,397.3250732421875,397.66217041015625,399.4085388183594,397.40985107421875,397.91937255859375,395.78680419921875
sample_81b747d6da230ac5,406.61895751953125,406.5733337402344,407.88690185546875,407.17919921875,403.8084411621094,401.0757751464844,395.7507019042969,394.9486389160156,396.648681640625,393.6124572753906,392.8744201660156,388.8106689453125
sample_b795a6ed7540c562,425.6854553222656,424.59600830078125,423.9126892089844,420.8539733886719,418.3405456542969,412.6504211425781,406.8328552246094,403.51641845703125,405.09454345703125,400.5511474609375,398.47369384765625,395.512451171875
sample_6972dd674065c490,385.6910705566406,388.7383728027344,394.2911682128906,395.8265380859375,395.77923583984375,394.974609375,391.34808349609375,392.30120849609375,395.1598815917969,390.254150390625,392.06292724609375,388.01019287109375
sample_3fadd1b7b6a8cdda,333.4442443847656,335.1666259765625,340.28289794921875,344.2630615234375,349.1350402832031,352.61773681640625,357.8922424316406,361.7198791503906,367.3121337890625,369.8845520019531,374.6561279296875,378.88336181640625
sample_1435433c82395272,377.5248718261719,384.0131530761719,395.0701904296875,401.7468566894531,406.41387939453125,412.97808837890625,417.00433349609375,422.4656677246094,429.5027770996094,428.8009033203125,433.23162841796875,431.7606506347656
sample_9f91add5ba88de7d,356.139892578125,357.1353759765625,361.15081787109375,364.7958068847656,366.7139587402344,369.0372314453125,372.27142333984375,375.1656188964844,379.49603271484375,380.55029296875,384.2621154785156,385.65716552734375
sample_35bf5867b4bd6472,452.1068115234375,445.5264892578125,441.5511779785156,437.34014892578125,431.6908874511719,424.4472351074219,418.338623046875,412.8858642578125,412.2281494140625,410.5307922363281,407.7934875488281,405.139404296875
sample_4f0b215c590e934a,399.4427185058594,404.58673095703125,412.7503356933594,416.696044921875,419.12493896484375,420.378173828125,422.49493408203125,423.1775207519531,426.35546875,423.3889465332031,427.80010986328125,424.2791442871094
sample_565e628681da1ad8,471.8163146972656,462.6485595703125,458.4529113769531,452.9829406738281,447.9893798828125,442.6885986328125,438.36224365234375,436.4858703613281,433.1121520996094,432.85321044921875,433.6826171875,427.9186096191406
sample_aa223eafe4c08e41,572.8255004882812,558.9859008789062,549.1179809570312,537.6983032226562,531.2422485351562,514.7477416992188,505.9026184082031,496.3231201171875,487.4932556152344,478.71392822265625,476.8411865234375,468.4869689941406
sample_f6b77e92cb913405,342.0013122558594,357.3601379394531,374.349853515625,392.98345947265625,412.68975830078125,432.5430908203125,453.32525634765625,470.08953857421875,484.8555908203125,495.6014099121094,504.3349914550781,511.8525085449219
sample_3b4fb87895f8601d,341.7841491699219,343.0807800292969,346.2200012207031,348.70843505859375,353.12322998046875,353.856689453125,357.1514587402344,360.49273681640625,364.9119873046875,366.48443603515625,370.6289367675781,375.28045654296875
sample_5e08ffbab549cca1,452.07464599609375,449.3031921386719,446.0544128417969,440.251220703125,434.5082092285156,425.8179931640625,418.1895446777344,412.0079345703125,409.84307861328125,405.35052490234375,401.1437683105469,395.8353271484375
sample_8e9cb979b2cf9489,338.7898864746094,345.2583312988281,356.0979919433594,362.9452209472656,368.1077575683594,374.1434326171875,376.82159423828125,383.3707580566406,387.060302734375,387.2532958984375,391.4833984375,390.8174743652344
sample_bd580481b4c02c90,356.0324401855469,356.72705078125,359.32244873046875,361.3199157714844,363.3055725097656,363.1777038574219,364.27685546875,366.9435729980469,370.503173828125,370.2493591308594,373.7945861816406,376.2466125488281
sample_84b3381317809bbb,404.77984619140625,412.3773498535156,421.6819152832031,425.13555908203125,428.20758056640625,430.5963439941406,426.3736572265625,429.11309814453125,430.9476318359375,426.8845520019531,427.9917907714844,422.33660888671875
sample_8c835ec6d649fa8a,376.1068115234375,374.4781799316406,373.104248046875,372.72259521484375,369.690185546875,368.2890625,367.91241455078125,368.8011779785156,370.57196044921875,370.0673828125,372.39056396484375,372.1045227050781
sample_d981475930acfdf5,329.20367431640625,334.05731201171875,342.360595703125,349.60455322265625,356.0438537597656,363.880859375,368.8047790527344,375.5029602050781,383.0104064941406,386.16485595703125,391.147705078125,394.9233093261719
sample_b956cb0419fb3ab9,353.7474670410156,355.3740539550781,360.6372375488281,364.7840270996094,367.4786682128906,371.2663879394531,374.21435546875,377.5283508300781,383.46832275390625,384.8291931152344,388.86016845703125,390.97119140625
sample_420ae68295d9ae82,526.3203735351562,516.3091430664062,503.67474365234375,491.2619934082031,479.580322265625,466.32037353515625,452.06304931640625,440.7061462402344,432.593017578125,430.31689453125,418.4463195800781,412.04345703125
sample_224fa1ee2ca14b89,359.7769775390625,372.5265808105469,387.98828125,403.20526123046875,417.8752136230469,433.91766357421875,449.7948303222656,462.6013488769531,475.2137451171875,482.0300598144531,489.75726318359375,494.65252685546875
sample_a973595c42abbbf8,697.1038208007812,683.2902221679688,671.7576904296875,657.1370239257812,649.6426391601562,628.3915405273438,618.5999145507812,602.451904296875,588.7254638671875,581.4039306640625,575.3279418945312,564.8330688476562
sample_4b1190b7bb82a39e,389.25341796875,392.5592346191406,397.3467102050781,398.5537414550781,398.0478515625,397.3648681640625,391.3522033691406,392.5130615234375,394.6363220214844,391.25897216796875,390.7452392578125,388.4632568359375
sample_115c8ec6c4533588,339.0135803222656,343.1417236328125,350.1239318847656,357.2235107421875,363.8993835449219,371.5611267089844,377.32354736328125,384.2521057128906,392.1665954589844,396.18914794921875,401.1539001464844,405.9794921875
sample_5d43066c8b882bfa,384.0919189453125,384.6911926269531,387.3973693847656,388.5309143066406,387.9107971191406,387.141845703125,387.4929504394531,388.2511901855469,392.58673095703125,390.0622863769531,391.9472961425781,393.2871398925781
sample_99905707b44bb0f0,506.0129699707031,494.16058349609375,485.6462097167969,476.6829833984375,469.2305908203125,458.95013427734375,449.6587829589844,445.07904052734375,438.0050354003906,433.0826721191406,429.0249328613281,422.0291748046875
sample_14c372ce8cacae73,553.3314208984375,534.9225463867188,518.532470703125,502.40484619140625,492.262939453125,474.91204833984375,461.2408752441406,449.0078125,436.27447509765625,429.35931396484375,421.7254638671875,412.51422119140625
sample_79b9dbc8d095a7b0,467.6168212890625,456.03057861328125,447.5349426269531,437.037841796875,430.6178283691406,421.08203125,412.79266357421875,408.4112548828125,401.9529724121094,398.8382568359375,395.20428466796875,390.58111572265625
sample_e09ed3272e282abd,403.3398742675781,400.7376403808594,400.78076171875,399.523193359375,401.46514892578125,405.8437194824219,407.33795166015625,412.7308654785156,415.4937744140625,418.52288818359375,423.8976135253906,425.673828125
sample_27097667a642d702,490.1310119628906,489.79693603515625,489.1430969238281,489.4964599609375,486.7240295410156,487.7838134765625,485.2779541015625,486.9969482421875,488.4850158691406,491.2101135253906,491.164794921875,493.025146484375
sample_3449524713a3a8d6,612.6123046875,602.1939697265625,593.4114990234375,582.37890625,575.3071899414062,556.90087890625,549.2474365234375,536.95361328125,526.2741088867188,518.9563598632812,515.4092407226562,504.8717041015625
sample_90b24ae88a2e0caf,384.4366149902344,385.78668212890625,389.02630615234375,390.0068054199219,389.52783203125,388.78985595703125,384.2293395996094,386.2808532714844,388.9652404785156,386.5025329589844,386.2088928222656,385.4541320800781
sample_726f1409774d58ea,312.6361389160156,321.3243713378906,333.8761291503906,344.6407775878906,353.6470642089844,364.3968200683594,371.3924560546875,380.96063232421875,387.05572509765625,390.79693603515625,397.360595703125,400.6837158203125
sample_6036b1e706abb283,311.5146484375,315.16839599609375,321.6933288574219,328.01666259765625,333.986572265625,340.2127990722656,342.8966064453125,349.89276123046875,355.510498046875,360.0783996582031,363.10400390625,368.76324462890625
sample_0d3549329427bc28,585.5982666015625,567.9053955078125,553.1995849609375,538.9596557617188,529.676513671875,512.6913452148438,500.3638000488281,489.30950927734375,476.7537841796875,469.40594482421875,463.61065673828125,452.6194152832031
sample_a4203b5fb7640798,390.0259094238281,390.950439453125,394.4462585449219,395.67596435546875,395.9042663574219,396.1153564453125,394.3786315917969,395.7842712402344,399.4700927734375,398.0388488769531,399.2509765625,398.84234619140625
sample_fc043a00e7c21de3,303.3345642089844,309.9388427734375,319.2498779296875,329.2089538574219,337.32012939453125,347.90509033203125,354.29736328125,363.0995788574219,370.28143310546875,375.1905517578125,381.6371154785156,387.189208984375
sample_346c13a5be3c1567,587.8482055664062,577.5670776367188,568.619873046875,556.6845703125,548.7694091796875,533.595703125,522.7299194335938,510.19769287109375,502.3717041015625,499.05157470703125,491.0019836425781,483.202880859375
sample_15140c286e83f0f8,372.5133056640625,383.3711242675781,396.9876403808594,409.9971923828125,422.2735595703125,435.9712219238281,448.887939453125,460.03863525390625,471.85162353515625,477.0009765625,483.6035461425781,486.99993896484375
sample_9090e61424cc8f52,313.5252380371094,318.366455078125,327.5968933105469,336.3819580078125,342.9881286621094,351.18780517578125,358.2721252441406,365.1741638183594,369.9539794921875,373.38836669921875,379.5125732421875,382.4210205078125
sample_25ca206aa0beb8dd,340.309326171875,342.46392822265625,347.1995544433594,352.221923828125,357.27899169921875,360.9095458984375,366.7779235839844,371.4486999511719,376.5821533203125,379.30218505859375,385.0509948730469,389.5198974609375
sample_494679bee222db8a,423.6583251953125,414.7341613769531,408.20196533203125,402.17974853515625,398.6695556640625,397.3323974609375,395.763916015625,395.95367431640625,394.25311279296875,396.63818359375,400.08587646484375,400.46405029296875
sample_41d197835bdd023f,350.9273986816406,352.28521728515625,356.65435791015625,360.34136962890625,363.3782958984375,365.6080322265625,369.8377380371094,373.0724182128906,377.5768127441406,378.8777770996094,383.4114074707031,385.9454040527344
sample_3c2c793d92315914,434.2544250488281,447.21502685546875,459.9884338378906,471.0971984863281,483.36175537109375,492.39251708984375,504.9953308105469,514.33349609375,523.4135131835938,524.5383911132812,528.9100952148438,528.5654907226562
sample_cf312ec35e476058,531.335693359375,523.3248291015625,513.0784912109375,499.31280517578125,489.1191101074219,472.9087829589844,459.6419677734375,448.1637878417969,437.686279296875,433.2007751464844,423.1406555175781,417.04150390625
sample_68271399ca34c621,397.1114196777344,397.46160888671875,398.9537048339844,400.8064270019531,404.2489929199219,406.5397033691406,411.9212646484375,417.8045959472656,420.04327392578125,422.4567565917969,428.23828125,430.79595947265625
sample_8686ca608d1a1933,294.52301025390625,303.6121826171875,316.93182373046875,327.9633483886719,337.8599548339844,350.0758361816406,357.90020751953125,367.8013000488281,375.2921142578125,380.855712890625,387.0125427246094,391.4002685546875
sample_9acadec79c7a354f,276.5995788574219,283.1520690917969,293.5972595214844,304.0109558105469,312.6455078125,323.8813781738281,331.4034423828125,340.79791259765625,346.37469482421875,352.7138671875,359.05584716796875,365.18597412109375
sample_de55c2784d0b569b,539.3861083984375,528.1004028320312,516.3411254882812,501.13702392578125,490.3420715332031,471.9781494140625,458.49383544921875,445.218017578125,435.1202392578125,430.39520263671875,420.40570068359375,415.0512390136719
sample_26c1e43f86c16dcc,384.55548095703125,392.9550476074219,403.40447998046875,407.1940002441406,410.58319091796875,413.564697265625,410.19384765625,413.7605895996094,416.25885009765625,411.0577697753906,414.37432861328125,408.47088623046875
sample_f508927f13f5a1c3,325.1099548339844,329.9027404785156,337.8188781738281,345.68719482421875,351.33123779296875,359.0541076660156,363.84521484375,370.0792236328125,376.66552734375,379.61724853515625,385.2616882324219,388.3694152832031
sample_3fba02e320407deb,445.6820983886719,441.14892578125,439.1767883300781,436.48187255859375,431.910888671875,428.1845397949219,423.3221435546875,420.1231994628906,422.7149963378906,421.6500549316406,421.13580322265625,418.2374267578125
sample_3d376a7d47cab16b,358.54986572265625,365.08331298828125,375.1399230957031,379.0194396972656,382.25726318359375,385.5215759277344,383.5117492675781,387.770751953125,392.0365295410156,387.35589599609375,390.4582214355469,386.9976501464844
sample_6c06cfd1251d0c7e,363.12139892578125,369.36700439453125,379.77862548828125,385.81298828125,389.9825439453125,393.361083984375,396.1618347167969,399.8690490722656,402.3271789550781,399.9588623046875,405.0262451171875,401.49212646484375
sample_b885df5d1026bae9,280.42266845703125,285.4295654296875,294.86041259765625,304.9436340332031,314.5446472167969,326.00360107421875,335.63629150390625,344.42840576171875,350.181640625,357.7901611328125,365.08587646484375,372.2969970703125
sample_a4f1a14593beca00,280.80828857421875,289.2968444824219,301.4312438964844,313.293212890625,323.85943603515625,337.3810119628906,346.49853515625,357.0860595703125,365.78887939453125,373.1832275390625,380.10797119140625,386.8960266113281
sample_2c79ab7f9dad8cfc,403.56658935546875,402.0423278808594,403.3507995605469,401.8257141113281,405.5154113769531,407.3573913574219,410.1847839355469,414.536376953125,418.7947082519531,419.42144775390625,425.2453308105469,427.26177978515625
sample_67dc285abeac7b81,344.15716552734375,345.8822326660156,349.89892578125,353.48565673828125,358.98779296875,361.7551574707031,368.8322448730469,372.7707214355469,377.8902282714844,379.9608459472656,386.2250061035156,391.07769775390625
sample_999a44c5f319c8cb,384.6846008300781,398.3453674316406,413.5437927246094,430.52783203125,447.3258056640625,464.9607849121094,482.3110046386719,497.6183166503906,511.39154052734375,520.0922241210938,526.319091796875,531.7564086914062
sample_545fd907eb32857a,344.0032043457031,351.02587890625,361.6952819824219,369.4000549316406,375.8457336425781,381.12762451171875,386.6194763183594,392.21484375,395.0038757324219,394.3849792480469,399.8782958984375,398.7044677734375
sample_715935ac9c40db20,465.6113586425781,457.8125915527344,455.4950866699219,448.3470458984375,445.5276794433594,437.4660949707031,433.415283203125,430.9570617675781,429.20538330078125,425.77520751953125,427.32928466796875,425.193603515625
sample_82db5b8a4ee7e44f,371.94244384765625,395.61053466796875,418.2973937988281,441.7494812011719,467.1957092285156,489.5811767578125,515.1002197265625,535.0794067382812,548.6600341796875,559.898681640625,567.6600952148438,572.6038208007812
sample_f1779c3878d73f87,292.1390380859375,297.8568420410156,306.8885803222656,315.5307312011719,322.92578125,333.0194091796875,337.6737976074219,346.21484375,353.7934265136719,358.83538818359375,363.6856994628906,369.6379089355469
sample_0e51ae6d296897ce,324.01947021484375,327.267578125,333.345947265625,339.1898498535156,344.6799011230469,349.6164855957031,354.5353698730469,360.0927734375,365.8163757324219,368.7630615234375,374.02935791015625,378.8207092285156
sample_29a5c7007417fffe,514.0550537109375,517.6610107421875,517.1109619140625,513.9583740234375,509.10308837890625,501.7156982421875,490.12030029296875,483.3638916015625,478.0658264160156,468.4265441894531,466.4206848144531,456.1897277832031
sample_0bbac2152c3c83bf,368.1361999511719,376.362548828125,388.1542053222656,396.34320068359375,403.39666748046875,408.5841064453125,414.15374755859375,420.2419738769531,422.8910217285156,422.93597412109375,427.6441650390625,424.6463623046875
sample_79c185cf5a4d3b13,499.1191101074219,486.5594482421875,477.4791259765625,468.3434753417969,461.9801940917969,452.13128662109375,444.97119140625,438.5604248046875,433.054931640625,431.15020751953125,429.41363525390625,423.3583984375
sample_9de29bb2b368d7e9,631.3453369140625,611.9287719726562,592.2268676757812,570.7838745117188,557.111328125,533.5346069335938,515.3353271484375,497.855224609375,482.0361022949219,471.85211181640625,458.6512756347656,451.31488037109375
sample_8a60e8efc41d1f9e,384.5122985839844,387.42095947265625,391.8529357910156,395.6192932128906,398.1978759765625,399.64874267578125,402.0023498535156,405.11309814453125,408.5496826171875,408.370849609375,412.0642395019531,411.198486328125
sample_751b4efdb91320ca,321.3226318359375,328.62939453125,339.8201599121094,349.24322509765625,356.9460754394531,364.9227294921875,371.7785949707031,379.70977783203125,382.8844909667969,385.2391662597656,391.3800354003906,391.8064270019531
sample_e7fd2f8f81d5b62c,560.7042236328125,548.9171142578125,539.0078735351562,527.4684448242188,517.7055053710938,504.3951110839844,491.47314453125,480.69598388671875,473.78387451171875,470.1764831542969,461.58941650390625,454.5398864746094
sample_d858a2a397950d7e,437.9016418457031,438.2853088378906,437.83197021484375,434.2829284667969,429.07061767578125,423.158935546875,412.572021484375,407.6689453125,405.2344970703125,399.3883972167969,396.69012451171875,390.63128662109375
sample_07943ca49129f750,474.4626770019531,464.4566650390625,454.86883544921875,444.76605224609375,435.8681945800781,424.6194152832031,414.0966796875,406.7604064941406,401.2610168457031,396.1711120605469,390.55230712890625,386.7522277832031
sample_4a0b0e8a5c8fcb21,354.4912109375,356.7905578613281,361.9568786621094,365.9412841796875,368.80078125,372.1861267089844,374.8392028808594,378.5724182128906,384.56591796875,384.6212158203125,389.3990478515625,391.9983215332031
sample_416ac3f9711c8ec5,302.7492370605469,310.738037109375,322.5009460449219,331.7311096191406,339.6338806152344,349.1883544921875,353.760498046875,362.7030029296875,368.125244140625,371.4383850097656,376.744873046875,379.63531494140625
sample_16cae0408ee5b1e7,646.0914306640625,635.7802734375,628.0366821289062,617.6107788085938,612.3203735351562,594.2412719726562,586.9337158203125,574.8892211914062,565.9096069335938,558.71533203125,555.5222778320312,544.6450805664062
sample_50c241a2c3abc106,366.1622009277344,389.3333740234375,411.4639587402344,434.1623840332031,458.57025146484375,479.77813720703125,503.2981262207031,522.7200927734375,533.7793579101562,544.4360961914062,551.744873046875,556.0551147460938
sample_fdf2c0099d6ff661,424.3228454589844,418.56707763671875,413.6759338378906,408.8934020996094,402.89666748046875,396.81439208984375,391.2005310058594,387.8587646484375,386.8767395019531,384.8687438964844,381.68572998046875,379.97216796875
sample_593e6681ea4b9d20,329.72625732421875,338.94232177734375,352.1824951171875,359.48431396484375,366.05963134765625,373.08984375,373.79669189453125,382.0928039550781,385.4853515625,384.96368408203125,388.3985900878906,387.20025634765625
sample_f7efac2e16dd9df8,393.02001953125,397.9273376464844,405.4436950683594,413.7613830566406,419.43109130859375,427.7234191894531,434.18414306640625,441.38092041015625,450.7544250488281,453.3485107421875,457.06378173828125,458.81292724609375
sample_c8848a3cb1535f6d,301.5073547363281,306.6341857910156,315.9438781738281,325.4726867675781,333.3819274902344,344.18475341796875,352.1996765136719,360.3470458984375,367.487548828125,373.9427490234375,380.34381103515625,386.13433837890625
sample_3794a52a55a17ffd,347.3491516113281,349.7818298339844,355.9151916503906,361.6854248046875,366.0732116699219,372.0249938964844,377.7096862792969,382.38427734375,388.51922607421875,390.8653564453125,396.57440185546875,399.4895324707031
sample_69fb168762f5f2ae,392.49444580078125,393.1821594238281,395.4163513183594,396.15252685546875,396.2942810058594,395.1678466796875,395.1819152832031,397.0672912597656,400.083740234375,398.7633361816406,402.247314453125,399.5250549316406
sample_b78e2ff7e6c985a4,432.6759948730469,424.97247314453125,419.5780334472656,412.9829406738281,406.50787353515625,400.31170654296875,394.0999450683594,390.7197570800781,387.8486328125,385.6783142089844,383.9560241699219,381.39508056640625
sample_ce78108364166899,468.8338317871094,458.0687561035156,451.27166748046875,443.5765075683594,438.0192565917969,428.3081359863281,421.6562194824219,415.573974609375,411.1806640625,409.06854248046875,407.99932861328125,403.29443359375
sample_428340262b8c5d11,405.2231140136719,418.77764892578125,434.5449523925781,444.2802429199219,455.16259765625,463.73291015625,471.0580749511719,479.5301513671875,487.6195983886719,486.44317626953125,489.1742248535156,486.90447998046875
sample_80a1df5990ff6a9d,387.6788635253906,392.2947692871094,397.9359130859375,404.6771545410156,414.2678527832031,421.65960693359375,432.89404296875,440.713134765625,449.7544250488281,453.0244140625,461.18304443359375,468.4171447753906
sample_69c60a30e50c9db5,354.3222351074219,356.1888427734375,360.01885986328125,363.4817199707031,367.7721252441406,370.08343505859375,374.1836242675781,378.3656311035156,383.34796142578125,385.03546142578125,389.7285461425781,393.9150390625
sample_b354006131f20489,363.9470520019531,365.5179748535156,370.2239990234375,374.61041259765625,376.7379150390625,380.5843200683594,381.3691101074219,385.4757995605469,390.5247497558594,392.38555908203125,394.71087646484375,396.751708984375
sample_e692166e8bf0cc7b,488.67138671875,479.25823974609375,470.61920166015625,459.551513671875,451.0060729980469,437.5367431640625,427.27520751953125,419.807861328125,413.6623229980469,407.29937744140625,401.9895935058594,399.4190979003906
sample_4cdc7cdde647a495,367.3248596191406,377.3074951171875,387.9449157714844,401.5907897949219,415.197509765625,428.27459716796875,443.0677490234375,455.7640380859375,464.8148193359375,471.68560791015625,480.44805908203125,485.5557861328125
sample_d65ada818f9b229b,347.3207702636719,351.9835510253906,361.0555419921875,366.63800048828125,370.4625244140625,376.0699157714844,378.4490051269531,383.2656555175781,389.2794494628906,388.8687438964844,393.37652587890625,393.322998046875
sample_923b92523373b97d,416.1926574707031,424.7693786621094,432.34893798828125,434.97064208984375,436.0013122558594,434.0906066894531,427.4781188964844,427.1470031738281,425.7514343261719,420.1578063964844,421.8734436035156,415.2353210449219
sample_7e896b15544b1a0b,567.277099609375,558.2587890625,552.2039184570312,542.3885498046875,537.4962768554688,522.3847045898438,514.565673828125,503.7638244628906,496.5364074707031,491.557373046875,486.5152282714844,476.69281005859375
sample_b98eca36f7ce8abf,386.4798889160156,386.546875,387.8979187011719,388.2864685058594,386.892333984375,386.14703369140625,382.9056396484375,384.9126281738281,387.3460998535156,385.2269287109375,386.7757568359375,385.1997375488281
sample_8745ce3bcaee40a1,383.5959777832031,383.8216552734375,385.6183776855469,386.1986389160156,386.41778564453125,385.2372741699219,385.133056640625,387.7533264160156,390.8364562988281,389.3400573730469,390.69415283203125,392.6701354980469
sample_5a42af9db120c1de,368.2365417480469,370.0410461425781,374.734619140625,377.5029602050781,378.8940124511719,381.27978515625,383.20867919921875,385.79443359375,391.0301818847656,389.4324645996094,393.6963195800781,395.18524169921875
sample_2d0f04bd5d25be64,336.6955261230469,339.0975646972656,343.6336364746094,348.35418701171875,353.3915100097656,356.3721618652344,361.0596008300781,366.0487060546875,370.8359680175781,373.40447998046875,378.221923828125,383.2713623046875
sample_82a2574cfc1e4be0,414.77197265625,413.0627746582031,411.62567138671875,410.0558776855469,405.0966796875,400.8319091796875,395.79791259765625,394.1164245605469,394.113525390625,392.81109619140625,391.578369140625,386.0411682128906
sample_e8d95a5da790e3ba,312.4477844238281,316.0271301269531,322.3669128417969,328.54547119140625,334.40521240234375,340.3653869628906,342.80316162109375,349.77752685546875,355.23828125,359.7265930175781,362.6221008300781,368.3475036621094
sample_cdf8ce90d65f9d53,382.8875732421875,382.4071044921875,382.68121337890625,383.5481262207031,381.0803527832031,380.5617980957031,379.1663818359375,381.40032958984375,384.045654296875,383.8247985839844,385.9141540527344,384.7410583496094
sample_975e7e022aa53d51,317.6199645996094,326.9426574707031,339.904052734375,350.9302978515625,360.7099304199219,372.5384521484375,379.338134765625,390.13690185546875,396.69561767578125,402.1919860839844,407.3182067871094,410.90252685546875
sample_445de05cd1a80572,426.7987976074219,421.1898193359375,419.06488037109375,415.4474182128906,412.5474548339844,410.1231689453125,407.73773193359375,405.95709228515625,408.16619873046875,407.9620056152344,409.9648742675781,410.3306884765625
sample_3c8e77eb8aa1943c,398.2056579589844,396.07781982421875,394.9620056152344,394.400390625,390.7276916503906,389.5473937988281,386.3572692871094,387.36895751953125,388.8778381347656,388.6042785644531,389.8138122558594,388.12860107421875
sample_d1c32c6081256697,294.7080993652344,302.28411865234375,313.1114807128906,323.9371643066406,332.9460754394531,344.47772216796875,351.7061462402344,361.4046936035156,368.16424560546875,373.35333251953125,380.20513916015625,385.628173828125
sample_a3c38a1d52423704,465.77423095703125,465.96759033203125,465.470947265625,459.6235046386719,457.4918212890625,448.5622863769531,440.6431579589844,433.16217041015625,432.2095642089844,424.56866455078125,423.01654052734375,416.68743896484375
sample_1bff996fa965d7e7,298.10186767578125,305.96759033203125,317.43084716796875,330.077880859375,340.7215576171875,355.09954833984375,365.67706298828125,376.41827392578125,386.1858215332031,394.2109069824219,402.4489440917969,409.3937683105469
sample_b756aa03dafa7260,394.7157287597656,394.11199951171875,395.0381774902344,394.4830322265625,393.82440185546875,391.59539794921875,390.23333740234375,392.7147521972656,395.2795104980469,394.6314697265625,395.22998046875,396.9605407714844
sample_2c022dbc82146b3a,476.1508483886719,471.94775390625,468.25048828125,460.6060791015625,455.8485412597656,446.0897521972656,437.21734619140625,428.0316467285156,426.881103515625,423.7232360839844,418.9706115722656,414.8934326171875
sample_b69bf1f33d3c3e00,362.6123046875,363.5648193359375,366.84857177734375,369.34490966796875,371.8620910644531,372.978271484375,376.526611328125,379.7690124511719,383.7520446777344,384.23577880859375,387.9480895996094,391.2414245605469
sample_03a50322b1d6d0a5,297.002197265625,303.61785888671875,314.4447326660156,323.42425537109375,331.2892150878906,341.4759216308594,347.7255554199219,355.6690673828125,362.880126953125,367.4505310058594,373.36767578125,378.2453918457031
sample_51805eb1ae07b064,346.8841247558594,351.45086669921875,359.1657409667969,368.14971923828125,375.03118896484375,383.6328125,392.2637023925781,399.9877014160156,405.70452880859375,410.5841979980469,417.5063781738281,420.9749450683594
sample_f6864fd863803a59,402.78369140625,402.2250671386719,403.07403564453125,402.407470703125,401.4647216796875,398.3937072753906,396.00457763671875,397.3622131347656,399.4164123535156,397.9425048828125,398.263671875,398.85491943359375
sample_44b2b24f22fa258e,422.2018127441406,425.2216796875,429.90838623046875,434.32171630859375,437.37603759765625,440.9739685058594,445.1753845214844,448.78765869140625,455.4574279785156,454.1688232421875,457.934814453125,456.22235107421875
sample_dafa79875678f195,322.5321960449219,330.9471130371094,341.7228088378906,354.0948181152344,364.4468688964844,374.9500427246094,386.338134765625,396.3775634765625,400.7021484375,405.6565246582031,413.8332214355469,416.73663330078125
sample_db7b6e4480fd0cbb,309.9259338378906,313.3208923339844,321.207275390625,329.2650451660156,334.9931640625,343.47052001953125,350.19805908203125,356.43853759765625,362.0690002441406,366.981201171875,373.2855224609375,377.9233093261719
sample_fa689fe761160106,395.2134094238281,394.4358215332031,394.7212829589844,394.1565246582031,391.82952880859375,389.4871826171875,387.12030029296875,387.5240783691406,390.8470153808594,388.4980163574219,390.802001953125,387.6048583984375
sample_e14bdf85cd007e19,316.036376953125,324.4481506347656,336.3619079589844,347.7891845703125,357.184326171875,368.7354431152344,377.0619201660156,387.00469970703125,393.851806640625,398.6045227050781,405.8632507324219,410.01422119140625
sample_1257383d310fcde7,467.6350402832031,487.12225341796875,505.57470703125,519.3914794921875,534.7166748046875,545.7752685546875,554.774169921875,567.8013916015625,575.7993774414062,575.1981811523438,574.4887084960938,571.2194213867188
sample_04a46c1fd045ef63,444.7683410644531,436.9319152832031,430.1196594238281,423.3216552734375,415.9888916015625,408.7488098144531,400.32440185546875,396.1197509765625,393.3606262207031,390.38726806640625,385.8491516113281,383.2898864746094
sample_f6a58ac88b95a6f4,411.2646789550781,410.31622314453125,411.3926086425781,412.2726745605469,416.0960998535156,417.7983703613281,421.5013427734375,424.53509521484375,429.4367370605469,430.10638427734375,436.2195129394531,437.48193359375
sample_55e53b7454fa761f,357.9627685546875,357.5741271972656,359.8721008300781,360.3949890136719,365.25250244140625,367.3330078125,371.01324462890625,372.9969787597656,379.1224365234375,379.2713928222656,385.8433837890625,389.26983642578125
sample_451e7e45f3348463,506.7470703125,495.294677734375,483.8406677246094,471.17816162109375,461.3045654296875,446.20245361328125,434.135498046875,424.7603759765625,417.2958679199219,410.28582763671875,402.50640869140625,398.5986328125
sample_c02cc96c09e5b710,520.3916015625,510.89373779296875,505.8694763183594,498.7510986328125,495.5018005371094,485.5834655761719,479.6005859375,474.68585205078125,469.61224365234375,466.9193420410156,469.2616882324219,461.7889099121094
sample_5a48a396e6bb428b,424.91900634765625,424.4869384765625,424.92645263671875,424.5206298828125,421.9908447265625,419.9544982910156,417.1175537109375,415.9867858886719,419.99761962890625,415.9975891113281,419.3038024902344,413.9947814941406
sample_966b7bbd78726e0a,359.6790466308594,361.6319580078125,366.1755065917969,370.387451171875,372.3286437988281,374.974609375,377.6634216308594,381.18768310546875,385.0258483886719,385.9687805175781,388.902587890625,389.6142272949219
sample_d70979c3a6e0a8fc,681.5526123046875,672.0921020507812,660.3153076171875,637.9732666015625,630.0314331054688,604.0784301757812,587.9401245117188,568.8078002929688,547.3568115234375,536.4146728515625,524.5099487304688,516.6246337890625
sample_3732c0364d887d0c,519.6851806640625,506.71282958984375,498.0072326660156,487.9305725097656,480.20526123046875,469.80059814453125,457.88323974609375,453.0010986328125,445.1178894042969,441.29937744140625,433.99578857421875,427.200927734375
sample_02ce83a81a45bb89,376.1043395996094,376.4615478515625,379.3172302246094,381.6629638671875,381.2731628417969,382.25537109375,383.2279968261719,384.89697265625,389.1872863769531,388.9560546875,391.2753601074219,390.70159912109375
sample_35651215af07a61b,443.6268005371094,440.49578857421875,437.6392822265625,432.9288330078125,428.5865173339844,420.99853515625,414.8939514160156,410.6079406738281,409.5035705566406,407.1112060546875,403.2506408691406,398.2736511230469
sample_0b3cc3b186b5267d,527.0728759765625,509.83935546875,495.755126953125,482.3233642578125,473.3516540527344,459.61834716796875,449.3443908691406,438.9535827636719,429.0335388183594,425.81988525390625,421.9145202636719,413.4967041015625
sample_038c827be5818c59,447.05548095703125,439.63134765625,436.1337890625,429.5534973144531,425.9898986816406,419.9208068847656,414.7904357910156,413.21807861328125,410.90606689453125,408.7890625,409.8681335449219,408.0819091796875
sample_c6a9c233324f29a5,383.5536804199219,381.9943542480469,381.69781494140625,381.6686706542969,383.3705139160156,384.381103515625,387.13995361328125,390.13067626953125,393.746337890625,394.3489685058594,399.1224365234375,401.9041442871094
sample_95bbffec2d685b49,336.4675598144531,343.6678771972656,354.9588317871094,365.0528869628906,373.2709655761719,383.65887451171875,391.23333740234375,399.79449462890625,407.5677185058594,411.75372314453125,417.32525634765625,420.74310302734375
sample_7c3c6f5e8f0a7b42,448.96124267578125,438.5997009277344,432.9523010253906,423.7499084472656,418.68170166015625,412.0777282714844,405.24481201171875,403.692626953125,398.11767578125,396.9834899902344,394.38800048828125,391.1788330078125
sample_2529c8f72e4b35da,308.8048400878906,313.4189147949219,321.8116760253906,330.87713623046875,338.4564208984375,348.79510498046875,356.22747802734375,364.1707763671875,371.4962463378906,377.471435546875,384.67950439453125,390.3034973144531
sample_b471550cf242ab46,367.7658996582031,372.5760803222656,381.36151123046875,384.48114013671875,386.7873840332031,389.5769348144531,385.853271484375,389.8961486816406,392.68414306640625,389.5172119140625,390.7077941894531,387.2268981933594
sample_ae3cfd67a1069eb2,480.3810729980469,474.4388122558594,468.5166931152344,461.03411865234375,453.9716796875,443.63934326171875,433.7428894042969,427.6824645996094,424.2065734863281,421.5709228515625,414.3102722167969,408.9587097167969
sample_3fdfbf9c7ba93cf5,619.8778686523438,607.0491943359375,596.8136596679688,583.3692626953125,575.1682739257812,557.2948608398438,546.0895385742188,532.7570190429688,521.4021606445312,518.11767578125,507.99755859375,496.71551513671875
sample_24c47dd61b2d8dfd,542.4644165039062,528.5319213867188,521.47900390625,510.2023620605469,505.29241943359375,495.56048583984375,488.587646484375,486.07568359375,476.9074401855469,474.79840087890625,475.1141662597656,466.193115234375
sample_313461698f946a2c,435.8178405761719,431.6446228027344,429.794921875,426.6389465332031,421.957763671875,417.01678466796875,412.2733154296875,410.78759765625,411.2681579589844,408.92047119140625,406.69012451171875,405.07281494140625
sample_ac8149af179c9c66,303.299560546875,308.7108459472656,318.06903076171875,327.580322265625,335.00079345703125,345.76348876953125,353.0211486816406,360.82501220703125,368.53741455078125,374.00689697265625,380.96661376953125,386.7457275390625
sample_0480fe6d705a524f,304.2605285644531,309.27703857421875,317.2422790527344,326.092041015625,333.7564697265625,343.237060546875,349.48687744140625,357.5097351074219,364.7001647949219,370.6517333984375,376.7696228027344,382.694091796875
sample_ad680e494fc23407,470.48150634765625,468.4176940917969,464.90240478515625,456.75604248046875,451.97149658203125,441.6082458496094,430.6986083984375,422.13671875,418.577392578125,409.95379638671875,405.38714599609375,399.7301330566406
sample_67d353f400db3066,371.7187805175781,375.5186462402344,382.7360534667969,385.1662292480469,386.04888916015625,387.1156005859375,383.5895080566406,385.8673400878906,388.92822265625,384.7817077636719,386.6817321777344,382.6358947753906
sample_01091923098425eb,416.6541442871094,430.76318359375,444.1270751953125,458.6512145996094,474.5751647949219,489.42950439453125,506.7948303222656,519.3165893554688,535.0076293945312,539.342041015625,545.57177734375,550.6531982421875
sample_ada72c8d353c6a3d,425.7919006347656,431.443359375,435.3619079589844,436.3408203125,433.4366455078125,428.7958679199219,417.1596984863281,415.7376403808594,412.0281982421875,406.5631408691406,404.3675231933594,398.2181701660156
sample_ab4ebc02a585104d,333.9264831542969,339.2127685546875,348.916748046875,355.7706604003906,360.7818298339844,367.8650207519531,371.78668212890625,377.360595703125,383.8130187988281,384.99334716796875,390.39947509765625,391.5379333496094
sample_674ce58bb9bbab37,676.069091796875,652.993408203125,632.7255249023438,611.6000366210938,599.184814453125,574.531005859375,557.8553466796875,541.9263916015625,523.8561401367188,512.6616821289062,502.86151123046875,492.65447998046875
sample_c8a2b5a033bda355,290.0345458984375,295.5935974121094,305.06903076171875,314.7952575683594,323.35101318359375,333.6315612792969,342.5205078125,351.0521240234375,356.1860046386719,362.566650390625,368.990478515625,373.8012390136719
sample_49e8b396af03edfc,391.8828125,388.47113037109375,386.9958190917969,385.663330078125,385.2081604003906,384.1449890136719,384.68780517578125,384.3520202636719,387.3851623535156,387.7862243652344,392.5252685546875,394.6167907714844
sample_63ffde6e3ac72d6e,338.0760803222656,340.7565002441406,346.533203125,352.1398620605469,357.0544738769531,362.3636169433594,367.90631103515625,373.1470031738281,379.2947082519531,382.09930419921875,388.0324401855469,391.8775329589844
sample_ef3112cdcb70d615,432.6917724609375,427.80780029296875,425.107177734375,422.4568786621094,416.998046875,411.577880859375,406.5508117675781,403.58758544921875,404.0024719238281,401.5271301269531,400.21441650390625,397.5202331542969
sample_ce99c43914985224,375.2093200683594,392.3017272949219,410.51837158203125,426.2914733886719,441.96600341796875,453.2203063964844,465.9526672363281,478.7064514160156,481.7104797363281,485.3663330078125,490.01519775390625,488.9927978515625
sample_c689aab73599aadd,347.0809020996094,350.83319091796875,357.17230224609375,364.48760986328125,371.06158447265625,378.7009582519531,384.002685546875,391.11651611328125,398.422607421875,403.0574951171875,407.7828674316406,412.9252624511719
sample_445f2ed251b8ce1a,381.55633544921875,388.1046447753906,397.9454345703125,401.705322265625,404.732177734375,408.0048522949219,406.5117492675781,409.82159423828125,414.5875244140625,409.8619384765625,412.9463195800781,408.16552734375
sample_476654e6b5309f19,374.4740295410156,376.4603576660156,382.693603515625,385.0245361328125,385.607177734375,386.59466552734375,387.46954345703125,387.6080017089844,392.5708923339844,388.4810485839844,392.22369384765625,389.3160095214844
sample_0f7c1b3fa8e6d85b,386.5597229003906,398.6080627441406,411.1675720214844,428.3028564453125,445.77435302734375,464.2307434082031,483.0626220703125,499.87255859375,514.5,524.28466796875,533.319091796875,541.0882568359375
sample_432d2caf4d665cc1,309.2801208496094,316.1775207519531,326.90313720703125,336.06903076171875,344.02056884765625,354.2613220214844,359.9486999511719,368.3809509277344,375.8779602050781,380.5423583984375,385.52935791015625,389.52362060546875
sample_46f345d6b9558458,577.83642578125,587.3443603515625,588.0160522460938,584.3750610351562,582.412841796875,569.1113891601562,553.7439575195312,547.451171875,534.9822998046875,521.6085205078125,517.5076904296875,506.63580322265625
sample_2a68dcd760075965,383.3874816894531,381.0369873046875,380.1699523925781,379.2344970703125,376.3272705078125,376.7516784667969,375.7743225097656,375.3452453613281,380.1893615722656,378.3135070800781,381.7879638671875,382.1524658203125
sample_63658e04b7a35761,661.3997802734375,639.5794067382812,618.0038452148438,595.1790771484375,580.7098999023438,556.9365234375,538.052001953125,518.4653930664062,501.46356201171875,492.4138488769531,478.2572937011719,469.6571044921875
sample_b12320d2f9f9a50d,693.4920043945312,698.2040405273438,694.278564453125,683.3963012695312,683.3507080078125,664.6780395507812,648.1758422851562,634.8554077148438,620.1392822265625,605.3075561523438,597.9993286132812,585.5772094726562
sample_a98d5af04e0cd430,313.1648864746094,319.8002624511719,329.8749694824219,340.25048828125,348.839111328125,360.468017578125,367.8232421875,377.03857421875,385.8692626953125,392.3134765625,397.6724548339844,403.35186767578125
sample_aee1af9334079935,512.5670776367188,501.6014404296875,490.1189880371094,476.8813781738281,466.3800964355469,450.2693176269531,438.5009460449219,425.5264892578125,417.35009765625,412.96173095703125,403.53643798828125,399.3772277832031
sample_e1bf356bd790c373,329.06524658203125,332.683349609375,339.54052734375,345.90093994140625,351.6677551269531,358.5021667480469,363.730712890625,369.8148193359375,376.8033142089844,380.236083984375,386.0885314941406,390.4275207519531
sample_36788a6654e87903,376.3382873535156,381.6850891113281,390.3609924316406,397.5472717285156,403.4630126953125,408.65350341796875,415.54541015625,421.2860107421875,425.9648742675781,426.7975158691406,432.5911865234375,432.0950622558594
sample_d5a8f232e38e7924,362.1916198730469,363.8183898925781,368.255126953125,372.6350402832031,375.2315673828125,378.4888916015625,382.79034423828125,385.9588623046875,390.27313232421875,391.41156005859375,395.54302978515625,396.7510681152344
sample_14ce3da91a6ffe2f,332.7963562011719,346.4540100097656,362.9607849121094,380.27215576171875,396.16363525390625,414.523681640625,431.0069885253906,445.9471435546875,458.0921630859375,467.4041748046875,475.47454833984375,481.53240966796875
sample_4cc3a8e9c52cb414,305.8470458984375,312.60186767578125,323.16693115234375,332.4903869628906,340.4954833984375,350.9306335449219,356.8148193359375,365.2860412597656,372.82806396484375,377.85430908203125,383.0143127441406,387.46746826171875
sample_a2999fd687f17f0d,402.2337341308594,405.2984313964844,408.482666015625,411.6894226074219,424.9916076660156,430.1727294921875,442.8827209472656,452.2588806152344,459.4974365234375,463.01763916015625,472.2855224609375,481.0872802734375
sample_07ba65ebe4258aac,368.6551208496094,368.918212890625,371.5801696777344,373.2721862792969,374.30364990234375,374.2477722167969,376.7077941894531,378.7808837890625,382.6113586425781,382.469482421875,385.31268310546875,387.567138671875
sample_a317f0a21ad11ef8,417.2475280761719,409.9810791015625,407.272705078125,400.1236572265625,397.13995361328125,394.3724670410156,389.6064147949219,390.9808044433594,388.9407043457031,388.8616943359375,390.001953125,389.4085388183594
sample_7596f66543412a7d,445.05218505859375,445.9216613769531,445.24188232421875,441.6633605957031,436.6547546386719,430.44036865234375,419.63201904296875,414.3452453613281,411.25946044921875,404.6864929199219,402.4476318359375,395.7152099609375
sample_315eaa04b5863720,429.2425537109375,424.6212463378906,422.0377502441406,419.3328857421875,413.5667419433594,409.8386535644531,404.041748046875,402.6282653808594,403.5968017578125,401.59466552734375,400.31292724609375,397.2129211425781
sample_369e24d90891e1f3,326.0164794921875,331.4964599609375,340.374755859375,349.3408203125,356.3383483886719,364.0145568847656,371.4771728515625,378.360595703125,383.0016784667969,385.2323913574219,391.83587646484375,393.8103332519531
sample_dc3a221a8ae86db0,399.1503601074219,399.5506896972656,399.22174072265625,398.0548095703125,393.0404968261719,390.27532958984375,382.51348876953125,381.82659912109375,381.9529724121094,379.424560546875,378.21575927734375,373.1773681640625
sample_d2965a60a23bd2d1,295.55670166015625,304.52484130859375,316.8204345703125,328.4754638671875,338.4346923828125,350.46368408203125,358.1149597167969,368.8521728515625,374.6977844238281,379.94415283203125,386.91094970703125,391.6236267089844
sample_57e9c0999d159ddf,434.54443359375,431.2110900878906,428.35760498046875,425.08551025390625,419.4828796386719,413.8100891113281,407.755859375,404.9875793457031,404.3517150878906,402.02105712890625,399.971923828125,396.21551513671875
sample_47fadee9c37f73aa,339.99285888671875,342.35406494140625,348.4637451171875,354.3961181640625,359.23260498046875,365.2110290527344,371.55767822265625,376.2148132324219,382.2925109863281,385.32110595703125,391.46044921875,395.126708984375
sample_9012be006a59d2bc,339.3845520019531,358.4984130859375,377.07293701171875,400.1592102050781,424.1424255371094,447.392822265625,471.64093017578125,492.85565185546875,505.5018005371094,519.5731201171875,529.864990234375,538.9434204101562
sample_79bcd7186bab0041,598.3924560546875,582.4913940429688,569.1449584960938,554.8370361328125,545.1276245117188,526.2384033203125,513.4698486328125,502.10614013671875,490.44354248046875,480.27764892578125,474.01171875,466.39410400390625
sample_750faea74078904b,479.80096435546875,484.80645751953125,489.34686279296875,492.6287536621094,493.0610656738281,496.7563171386719,492.04278564453125,495.6029357910156,500.1234436035156,497.6161193847656,496.0185241699219,491.1778564453125
sample_c3ebf0450a91adb9,387.5910949707031,385.815185546875,385.12841796875,384.714111328125,384.3404846191406,383.91912841796875,385.1189270019531,387.593994140625,389.5495300292969,389.9238586425781,393.53533935546875,394.9678955078125
sample_53ba969995ec355b,455.5561828613281,465.7040100097656,472.3751525878906,482.2093505859375,494.13360595703125,500.5172424316406,512.3045043945312,523.543701171875,531.0101928710938,533.1055297851562,538.8880004882812,544.4074096679688
sample_60c48353177dd566,325.5870056152344,327.5391540527344,331.6993713378906,335.0105285644531,341.61932373046875,343.59222412109375,348.9619445800781,353.6046142578125,358.31646728515625,361.2208251953125,366.1742248535156,372.2720031738281
sample_683298dcd12ce568,492.8769226074219,501.0101013183594,504.1265563964844,505.1932067871094,503.3565979003906,493.81103515625,486.0175476074219,481.5257873535156,476.3721618652344,467.3794860839844,469.22662353515625,460.2396240234375
sample_1216a93a03b679a8,572.621337890625,566.7506713867188,560.7640380859375,548.472412109375,543.89111328125,529.0606079101562,518.4486083984375,505.7095947265625,498.03314208984375,492.80517578125,486.0302429199219,478.91357421875
sample_1ba33275eb0d4c00,470.5467224121094,461.7572021484375,456.3973388671875,448.27166748046875,442.95135498046875,432.68988037109375,425.6283874511719,420.9841613769531,418.0157470703125,412.7599792480469,411.124755859375,407.95806884765625
sample_252ec917f8ce2a81,427.8224182128906,423.44000244140625,420.01678466796875,416.4730224609375,410.76641845703125,405.8623962402344,400.76556396484375,398.23504638671875,398.18145751953125,395.6294250488281,393.70867919921875,391.7713623046875
sample_992ab058b2784a55,396.4709167480469,395.23919677734375,395.28533935546875,394.2191467285156,393.9467468261719,390.4537658691406,389.1705017089844,391.81982421875,392.90936279296875,392.2235107421875,392.7413635253906,394.1678466796875
sample_6f643ae5b8bf30a1,507.08319091796875,495.89166259765625,485.3408508300781,474.4515380859375,464.7176513671875,451.782958984375,439.4912414550781,431.2620849609375,424.8294372558594,418.91650390625,410.69720458984375,405.70513916015625
sample_8af9f6bb14a221f1,303.78564453125,312.06231689453125,323.8200378417969,336.0948181152344,346.184326171875,358.89288330078125,368.96295166015625,379.32672119140625,386.6934509277344,393.32366943359375,401.06024169921875,405.89862060546875
sample_e59558e8113a5569,468.7120361328125,460.5502014160156,452.63348388671875,443.2466735839844,434.69439697265625,423.6880798339844,413.9964294433594,407.1604309082031,402.540771484375,397.21771240234375,392.30584716796875,389.5785217285156
sample_5d7dc547b598f920,466.39056396484375,453.6234130859375,444.4791259765625,433.72332763671875,426.84234619140625,418.1805419921875,409.7396240234375,404.1366882324219,397.1612548828125,396.3824768066406,392.26434326171875,386.0833740234375
sample_ede17d4e10dc2465,362.4977722167969,364.1310729980469,369.3389892578125,373.1811828613281,373.7037048339844,375.695556640625,377.4360656738281,379.0554504394531,384.1424560546875,382.23748779296875,385.7802429199219,385.09002685546875
sample_d5da108f85283e3f,425.439697265625,422.0017395019531,419.7393493652344,416.705078125,412.1640625,408.1432189941406,403.4783630371094,402.6147155761719,402.5653381347656,401.0521240234375,399.68084716796875,397.98760986328125
sample_51435766462ca285,363.2602233886719,364.6806640625,370.17926025390625,373.79266357421875,374.1317443847656,376.7059020996094,378.0790100097656,379.6639404296875,384.8805236816406,383.4194641113281,386.65899658203125,386.3121032714844
sample_4b88203a1c617dc0,375.0844421386719,376.2226257324219,379.35272216796875,382.00994873046875,385.79644775390625,387.86187744140625,393.46112060546875,397.5774841308594,401.50634765625,403.2920227050781,408.33367919921875,411.1403503417969
sample_4409b6f5521b93e9,436.8227844238281,428.9490966796875,424.6058349609375,419.10711669921875,414.3958740234375,409.5074462890625,405.5045471191406,402.90960693359375,401.2802429199219,401.07672119140625,401.7811279296875,398.3595275878906
sample_cf2fa95712452086,436.177001953125,433.15924072265625,431.2260437011719,428.19769287109375,423.5429382324219,417.37542724609375,412.107421875,409.2825012207031,408.8419189453125,407.5582275390625,404.6331481933594,399.68548583984375
sample_4f6a5b851d781066,345.9270935058594,350.6394958496094,358.4784240722656,366.3976745605469,373.12493896484375,381.65350341796875,387.5188903808594,394.80804443359375,403.50494384765625,407.8043212890625,411.51873779296875,416.2544860839844
sample_99f74e4014be18a9,473.15802001953125,464.9339904785156,458.1197814941406,452.15673828125,444.2828369140625,435.0047607421875,426.2978515625,421.3163757324219,418.0157470703125,412.96795654296875,408.6459655761719,404.1827392578125
sample_8c4c691f7fb1fcb8,382.98876953125,383.94244384765625,386.52252197265625,387.4649658203125,386.6257629394531,385.58880615234375,384.64776611328125,385.8567199707031,388.8529968261719,386.3108215332031,387.6470031738281,389.50360107421875
sample_1d86e0ebb5c469c3,383.0995788574219,403.3437194824219,424.29779052734375,437.54144287109375,452.26763916015625,462.4050598144531,468.55938720703125,479.6115417480469,483.3091735839844,482.9348449707031,485.1954040527344,480.5544738769531
sample_6b19b2bcd8e03889,374.0921630859375,382.0475158691406,392.58349609375,404.16015625,415.59637451171875,428.6606750488281,439.08843994140625,451.0419921875,462.5849609375,468.49517822265625,473.7069091796875,478.56488037109375
sample_0fd857b956462798,398.3330383300781,397.2910461425781,398.51092529296875,400.5160827636719,400.6612548828125,402.26971435546875,403.8401794433594,406.07366943359375,410.7198486328125,411.8893737792969,414.7799987792969,415.167236328125
sample_8d8b73c58f7ff6e5,553.6112060546875,536.779541015625,521.9774780273438,506.76129150390625,496.70135498046875,479.2858581542969,466.31072998046875,454.9366149902344,443.7559814453125,435.5342102050781,429.2396240234375,420.73046875
sample_46dfa1c8e153e59e,403.8773498535156,405.8095397949219,408.91558837890625,410.7948303222656,417.474853515625,420.23358154296875,427.801513671875,433.4385070800781,439.538818359375,441.142822265625,445.823974609375,453.687744140625
sample_8dc0fa00e3f7e5b2,384.32379150390625,399.24114990234375,413.5709228515625,433.7754211425781,455.8514404296875,478.22821044921875,502.6641845703125,523.1200561523438,541.4368896484375,553.06396484375,564.2978515625,575.9531860351562
sample_3bb5478d9776a827,385.7998046875,383.7639465332031,383.4237365722656,382.3671569824219,379.8495788574219,378.6817626953125,378.25830078125,378.8070983886719,381.13323974609375,380.10638427734375,382.4242248535156,381.53546142578125
sample_15753e9f1140b5ef,342.1746826171875,345.4352111816406,350.789794921875,356.6352233886719,365.9297790527344,371.9471740722656,382.1589050292969,388.594482421875,395.9486389160156,400.2256164550781,408.5311279296875,416.08856201171875
sample_4661a1c9e54a2d06,405.92376708984375,408.77569580078125,413.304931640625,414.2063903808594,414.07269287109375,413.5691223144531,407.0634765625,408.3622131347656,410.64471435546875,407.2711181640625,406.72137451171875,402.4825439453125
sample_a7e94a55530b7564,391.4147033691406,388.1767578125,386.6557312011719,385.4405517578125,383.5176086425781,382.70306396484375,382.5427551269531,384.41644287109375,386.58880615234375,386.15667724609375,388.989501953125,390.3890686035156
sample_2b1651267d9e3bcc,381.4577331542969,380.2344665527344,380.8338928222656,380.78125,381.0484924316406,378.5877990722656,379.6866455078125,382.53594970703125,383.8251953125,383.1343078613281,385.49322509765625,386.54217529296875
sample_20bc0dc5e939a6cd,540.36474609375,531.1412963867188,526.702392578125,519.3123779296875,518.0390625,511.3196105957031,509.06793212890625,506.8011169433594,502.49285888671875,503.00750732421875,509.0775146484375,501.91729736328125
sample_ba2b32d1d23f3968,357.49664306640625,361.8482360839844,369.61077880859375,375.83599853515625,380.1122741699219,383.8663024902344,389.2258605957031,392.98431396484375,396.7371826171875,396.2552795410156,401.38580322265625,401.2138977050781
sample_3f5f06e38366e852,350.4504089355469,351.7644958496094,357.0088195800781,361.1807861328125,363.0379638671875,366.1502685546875,369.1097412109375,371.58258056640625,376.5247497558594,376.69580078125,380.4145202636719,381.3637390136719
sample_5757c58690307dd1,324.59698486328125,336.1063537597656,351.0163269042969,362.98187255859375,373.66180419921875,384.0459899902344,391.73724365234375,402.0555419921875,404.83221435546875,409.0272521972656,414.8146667480469,414.0129089355469
sample_48b7d7720ab59ef1,532.6913452148438,547.173828125,555.6004028320312,561.8826904296875,565.5731201171875,566.6351318359375,565.5205078125,568.4995727539062,570.2554931640625,563.236083984375,561.948486328125,558.3817749023438
sample_65ad6feec96aadff,362.6201171875,383.7047424316406,404.7686462402344,427.0204772949219,450.39385986328125,472.66815185546875,495.97857666015625,515.3167114257812,529.6882934570312,541.1085815429688,549.050537109375,555.1668090820312
sample_0e16374bab5809f8,357.69366455078125,362.7558898925781,369.6515197753906,378.4053649902344,388.18121337890625,397.83160400390625,409.81610107421875,418.8724670410156,427.335693359375,432.00689697265625,441.87652587890625,448.8541564941406
sample_79648188910a4294,369.5184020996094,373.34808349609375,379.4997863769531,381.182373046875,382.0047912597656,382.73870849609375,376.9032287597656,380.2249450683594,382.1511535644531,378.2323913574219,379.1313781738281,376.7495422363281
sample_852d81cb906e3694,405.1275634765625,402.4474182128906,400.88519287109375,399.6310729980469,394.79559326171875,394.6617126464844,391.2288513183594,390.72149658203125,394.6785888671875,393.98431396484375,395.5401611328125,394.21380615234375
sample_7a3c6afce16448fe,323.2696838378906,330.96551513671875,340.8610534667969,353.7799072265625,364.1711120605469,376.6764831542969,388.50823974609375,399.5233459472656,405.400634765625,413.1919860839844,421.3897705078125,426.12200927734375
sample_e9b7fbf7a55eb44a,359.0520324707031,361.6022033691406,368.17962646484375,372.28924560546875,374.58892822265625,377.5654296875,380.8448486328125,383.0283508300781,387.3891296386719,386.33526611328125,390.10577392578125,390.16748046875
sample_77ec80dde52b8a96,334.70819091796875,336.7925109863281,342.9114685058594,348.57757568359375,355.79522705078125,361.5417175292969,369.9677734375,374.6351318359375,380.662353515625,384.28466796875,390.77447509765625,395.98468017578125
sample_7589b4333352db42,391.1247863769531,394.21429443359375,398.2762145996094,403.56121826171875,406.7384338378906,409.68218994140625,414.550537109375,419.119873046875,423.21234130859375,424.48077392578125,428.6353454589844,429.83111572265625
sample_b5880122353bed01,350.0060729980469,359.46673583984375,372.8771667480469,379.8399658203125,386.07232666015625,392.37921142578125,393.1983947753906,400.09619140625,403.73699951171875,401.98797607421875,405.45867919921875,402.3694152832031
sample_8a15431723a3d3f3,373.9304504394531,372.0870361328125,370.76727294921875,370.71826171875,369.6278381347656,368.9270324707031,370.2151184082031,371.2181396484375,373.6942138671875,373.4347229003906,377.3905334472656,377.97332763671875
sample_a3654af9e037e498,397.92291259765625,413.6861572265625,429.0722961425781,444.5947570800781,461.4515380859375,476.69696044921875,494.8996276855469,508.37762451171875,521.7906494140625,527.5966186523438,534.4869384765625,539.0914916992188
sample_a67a34a3858681d6,422.3441162109375,417.8643493652344,416.01690673828125,413.6883239746094,409.18890380859375,407.1766357421875,402.9512023925781,403.11810302734375,403.6710510253906,403.34149169921875,403.95867919921875,401.914306640625
sample_6774427d648f34ba,454.1044616699219,446.53955078125,442.2589416503906,436.66961669921875,430.4085693359375,425.78887939453125,418.4515075683594,416.67572021484375,414.4591979980469,413.6850891113281,410.7727355957031,406.8637390136719
sample_32f929cb28fa42e2,392.9789123535156,391.88653564453125,392.00018310546875,394.0496826171875,394.8468933105469,395.8598937988281,398.29046630859375,401.80078125,405.44140625,407.1744689941406,410.8675842285156,412.68707275390625
sample_07ac029b2690fec2,568.438720703125,562.68017578125,564.3709716796875,558.3982543945312,560.8893432617188,559.0082397460938,558.33349609375,557.611328125,557.7349853515625,562.051025390625,564.30859375,563.8711547851562
sample_681a88184f3bc5c3,402.4313659667969,398.88775634765625,397.6629638671875,394.8951721191406,391.664306640625,389.6878662109375,385.2497253417969,386.3808288574219,387.10107421875,386.21405029296875,386.4105224609375,385.564697265625
sample_c9fbe37b7bfb013f,458.04339599609375,446.71282958984375,438.11834716796875,429.1208801269531,422.7181701660156,413.72760009765625,407.16656494140625,401.06890869140625,396.2934875488281,393.9334716796875,392.47900390625,387.2989807128906
sample_592828e9bd657e20,363.59613037109375,366.1102294921875,371.6164245605469,376.8586120605469,381.1978759765625,386.6687927246094,393.1698913574219,397.74700927734375,404.3467712402344,406.4095764160156,412.6852722167969,415.573486328125
sample_8f0761d23aab03f6,564.80224609375,575.0885009765625,578.4330444335938,580.7238159179688,579.0205688476562,572.1683959960938,560.4598388671875,556.6944580078125,550.671875,541.5787353515625,536.475830078125,526.483154296875
sample_cf6c0b6a8f1ae2bf,357.9467468261719,359.4381408691406,364.2832946777344,367.25518798828125,367.98779296875,369.86639404296875,369.3857727050781,372.2791748046875,376.86212158203125,375.975830078125,378.1024475097656,378.9664306640625
sample_0300beb1ef28841b,319.7939758300781,330.8254089355469,344.8208312988281,359.9230041503906,373.86151123046875,389.9316711425781,404.31488037109375,417.5335388183594,428.6346435546875,437.0232849121094,445.9674987792969,452.3226318359375
sample_68bf569a29888da2,398.09368896484375,403.213623046875,411.6391906738281,415.7952575683594,417.7873840332031,421.1349792480469,419.1294860839844,423.05548095703125,426.7025451660156,424.3126525878906,425.74932861328125,421.75238037109375
sample_4b9d321a0c3491ec,359.9128112792969,361.619384765625,365.83880615234375,368.800537109375,369.2470397949219,370.32659912109375,370.2476501464844,372.85546875,376.6294860839844,375.42822265625,378.0278015136719,378.5374450683594
sample_ad66b49c94baedcd,366.5942687988281,374.84844970703125,385.7100830078125,389.3262634277344,392.88323974609375,395.2960205078125,392.7517395019531,395.6419372558594,397.8597412109375,392.0959167480469,396.1856994628906,389.99896240234375
sample_01916bcd119dc6ee,350.40869140625,362.9440612792969,379.628173828125,390.677001953125,400.7500305175781,411.1796875,417.19195556640625,427.28607177734375,433.46990966796875,434.7308349609375,438.9462890625,437.845703125
sample_68fe21db25ba69e5,376.935791015625,377.22589111328125,379.8412170410156,382.0333251953125,384.9178161621094,386.01751708984375,390.2894592285156,392.5774841308594,397.170166015625,398.2731018066406,402.2506408691406,404.4931945800781
sample_b1576adf2812bd0a,316.0294189453125,320.5157165527344,329.3885192871094,336.89404296875,342.08135986328125,349.71551513671875,354.82708740234375,360.5775451660156,366.2663879394531,368.681396484375,374.39947509765625,377.259033203125
sample_d4374c39bc3de0f4,353.0829772949219,357.6670227050781,366.7220153808594,373.02630615234375,377.612548828125,384.0826721191406,388.3946838378906,393.4927978515625,400.4703063964844,401.4578857421875,406.5196228027344,407.1518859863281
sample_1257caad37539d2c,499.96038818359375,489.3393859863281,478.7020263671875,466.72412109375,457.1550598144531,443.5428466796875,431.77716064453125,423.0756530761719,416.8815002441406,410.0447998046875,402.83502197265625,399.64898681640625
sample_2974fe5e4f2c3c98,314.84161376953125,325.6183776855469,340.5713195800781,353.7746276855469,364.8863525390625,379.3687744140625,389.2184753417969,400.7064208984375,408.9601135253906,415.71331787109375,421.69366455078125,426.2232971191406
sample_49ef474fbc233420,345.6143798828125,349.6756286621094,357.2772521972656,363.5960693359375,368.2496337890625,372.7009582519531,378.20355224609375,382.29278564453125,386.510498046875,386.2691345214844,391.5174255371094,392.26812744140625
sample_a7e188421fab9499,354.6716613769531,358.9536437988281,366.9166259765625,370.34002685546875,372.8806457519531,375.78668212890625,374.5185241699219,378.73004150390625,383.2307434082031,380.18096923828125,383.45294189453125,382.3062744140625
sample_39ff009c95d04509,390.1509094238281,389.94097900390625,392.10552978515625,392.7908935546875,390.7872009277344,389.0798645019531,386.748046875,387.33721923828125,391.2527160644531,388.3455505371094,389.5255126953125,386.97052001953125
sample_f1d8df84f9980648,409.3965148925781,408.52056884765625,408.4356994628906,407.775634765625,404.6640625,401.08416748046875,396.8050231933594,396.6528625488281,397.5990905761719,395.38330078125,395.3319091796875,391.75579833984375
sample_0011e9295fc116ca,416.6640625,412.290771484375,410.2947082519531,406.894775390625,402.8138427734375,400.22589111328125,394.6750183105469,395.0655517578125,394.86468505859375,394.06597900390625,393.0549621582031,391.7364807128906
sample_4d7438877fce4e9d,372.54541015625,388.25701904296875,405.6847839355469,419.1914978027344,432.0648193359375,440.6300964355469,449.8310546875,460.4250793457031,460.94921875,462.1933898925781,467.2926025390625,465.8392333984375
sample_cc331507e8d915ef,292.3782043457031,299.2959899902344,309.29168701171875,319.99444580078125,328.7580261230469,340.3360900878906,347.6265869140625,357.1300964355469,364.27056884765625,370.065673828125,376.88800048828125,383.01812744140625
sample_271a96cb54bdd93e,457.1104736328125,462.6159973144531,465.11187744140625,463.19970703125,460.7549133300781,452.0165710449219,442.12469482421875,436.7147521972656,433.0852355957031,424.0233154296875,424.1256408691406,416.4549865722656
sample_c5841236ae46f558,701.4635620117188,682.0374145507812,664.060546875,642.62744140625,629.7869873046875,603.6920776367188,586.6561279296875,569.2281494140625,553.1315307617188,540.020263671875,528.190185546875,521.2031860351562
sample_e79fe01f22076812,310.160888671875,313.7319030761719,321.17938232421875,328.2646484375,335.41180419921875,343.519775390625,349.90374755859375,356.6080322265625,363.71759033203125,369.22900390625,375.36328125,380.699951171875
sample_af7653097c7d564a,428.1780700683594,434.9302673339844,442.91650390625,451.22509765625,457.2881774902344,466.09722900390625,472.71844482421875,479.5538024902344,490.639404296875,490.871826171875,495.0213928222656,496.0879211425781
sample_919eb526dfa6235a,395.42950439453125,393.9271240234375,393.10064697265625,393.45806884765625,393.4656677246094,393.872314453125,394.4745788574219,397.20458984375,401.2496643066406,400.6233825683594,404.2285461425781,406.10650634765625
sample_39ab4473b93c85e4,356.8203430175781,365.249755859375,377.4038391113281,387.0206298828125,395.35919189453125,405.1311950683594,411.55413818359375,420.4521484375,428.5611877441406,431.5214538574219,434.94805908203125,436.68890380859375
sample_ff4c68e580ee6cf6,373.5850830078125,375.48333740234375,379.765625,383.4945068359375,386.0721740722656,389.003173828125,392.2840576171875,396.0215759277344,400.3251953125,400.9037780761719,404.6839294433594,405.5858154296875
sample_039d0f0f7de376fc,540.735595703125,543.8123168945312,541.652587890625,533.403564453125,530.8212890625,517.81787109375,505.1284484863281,495.07574462890625,486.2649841308594,473.7995300292969,470.9167175292969,460.78631591796875
sample_087d324544bca365,441.3301086425781,444.8958740234375,448.3886413574219,449.20697021484375,447.854248046875,445.6414794921875,438.7287292480469,436.4588317871094,437.9736633300781,433.3911437988281,432.09075927734375,427.75775146484375
sample_8c0cc7f2d372aa6b,479.0804748535156,469.9638977050781,462.5084533691406,454.50311279296875,446.5321960449219,436.99505615234375,426.5850524902344,420.5299072265625,416.8314208984375,413.09283447265625,406.2934875488281,401.7992858886719
sample_059b5c77acadca60,556.8643188476562,541.9838256835938,527.4505615234375,510.7870788574219,500.0521240234375,481.0968017578125,466.6496887207031,454.12646484375,443.65399169921875,434.0142822265625,425.3297119140625,420.6187744140625
sample_2a0556e14c300769,359.2057800292969,362.32916259765625,368.3603515625,372.0083923339844,373.2513732910156,375.3666687011719,374.8461608886719,378.05377197265625,382.57244873046875,380.2920227050781,383.63623046875,382.5190124511719
sample_32e73a7648f09439,408.7197570800781,408.00408935546875,407.8999938964844,408.42413330078125,405.2598876953125,403.24432373046875,402.05755615234375,402.5147399902344,405.92279052734375,403.6613464355469,405.6136474609375,402.2641296386719
sample_0bd52b3dec410846,388.8194274902344,387.1711120605469,386.66693115234375,385.5574645996094,382.2996826171875,381.2604675292969,378.4060974121094,378.4638977050781,382.0543518066406,380.9625549316406,382.5314636230469,381.23138427734375
sample_4f2635f95bafdfcf,442.48394775390625,435.0918273925781,431.1617126464844,425.9671936035156,420.17742919921875,415.408935546875,410.7988586425781,408.92657470703125,407.60015869140625,405.77862548828125,405.16143798828125,401.5267333984375
sample_3ad22adc50994826,349.0495910644531,364.25701904296875,381.8514709472656,393.80279541015625,404.4642028808594,412.9510803222656,418.1544494628906,427.59796142578125,426.97100830078125,428.10693359375,433.2696228027344,429.01422119140625
sample_be6a86a2aa1db54a,502.8833312988281,492.5887145996094,481.13275146484375,468.1539611816406,457.6299743652344,442.7653503417969,430.3224182128906,419.8519287109375,412.4932556152344,406.573486328125,397.69189453125,394.486328125
sample_55cf7461e8c691f2,358.8270263671875,358.8912658691406,360.049072265625,361.7463073730469,365.7813415527344,366.8087158203125,373.4749450683594,375.8774719238281,380.08502197265625,381.44122314453125,387.67864990234375,391.33856201171875
sample_cae0b1f234cd4604,577.05859375,565.7207641601562,552.22998046875,532.6402587890625,520.5661010742188,499.25604248046875,483.4698791503906,466.7908630371094,454.3568420410156,448.5099182128906,435.8208923339844,430.7311096191406
sample_a20d086c8bb6797a,352.0906677246094,353.6722717285156,357.8970642089844,360.4893798828125,367.3501892089844,370.68280029296875,377.7764587402344,381.1063232421875,388.4617919921875,390.18267822265625,396.3027648925781,402.46502685546875
sample_611c525c765bbc46,306.8959045410156,311.3128967285156,319.3253479003906,327.5791320800781,336.199951171875,345.83160400390625,353.7992858886719,361.4148254394531,369.3986511230469,375.58758544921875,382.97900390625,389.24798583984375
sample_e25d6947f7735ce8,358.9645690917969,360.9156799316406,365.2620849609375,368.8332214355469,372.1846923828125,375.127197265625,378.90887451171875,382.7927551269531,388.19610595703125,389.1914367675781,393.8363342285156,396.9156799316406
sample_fc93acf88b01810c,339.5049743652344,344.5485534667969,353.5833740234375,360.0267028808594,364.01904296875,369.28936767578125,371.8548889160156,377.0927734375,381.75341796875,381.62261962890625,386.3734130859375,386.1557922363281
sample_4ea4b223e2fcfe2c,309.79449462890625,316.93853759765625,327.57012939453125,335.17669677734375,341.8330383300781,349.5330810546875,351.9234924316406,360.11651611328125,364.94744873046875,366.8441467285156,371.027587890625,373.1996154785156
sample_12128f9275454818,378.0669250488281,378.8089294433594,380.3909912109375,381.9630432128906,381.84344482421875,382.8887939453125,383.96575927734375,387.5707092285156,389.9796142578125,390.9486999511719,393.8442687988281,393.1325378417969
sample_beddfbdd79767d72,530.4560546875,515.080078125,503.8948059082031,490.8370666503906,483.49053955078125,468.39764404296875,458.9317321777344,451.0146179199219,442.00958251953125,436.5545654296875,434.15301513671875,427.4888916015625
sample_adfb57fb93a55f4d,431.41070556640625,451.48675537109375,471.40838623046875,484.1108093261719,499.8170166015625,510.3460998535156,520.8983154296875,531.7505493164062,540.9945678710938,539.4459838867188,541.2608032226562,538.5499267578125
sample_289866507f6e8923,312.1512145996094,317.5281677246094,326.4714660644531,336.3815612792969,346.0758056640625,357.4662170410156,367.27923583984375,376.23858642578125,384.8258972167969,391.9738464355469,400.37298583984375,406.7953796386719
sample_04cd08f95d78a8d5,364.9095764160156,367.0138244628906,372.57513427734375,376.17291259765625,377.8570251464844,380.8554382324219,382.0762634277344,385.1520690917969,390.4477233886719,389.7738037109375,393.576171875,394.3082275390625
sample_0f3476607b755a67,543.7079467773438,535.5457763671875,531.2593383789062,525.5296630859375,520.38427734375,508.5439147949219,503.3357238769531,496.7672119140625,491.70330810546875,486.3751220703125,485.9684143066406,477.012939453125
sample_87cd9c2693878b14,329.6191101074219,339.4925231933594,353.4046325683594,363.89801025390625,372.78546142578125,383.0265808105469,389.5877990722656,398.94708251953125,404.248779296875,406.9806213378906,413.1388854980469,413.90643310546875
sample_2c77e0f577fe1809,634.6235961914062,623.44775390625,616.41162109375,606.2801513671875,602.0892333984375,586.9202880859375,579.816650390625,566.3095703125,559.4995727539062,555.8780517578125,552.49755859375,542.2506103515625
sample_4aca888063057675,427.45953369140625,437.58367919921875,447.3495788574219,451.7818908691406,454.9090881347656,456.82244873046875,451.9833068847656,453.5198974609375,454.2859802246094,449.7458190917969,450.5452575683594,443.39019775390625
sample_c9f3418401f22069,294.3641052246094,298.3155517578125,305.9572448730469,312.94244384765625,320.7807922363281,328.59454345703125,334.0376281738281,341.5809326171875,348.3162841796875,354.26885986328125,358.9860534667969,366.1434326171875
sample_ad2d7737eeaa629c,375.25714111328125,381.59088134765625,392.0286560058594,397.0855712890625,400.20098876953125,404.8236999511719,404.79217529296875,409.49615478515625,414.8260803222656,411.77691650390625,415.194091796875,411.9375915527344
sample_6d5621b66d1732fe,364.53369140625,372.07183837890625,381.13128662109375,392.580322265625,406.958251953125,420.6017150878906,437.212646484375,449.364013671875,461.57623291015625,467.4465637207031,479.75372314453125,488.999267578125
sample_6a3ceddaa3462cca,302.416259765625,307.050537109375,315.05474853515625,323.87713623046875,331.0251159667969,340.2036437988281,346.2594909667969,353.8487243652344,360.70452880859375,366.36407470703125,372.3985900878906,378.0291442871094
sample_1c2ae4abe6015e0b,380.0809631347656,379.0111999511719,380.2713317871094,381.5045166015625,381.9345703125,382.2099609375,384.8265686035156,386.9836120605469,391.0360412597656,391.7641906738281,395.4058837890625,397.09783935546875
sample_63388b7c142cd793,363.955078125,366.9113464355469,373.19354248046875,377.37188720703125,380.3296813964844,384.5289611816406,384.3497009277344,389.02496337890625,394.08544921875,394.6887512207031,396.74932861328125,397.5548095703125
sample_1f181125cdac20e1,619.5186767578125,608.004150390625,597.0640869140625,580.7660522460938,571.8682250976562,550.4091186523438,538.4032592773438,522.2586669921875,508.1246032714844,501.8597412109375,492.38800048828125,483.0557861328125
sample_8306a238d8052269,403.59381103515625,399.2259521484375,396.80120849609375,394.61334228515625,391.0416564941406,390.060546875,388.0223693847656,388.41131591796875,391.00128173828125,390.56500244140625,392.5794982910156,393.4649658203125
sample_c8ca45a98b62386e,344.96636962890625,349.02001953125,357.20782470703125,363.9432373046875,368.493408203125,374.41644287109375,379.5647888183594,384.3097229003906,389.8781433105469,390.84442138671875,396.4750061035156,397.2926330566406
sample_4f972cc4a83651d1,412.60028076171875,407.8634948730469,406.23876953125,402.7288818359375,400.4167175292969,397.6654052734375,395.57183837890625,393.4960632324219,395.98504638671875,395.8605651855469,398.0094909667969,397.73193359375
sample_55eb881eafe67ab1,441.580322265625,453.1235656738281,462.9598693847656,470.2770690917969,479.90960693359375,486.8005065917969,494.9377136230469,502.831787109375,513.4049682617188,511.75372314453125,514.9542236328125,517.3564453125
sample_af9706d97c1063ec,586.651123046875,573.5972900390625,558.0348510742188,539.6063842773438,527.4403686523438,506.5356750488281,491.25640869140625,474.5637512207031,460.766845703125,454.5186767578125,441.43218994140625,435.1798095703125
sample_c61052cdf9b6e3ec,541.0344848632812,537.0897827148438,534.21240234375,528.6480102539062,525.4055786132812,514.748046875,508.53271484375,501.0757141113281,496.9700012207031,491.50482177734375,490.22149658203125,480.80950927734375
sample_c5f7c930c92bc845,536.5946655273438,522.2843627929688,508.61749267578125,494.1184997558594,482.99029541015625,468.94293212890625,453.41552734375,442.61798095703125,433.2309265136719,428.9238586425781,418.0169982910156,412.6103515625
sample_1c8489772e84f4b3,491.046142578125,477.53399658203125,467.3398132324219,456.35076904296875,449.5042724609375,438.7240295410156,430.74090576171875,424.0621032714844,416.2762756347656,413.4918212890625,410.6123962402344,403.0892333984375
sample_86612bfa9c9a4481,389.878662109375,398.5520324707031,409.4324035644531,414.9383544921875,418.13360595703125,420.67291259765625,422.69189453125,422.86566162109375,425.2501525878906,421.64691162109375,426.3796081542969,421.8265686035156
sample_e44c8df5e12d1b15,454.78314208984375,447.0832214355469,440.6615295410156,434.52044677734375,426.6016540527344,419.1129455566406,411.1096496582031,405.7366943359375,403.65777587890625,399.95916748046875,396.35797119140625,392.5674743652344
sample_3e8f939ea53a27f4,381.61053466796875,382.1837158203125,384.66278076171875,386.97296142578125,386.53338623046875,386.5009460449219,387.2070617675781,389.1198425292969,392.72796630859375,391.93487548828125,394.8540954589844,392.89093017578125
sample_c5d7512bfaae3ba5,485.1443786621094,486.2743835449219,489.2485656738281,488.1055908203125,488.4026184082031,488.2007751464844,484.279541015625,482.7297058105469,489.28955078125,487.7308654785156,487.4415588378906,486.4465637207031
sample_657e4f4853c59e9a,583.4978637695312,571.5054931640625,558.7021484375,542.814453125,532.7794799804688,513.5313720703125,500.6011962890625,485.6552734375,473.8296203613281,467.46807861328125,457.5859069824219,449.94537353515625
sample_e02948839075016f,371.4475402832031,371.2137451171875,372.7366638183594,373.46112060546875,377.40509033203125,377.8786315917969,382.81378173828125,385.2673034667969,389.365966796875,389.9837341308594,395.23297119140625,398.5222473144531
sample_388f418ae9f39f21,401.1250915527344,399.7568359375,399.1983947753906,398.10736083984375,394.1529541015625,391.3820495605469,388.2568359375,388.9774475097656,389.861328125,387.93316650390625,387.77227783203125,385.1873474121094
sample_233b082f720093da,323.5158996582031,325.34661865234375,331.41485595703125,336.6517639160156,344.2982482910156,349.7976379394531,358.20904541015625,362.6622619628906,368.71441650390625,372.8167419433594,378.6428527832031,384.37396240234375
sample_587a214b40f5f32d,340.6301574707031,346.9405822753906,357.3619079589844,363.515380859375,367.6824951171875,372.4565124511719,372.956787109375,378.9605712890625,382.422607421875,380.84442138671875,385.02008056640625,382.68450927734375
sample_1e70a497b4ac91e2,459.3807067871094,459.0013122558594,458.5299987792969,459.9205017089844,458.279541015625,456.80303955078125,456.6392517089844,456.2367858886719,459.69732666015625,458.7269592285156,463.4241638183594,456.71893310546875
sample_9bfb16af8deef743,489.6275939941406,501.01214599609375,509.2662353515625,515.3689575195312,517.8467407226562,517.5409545898438,517.1744384765625,520.2894287109375,519.1297607421875,513.4095458984375,514.0810546875,506.250732421875
sample_897c49bb69995dcf,397.40875244140625,395.7373046875,394.8646240234375,394.28448486328125,390.8931884765625,390.5783996582031,388.6515808105469,390.56390380859375,393.3951721191406,392.67828369140625,394.74755859375,395.5584411621094
sample_17c525f42c53c9cb,358.6662292480469,367.9615783691406,380.68231201171875,390.0794677734375,397.82244873046875,404.90869140625,410.84844970703125,418.4521484375,421.4722900390625,422.866455078125,427.82879638671875,425.30609130859375
sample_14c9ca543e49544c,402.5684814453125,399.418701171875,397.6975402832031,394.72967529296875,393.6113586425781,390.233154296875,388.68212890625,391.0350646972656,390.4334716796875,390.1775817871094,390.2934875488281,392.07501220703125
sample_f62652f0b5c3a137,361.2037658691406,362.14324951171875,364.8345031738281,366.63861083984375,371.5446472167969,372.8828430175781,378.8209228515625,381.8368225097656,386.71026611328125,387.9263916015625,393.1781921386719,397.36309814453125
sample_007a7f93229cca2d,376.57659912109375,377.9216613769531,381.6682434082031,384.5685119628906,386.8405456542969,388.6961975097656,391.6019592285156,394.4300231933594,399.3089599609375,399.3544616699219,403.2652282714844,405.62939453125
sample_cbccefe26e194aee,300.7229919433594,304.78387451171875,312.51971435546875,319.7771301269531,328.8872375488281,336.8760070800781,344.65277099609375,351.80804443359375,358.908447265625,365.2722473144531,371.751953125,378.75091552734375
sample_ff54b4a06854042e,367.6557312011719,367.09442138671875,367.9864196777344,368.1982727050781,371.6518859863281,372.2311096191406,376.9601745605469,379.7223815917969,383.478515625,384.2801513671875,389.6463928222656,393.25982666015625
sample_ac738344f7fc0123,364.5102844238281,363.8918762207031,364.30230712890625,364.8924255371094,366.92425537109375,368.445068359375,372.1219177246094,375.2541809082031,378.88824462890625,380.2273254394531,385.7303161621094,388.8024597167969
sample_7cc450780197f9f6,413.30316162109375,412.52215576171875,412.4310302734375,411.9056396484375,407.5754089355469,406.1978454589844,400.2206115722656,400.8045654296875,401.8569641113281,400.4288024902344,400.4531555175781,396.7419128417969
sample_26ba59dab26824a8,511.72021484375,496.7685241699219,484.8396301269531,471.94512939453125,462.9908142089844,452.1021728515625,438.13677978515625,430.53326416015625,421.0074157714844,419.5457763671875,410.53643798828125,404.3785095214844
sample_663387d1586672c0,397.03460693359375,396.81219482421875,396.7923583984375,397.4923095703125,395.45306396484375,395.27227783203125,394.0339050292969,397.24969482421875,398.718017578125,399.5999450683594,402.48956298828125,400.03643798828125
sample_6a47a428b9b5afa7,687.4782104492188,663.6543579101562,639.3917236328125,614.5242919921875,598.0828857421875,573.94873046875,551.6987915039062,531.8992919921875,512.7022705078125,503.0086669921875,486.564697265625,477.3376159667969
sample_286c9d4c91c4feba,578.5592041015625,585.615966796875,588.3341064453125,591.1262817382812,590.2060546875,585.9708862304688,580.8712158203125,580.0029296875,578.7108764648438,573.5457763671875,570.2330322265625,565.9464111328125
sample_1e30465343f2373e,344.2940673828125,351.4203186035156,362.9732360839844,370.1770935058594,375.7707214355469,382.98779296875,385.280517578125,392.2622985839844,397.3487548828125,398.0244140625,401.54876708984375,400.8697509765625
sample_6144647399a6f2a4,480.4346008300781,472.2665100097656,465.3282775878906,456.4869689941406,448.5950622558594,436.3336486816406,427.388427734375,420.0553283691406,415.3346862792969,410.44122314453125,405.3235168457031,401.133056640625
sample_b3d9bc614f94ffbb,474.4960021972656,466.1492614746094,457.5224914550781,448.7510986328125,439.5570373535156,429.0935363769531,418.5320129394531,411.11297607421875,406.5906677246094,403.557373046875,395.2281188964844,390.8580627441406
sample_1feae35d94b9cc10,290.31329345703125,295.7748107910156,305.1523742675781,314.01824951171875,321.94451904296875,332.5567932128906,339.0838928222656,347.302978515625,355.4376525878906,361.1628723144531,367.3199768066406,373.7457275390625
sample_8d23ce9b99797322,388.0844421386719,386.65081787109375,386.10797119140625,385.3551330566406,384.4220886230469,381.4075622558594,380.7757568359375,383.645263671875,384.73382568359375,384.0634460449219,385.111572265625,386.07135009765625
sample_ffe354f60955060d,359.89215087890625,360.70159912109375,363.6308288574219,366.6524353027344,370.54327392578125,372.7120056152344,378.0817565917969,381.5452880859375,385.9325866699219,387.6811218261719,392.3367614746094,395.0577392578125
sample_f6f50012e62ced34,378.927490234375,383.597412109375,390.75018310546875,392.96826171875,393.90545654296875,395.5338134765625,388.7861633300781,392.81646728515625,393.8431091308594,390.61273193359375,390.7013854980469,387.5532531738281
sample_ece238c3429c83f5,439.12469482421875,431.522705078125,428.203125,421.4789123535156,417.47088623046875,415.6283874511719,410.11126708984375,411.1773986816406,409.41900634765625,409.587890625,410.41229248046875,407.8275451660156
sample_73678492a06b0cc4,387.6044616699219,386.8955383300781,387.99346923828125,387.6862487792969,387.03515625,385.0060119628906,383.1287536621094,385.218994140625,386.8601379394531,385.1886901855469,387.2123107910156,385.41009521484375
sample_8081b7f3bfd0eed2,382.8976135253906,380.208740234375,378.60711669921875,378.05224609375,376.1927185058594,376.9869384765625,377.19830322265625,376.73675537109375,381.6009521484375,380.769287109375,385.6001892089844,387.0284118652344
sample_1176e7f8063dedd4,652.8171997070312,637.5979614257812,627.2564697265625,616.3837890625,610.3668823242188,594.59033203125,585.2066650390625,576.2315673828125,565.0008544921875,559.2979736328125,558.9728393554688,547.48828125
sample_f36c238829482792,455.8586120605469,452.9337158203125,448.7159423828125,441.48248291015625,435.1298522949219,425.56512451171875,416.0834655761719,408.8113098144531,405.0578918457031,400.8255310058594,396.00372314453125,389.9515686035156
sample_d76cfb0cc7fc2dfd,325.4772033691406,328.2468566894531,335.24176025390625,342.2975158691406,348.0301513671875,354.5514221191406,361.4001770019531,366.5300598144531,371.88250732421875,375.9102783203125,381.41802978515625,385.3733215332031
sample_f295af0e9dcb609a,462.2878112792969,455.6117858886719,449.1480712890625,441.1240539550781,433.4957275390625,422.4594421386719,414.4582824707031,407.5570373535156,403.968017578125,398.9801025390625,394.02935791015625,391.6824035644531
sample_0183aabd06db6a85,331.25152587890625,337.4674072265625,347.90325927734375,356.0855712890625,362.37030029296875,369.0115051269531,374.9053649902344,381.21484375,385.05157470703125,386.19256591796875,391.5726318359375,391.81292724609375
sample_e2fc86fd4f723a3b,468.447021484375,459.8679504394531,451.4388732910156,441.576904296875,433.4566650390625,421.6212158203125,412.3450622558594,404.59771728515625,399.89654541015625,394.41015625,389.5576171875,387.1356506347656
sample_609ed0900c3d79a9,331.9481506347656,336.3202819824219,343.57537841796875,350.950927734375,358.2121276855469,366.23529052734375,372.5997314453125,379.90972900390625,387.8607177734375,392.2047119140625,397.8182067871094,403.03240966796875
sample_35639b4b0aeed2fd,309.33709716796875,314.9859619140625,324.33282470703125,334.117431640625,343.2760009765625,354.7476806640625,363.5470275878906,372.6656799316406,381.17510986328125,388.12982177734375,395.8341064453125,402.0736389160156
sample_3e6c59a2d5715d43,546.6758422851562,530.0567016601562,515.5053100585938,500.68707275390625,490.71405029296875,473.9393615722656,461.09600830078125,450.0247802734375,439.3503112792969,431.7577209472656,425.796142578125,417.28369140625
sample_8bda1920b1334143,343.19610595703125,347.5231018066406,355.20794677734375,360.7944641113281,364.4432373046875,369.6802673339844,370.204833984375,375.6622619628906,380.79144287109375,381.3194274902344,384.152587890625,385.0763854980469
sample_aea28c11d6042349,355.96453857421875,379.24395751953125,402.574951171875,427.4188232421875,452.9706726074219,478.7227783203125,504.1351318359375,525.445556640625,542.34326171875,555.4652099609375,562.7130737304688,570.3739624023438
sample_f762d249b25eb865,569.9400024414062,554.0009765625,539.6725463867188,524.5556030273438,514.2771606445312,496.3369140625,482.8812561035156,470.8789978027344,459.2505187988281,451.02984619140625,442.56292724609375,434.50775146484375
sample_2a7dcffb31cbea33,374.80181884765625,376.1464538574219,381.17242431640625,383.1644592285156,383.16595458984375,383.20257568359375,380.56976318359375,383.0257873535156,386.1371154785156,383.008056640625,384.3121337890625,381.8978576660156
sample_f7f4a9669cb2adab,377.4890441894531,375.130859375,373.3155517578125,372.5482177734375,370.6334228515625,370.1911926269531,370.67388916015625,373.40625,374.8837890625,375.3216857910156,378.2833251953125,381.46734619140625
sample_95d8ecfc227c34bf,334.7162170410156,337.5287780761719,343.9501953125,348.8261413574219,353.3203125,358.6657409667969,360.3846435546875,365.9402160644531,372.0994873046875,374.8116455078125,377.5359802246094,381.5198974609375
sample_0dbfd400abeb383a,398.492919921875,398.9797668457031,401.3106994628906,401.6342468261719,400.5872802734375,398.4986877441406,396.5198974609375,396.514892578125,400.3325500488281,397.30499267578125,398.4488830566406,397.3957824707031
sample_f614c3b64ea5e36c,435.8154602050781,429.095947265625,423.45343017578125,418.1490478515625,410.67718505859375,404.8046875,397.666259765625,393.6180725097656,391.94189453125,389.6158447265625,386.5187683105469,383.8385925292969
sample_78c1df8f4b4420c7,337.8700256347656,339.77276611328125,345.2552490234375,349.626953125,354.11956787109375,358.31256103515625,362.9522399902344,367.02496337890625,372.9585266113281,375.70428466796875,380.1649475097656,383.82720947265625
sample_464146e9b5624f6e,370.6822204589844,373.540283203125,379.51995849609375,382.6610107421875,383.6198425292969,385.62017822265625,385.975830078125,388.9385070800781,393.05078125,390.7062683105469,394.06005859375,394.63006591796875
sample_6bd6ad6dc70cfbd9,330.9404296875,338.8487854003906,351.59857177734375,359.748046875,366.9090881347656,374.9403381347656,379.4034423828125,386.8046875,391.5308837890625,393.38299560546875,398.0028381347656,398.3067626953125
sample_c1b8ac1e6c287b74,350.9634704589844,353.3848571777344,358.8945007324219,362.8505554199219,365.5509033203125,368.98187255859375,371.9438171386719,375.62835693359375,381.28936767578125,380.98516845703125,386.0456848144531,388.49798583984375
sample_23aeeb09a0ce6c92,326.6357727050781,347.9351501464844,368.43499755859375,392.7559509277344,417.819091796875,441.3137512207031,465.63836669921875,487.77093505859375,498.08306884765625,512.4118041992188,522.16357421875,529.9388427734375
sample_9de47c5b1184c0dd,312.71044921875,320.1304016113281,330.73681640625,340.077880859375,348.358642578125,355.468017578125,362.86785888671875,369.9978942871094,373.08624267578125,374.21148681640625,380.6017761230469,381.25189208984375
sample_c8b7ab1696721f51,421.41644287109375,452.8499450683594,481.5789794921875,505.9703369140625,532.3261108398438,552.7651977539062,572.21923828125,591.859130859375,603.1153564453125,607.83251953125,609.096435546875,609.4908447265625
sample_4140671d49e339eb,443.5642395019531,434.95770263671875,430.23065185546875,423.0652160644531,418.0953063964844,411.4849853515625,406.59088134765625,403.6689147949219,401.14581298828125,399.08209228515625,398.9467468261719,395.8934326171875
sample_ddcc8a7147718881,403.8972473144531,401.69879150390625,400.6600036621094,399.3507995605469,396.1590270996094,394.0513610839844,389.8509521484375,390.39947509765625,392.1877746582031,390.8941650390625,391.4728088378906,389.5059509277344
sample_6ce9e792f4a920dd,334.4703063964844,338.5882568359375,346.5410461425781,352.73638916015625,357.4432373046875,364.02374267578125,367.6902770996094,373.1707458496094,380.1525573730469,381.7023010253906,386.6905517578125,389.29132080078125
sample_a68af8f6ab6972e1,350.2380676269531,351.0277099609375,355.9530029296875,359.6182861328125,362.16265869140625,364.8250732421875,367.1863708496094,370.4588623046875,374.7807312011719,377.35784912109375,379.8517761230469,382.3359680175781
sample_aba2cb630af60842,354.4428405761719,357.36767578125,363.38787841796875,367.3055725097656,369.7262878417969,372.9247131347656,374.7806701660156,378.4825744628906,383.9878234863281,382.6991882324219,387.5068359375,388.6103210449219
sample_f226dd82175e3e8f,391.43475341796875,393.4935302734375,398.4779052734375,402.28863525390625,403.66949462890625,405.3673095703125,407.752685546875,409.4673156738281,414.6766052246094,413.2781677246094,416.8548889160156,415.72784423828125
sample_03c8b8597a8a1d34,351.00018310546875,350.8293762207031,352.2019958496094,353.2412414550781,356.43206787109375,357.28167724609375,360.4023132324219,362.3511962890625,366.42645263671875,367.4434814453125,373.4381408691406,375.6068420410156
sample_cd4415aba183ac27,377.11767578125,392.2535400390625,408.4608459472656,426.8592529296875,445.3643493652344,464.732177734375,483.7728576660156,500.43865966796875,514.9662475585938,524.9862670898438,531.5752563476562,537.4141845703125
sample_a679debf61f62c0b,363.2247314453125,364.0792236328125,367.05865478515625,370.4319152832031,370.8259582519531,372.223876953125,374.2894592285156,376.7554626464844,380.6837158203125,380.8952941894531,384.24334716796875,385.95318603515625
sample_03fa87421e3876be,319.0312805175781,323.8482360839844,333.0970764160156,340.233154296875,345.39410400390625,352.56292724609375,356.6932067871094,362.5775451660156,368.41607666015625,370.26544189453125,375.5911865234375,377.8155212402344
sample_0f619b1f132922cb,307.1841735839844,317.6930236816406,332.182373046875,344.2867126464844,355.0860290527344,368.0617980957031,376.1304931640625,387.4385986328125,393.92547607421875,399.29058837890625,405.66448974609375,409.17364501953125
sample_35fcf7f8ccd9e933,405.68035888671875,405.985107421875,408.0745544433594,408.390380859375,405.8010559082031,405.50128173828125,399.6741027832031,400.71282958984375,402.3559265136719,400.1838073730469,399.7015075683594,396.3467712402344
sample_d2e3bf0f4262fb69,416.6654357910156,412.13946533203125,410.3362731933594,407.47320556640625,403.23248291015625,401.4532470703125,397.34869384765625,398.0113220214844,398.40911865234375,398.1075134277344,399.2685241699219,396.7200012207031
sample_6044d43f6085c214,405.30023193359375,403.2555236816406,403.1839904785156,401.79656982421875,403.4375305175781,402.4771728515625,403.9669189453125,406.89312744140625,408.890380859375,409.228515625,412.1252746582031,414.669921875
sample_1bf29d5848a64d65,315.07568359375,318.3928527832031,324.8182067871094,331.37188720703125,336.80511474609375,342.66265869140625,347.43218994140625,353.299560546875,358.936767578125,363.0645446777344,367.7506408691406,372.5966796875
sample_dcb12176a416af17,374.429931640625,386.64764404296875,401.98919677734375,411.0979919433594,419.9993896484375,427.9791259765625,431.48883056640625,440.22503662109375,444.79541015625,443.84893798828125,446.6962890625,443.52362060546875
sample_ae755736fcad0b71,326.57183837890625,331.161865234375,339.6799621582031,346.8110046386719,353.8188171386719,361.7568359375,368.59002685546875,375.1877136230469,383.00604248046875,386.2445373535156,393.027587890625,397.03173828125
sample_62bb7236c3acb27d,393.139404296875,391.3123474121094,389.89947509765625,388.2183532714844,383.95550537109375,381.52978515625,377.85369873046875,377.96728515625,379.1818542480469,377.08575439453125,377.4178161621094,375.23095703125
sample_be462209d22980ea,348.0373840332031,358.51385498046875,373.3769836425781,384.5181884765625,395.2735595703125,406.44964599609375,415.6395568847656,425.49285888671875,434.0252685546875,437.47088623046875,443.29345703125,444.8431091308594
sample_6d8a0a7f9c6dd958,602.95751953125,584.5470581054688,566.9216918945312,548.07421875,536.1625366210938,515.0421752929688,498.6716613769531,483.61798095703125,469.10321044921875,459.96966552734375,448.86505126953125,441.192138671875
sample_353d6f6875af087f,263.0882263183594,281.33404541015625,300.9345703125,321.68017578125,340.99188232421875,361.52294921875,378.60858154296875,397.19464111328125,403.64947509765625,415.4488220214844,425.0770263671875,431.1836853027344
sample_b83998a5b73eb45e,348.2201843261719,349.3225402832031,353.40057373046875,356.9524841308594,361.6844482421875,364.4220275878906,371.1808776855469,374.42156982421875,379.4954528808594,381.30926513671875,387.0995788574219,390.7749328613281
sample_83bcc218dfcb4053,331.1537170410156,340.9062194824219,354.515625,364.6415710449219,373.5477294921875,383.869140625,388.9991760253906,398.953857421875,404.552490234375,407.8367919921875,412.17510986328125,413.51910400390625
sample_34b557806d2dcd24,489.46319580078125,479.63134765625,471.2581787109375,461.8990783691406,453.33148193359375,443.90264892578125,432.0061340332031,425.0281982421875,420.4974060058594,417.59381103515625,409.6954345703125,405.3041687011719
sample_fca5f19899d384d3,309.8200378417969,316.8888244628906,326.5692138671875,338.8952331542969,349.0707702636719,361.3616027832031,373.1874084472656,383.7707824707031,389.20758056640625,396.760498046875,404.61767578125,410.12396240234375
sample_0e9cdc5f363efac1,355.8258972167969,356.4337463378906,359.1314697265625,362.30731201171875,365.6712341308594,367.3013916015625,372.94366455078125,375.3266296386719,379.4879150390625,381.31549072265625,386.1813049316406,389.25335693359375
sample_8c2dc8a6bbc9f31c,367.0438537597656,378.35601806640625,393.2104187011719,405.7334899902344,416.86151123046875,429.8313903808594,441.60205078125,451.7538757324219,461.8559875488281,465.5694885253906,472.47808837890625,474.78045654296875
sample_65894ce2d3222fd1,490.1851806640625,488.5965270996094,484.3733215332031,473.6363830566406,468.0933837890625,454.7559814453125,441.0304260253906,430.0926513671875,422.5037536621094,409.8362731933594,405.2749328613281,398.9632568359375
sample_9742a386df2b8bde,362.5296325683594,371.4880676269531,384.2659912109375,390.21978759765625,395.784423828125,400.6175537109375,400.869140625,405.9741516113281,409.7999572753906,406.4491271972656,409.6989440917969,405.4585266113281
sample_4c955501cd09fe4f,325.0931701660156,328.5101013183594,335.3877258300781,342.7605895996094,348.1741027832031,355.0188903808594,360.6902770996094,366.4792175292969,372.6785888671875,376.72998046875,382.5735168457031,386.4830627441406
sample_a14c5430dd269443,330.7021179199219,336.2308044433594,346.7364501953125,353.7049255371094,359.2384948730469,366.2625732421875,369.9289855957031,376.184326171875,381.2598571777344,383.0210266113281,387.5311279296875,388.6483154296875
sample_99de518c48c28f24,386.95220947265625,386.55767822265625,386.4659118652344,387.4541015625,384.7170104980469,384.2156066894531,382.94879150390625,385.2876281738281,387.18658447265625,387.3633728027344,390.1661071777344,387.619384765625
sample_62f8133527bdc872,426.31402587890625,418.535400390625,413.0779724121094,406.65228271484375,400.939208984375,394.9317626953125,388.94793701171875,385.7638244628906,383.14581298828125,381.9139709472656,379.9498596191406,377.3382568359375
sample_a1f6fbdd3828f924,354.1943359375,355.49713134765625,358.6652526855469,361.8944091796875,366.3670349121094,368.2104797363281,373.9450988769531,377.78765869140625,381.9781188964844,383.8907775878906,389.1388854980469,392.91632080078125
sample_3c172e79f3ef737b,305.0281982421875,322.7989501953125,341.9342956542969,362.89471435546875,382.34161376953125,403.5308532714844,422.41192626953125,440.8590393066406,450.44122314453125,462.0882568359375,471.6335754394531,478.4031677246094
sample_c49a8910cbde93fc,575.2930297851562,564.8975219726562,554.9947509765625,541.4031372070312,532.5438232421875,513.81640625,502.58892822265625,489.6993713378906,477.5474853515625,471.5977783203125,464.4763488769531,454.823974609375
sample_fe9b7fa6c23f1494,284.7034912109375,291.561279296875,302.3893127441406,311.1186218261719,318.945556640625,328.3105773925781,333.0741882324219,341.8623046875,347.5352478027344,351.5389709472656,356.8111572265625,361.80316162109375
sample_984f1f6e47986ed5,557.4256591796875,575.6270751953125,586.7413940429688,595.4318237304688,598.388671875,597.7566528320312,592.74951171875,596.5504150390625,590.3444213867188,583.2012939453125,581.0708618164062,569.5231323242188
sample_bfd3639f86cafd85,309.74737548828125,316.6699523925781,327.4727783203125,335.6311340332031,342.4579772949219,351.1117858886719,355.11041259765625,362.9673767089844,368.6415710449219,371.1196594238281,376.50018310546875,379.25189208984375
sample_deee650b234b630b,500.8358459472656,492.6544189453125,483.9672546386719,471.676513671875,462.54437255859375,446.6449279785156,435.34637451171875,424.95703125,417.0701599121094,413.05157470703125,404.8941955566406,400.31195068359375
sample_0ded1cc5172d0b53,332.4442443847656,335.23681640625,340.2031555175781,344.93280029296875,351.0511474609375,355.10040283203125,361.3218994140625,367.0792236328125,372.19927978515625,375.14959716796875,381.7660827636719,387.26617431640625
sample_52a0b15c54f343ba,350.4391174316406,372.06719970703125,392.7686462402344,415.9462890625,440.34417724609375,462.5696716308594,486.6564636230469,507.1133117675781,518.5863647460938,531.1882934570312,539.529296875,545.8317260742188
sample_4caf0e4e5f9dc0c5,368.79833984375,371.56488037109375,377.4364929199219,380.89227294921875,382.58233642578125,385.6949462890625,386.7276306152344,390.1452941894531,395.293701171875,393.63165283203125,397.97723388671875,398.44635009765625
sample_49009e93eb577989,323.9865417480469,333.08984375,345.417724609375,357.5996398925781,367.4848937988281,378.6703796386719,387.9448547363281,398.60809326171875,402.84747314453125,408.1521301269531,415.50372314453125,417.4028625488281
sample_5937f288256e7f01,344.7291564941406,348.3602600097656,355.8184814453125,363.0997009277344,368.3367919921875,375.50701904296875,382.0557556152344,387.92327880859375,393.873779296875,396.8998107910156,402.9206848144531,405.53857421875
sample_7a744fa196b26a74,487.1670837402344,474.17156982421875,466.03448486328125,455.13623046875,451.3800964355469,440.8085021972656,434.97119140625,430.83837890625,422.6557922363281,421.462158203125,421.4613342285156,416.078857421875
sample_5ab182c4a25d87cc,315.19451904296875,319.7301025390625,328.2840881347656,336.60455322265625,342.7625732421875,351.9349365234375,358.37109375,364.85211181640625,372.1058349609375,376.2323913574219,382.72808837890625,387.3087158203125
sample_77b11cbb220f3594,371.274169921875,375.1488037109375,382.1664123535156,385.2239074707031,386.50506591796875,389.1490173339844,387.6356201171875,390.7944641113281,395.66571044921875,391.9037780761719,395.22589111328125,393.89312744140625
sample_172cc5bd53597dbb,546.4815063476562,540.6079711914062,531.7293090820312,515.2401733398438,507.0147399902344,488.341552734375,472.93499755859375,459.0553283691406,444.8858642578125,435.93743896484375,426.5841369628906,420.1551513671875
sample_7f865b5da95e67eb,435.5390930175781,451.93243408203125,466.7687683105469,474.03424072265625,480.26348876953125,484.7250061035156,481.6408386230469,484.4860534667969,482.8236999511719,478.0555114746094,480.9913635253906,471.1499328613281
sample_367c0bbea161ed05,439.7886047363281,430.49725341796875,424.3274841308594,415.86602783203125,410.4820251464844,404.0618896484375,397.03009033203125,394.6892395019531,390.512451171875,389.1671447753906,386.0046081542969,383.45513916015625
sample_651b14d1b6ad8bb6,326.7695007324219,336.7040100097656,350.1121520996094,364.0875244140625,377.9608459472656,392.92987060546875,407.13763427734375,419.6488037109375,431.0468444824219,438.9921875,447.177734375,453.993408203125
sample_e23e3d378f4f3ca5,533.1188354492188,540.1104736328125,543.08447265625,544.6968383789062,542.599853515625,539.293701171875,529.780517578125,524.8546142578125,525.2976684570312,517.9695434570312,513.4747314453125,506.9171447753906
sample_94f5417999076716,399.9033508300781,406.35992431640625,415.4304504394531,424.8782958984375,432.06365966796875,441.259521484375,448.869140625,457.1063537597656,466.63067626953125,469.7867736816406,473.4339294433594,474.30609130859375
sample_21b1ae5a974c7165,332.5837707519531,333.23992919921875,338.550048828125,341.0640869140625,346.8002624511719,349.248779296875,353.81964111328125,357.25885009765625,362.9715881347656,365.5692138671875,369.4021301269531,374.1919860839844
sample_6408c703907d8e1c,394.6962890625,395.0350036621094,396.7341003417969,396.89007568359375,395.083740234375,392.4571838378906,389.80242919921875,390.5348815917969,393.87603759765625,390.51849365234375,391.2271728515625,389.8896179199219
sample_63767acc8d4fa927,333.4714050292969,335.86517333984375,342.51263427734375,348.7767333984375,353.173583984375,358.5338134765625,363.7362060546875,368.119873046875,373.1200866699219,375.2674255371094,380.11944580078125,382.4075622558594
sample_82232303a7149606,418.0996398925781,418.3804016113281,418.7726745605469,416.73736572265625,413.2826232910156,408.00616455078125,400.9947204589844,397.6452331542969,398.0505676269531,393.35870361328125,392.0302429199219,387.17803955078125
sample_b100364aca41070b,361.125,364.2118835449219,371.20074462890625,375.55413818359375,378.14874267578125,380.94232177734375,384.27728271484375,386.3300476074219,390.6591796875,389.15496826171875,393.42291259765625,392.66650390625
sample_753de5984977e2d0,387.0478820800781,387.89501953125,391.15081787109375,393.27899169921875,392.71014404296875,394.36614990234375,395.2308349609375,396.58172607421875,401.0145568847656,399.5734558105469,402.5821228027344,400.9028625488281
sample_201f1dceb55eb73b,368.6241760253906,368.68426513671875,370.4427490234375,371.3667907714844,373.8010559082031,373.016845703125,376.0592346191406,378.6300048828125,381.9212951660156,381.792724609375,385.07330322265625,387.94256591796875
sample_de5dd3f4e9ed5958,474.7590026855469,466.7829895019531,464.202880859375,456.023681640625,455.47088623046875,453.2976989746094,451.0792541503906,452.92657470703125,451.4851379394531,450.681396484375,455.0673522949219,452.7397155761719
sample_da9e9e2feebfb3a8,350.9496154785156,357.00042724609375,367.2922058105469,373.2835388183594,378.35101318359375,384.3324890136719,386.4742431640625,392.7165222167969,398.61346435546875,398.43359375,402.0046081542969,401.5966796875
sample_2c953a2e1ad734a5,309.8987731933594,316.21807861328125,326.6529541015625,335.5150146484375,342.9764709472656,352.82244873046875,358.0923156738281,366.29620361328125,372.88665771484375,377.48699951171875,382.3800354003906,386.5817565917969
sample_0164119cfac1e7b7,350.2794189453125,360.5135192871094,374.23858642578125,381.5181884765625,387.8478088378906,393.65277099609375,393.760498046875,400.7572021484375,403.58514404296875,400.88397216796875,404.6742248535156,400.53662109375
sample_0e063c4fd91f54a1,329.2572937011719,352.50189208984375,375.51953125,399.81561279296875,424.8956604003906,448.73858642578125,471.49346923828125,493.1743469238281,503.46697998046875,516.1309204101562,525.3367309570312,531.8252563476562
sample_9941b7c91d857267,319.7283020019531,322.91314697265625,330.2279968261719,337.6944885253906,343.9242248535156,351.23834228515625,358.14501953125,363.9944763183594,369.1503601074219,373.39373779296875,379.08233642578125,383.03759765625
sample_10c12e13b3a855ed,409.3048400878906,404.6097106933594,402.5513000488281,398.97686767578125,394.6539001464844,392.01190185546875,389.0055236816406,389.3062438964844,389.44061279296875,388.9100036621094,388.7824401855469,389.0960388183594
sample_cba33b5c253b5e28,308.4725341796875,313.1796569824219,320.9989318847656,328.5210876464844,338.706298828125,347.542236328125,356.42413330078125,364.9334716796875,373.29449462890625,379.6152648925781,386.75726318359375,394.41259765625
sample_7749d22beba083ea,431.38641357421875,434.1049499511719,437.1522521972656,437.64447021484375,435.61932373046875,432.58526611328125,425.2293395996094,422.9573974609375,423.8528137207031,420.13427734375,419.39697265625,413.7366943359375
sample_f570babfe6443dc1,296.0853576660156,306.73358154296875,320.2932434082031,333.9230041503906,345.6111145019531,358.1031494140625,368.7637634277344,380.9979248046875,384.1250305175781,390.69439697265625,398.57440185546875,400.78369140625
sample_bf78a2decc2e15b8,487.0492858886719,494.96844482421875,501.2638854980469,504.3730773925781,510.91259765625,515.0985107421875,520.8367919921875,527.180908203125,536.9127807617188,535.9656372070312,537.25634765625,540.6515502929688
sample_ed8da745cb20eedc,413.4378356933594,408.88568115234375,406.9752197265625,402.80364990234375,398.697998046875,393.9499206542969,389.3988037109375,387.4384460449219,388.3722839355469,386.3606872558594,385.50152587890625,384.0173034667969
sample_b983b155215cab02,435.46319580078125,429.1385803222656,426.5510559082031,421.57122802734375,416.4906921386719,412.7001037597656,406.9718933105469,405.95709228515625,405.337646484375,403.9916687011719,403.2506408691406,399.55059814453125
sample_e83ba2c861ea8e56,667.9095458984375,650.8304443359375,637.7838134765625,623.3411254882812,615.327880859375,594.7423706054688,583.0054321289062,569.682373046875,556.1507568359375,546.989990234375,542.2572631835938,533.062255859375
sample_cd9e55843c6e5ef7,418.1985778808594,416.53814697265625,415.8106994628906,414.4983215332031,409.2171936035156,405.7024230957031,400.1145324707031,398.1249084472656,398.89715576171875,397.9167785644531,396.4913635253906,391.4840393066406
sample_a8a775c314d00c06,438.0733337402344,434.2264709472656,429.6144714355469,424.5643310546875,418.39794921875,410.126220703125,403.3735656738281,398.8248596191406,396.6229248046875,393.986572265625,389.1468505859375,384.9463806152344
sample_566d55b245038090,462.7203674316406,455.7675476074219,450.78692626953125,445.38897705078125,439.1526184082031,431.652099609375,424.1571960449219,420.2113037109375,418.2911376953125,414.9659423828125,411.1177062988281,408.11749267578125
sample_c246280c746deeb6,303.1795654296875,313.759033203125,327.5713195800781,340.0141296386719,350.5736083984375,360.99493408203125,370.1932373046875,380.16064453125,382.489501953125,387.4276428222656,394.1441650390625,395.2349853515625
sample_b2aab6da6ae82c63,277.4207458496094,285.5891418457031,296.6390686035156,310.3754577636719,321.4342041015625,335.34759521484375,347.5962219238281,359.21826171875,364.6391906738281,373.84698486328125,382.2333984375,388.7830505371094
sample_58357296a4f453f7,456.5623779296875,446.8789367675781,439.81341552734375,431.2458801269531,424.3689880371094,415.8534240722656,408.5404052734375,404.14349365234375,399.57977294921875,395.9247131347656,393.95159912109375,390.23956298828125
sample_32b5ed5dd9895a5b,397.7337951660156,396.3843078613281,395.6877746582031,396.4710693359375,392.25140380859375,392.8957214355469,391.99755859375,393.8766174316406,395.1142272949219,396.4355773925781,399.1227722167969,397.29278564453125
sample_857b9f91e0a2c808,367.77020263671875,367.3108825683594,368.0557556152344,370.6055908203125,374.7458190917969,377.343505859375,383.262939453125,388.0723876953125,392.81658935546875,395.01568603515625,400.7771301269531,404.5587158203125
sample_2005705ecc475be3,374.86767578125,373.688720703125,372.86474609375,372.2557373046875,370.973388671875,370.76654052734375,370.2653503417969,370.81475830078125,374.2274169921875,372.6158447265625,376.710205078125,376.0561828613281
sample_4e8a16eb42b23a5d,389.2719421386719,398.6524353027344,411.9045715332031,421.0794677734375,428.3348693847656,437.1488037109375,443.7676086425781,450.92333984375,459.05792236328125,459.2216491699219,463.3014221191406,462.46875
sample_6849762b7d1f7f1a,395.04656982421875,398.5911865234375,405.1524963378906,407.8767395019531,410.0113830566406,409.689453125,410.99267578125,410.50799560546875,413.901123046875,410.28948974609375,415.1678161621094,411.72979736328125
sample_27635b1bb9fcbadc,451.8005676269531,448.7920837402344,447.9308776855469,445.4250183105469,441.86505126953125,436.6799621582031,432.4212951660156,431.6452331542969,430.9307861328125,428.925537109375,428.12652587890625,423.514404296875
sample_197ee9f675f436f5,316.10516357421875,320.3049011230469,327.616943359375,334.6944885253906,342.4807434082031,350.5738830566406,356.9971923828125,364.1978759765625,371.91278076171875,377.3606872558594,383.1954345703125,389.0872802734375
sample_29c290f636118e9e,351.64971923828125,353.2294921875,357.39404296875,361.1059875488281,364.1003112792969,366.09375,368.5322570800781,372.0639343261719,376.6538391113281,377.9159240722656,381.2020568847656,384.5296325683594
sample_08ba6dd010a34253,276.9431457519531,282.6661682128906,291.99945068359375,302.4976806640625,311.5948181152344,323.86376953125,331.5470275878906,341.3301086425781,348.3768615722656,355.9738464355469,363.34912109375,371.1285095214844
sample_cff3e066000e4f3b,361.1639099121094,372.16827392578125,386.9884338378906,397.5020446777344,407.023681640625,417.2016296386719,423.515380859375,433.4080810546875,440.3853759765625,442.4917907714844,445.7793273925781,445.6275329589844
sample_cfdd69cef0bb6182,371.6570129394531,379.3986511230469,390.0987548828125,394.06982421875,397.57049560546875,400.3039245605469,397.9260559082031,401.38092041015625,404.4833679199219,399.0057678222656,402.4281921386719,396.88726806640625
sample_f991fe22c6ea3f01,366.4962158203125,367.52923583984375,370.984130859375,373.4153747558594,374.19635009765625,376.448486328125,377.6744079589844,379.7198486328125,384.3822021484375,384.1942443847656,387.2164001464844,386.7323913574219
sample_87b3224757c63b8c,340.2210998535156,351.11737060546875,365.2933654785156,378.38592529296875,390.81134033203125,404.29400634765625,416.60205078125,428.1776123046875,437.3548889160156,443.4810485839844,451.25018310546875,454.3330383300781
sample_1600a6eb68556d0c,498.04412841796875,513.3931884765625,525.1567993164062,530.8342895507812,535.849365234375,536.8278198242188,537.00048828125,538.5233154296875,539.4420166015625,531.6692504882812,533.3818359375,526.5728149414062
sample_8a71e030ab7f9eaf,321.74462890625,337.8099365234375,355.9613037109375,376.11651611328125,395.8154602050781,417.6609802246094,437.59173583984375,455.8285217285156,469.74273681640625,481.77630615234375,490.9869384765625,498.9583740234375
sample_386c30e4584a2318,410.6334533691406,405.4308776855469,401.4810791015625,399.7115478515625,396.5971374511719,397.0946044921875,396.92889404296875,396.9638671875,399.417236328125,401.3578796386719,404.8831481933594,407.24029541015625
sample_a8a39d4d42f77c8d,399.88323974609375,411.8759765625,426.5443115234375,436.98187255859375,446.3865966796875,456.1858215332031,464.08587646484375,472.3538513183594,481.0274353027344,481.155517578125,484.7192687988281,483.6824035644531
sample_a569c69e2a35a2da,351.1631164550781,350.8939514160156,352.9971008300781,353.5272521972656,358.26190185546875,359.30474853515625,363.72314453125,365.8724060058594,371.31170654296875,371.3875427246094,377.50970458984375,381.5064392089844
sample_794ef2c73a3acd3d,642.487548828125,630.8655395507812,623.2311401367188,611.023681640625,606.3076782226562,588.703857421875,580.8179321289062,566.3298950195312,556.569091796875,552.6234741210938,545.9957885742188,535.259033203125
sample_ed95e0ad2001abf8,674.5604858398438,657.6385498046875,644.7838134765625,630.0765991210938,623.0029907226562,602.3624267578125,590.8980712890625,577.7264404296875,564.2483520507812,554.7178955078125,550.8739013671875,541.949951171875
sample_9cff930aa4a0545b,385.8305358886719,391.802001953125,401.0839538574219,405.6718444824219,408.0317077636719,411.7313232421875,410.1686096191406,414.56396484375,418.59185791015625,415.60198974609375,417.8685607910156,413.9434509277344
sample_f63ffc7b634619a8,404.2402038574219,400.94757080078125,398.4541931152344,397.0353088378906,393.263916015625,393.4501647949219,391.1019287109375,391.0096435546875,394.6807556152344,394.5553894042969,397.26763916015625,397.1153564453125
sample_d73230e5ddcea250,586.552001953125,565.4431762695312,547.6149291992188,529.8742065429688,519.1863403320312,499.9163513183594,485.81524658203125,472.1942138671875,458.3049621582031,451.4254150390625,444.57708740234375,434.8564453125
sample_d2051777823b3f65,308.4039306640625,312.7973327636719,321.0686340332031,329.8275146484375,336.2187194824219,345.9142761230469,352.4603271484375,359.6589050292969,366.4051818847656,371.42822265625,378.0213928222656,382.9742736816406
sample_4524329088b7abbe,429.4308776855469,422.8614196777344,419.38421630859375,412.9591369628906,408.9529113769531,404.4678955078125,397.0220031738281,396.96722412109375,394.5231628417969,393.2344055175781,389.8411865234375,389.19232177734375
sample_f80ba85c375c9dc6,429.4894104003906,419.73828125,414.1606750488281,405.8410339355469,400.7694091796875,395.8886413574219,390.48480224609375,389.4858703613281,384.605712890625,385.2623596191406,384.71044921875,381.2840270996094
sample_9430a969a6cbeb7c,595.4220581054688,579.7940063476562,565.9507446289062,550.862060546875,540.8402709960938,521.15576171875,508.7376708984375,494.9230651855469,482.74945068359375,473.7178955078125,465.8862609863281,458.06292724609375
sample_8acb7051ecccca8d,392.71728515625,402.881103515625,412.5419616699219,424.97869873046875,438.4970397949219,451.0503234863281,466.5237731933594,479.1064147949219,490.21612548828125,495.76190185546875,504.8314514160156,511.11163330078125
sample_1ea977d1734d5cd8,487.61492919921875,473.32080078125,462.1452331542969,449.7386779785156,441.7160949707031,430.7143249511719,419.6891784667969,412.37396240234375,403.8945617675781,401.22509765625,395.4039306640625,388.7626037597656
sample_1d6b3b803533a982,401.9780578613281,400.9034118652344,400.7522888183594,399.789306640625,396.986083984375,396.1954040527344,391.9793701171875,393.186767578125,395.9314880371094,393.9894104003906,395.5822448730469,393.1481018066406
sample_aa147e4b419eb37d,374.28271484375,373.5794677734375,373.9898986816406,374.5206604003906,374.7850036621094,376.02667236328125,378.1120910644531,381.547607421875,384.0310363769531,385.61712646484375,390.0556335449219,391.8341064453125
sample_41c655c9697c4c7c,467.9131774902344,460.7770080566406,454.4120178222656,447.85992431640625,440.0897521972656,432.957275390625,422.6717529296875,416.73333740234375,414.9050598144531,413.3386535644531,406.1963195800781,402.01226806640625
sample_75e2c6fb46755f82,480.1405029296875,471.56292724609375,463.9530944824219,455.9083557128906,447.45111083984375,439.1445617675781,427.834716796875,421.09942626953125,417.92901611328125,415.58843994140625,407.9639892578125,403.4648742675781
sample_d198d43ab8df90fb,296.89739990234375,305.4161682128906,317.7508544921875,329.6819152832031,339.8345947265625,352.0916442871094,361.3646545410156,371.94366455078125,377.69561767578125,384.1278381347656,391.3897705078125,395.56683349609375
sample_e8bbb513b955caf4,517.904541015625,524.6864624023438,528.6951293945312,531.5972900390625,528.9744262695312,529.7818603515625,523.08740234375,520.7774658203125,523.427734375,518.5556640625,515.4530639648438,509.85601806640625
sample_9011121c844ee74d,380.9516296386719,380.755615234375,382.19207763671875,382.1416320800781,382.12762451171875,380.04718017578125,379.67413330078125,381.8061828613281,385.6715087890625,384.0060729980469,385.2891845703125,386.9295349121094
sample_12bb72cb4eff94ec,362.9976806640625,363.9245910644531,367.9667663574219,372.08099365234375,373.7842712402344,375.87188720703125,380.052490234375,382.7113952636719,386.3089599609375,387.5242919921875,392.0030517578125,393.0874328613281
sample_c5c2fdfabe6c9c0e,486.9683532714844,486.6256408691406,486.458984375,486.5665283203125,484.73809814453125,487.2784118652344,486.4077453613281,488.62451171875,490.5004577636719,494.18408203125,495.0172119140625,497.4827575683594
sample_d14bcc5c2eb8efe6,388.56524658203125,386.3994445800781,385.7394714355469,384.4411315917969,385.29827880859375,383.4051513671875,384.4675598144531,388.1460876464844,388.5975646972656,389.20159912109375,391.0113525390625,394.41650390625
sample_6a2a042c5271f551,395.6500244140625,402.032470703125,409.64483642578125,418.9513244628906,431.1133117675781,442.21820068359375,456.38531494140625,466.126708984375,478.6566162109375,482.32904052734375,491.73162841796875,499.12396240234375
sample_d3bbe0a575248ebd,393.41107177734375,393.4793395996094,395.0760192871094,395.3280029296875,393.9595031738281,391.2369384765625,389.0897216796875,389.9249267578125,393.5932312011719,390.7793273925781,391.57855224609375,390.92041015625
sample_6af70532319b8ab2,435.9720458984375,440.3442687988281,444.70001220703125,447.8420715332031,453.6043701171875,457.5034484863281,462.89788818359375,468.7944641113281,478.39013671875,478.08544921875,481.1256408691406,485.15771484375
sample_3332441e8d22ed71,444.37591552734375,440.08941650390625,438.81536865234375,435.3572998046875,434.9516906738281,431.476318359375,428.4352111816406,427.3079528808594,429.66668701171875,428.1733703613281,432.1349182128906,430.0088806152344
sample_a1495138107325b1,287.4565124511719,296.5035095214844,309.4871826171875,321.1367492675781,331.52239990234375,344.5718688964844,353.2391662597656,363.6047058105469,371.63702392578125,378.1312255859375,384.8385314941406,390.3970031738281
sample_d4fa4e335a03a8ee,395.272216796875,412.20751953125,429.5745849609375,438.0430908203125,447.41455078125,452.6282958984375,454.37890625,458.72674560546875,457.6435546875,453.71728515625,458.75018310546875,450.41583251953125
sample_0b9d8b7bbe52aed3,333.7279357910156,337.0671081542969,343.71417236328125,348.94207763671875,354.0362243652344,359.2572021484375,364.4726257324219,369.828369140625,376.1883850097656,377.7110595703125,384.21484375,388.23712158203125
sample_b44d5a10213e02dc,442.1496887207031,435.1791687011719,431.55078125,425.0333251953125,420.64019775390625,414.8843078613281,408.6607666015625,407.048583984375,404.97869873046875,403.140869140625,399.8235168457031,398.6112976074219
sample_92270b695c6d812e,324.4945983886719,327.1455993652344,334.0750732421875,341.1817626953125,346.5425720214844,353.1380615234375,359.41827392578125,364.67584228515625,370.1590881347656,374.3903503417969,379.9869384765625,383.8736267089844
sample_ea180cf0b701b41e,515.1635131835938,505.17742919921875,500.0636901855469,493.39544677734375,487.1322937011719,479.0618896484375,473.011962890625,470.163818359375,466.46038818359375,462.03546142578125,461.81292724609375,454.9018859863281
sample_bace170af356ae28,448.8135986328125,443.31982421875,442.67633056640625,437.4228210449219,435.62908935546875,433.9754333496094,430.7238464355469,432.6757507324219,432.9329833984375,431.7435607910156,435.3566589355469,432.4966125488281
sample_d5d50fdaf0237265,363.4704284667969,370.0386047363281,381.1121520996094,387.4165954589844,392.945556640625,396.8954162597656,400.78118896484375,405.27923583984375,408.1145324707031,406.9778137207031,411.0885314941406,408.6819152832031
sample_e0ebadcda25bb3c8,362.7945556640625,365.6639404296875,370.97076416015625,376.2969055175781,380.2480773925781,385.0614929199219,389.6970520019531,394.180908203125,400.9498291015625,402.27789306640625,406.88623046875,410.07574462890625
sample_4a471e666f535e1d,375.411865234375,377.2329406738281,381.9568786621094,385.5114440917969,387.347412109375,388.9825134277344,391.6703796386719,394.0876770019531,398.11749267578125,397.9662170410156,401.19476318359375,400.8666687011719
sample_6667b71f6483db8a,368.46246337890625,370.6554870605469,376.3948059082031,379.644287109375,380.22271728515625,381.98736572265625,382.16827392578125,383.94866943359375,388.8805236816406,386.6785888671875,389.64862060546875,388.2023620605469
sample_df11479690a0ebcc,429.4284973144531,421.57598876953125,416.4112243652344,409.36279296875,403.6827392578125,398.4563903808594,392.72479248046875,390.0960388183594,386.9961242675781,385.75799560546875,385.16229248046875,383.55902099609375
sample_22e59b74c5173ac8,320.6679382324219,326.100830078125,335.7084045410156,342.47308349609375,348.0818786621094,355.3404235839844,358.831298828125,365.19110107421875,371.4117126464844,373.0331726074219,377.7767028808594,380.1479797363281
sample_aa2103ae8ff5223d,363.9228515625,366.6044616699219,371.71685791015625,376.76727294921875,384.08868408203125,389.4541931152344,398.427978515625,404.3029479980469,410.98663330078125,413.29681396484375,420.8553161621094,426.2067565917969
sample_c3b1263465884f7a,340.15869140625,344.4783935546875,352.763427734375,358.99285888671875,363.4559020996094,369.9124755859375,373.2704772949219,378.62158203125,385.4768371582031,386.6502990722656,391.3941955566406,393.26422119140625
sample_2e043e13063b3cc1,350.0244445800781,355.46087646484375,365.6534729003906,370.7795104980469,374.3946228027344,377.1781311035156,378.60943603515625,382.40802001953125,384.6872863769531,382.0196228027344,386.152587890625,383.10675048828125
sample_4d08957428004290,582.2150268554688,562.3661499023438,543.5597534179688,524.5274658203125,512.4863891601562,492.7510070800781,476.048095703125,461.4925537109375,447.2138977050781,439.12225341796875,428.41632080078125,420.3057861328125
sample_4a0d675b67adf054,385.8224182128906,384.4515380859375,383.77099609375,383.5243835449219,380.76849365234375,380.85711669921875,377.83428955078125,380.65203857421875,382.9979248046875,383.00494384765625,384.64031982421875,385.6404113769531
sample_7142a21eb06c4426,343.1845397949219,347.4837341308594,355.3467102050781,361.2819519042969,366.2308654785156,372.2097473144531,374.9985046386719,380.5775146484375,386.9801025390625,388.1425476074219,391.9692687988281,394.0989685058594
sample_d167c12171284859,460.626708984375,468.24462890625,472.376708984375,472.25933837890625,470.5628662109375,462.7228698730469,450.836181640625,446.7342529296875,441.5752868652344,433.19342041015625,432.1413269042969,424.852294921875
sample_02d6fdad65c68f5e,386.1864013671875,388.3217468261719,393.1586608886719,395.07373046875,395.5349426269531,396.47613525390625,393.93524169921875,395.8113708496094,399.8187561035156,397.3745422363281,399.1313781738281,397.6794738769531
sample_a323581f182fc779,503.2629699707031,508.9006652832031,513.1654663085938,516.1976928710938,523.9049682617188,528.2237548828125,536.5033569335938,543.6012573242188,552.7989501953125,554.5480346679688,557.0169677734375,561.3184204101562
sample_8816bcf71acdebf2,423.0726318359375,424.4903259277344,427.4570617675781,427.9751892089844,435.8855285644531,437.5311584472656,445.3468017578125,450.8283386230469,456.8446960449219,457.3994140625,462.2674255371094,470.0789794921875
sample_93b8ad0498e38533,578.8432006835938,565.6058959960938,550.3681030273438,533.1354370117188,521.0780029296875,502.5946350097656,487.20208740234375,471.26544189453125,459.4544372558594,454.6935729980469,441.97637939453125,434.7311096191406
sample_736dc4c31b66c64c,401.0726318359375,398.71392822265625,398.06591796875,397.00323486328125,395.9996337890625,394.5473937988281,394.7492370605469,396.72320556640625,398.2745056152344,398.0105895996094,400.48876953125,400.8457946777344
sample_b326d632abdb419b,324.7091979980469,337.5994567871094,352.40411376953125,372.1221923828125,390.9380798339844,412.4410095214844,431.68487548828125,450.97088623046875,463.47607421875,477.5703125,487.8084716796875,497.6317443847656
sample_6eb6fb58c9340a65,492.0581970214844,480.7575378417969,471.0350036621094,460.59991455078125,452.2300720214844,439.86566162109375,429.7228088378906,422.8214111328125,416.42156982421875,410.3479919433594,406.3491516113281,401.5888977050781
sample_ab32aa612ad2c241,384.47015380859375,383.5634765625,383.4134521484375,383.0492858886719,383.786376953125,382.71453857421875,384.24591064453125,386.9916687011719,389.19927978515625,389.318359375,391.9288024902344,394.9913330078125
sample_4d1719ee118681d1,479.9646301269531,472.0127258300781,466.78692626953125,460.5623474121094,453.258544921875,444.34515380859375,436.251953125,429.2112731933594,427.85516357421875,425.19482421875,420.2740478515625,417.28857421875
sample_2d1b4309c52f57cc,387.548583984375,384.4518737792969,382.2388916015625,381.9197692871094,380.04876708984375,380.3231201171875,381.14947509765625,382.8045654296875,386.2891540527344,386.2762145996094,390.6035461425781,392.0075988769531
sample_1c26273b4083a22d,428.46905517578125,425.23834228515625,423.50347900390625,420.9782409667969,416.6676330566406,412.0447082519531,407.8215026855469,406.67913818359375,407.1721496582031,405.40478515625,403.24359130859375,401.34783935546875
sample_18400e5a5e6b6641,384.0909423828125,389.2923889160156,397.0838317871094,399.1835632324219,400.6059265136719,400.587890625,397.9522399902344,398.6317443847656,400.9488220214844,395.1066589355469,398.8506774902344,392.7469482421875
sample_7e13ab34f23f642d,528.0857543945312,510.1997375488281,495.8661193847656,480.77740478515625,471.4261474609375,458.427490234375,445.7027282714844,436.44171142578125,424.24615478515625,421.8286437988281,414.2926025390625,405.724609375
sample_98b5290e6032321e,335.658447265625,335.1542663574219,336.27093505859375,338.094970703125,344.4625244140625,347.8316650390625,354.6283874511719,357.8791809082031,364.0616760253906,366.0173645019531,374.546142578125,379.887939453125
sample_05163707bad26b2d,625.9046020507812,613.7891845703125,606.2859497070312,596.6345825195312,590.3568115234375,574.3969116210938,566.7383422851562,555.4722900390625,547.0657958984375,540.3236694335938,538.9833984375,528.5895385742188
sample_d413b613f983cb46,326.5767517089844,331.3182373046875,339.5545654296875,348.42230224609375,358.0565185546875,368.3945007324219,378.9765319824219,386.6826171875,395.1860046386719,400.9427490234375,409.9303894042969,416.0768737792969
sample_e7a6066b675516ce,325.823974609375,328.6672058105469,334.6651611328125,340.5118408203125,346.4609680175781,352.1617736816406,358.1825256347656,363.92327880859375,370.13848876953125,373.92071533203125,380.1278381347656,384.8742980957031
sample_4ec371ee66aade54,466.3519287109375,458.3817138671875,450.9530944824219,443.1563415527344,434.9949645996094,425.77252197265625,415.9058837890625,410.14007568359375,407.5233459472656,402.7964172363281,397.2811279296875,394.62884521484375
sample_926a40dfce62b369,411.71893310546875,423.34710693359375,437.2666320800781,444.7334899902344,453.3860778808594,458.70379638671875,464.22235107421875,470.48944091796875,476.0600891113281,473.7381896972656,476.397705078125,471.8632507324219
sample_dfcbce295f53bf23,485.3471984863281,473.3290710449219,462.2012939453125,451.0289611816406,442.8919982910156,430.2693176269531,419.8398742675781,411.4587097167969,404.6841125488281,399.40875244140625,394.583251953125,388.92657470703125
sample_46027690051e1119,353.42620849609375,366.77349853515625,383.73931884765625,396.1979675292969,407.90057373046875,419.89215087890625,428.3329772949219,439.4013366699219,446.8494567871094,449.8571472167969,454.0469970703125,454.1710205078125
sample_9e93aff0c3f24c85,634.11328125,621.1942749023438,610.7578125,598.4765014648438,590.0430908203125,571.3519897460938,562.4465942382812,548.3298950195312,536.504150390625,529.5944213867188,525.0753173828125,514.6032104492188
sample_74d1e5a759f265b4,371.61376953125,371.5238342285156,373.2398376464844,373.21807861328125,372.0418395996094,371.37579345703125,367.65594482421875,370.23931884765625,372.1844787597656,370.0433044433594,372.28436279296875,371.0375061035156
sample_620be7c77fcb7629,313.5307922363281,319.9560546875,330.0969543457031,341.4569396972656,351.1579284667969,364.1214904785156,374.4202575683594,384.2589111328125,393.5069580078125,401.2284240722656,409.53375244140625,415.7340087890625
sample_c03192158b4f8013,295.4131164550781,309.5265808105469,325.932861328125,344.9334716796875,361.6263732910156,381.41729736328125,398.666748046875,415.6420593261719,425.28521728515625,436.91534423828125,446.91094970703125,454.6375732421875
sample_7d278c24a79cb141,481.4382629394531,491.432373046875,498.0712585449219,502.7149658203125,504.3956298828125,500.41339111328125,498.9273376464844,500.45208740234375,499.1580810546875,492.5796813964844,495.33367919921875,489.6875305175781
sample_774d1f27af8e1aca,466.66656494140625,463.4920654296875,459.3375549316406,451.44940185546875,446.60198974609375,435.9784851074219,426.7529296875,418.6926574707031,414.70867919921875,409.73370361328125,404.333251953125,397.78631591796875
sample_6b345d067d7afb6d,318.0374755859375,323.53375244140625,333.15264892578125,341.4069519042969,347.8132629394531,356.73797607421875,362.71844482421875,369.22161865234375,376.59820556640625,379.93597412109375,386.26080322265625,390.02978515625
sample_5759caa6ff17c837,441.0837097167969,438.53594970703125,436.787841796875,433.90325927734375,431.14862060546875,430.21490478515625,427.8160095214844,427.2587890625,429.6455078125,428.05975341796875,432.0417175292969,429.700927734375
sample_12419ad7ec792880,346.5175476074219,359.34088134765625,375.65545654296875,390.31329345703125,402.88787841796875,417.8763122558594,430.58135986328125,442.4250793457031,452.0294189453125,457.8153076171875,464.27313232421875,467.4375915527344
sample_a6706613145704f2,436.70269775390625,427.59112548828125,421.9107666015625,414.924072265625,410.5636291503906,405.3275451660156,401.6355285644531,399.14349365234375,396.0959167480469,396.395751953125,396.88360595703125,393.4473571777344
sample_78617b1caaa77628,345.2980041503906,347.3278503417969,352.192626953125,356.990478515625,362.37274169921875,367.37701416015625,373.4962158203125,378.03851318359375,382.6797790527344,385.67999267578125,390.83233642578125,394.3255920410156
sample_b6f75d4beef89199,394.70025634765625,396.2524719238281,399.2209167480469,399.6102294921875,398.021484375,395.7281494140625,391.453857421875,391.53466796875,394.26708984375,390.22271728515625,390.0631103515625,389.2639465332031
sample_ac5701e79049f4d7,347.08148193359375,348.6540832519531,352.0881652832031,355.2252502441406,359.4969177246094,360.6031799316406,364.4722900390625,368.150390625,372.54376220703125,374.2010498046875,378.28289794921875,382.86212158203125
sample_f13ced31cef56c7e,329.8689880371094,333.21429443359375,340.2696533203125,347.13238525390625,352.55523681640625,359.8948669433594,365.73492431640625,371.45550537109375,378.4020080566406,382.06793212890625,388.3818359375,392.2048034667969
sample_0676fae9b3117d33,623.2969970703125,610.0728759765625,598.9241333007812,584.8805541992188,576.2422485351562,556.8128051757812,545.77001953125,532.2586669921875,521.8165283203125,512.483642578125,506.0523376464844,498.05255126953125
sample_3758e1ac40d90411,362.7399597167969,364.2064208984375,368.2411193847656,372.0975341796875,374.9657287597656,378.1764221191406,382.4291076660156,385.7249450683594,389.6391906738281,391.5796813964844,395.626953125,396.8072509765625
sample_d812db0bceb5f87a,353.58966064453125,370.29345703125,388.9067687988281,406.3076171875,421.71563720703125,438.52728271484375,452.5943298339844,466.8759460449219,475.1854248046875,482.44403076171875,488.2890625,490.53564453125
sample_932e6d683de28825,390.24755859375,401.0557861328125,412.9731140136719,427.02947998046875,441.3607177734375,456.26849365234375,472.5658264160156,485.3572692871094,499.53704833984375,505.7997741699219,513.6565551757812,519.1038208007812
sample_1973a13ad9973466,588.2493896484375,573.0305786132812,559.0064697265625,541.8701171875,530.9274291992188,509.8487548828125,495.38189697265625,480.9433898925781,468.76251220703125,459.9987487792969,450.0187683105469,444.2889099121094
sample_3a1a81047570702d,321.35723876953125,324.83050537109375,331.7557067871094,338.3553771972656,344.8177795410156,351.87420654296875,358.2481689453125,364.357177734375,371.300048828125,375.7056884765625,381.9984130859375,386.7586975097656
sample_e3904ba6d9c42138,429.7618713378906,423.3710632324219,421.5788269042969,415.5462341308594,413.00970458984375,406.87335205078125,402.7529296875,400.814697265625,400.337646484375,398.9916687011719,399.7594909667969,398.881103515625
sample_c79aff842268d74a,321.96527099609375,327.5325622558594,337.36126708984375,344.28314208984375,349.8320007324219,357.146484375,360.59002685546875,367.04534912109375,372.9106140136719,374.6051025390625,379.36944580078125,381.70318603515625
sample_0d143b609fff9e38,330.7308044433594,332.87261962890625,337.946044921875,341.1512756347656,348.2320861816406,351.2171325683594,356.7737121582031,361.238525390625,367.6320495605469,370.4581604003906,375.1349182128906,380.96405029296875
sample_ccb241aa0f2d2559,306.6886901855469,312.1200866699219,322.01385498046875,330.448486328125,336.7134094238281,345.46136474609375,351.0754699707031,357.9809265136719,363.6502685546875,367.0001220703125,372.9674987792969,376.4752502441406
sample_ac82be6467cc5419,443.54443359375,440.5335693359375,439.3578796386719,436.7471923828125,432.936767578125,427.61553955078125,422.6583557128906,421.6164245605469,422.1699523925781,419.8337097167969,419.4798889160156,415.48663330078125
sample_936fd27ebfabbf0a,423.12384033203125,417.06396484375,415.0511169433594,409.65386962890625,405.50335693359375,402.7049560546875,396.690185546875,397.16046142578125,396.1065979003906,395.5011291503906,395.6424255371094,392.79718017578125
sample_c8091792d788a203,318.874267578125,323.2705383300781,332.0829162597656,339.7452697753906,344.83758544921875,352.5501708984375,357.8493957519531,363.5775451660156,369.21649169921875,371.88934326171875,377.6689147949219,380.259033203125
sample_cffca853c0bd55cf,342.5760803222656,347.4046325683594,356.2361145019531,362.01824951171875,366.0438537597656,370.98724365234375,372.71258544921875,377.885986328125,382.5582275390625,382.02301025390625,386.05938720703125,385.90789794921875
sample_74ea66f3e276d5af,328.78192138671875,331.80267333984375,338.610107421875,343.4132385253906,347.5673828125,352.36846923828125,353.8755798339844,359.2486877441406,364.9498291015625,366.537841796875,369.2696228027344,372.85430908203125
sample_ba90490459ab0375,337.316162109375,348.4884033203125,362.4599304199219,376.5181884765625,389.9365234375,404.31951904296875,418.08331298828125,430.5911560058594,440.044677734375,447.30413818359375,455.5010681152344,459.3284912109375
sample_48865880b9925243,320.2765197753906,330.5351867675781,344.4324035644531,356.1875305175781,366.4859313964844,377.292236328125,385.4079895019531,395.59454345703125,399.24005126953125,404.0636901855469,410.0125427246094,410.4583740234375
sample_efdb035555f00f5f,580.3721923828125,566.6082763671875,555.89599609375,544.4507446289062,535.3421020507812,519.6651000976562,508.8495788574219,497.85870361328125,488.75140380859375,481.01031494140625,475.2131042480469,464.93695068359375
sample_ff5e71817401c0d0,492.62603759765625,486.0156555175781,479.231689453125,471.2567138671875,462.7897033691406,452.5469665527344,442.3690185546875,434.7502746582031,431.21966552734375,429.16375732421875,422.02935791015625,416.7398681640625
sample_ef509a3c8ad25b7d,352.761474609375,354.18023681640625,358.5643310546875,361.7176818847656,362.9751281738281,365.01898193359375,365.7427978515625,368.88427734375,373.51068115234375,373.53558349609375,376.2713928222656,378.4919128417969
sample_97a206626bd7689e,428.8809509277344,425.50103759765625,423.9887390136719,423.95263671875,425.9742736816406,426.06170654296875,427.6474609375,430.10540771484375,434.0163269042969,435.68096923828125,441.3363342285156,442.7560119628906
sample_cc69969280889f6c,401.6663513183594,411.9248046875,421.8496398925781,424.98834228515625,427.59637451171875,428.1768493652344,421.8772277832031,422.63177490234375,421.77520751953125,416.12896728515625,419.04876708984375,411.76885986328125
sample_4ed862d7e1e49c10,324.8419494628906,328.8014831542969,335.79095458984375,341.4634094238281,345.96173095703125,351.378173828125,351.776611328125,358.2588806152344,362.7936096191406,365.2292785644531,367.58367919921875,370.71356201171875
sample_9cd9baeaa53f76df,352.9200134277344,359.9130859375,370.0837097167969,379.7137756347656,387.958251953125,396.1865539550781,404.8232421875,412.7572021484375,417.73046875,420.7867736816406,427.397705078125,428.1376037597656
sample_8ac9936c70fef5ee,544.3722534179688,535.7619018554688,526.8565063476562,513.5611572265625,505.09478759765625,489.29052734375,476.462158203125,464.00787353515625,454.9747314453125,450.919921875,441.1759948730469,434.87103271484375
sample_aefa18a7babd9d6e,513.714599609375,497.1632995605469,483.9777526855469,469.90240478515625,461.01458740234375,449.082763671875,436.5759582519531,428.0349426269531,417.1268005371094,415.1872253417969,407.7767028808594,400.0512390136719
sample_e6b4d564a871f5d5,364.1976623535156,363.7471008300781,364.49639892578125,366.0904235839844,373.9380187988281,378.681640625,385.9729309082031,393.59783935546875,398.7015380859375,400.5536804199219,409.90789794921875,414.4405212402344
sample_c820d06b028c2649,440.05389404296875,438.21356201171875,435.80975341796875,430.11541748046875,423.7867431640625,414.9261779785156,406.216064453125,400.8587646484375,396.8680419921875,393.2344055175781,390.38006591796875,382.86309814453125
sample_ab52eb51ce7611ef,480.0190734863281,482.9034118652344,486.79144287109375,488.6357116699219,502.07598876953125,506.73870849609375,518.2090454101562,527.7877197265625,536.8965454101562,538.8738403320312,545.5673217773438,556.3106689453125
sample_8892344d819c10fa,448.6686706542969,446.4794006347656,446.1353759765625,444.01129150390625,443.46514892578125,445.0741271972656,445.8622741699219,448.6711120605469,449.2336730957031,450.9075927734375,455.9765319824219,454.3372497558594
sample_759b82eef0844e9c,354.89886474609375,355.7622985839844,359.97357177734375,363.45257568359375,367.6844482421875,370.184326171875,375.3063659667969,378.0486755371094,382.73895263671875,385.047607421875,388.8963928222656,390.6122741699219
sample_b21aecd3c0cd635f,423.2158508300781,420.5675964355469,417.538330078125,414.8048400878906,408.9831237792969,403.060546875,397.518798828125,395.02825927734375,394.5968017578125,391.8147888183594,389.615478515625,385.603515625
sample_17c82263b7a50a99,437.5508728027344,448.4302978515625,459.6828308105469,465.47625732421875,470.5345458984375,475.6509704589844,475.76177978515625,479.3572082519531,486.24462890625,481.59295654296875,482.29791259765625,477.1822509765625
sample_5754c8d5b201ed87,531.8698120117188,522.620361328125,512.661376953125,498.6095886230469,488.81854248046875,471.19635009765625,458.535888671875,446.6553039550781,436.8945617675781,432.2493896484375,423.0152282714844,417.2655334472656
sample_df169815338676a1,577.1763916015625,561.6873779296875,545.6726684570312,528.03466796875,515.6390380859375,496.54180908203125,480.6509704589844,465.91290283203125,454.5716552734375,446.4632873535156,435.2767333984375,429.070068359375
sample_115455fcb9fac7fd,588.1985473632812,571.5106201171875,556.283447265625,540.1419067382812,529.4266357421875,510.3685302734375,495.9718017578125,482.6145935058594,469.86663818359375,461.54296875,452.37213134765625,443.8466796875
sample_0a603d2709fc1314,389.0809631347656,388.5122375488281,389.6238098144531,391.24847412109375,391.7374572753906,392.8497314453125,395.3395080566406,398.37579345703125,402.2624206542969,404.0527038574219,407.41009521484375,408.4435119628906
sample_8c3eb9d7d44bac6d,452.0841979980469,445.6224365234375,439.1619873046875,432.9591369628906,425.57733154296875,417.5645751953125,408.966064453125,403.4418029785156,401.6013488769531,398.28668212890625,391.8968505859375,388.7889099121094
sample_a2ef3f75069db2c9,576.8981323242188,564.6079711914062,552.3408813476562,538.0128173828125,527.8920288085938,509.8954772949219,497.29718017578125,483.9773254394531,473.41961669921875,466.5234680175781,457.43572998046875,449.7200927734375
sample_27b7bb25a7437640,364.80303955078125,364.87469482421875,366.2835998535156,366.8496398925781,370.4425964355469,370.202392578125,375.0941162109375,378.0122375488281,381.26837158203125,381.98291015625,386.73760986328125,390.3702392578125
sample_40f2a6e4f78159cf,449.46807861328125,448.1331481933594,446.890380859375,442.69866943359375,438.89752197265625,432.1984558105469,424.9317932128906,418.56048583984375,418.461181640625,413.59637451171875,410.7440185546875,404.2426452636719
sample_504c999d76d1973f,377.283203125,377.8401794433594,380.0957336425781,382.1510925292969,384.3810119628906,385.4801330566406,389.1680908203125,392.1029052734375,395.9602966308594,397.11627197265625,400.48583984375,402.8692626953125
sample_87767396d5d151b4,443.10345458984375,433.4205627441406,426.7578430175781,418.5103759765625,413.28179931640625,405.1683044433594,399.3340759277344,394.4180603027344,390.42138671875,388.43585205078125,388.01080322265625,384.6236572265625
sample_f07891a646d82c36,411.5272216796875,408.0357971191406,405.7255859375,404.2923583984375,398.3548889160156,394.82769775390625,390.218994140625,388.3503112792969,390.2469787597656,388.76873779296875,386.8902282714844,384.514404296875
sample_259e364a909508dc,398.9512023925781,396.0082702636719,394.7322692871094,392.97784423828125,390.84576416015625,389.4033508300781,389.1187438964844,390.526611328125,391.44970703125,391.7528991699219,394.0967102050781,394.5228576660156
sample_e87f68bb2139ad68,279.0356140136719,285.6350402832031,295.9999694824219,306.25048828125,315.02667236328125,327.0467224121094,334.4034423828125,343.7030029296875,351.52001953125,358.00152587890625,364.64239501953125,372.12786865234375
sample_0399332d74a15c10,424.1866149902344,416.94256591796875,411.3836975097656,404.5450439453125,398.6518249511719,391.72509765625,385.5462646484375,380.81805419921875,378.59918212890625,376.2623596191406,374.740478515625,372.6171569824219
sample_7d7c99d34cfc5e0b,423.8127136230469,419.36004638671875,417.21136474609375,414.828857421875,409.2699890136719,406.3267822265625,401.3625793457031,400.523193359375,401.5403747558594,399.9481506347656,399.4083251953125,396.51568603515625
sample_c44876cc1fc08034,425.5488586425781,425.9560546875,425.6962890625,423.30133056640625,418.7407531738281,413.57745361328125,404.6585388183594,401.2757568359375,400.0115661621094,395.91339111328125,393.3721008300781,388.1819152832031
sample_1fcea3cc348764b2,404.5003967285156,407.2266845703125,412.0340576171875,413.8428649902344,413.53216552734375,412.248779296875,408.7190246582031,409.6876525878906,410.9917907714844,407.66839599609375,409.4530334472656,403.5575866699219
sample_2f053818c0fe1618,404.6150817871094,401.2300720214844,399.239013671875,398.80426025390625,394.71728515625,394.03924560546875,393.634765625,393.465576171875,396.9632568359375,397.1289978027344,399.786865234375,400.0093078613281
sample_2e78b2ea251c44ff,369.5415344238281,375.11114501953125,384.57012939453125,389.01904296875,391.9881286621094,394.152587890625,395.8018493652344,397.0181884765625,400.5441589355469,396.9642333984375,401.43438720703125,397.60968017578125
sample_6baa7771f9483f06,396.0782470703125,395.62298583984375,396.6388244628906,396.3094482421875,396.0025634765625,394.49188232421875,394.1552734375,396.9971618652344,399.4209289550781,399.2160339355469,400.252685546875,402.2875671386719
sample_3f6c66823889d9dd,440.35467529296875,434.3283996582031,432.0787658691406,427.0256652832031,424.4972839355469,420.1675720214844,416.2076721191406,414.638427734375,414.85498046875,413.033203125,415.555419921875,413.54541015625
sample_e7bf46a4af65267e,392.538818359375,400.3326416015625,411.765380859375,417.88836669921875,422.4960021972656,425.7555847167969,429.0308532714844,432.9910888671875,435.26422119140625,432.6780090332031,437.1724548339844,433.1002502441406
sample_c0ca21f284d5e0f7,414.7470703125,409.3923645019531,407.1482238769531,402.9679870605469,400.56622314453125,398.4952087402344,396.741943359375,397.4689636230469,397.2637939453125,397.5867614746094,398.7731628417969,399.91302490234375
sample_258b571704293c54,751.4136352539062,737.1578369140625,723.2161254882812,705.9547729492188,696.967041015625,672.7362670898438,661.0753173828125,642.156982421875,625.4566040039062,617.4302368164062,608.5452880859375,596.4012451171875
sample_23d98266f97001e5,439.7884521484375,460.3712158203125,479.1312255859375,489.09466552734375,501.54180908203125,507.8896179199219,509.9733581542969,516.9064331054688,520.34619140625,514.8381958007812,516.1856689453125,507.5164794921875
sample_0b68eb15687b273f,516.2916870117188,522.561279296875,527.4996337890625,530.0831909179688,533.7802734375,536.740478515625,538.8351440429688,543.4622802734375,549.8977661132812,551.1097412109375,550.54833984375,551.8575439453125
sample_53c33b515348bd54,522.595458984375,528.84912109375,533.7080078125,536.6618041992188,540.080322265625,542.5958251953125,544.7235717773438,549.5809326171875,555.6483154296875,556.3558959960938,555.7400512695312,556.6638793945312
sample_c2e064993bd288fb,372.3948974609375,392.7962341308594,413.74127197265625,433.08660888671875,452.4931640625,470.9794616699219,487.51800537109375,503.9471740722656,513.7362060546875,521.112548828125,526.0593872070312,527.633056640625
sample_fb544b096b932b93,384.3462219238281,383.15985107421875,384.13079833984375,384.3929443359375,383.35931396484375,382.77105712890625,381.9948425292969,383.15118408203125,386.9670715332031,387.1536560058594,389.1744079589844,388.6113586425781
sample_ffc6e5d1fe8faf7e,393.1736755371094,388.37310791015625,385.6065979003906,381.53009033203125,378.71624755859375,376.74322509765625,373.73773193359375,375.27911376953125,375.1640319824219,375.30078125,375.4798889160156,378.0795593261719
sample_3ec36090fd8d2a14,570.7200927734375,549.93359375,531.9483032226562,514.4032592773438,503.2613525390625,486.89263916015625,471.24346923828125,459.04168701171875,443.701904296875,439.3768310546875,429.54705810546875,419.5226745605469
sample_a3911689326cb0b1,296.490234375,301.6842041015625,310.4161682128906,318.7783203125,325.8066711425781,335.2291564941406,340.2637023925781,348.3199157714844,355.1513671875,360.03997802734375,365.3447265625,371.1957092285156
sample_622b6bd64247e4d2,451.7218017578125,460.24462890625,465.5990905761719,468.12786865234375,466.7823486328125,462.03955078125,452.63836669921875,449.6910400390625,446.4136962890625,439.6732177734375,438.07110595703125,431.73150634765625
sample_dd116e215f9bde0f,287.3044128417969,293.9367980957031,304.2915344238281,315.0520935058594,324.5329895019531,337.2868347167969,345.635009765625,355.3606262207031,364.2618408203125,371.6808166503906,378.6539001464844,385.90252685546875
sample_b217af9399994642,352.55548095703125,361.72259521484375,374.2104187011719,379.72381591796875,385.1468200683594,390.3695068359375,388.057373046875,394.45550537109375,397.50494384765625,394.2134704589844,396.6274108886719,392.40496826171875
sample_5eea6a4d11c3c221,394.5199890136719,391.8664245605469,390.41986083984375,389.0193786621094,386.0426940917969,385.03375244140625,383.28192138671875,385.0520324707031,387.3602294921875,386.4539489746094,387.783203125,389.1619873046875
sample_172854c94314a1c3,421.5805358886719,418.03045654296875,415.2741394042969,412.5399475097656,406.8077392578125,402.05810546875,396.8269958496094,395.052001953125,394.5469055175781,392.8546142578125,390.6123962402344,387.74102783203125
sample_2a6983c80013078a,514.6011352539062,502.117919921875,491.6181640625,482.7652587890625,473.5549621582031,463.3951110839844,452.88323974609375,444.53668212890625,438.97039794921875,435.67547607421875,430.6123962402344,423.7554626464844
sample_1f40ebfe6119d681,496.44415283203125,485.0113220214844,477.3407287597656,468.50958251953125,461.2432861328125,452.4716796875,444.8541259765625,440.4451599121094,434.6427307128906,432.0894470214844,429.1318359375,423.13372802734375
sample_edaf53514bf0c32e,352.79034423828125,352.8367919921875,357.086181640625,359.6235046386719,364.92633056640625,367.1381530761719,371.70660400390625,375.0791931152344,380.8409118652344,383.345703125,386.3875732421875,390.1119384765625
sample_346ef182e203eca4,510.7097473144531,520.048583984375,525.6544189453125,529.003662109375,528.1822509765625,528.5659790039062,522.6385498046875,520.2453002929688,524.6657104492188,518.694091796875,516.2506103515625,513.9822387695312
sample_da52f9b14d15c51f,302.78863525390625,308.7469787597656,318.7916259765625,327.9444274902344,335.36370849609375,345.66497802734375,352.62786865234375,360.1063537597656,367.58514404296875,372.266845703125,378.643310546875,383.7463684082031
sample_f7b4477bc1cb1338,542.4337158203125,535.2063598632812,531.0170288085938,523.4974365234375,520.3290405273438,508.4757995605469,501.64263916015625,493.18756103515625,489.3453674316406,485.4703369140625,480.02227783203125,471.73468017578125
sample_937752ac54c658e9,299.6975402832031,308.6654968261719,321.76513671875,332.5004577636719,341.9598083496094,353.6290283203125,360.57940673828125,370.3809814453125,377.84747314453125,382.7362060546875,388.4560241699219,392.1807861328125
sample_61dd0aa65f0608b9,391.8309631347656,391.5268859863281,393.54296875,393.6646423339844,391.5090637207031,390.13616943359375,385.5792236328125,387.4626159667969,389.39239501953125,386.52655029296875,387.0514831542969,384.45086669921875
sample_92e40598b255f307,288.1625671386719,293.18377685546875,301.39508056640625,309.72833251953125,317.8502502441406,327.423095703125,333.19677734375,341.7470397949219,348.89971923828125,355.275634765625,360.8235168457031,367.9710388183594
sample_afa5130f3dfc8e4a,332.2783203125,335.6247253417969,342.0543518066406,347.50396728515625,352.6799011230469,358.21588134765625,363.74041748046875,369.1368408203125,375.6124572753906,377.43896484375,384.2656555175781,388.4862976074219
sample_bf6ba33a8f0f19a2,415.35870361328125,418.3587341308594,422.2772521972656,422.4047546386719,422.1852111816406,418.58251953125,414.5780944824219,412.0762023925781,415.0276184082031,409.8135681152344,411.18841552734375,406.7532043457031
sample_a311786a17a6a003,435.4078063964844,448.7391357421875,462.40606689453125,469.3374938964844,477.1240539550781,483.0107727050781,484.7760314941406,489.82843017578125,497.1598815917969,492.1385803222656,492.92510986328125,487.7554626464844
sample_56f1852adabf9725,363.1903381347656,361.74591064453125,362.1493835449219,361.7845764160156,364.8131103515625,365.3239440917969,368.0088806152344,369.9970703125,374.72637939453125,373.95013427734375,379.7996826171875,383.0000305175781
sample_612ce7c23f865092,399.6589050292969,409.9591979980469,423.210693359375,430.6915588378906,437.88531494140625,443.6114196777344,446.61688232421875,452.98773193359375,456.728271484375,454.88739013671875,457.09912109375,452.6463623046875
sample_1c90aec01a6b887e,385.8530578613281,386.24334716796875,387.20050048828125,388.2511291503906,387.0552673339844,386.5421142578125,385.7606201171875,388.3381652832031,391.24835205078125,390.6909484863281,393.5560607910156,390.5415344238281
sample_c856e1411e2c391b,322.23004150390625,326.474853515625,334.4852294921875,342.40576171875,348.9434814453125,357.9300842285156,364.3626708984375,371.09619140625,378.8585510253906,383.5045166015625,390.24310302734375,395.0310974121094
sample_734ec41bf9abcd52,348.1057434082031,364.9461364746094,383.7674865722656,403.3818054199219,422.11602783203125,442.2318115234375,461.3951110839844,478.0692138671875,490.9466552734375,500.82489013671875,508.3826904296875,514.5187377929688
sample_a7d0218b478669cb,714.4494018554688,700.3390502929688,686.4661254882812,668.7564086914062,658.654296875,635.3641967773438,622.6470947265625,603.923095703125,588.1572875976562,581.0541381835938,570.3597412109375,557.7356567382812
sample_f16f8ec977b3afbf,305.36688232421875,321.05340576171875,337.9048156738281,361.0165100097656,383.6902770996094,408.9758605957031,431.76898193359375,454.5098876953125,468.32183837890625,484.8141784667969,497.01519775390625,509.16680908203125
sample_3c8cd59791d1d0f1,433.8323974609375,436.84051513671875,439.26336669921875,438.7682800292969,435.1720275878906,431.4436340332031,421.9865417480469,420.424072265625,418.8033447265625,414.4508361816406,414.1744384765625,407.08953857421875
sample_30a44a9c5135b22d,380.5511474609375,380.7806701660156,382.4751281738281,383.5592346191406,382.51409912109375,381.8871765136719,380.9342956542969,382.67333984375,386.224365234375,384.8615417480469,386.83197021484375,385.14703369140625
sample_574b191e177d3d1f,299.4658508300781,316.0080261230469,331.93365478515625,350.5544128417969,369.6152648925781,385.79901123046875,402.50506591796875,419.34375,423.28955078125,432.44403076171875,441.0911865234375,445.19927978515625
sample_ff92d6698d25e276,359.7743835449219,383.4613037109375,407.4086608886719,431.9317321777344,457.2210693359375,482.04559326171875,506.67071533203125,527.5404663085938,543.644775390625,555.593505859375,562.4498291015625,569.5979614257812
sample_03a983adad29425d,423.0830383300781,431.8609619140625,439.5692138671875,448.3077392578125,459.67034912109375,469.1117858886719,482.572265625,493.1165466308594,505.6001892089844,508.460693359375,514.6538696289062,522.4577026367188
sample_ee0a4a285b9c628a,310.0724182128906,321.05340576171875,334.20989990234375,348.08831787109375,360.39874267578125,372.9712219238281,384.32586669921875,396.279296875,400.07080078125,406.9820251464844,414.5682067871094,416.8379211425781
sample_82b9dd50a84de564,384.8127136230469,382.98248291015625,383.97601318359375,384.032958984375,384.3466491699219,383.15374755859375,383.7438049316406,384.9999084472656,388.9320068359375,389.5739440917969,391.8025207519531,393.1678771972656
sample_e332768b00d9ab0e,367.39324951171875,372.56781005859375,382.1944274902344,389.109375,393.919189453125,401.2036437988281,406.6792907714844,412.0487060546875,419.6091003417969,420.7090759277344,425.6927795410156,426.20416259765625
sample_42cb641ebb1a15cd,422.4183044433594,415.8191223144531,411.8418273925781,407.6692199707031,405.1713562011719,404.431396484375,403.5466003417969,403.29608154296875,404.0230712890625,404.54437255859375,408.49334716796875,410.2745361328125
sample_da7778974d627008,299.78216552734375,306.082763671875,316.0971984863281,325.2916259765625,333.2451171875,343.73974609375,350.1634521484375,358.3877258300781,366.2315368652344,371.4505310058594,377.2060241699219,382.46746826171875
sample_46e7884f7409a79f,437.9605407714844,433.68072509765625,429.42681884765625,424.4236145019531,417.8039245605469,409.72076416015625,402.766845703125,398.0926513671875,396.45050048828125,393.34881591796875,389.661865234375,385.7798156738281
sample_4dedd054176ba7fb,529.7193603515625,518.8682861328125,514.5637817382812,506.6184387207031,502.35125732421875,494.9634094238281,487.54754638671875,486.9163818359375,479.9115905761719,478.2711181640625,476.72900390625,471.7333984375
sample_cee7931c68ffcd61,342.8817138671875,345.8132019042969,352.10980224609375,358.578369140625,363.3236083984375,368.9471740722656,374.9412536621094,380.1368408203125,385.1656188964844,387.13916015625,392.3826904296875,395.4056091308594
sample_6d3d74b4ba87c6bb,551.4072265625,538.00927734375,527.0902099609375,515.3345947265625,507.7044677734375,491.50762939453125,481.2247314453125,472.09259033203125,462.9986877441406,454.11431884765625,450.26080322265625,442.9337158203125
sample_93a3bf1a0e1f8624,330.2802734375,340.5606384277344,355.3494567871094,365.4439697265625,374.3734130859375,384.0107727050781,389.8821105957031,398.658935546875,403.84747314453125,406.2925720214844,411.5461120605469,411.5184326171875
sample_9f89dbc0255a869e,395.5849304199219,411.7054138183594,428.1000671386719,446.6036071777344,465.514892578125,484.21240234375,504.7004089355469,520.8556518554688,536.2568969726562,545.1057739257812,551.8084716796875,558.5226440429688
sample_79114d2bd5413154,308.533203125,316.5076599121094,328.73736572265625,336.524658203125,343.5213623046875,351.3695068359375,354.1453552246094,362.4317932128906,366.9365539550781,368.575439453125,372.7696228027344,374.6966857910156
sample_6cd800e5947c90c0,424.052734375,419.5777282714844,417.87774658203125,415.60528564453125,411.47296142578125,412.57177734375,409.68487548828125,412.1249084472656,412.5354309082031,413.71051025390625,416.0013122558594,415.6996154785156
sample_0cc5bfec378d1b53,383.6427917480469,386.8148498535156,391.2234802246094,396.32879638671875,406.68878173828125,412.1775817871094,424.82415771484375,432.1402282714844,440.09613037109375,442.5757141113281,451.47723388671875,459.97686767578125
sample_4949fd4e77ebcd20,427.5846252441406,426.9451904296875,427.60443115234375,426.47894287109375,429.32415771484375,429.156005859375,432.175537109375,434.40118408203125,438.6952209472656,437.9468688964844,443.0654602050781,444.3420104980469
sample_368590951eab001e,360.6822204589844,363.47100830078125,369.8255615234375,373.5289611816406,375.007568359375,377.4079895019531,378.6091003417969,381.12158203125,386.0193176269531,384.1897277832031,388.0611572265625,387.39215087890625
sample_d41da83daeaa3b22,454.79046630859375,445.57391357421875,438.48028564453125,431.17205810546875,424.8570861816406,416.036376953125,409.42333984375,403.3265380859375,400.17193603515625,396.7721252441406,395.10089111328125,390.57073974609375
sample_103e817bfcb27a8a,381.47064208984375,381.2685241699219,382.3714294433594,383.50439453125,382.8992004394531,383.06640625,383.16510009765625,386.52239990234375,389.2025451660156,389.9217224121094,392.43536376953125,392.9407958984375
sample_f18227eb5fe3a8a2,487.6841125488281,483.2581481933594,477.903076171875,469.3246154785156,463.4542236328125,452.2739562988281,441.589599609375,432.9570617675781,429.10028076171875,423.7268981933594,416.90301513671875,410.014892578125
sample_8af66b34e7c8f108,381.8683166503906,385.5604248046875,392.33282470703125,397.05859375,398.2237548828125,401.8724060058594,399.579833984375,404.17071533203125,408.264404296875,407.7251892089844,408.6000061035156,407.33660888671875
sample_be7d45127f44ce5b,411.23687744140625,416.95745849609375,422.30609130859375,424.2001037597656,424.1806945800781,421.9709167480469,415.3314208984375,414.970703125,415.5839538574219,410.6896057128906,410.628173828125,406.205810546875
sample_384dc906f5fec0bf,335.2554931640625,336.51904296875,340.60101318359375,342.619384765625,349.1405944824219,351.1922607421875,357.27288818359375,360.5351257324219,367.021484375,368.3994140625,374.0218505859375,379.635498046875
sample_64d6cf25d35a78bc,407.79779052734375,413.4822692871094,420.8811340332031,430.1416320800781,438.412841796875,448.43585205078125,457.6822204589844,466.4453430175781,478.0797119140625,480.9427490234375,485.99664306640625,489.692138671875
sample_095896c7ec7c5fb4,391.8431091308594,391.2559814453125,392.6889953613281,392.79754638671875,390.73980712890625,388.5900573730469,386.4620666503906,387.7566833496094,390.8998718261719,388.420166015625,389.3885498046875,387.58489990234375
sample_8b00910402f29d2a,351.2349853515625,352.6990661621094,356.15936279296875,359.7005615234375,363.25311279296875,364.6651916503906,368.5615234375,372.1622314453125,376.1820373535156,377.9930725097656,382.0942687988281,386.3069152832031
sample_7daa30346b5498dc,439.83807373046875,432.968017578125,428.3007507324219,421.8018798828125,416.8525695800781,411.7396240234375,402.53656005859375,401.2960510253906,399.184814453125,397.20330810546875,392.08148193359375,390.7255859375
sample_4e17f5b58ab55bcf,356.36328125,357.98028564453125,362.8003234863281,367.35418701171875,369.66290283203125,373.4189758300781,377.4933166503906,381.12158203125,386.0692138671875,387.3872375488281,392.2373962402344,394.60968017578125
sample_01497d9025643a21,462.0581970214844,451.3225402832031,441.92401123046875,432.41845703125,425.1930847167969,414.95013427734375,406.2389831542969,399.3231201171875,394.054931640625,390.3824768066406,386.64154052734375,381.9710388183594
sample_edb22022c13f4abf,344.0327453613281,345.0773620605469,347.95379638671875,350.1316833496094,354.6885986328125,355.4615783691406,359.7274475097656,362.7096862792969,367.0763244628906,368.87353515625,373.56158447265625,377.6142272949219
sample_dc72f74ea9990f30,353.3692626953125,357.4612121582031,365.27752685546875,369.8275146484375,372.6368408203125,376.44805908203125,376.6385192871094,380.7232666015625,385.5506896972656,384.00238037109375,387.2250061035156,386.3314208984375
sample_2e36ceb53a15200f,417.7452087402344,410.3435363769531,406.3559265136719,399.3466491699219,395.37713623046875,391.2308349609375,386.6830749511719,386.1638488769531,383.7270812988281,383.5585021972656,382.7541809082031,382.4963684082031
sample_c30032e2fd158bbd,506.0830993652344,504.7115173339844,503.9552917480469,503.3594665527344,500.7141418457031,502.2209167480469,499.32672119140625,500.6096496582031,502.6349792480469,505.42425537109375,505.4306640625,507.881591796875
sample_befe56d208aacf42,333.334716796875,343.48187255859375,357.0990295410156,368.6915588378906,378.58575439453125,388.7214050292969,397.55999755859375,407.1708068847656,410.793212890625,415.0360107421875,421.342041015625,421.5707092285156
sample_38c38c818c3343c7,472.9452209472656,464.9381103515625,457.2310485839844,449.4458312988281,440.2950134277344,430.1524658203125,420.86126708984375,413.1468505859375,409.57977294921875,406.1846618652344,399.91009521484375,395.13177490234375
sample_7d093f2510288b58,342.15472412109375,356.45574951171875,373.8505554199219,388.90118408203125,401.888916015625,416.53948974609375,427.9552307128906,440.2657470703125,447.4241943359375,453.5188903808594,459.21307373046875,460.9927978515625
sample_c4b8a8f2d72b4d65,319.86199951171875,332.3642883300781,348.6000061035156,361.35443115234375,372.6000061035156,385.03985595703125,393.5212097167969,404.601318359375,410.5089111328125,414.9455871582031,421.0770263671875,423.00384521484375
sample_da82e3009fad3435,323.4670715332031,328.366455078125,336.6523132324219,344.91058349609375,351.7316589355469,358.9142761230469,365.9289855957031,372.3266906738281,377.0104064941406,379.0210266113281,385.36328125,387.313232421875
sample_0e8b3508b9da53fb,431.1044616699219,424.6695251464844,421.1619873046875,417.2736511230469,413.1845703125,407.8526916503906,404.467041015625,400.96044921875,401.2628173828125,400.3036193847656,401.001953125,398.6041564941406
sample_e7c6f6ee70ae2f93,388.57110595703125,389.5071716308594,390.267822265625,391.6510009765625,391.6887512207031,391.6241455078125,392.40087890625,395.90374755859375,398.0588073730469,399.1874694824219,402.746337890625,401.4322509765625
sample_53675429d7ea34ad,332.2547607421875,337.6145935058594,346.9724426269531,352.2912292480469,356.919189453125,362.4054870605469,362.9845886230469,369.0216064453125,374.177490234375,374.22052001953125,377.21484375,377.9614562988281
sample_514fb24a6f3a68d7,355.7837829589844,358.5755310058594,364.6240234375,368.9007263183594,370.9044494628906,373.8937072753906,375.56866455078125,378.69952392578125,383.690673828125,382.9453125,386.8363342285156,387.0841979980469
sample_c26a68578e96bb4e,459.4068908691406,451.3283996582031,443.96697998046875,436.33819580078125,429.10137939453125,420.8807373046875,410.5126037597656,405.4180603027344,402.6187744140625,399.851806640625,392.490478515625,389.3499450683594
sample_53819814b69ab4e3,396.56439208984375,401.1416015625,406.4429016113281,412.65234375,420.4675598144531,427.6547546386719,437.07806396484375,445.2724609375,453.9626770019531,457.0210266113281,463.740478515625,471.25384521484375
sample_866d3ab340811a66,374.91033935546875,377.37713623046875,384.291015625,387.09930419921875,388.2513732910156,389.86029052734375,391.57562255859375,391.796142578125,396.6245422363281,393.0823669433594,397.3699035644531,394.5487060546875
sample_5b4bd3d95208a20f,423.08966064453125,416.187744140625,412.12005615234375,406.09100341796875,401.02740478515625,396.7189636230469,391.3748474121094,389.6418151855469,387.8767395019531,387.35052490234375,385.38006591796875,384.19232177734375
sample_c0bb34a217f40088,391.36724853515625,390.7861328125,392.2976379394531,393.4884033203125,393.6724853515625,393.70391845703125,395.0068359375,396.7952575683594,400.3437805175781,400.7893371582031,403.459228515625,403.48907470703125
sample_1b4028bc2cfe9e29,273.5141906738281,280.990966796875,292.70880126953125,304.6399841308594,314.2339782714844,326.2059631347656,335.97265625,346.2419738769531,350.5069580078125,357.70849609375,364.9171447753906,369.9580383300781
sample_cbdd2f4c98d2e033,429.9598083496094,435.3542785644531,441.7918701171875,444.8444519042969,445.6368408203125,447.6292419433594,444.5728759765625,446.1537780761719,448.7470703125,445.48614501953125,446.9688415527344,441.2043151855469
sample_4fdb09cabe463585,383.7310791015625,383.5783996582031,384.51739501953125,385.02471923828125,383.8077697753906,381.96209716796875,380.5471496582031,382.6446228027344,386.1219787597656,384.8715515136719,386.1097106933594,386.4062194824219
sample_9812c50640029887,456.85675048828125,454.4739990234375,452.7060241699219,446.697998046875,441.46185302734375,432.0812072753906,423.99713134765625,418.4757080078125,414.4916687011719,411.5341796875,408.7541809082031,400.7791748046875
sample_cc8f59f4abc6c6d0,396.0853576660156,398.77569580078125,403.0062561035156,403.8674621582031,402.61932373046875,400.29315185546875,395.4902038574219,394.7198486328125,397.53277587890625,392.2798767089844,393.659912109375,388.8876647949219
sample_4675a3185caa92bb,341.7502136230469,343.8907775878906,348.38348388671875,352.4364318847656,358.0318908691406,361.41107177734375,367.72906494140625,372.4046325683594,377.6591796875,380.00238037109375,386.29656982421875,391.0479736328125
sample_9ff771201745b7cd,314.8306579589844,320.3738708496094,329.4997863769531,338.70452880859375,346.25726318359375,354.52337646484375,362.0392761230469,369.4012756347656,373.94744873046875,376.98797607421875,383.53021240234375,385.9749450683594
sample_05aedc1e74346cca,387.49853515625,402.8357238769531,417.46044921875,435.5197448730469,455.18896484375,474.08660888671875,496.397705078125,512.6285400390625,529.5606079101562,538.7539672851562,547.2395629882812,555.5213623046875
sample_15bad926f7d7652b,409.0054016113281,412.3025207519531,418.0339050292969,421.9174499511719,424.4234619140625,425.6973571777344,429.1307678222656,431.5775146484375,435.66571044921875,434.03546142578125,438.4591064453125,437.2242736816406
sample_df2c52c3e8f9e389,496.1182556152344,484.0986633300781,473.8683166503906,462.4757385253906,454.3299255371094,443.1549987792969,430.6697692871094,423.0688781738281,416.52789306640625,412.4121398925781,404.6609802246094,399.8142395019531
sample_c7ebc1dd0438efc3,378.7475280761719,385.8443298339844,395.3485412597656,398.17669677734375,400.2384948730469,401.3100280761719,397.49493408203125,399.17413330078125,400.40753173828125,394.8274841308594,398.2466735839844,392.07550048828125
sample_dcd6f46df9aafe3a,371.8768005371094,379.6225280761719,390.1265563964844,393.6399841308594,397.57049560546875,400.71728515625,396.9218444824219,401.07244873046875,403.510498046875,399.0057678222656,400.9732666015625,396.13775634765625
sample_11fbf1aa3025466a,479.3572692871094,497.324462890625,509.907958984375,516.6874389648438,521.1884765625,520.5991821289062,518.6240234375,518.6046752929688,515.1426391601562,506.577392578125,509.5434875488281,500.37982177734375
sample_d0ceb9dbfda93e3b,460.3536682128906,449.9281005859375,442.1463928222656,432.7079772949219,425.8058776855469,416.7196960449219,409.16656494140625,404.6824645996094,398.9919738769531,395.361572265625,393.2934875488281,389.7431335449219
sample_50dbbc15fdb347c7,473.0711364746094,462.3225402832031,455.8271789550781,447.7168273925781,441.2564697265625,434.8789367675781,428.3522033691406,425.1299133300781,420.1220397949219,419.78765869140625,417.2025146484375,411.570068359375
sample_a0bad5f0f49530ed,396.2671813964844,397.9273376464844,401.6654357910156,402.7178955078125,401.74676513671875,402.08404541015625,395.6867980957031,398.36053466796875,400.8445739746094,397.8144836425781,397.38067626953125,394.3036193847656
sample_1df949e7e0a76d21,347.0728454589844,348.9549865722656,353.1335754394531,357.172119140625,360.81292724609375,362.93084716796875,366.68572998046875,370.6029357910156,375.07354736328125,376.7754821777344,380.9202575683594,385.16552734375
sample_ebbc45a163d794e2,400.3602600097656,397.6072998046875,396.0727233886719,396.019775390625,391.80218505859375,391.8629150390625,390.3460998535156,391.3808288574219,392.9215087890625,394.385009765625,396.60919189453125,395.196044921875
sample_ec6b4ccecb6671a8,490.6537170410156,478.7513427734375,470.6181640625,458.49188232421875,452.4049377441406,439.5841979980469,431.2583923339844,426.00445556640625,418.8684387207031,413.8955993652344,412.0911865234375,408.6405334472656
sample_0c7196db711c558d,438.7525634765625,463.7096252441406,486.2440490722656,498.7010803222656,514.8201293945312,523.8809814453125,528.5206298828125,537.9573364257812,541.98583984375,536.8619384765625,537.8297119140625,530.1090087890625
sample_b60c0bc9fbb94a44,464.3000793457031,454.7362365722656,449.74395751953125,440.94830322265625,437.3695068359375,429.6977844238281,425.32440185546875,423.25537109375,418.8595275878906,416.4790954589844,418.07000732421875,417.2840270996094
sample_7cd140f3f33656a6,451.53729248046875,449.97650146484375,448.4665832519531,443.46319580078125,438.2640686035156,430.5686950683594,421.92889404296875,415.91302490234375,413.2291564941406,409.7333984375,406.73870849609375,399.60870361328125
sample_11944bcae07de6ff,392.2829895019531,403.10015869140625,417.0713806152344,427.3278503417969,437.84832763671875,448.4654846191406,459.1039733886719,467.59454345703125,478.673828125,480.17108154296875,485.03021240234375,486.2892150878906
sample_286b2e6a87db3156,303.2122497558594,306.73931884765625,314.9295959472656,322.8271179199219,328.5369873046875,337.04925537109375,343.64434814453125,350.008056640625,355.6177978515625,360.6571044921875,366.44720458984375,371.5340270996094
sample_27b22a1428d14435,533.8153076171875,518.2547607421875,504.0335693359375,489.489501953125,479.0521240234375,464.2304992675781,449.22021484375,439.9603576660156,429.0400695800781,422.8927917480469,413.16717529296875,406.8363037109375
sample_97534e468152d7f0,496.77093505859375,481.4404602050781,468.5611572265625,455.489501953125,447.4150085449219,434.3228759765625,424.54815673828125,415.8315734863281,406.714599609375,402.82666015625,399.32086181640625,392.26812744140625
sample_848c806d5b51010c,351.1935119628906,371.57476806640625,392.24066162109375,414.10272216796875,436.5433654785156,458.69189453125,479.2657775878906,498.906494140625,511.50396728515625,523.0376586914062,530.1830444335938,535.5057373046875
sample_323c87d0e69bbe02,292.0083923339844,299.2074279785156,309.861328125,319.9698181152344,329.2958068847656,340.9068908691406,348.09942626953125,357.5063781738281,366.1143493652344,372.3931579589844,378.1512451171875,384.12786865234375
sample_e891fd1eae36515d,409.4461669921875,406.01239013671875,404.6422424316406,403.44940185546875,398.8082580566406,397.1966552734375,393.793701171875,393.93505859375,395.1965026855469,394.73565673828125,395.8188781738281,393.7854919433594
sample_e5cbbf4aed2257da,351.59783935546875,360.3498229980469,372.7652587890625,382.665771484375,391.05963134765625,399.61932373046875,407.27667236328125,415.2555236816406,419.7152099609375,422.5977478027344,428.1636047363281,427.0794677734375
sample_dca2a122595c2244,350.2231140136719,374.0754699707031,397.9640197753906,423.60107421875,450.19622802734375,476.60845947265625,502.8660583496094,525.1404418945312,542.3302001953125,555.9122314453125,563.610595703125,572.3687744140625
sample_fc253cc925863782,432.60260009765625,438.4732666015625,442.63958740234375,444.1258850097656,442.41180419921875,438.1703186035156,428.37872314453125,426.7749328613281,424.3063659667969,419.4244079589844,418.0172424316406,411.73193359375
sample_e890c671f42ff821,490.4447937011719,482.1427307128906,472.869873046875,461.3458557128906,451.9442443847656,437.595703125,426.7745666503906,416.3332824707031,409.6645202636719,404.92327880859375,396.7802429199219,392.6437683105469
sample_cb61b8d75fe6ef67,351.791748046875,360.9041442871094,373.4598083496094,383.75689697265625,392.52239990234375,401.2728271484375,409.15118408203125,417.4860534667969,421.6609802246094,424.78143310546875,430.4268798828125,429.466796875
sample_72c567c744a6c144,515.1162109375,499.9480285644531,491.20037841796875,478.5975341796875,474.84130859375,465.44256591796875,459.94598388671875,457.56719970703125,447.96820068359375,447.4709167480469,448.3659362792969,442.2486572265625
sample_bb05939d5fb6ef26,502.7989501953125,495.4933166503906,487.3564453125,477.2724609375,468.43896484375,454.8789367675781,444.02294921875,435.68585205078125,429.04620361328125,425.3858642578125,417.5337829589844,410.9168395996094
sample_6c11f749e0f48a70,335.40106201171875,339.8088684082031,348.66632080078125,356.29083251953125,361.6439514160156,368.1161193847656,374.0279235839844,379.74365234375,384.4182434082031,385.8096923828125,391.8367614746094,392.9278564453125
sample_1f3863207a8a8c9f,380.2930603027344,385.8289794921875,394.34710693359375,400.9521179199219,406.412841796875,413.4182434082031,415.5062561035156,422.5809326171875,429.1665954589844,431.42144775390625,432.38800048828125,432.7916564941406
sample_333e2aef5bbc8794,349.1326904296875,350.0473327636719,352.7541809082031,356.10894775390625,360.9089660644531,363.6679382324219,370.0678405761719,373.8588562011719,378.2899475097656,380.68365478515625,386.2435607910156,390.60968017578125
sample_8ab717efec0cd812,395.4461669921875,395.0665588378906,398.3993225097656,399.7872009277344,405.1649169921875,406.1749572753906,409.9087219238281,413.2384948730469,417.5172119140625,419.1708068847656,423.7967834472656,425.68621826171875
sample_7753f69cfadfd44a,339.9856262207031,343.0890197753906,349.76959228515625,355.4956970214844,361.1300048828125,367.3733215332031,372.56610107421875,378.0385437011719,385.3337097167969,388.532470703125,393.69366455078125,397.4023742675781
sample_6fa2abfe41baa524,642.517822265625,618.4562377929688,596.6138305664062,575.698486328125,561.85888671875,542.36572265625,521.749267578125,507.4586181640625,487.76507568359375,482.221435546875,467.19720458984375,457.98956298828125
sample_6ee16a480120391e,345.97186279296875,364.39801025390625,384.10125732421875,404.81243896484375,425.4171142578125,446.4244689941406,467.0535888671875,485.03533935546875,497.8251037597656,508.4312744140625,516.8067016601562,523.510986328125
sample_23578a88cbfed75a,427.6206970214844,423.9910888671875,423.10064697265625,420.14337158203125,416.14251708984375,412.1170654296875,408.4352111816406,408.15032958984375,408.66888427734375,406.8995361328125,405.4259948730469,404.7067565917969
sample_37186a3b276dc7cb,437.5557556152344,456.0259704589844,473.5196533203125,481.6059875488281,491.2903747558594,495.224609375,496.6369934082031,499.7674255371094,498.8886413574219,493.2371826171875,498.0735168457031,487.8057861328125
sample_e705e8cf916a1143,602.9574584960938,599.6812744140625,596.7422485351562,592.735595703125,589.4234619140625,581.8994140625,573.7991943359375,566.8418579101562,563.30615234375,562.0072021484375,558.2236938476562,549.1929931640625
sample_8330aec2d76fad4c,461.4089660644531,480.4331359863281,496.68634033203125,504.01080322265625,511.81494140625,514.8349609375,515.39697265625,516.69287109375,517.09912109375,509.0622863769531,512.8287963867188,503.42169189453125
sample_8e5ae3bd1f4a7681,341.6820983886719,343.16131591796875,347.6992492675781,351.74603271484375,358.97564697265625,362.7004089355469,370.4250793457031,374.37750244140625,380.2307434082031,383.5240173339844,389.1556701660156,393.5192565917969
sample_77694d03b342fb1d,419.5508728027344,426.9550476074219,433.9595947265625,436.56500244140625,437.55072021484375,437.29241943359375,430.6036071777344,430.2486877441406,430.7015380859375,426.3796081542969,426.0516662597656,420.9432067871094
sample_8c6a5d7ed3cee9e3,403.20599365234375,398.2025451660156,395.3149108886719,392.8526611328125,388.4724426269531,387.36328125,385.38909912109375,384.85198974609375,386.6856994628906,386.63958740234375,388.82086181640625,388.5931091308594
sample_b1c444b0bc8aa0cf,283.4880676269531,291.1541442871094,302.2502746582031,313.5404052734375,323.8837585449219,336.95794677734375,345.5444641113281,355.86572265625,365.1988830566406,372.659912109375,379.31201171875,386.2323913574219
sample_c539641296fe95ea,465.76983642578125,460.641357421875,455.8918762207031,450.1421813964844,443.291015625,434.45513916015625,426.95086669921875,421.7265625,419.6110534667969,416.85150146484375,411.5187683105469,406.7288513183594
sample_43403b3ed71dd625,369.8277587890625,370.27325439453125,372.81573486328125,375.1998596191406,376.0481262207031,377.51629638671875,379.97979736328125,382.8215637207031,385.9521789550781,387.49151611328125,390.9500732421875,391.1217041015625
sample_9048f454d7f5a4b9,346.72088623046875,347.60699462890625,350.6802978515625,352.99114990234375,358.0871276855469,358.9886169433594,364.2002868652344,367.1215515136719,371.9098205566406,373.13433837890625,378.259033203125,382.6129150390625
sample_c6362c501077a968,325.0697021484375,336.5905456542969,352.23834228515625,365.98187255859375,377.1869201660156,391.9651184082031,402.1014099121094,413.78778076171875,422.05120849609375,428.45672607421875,434.0346374511719,438.1103210449219
sample_dc98b23f5bc438ac,352.5350646972656,368.9846496582031,386.8782043457031,405.4471435546875,424.8154602050781,444.263427734375,463.8246154785156,480.36749267578125,493.95318603515625,503.80938720703125,511.3650207519531,517.0765380859375
sample_92d142bfc005677f,307.7080993652344,314.37799072265625,324.6668701171875,334.9037170410156,343.02056884765625,352.59991455078125,360.64471435546875,369.1368713378906,373.5308837890625,377.8266296386719,384.5832214355469,387.191162109375
sample_a9e9668f4f8f3dc9,354.3484802246094,358.40997314453125,364.9302673339844,368.4388122558594,369.9176330566406,372.4176940917969,367.81268310546875,372.8215637207031,375.07354736328125,373.3310241699219,374.56158447265625,373.0067443847656
sample_e9977b96c0db5739,384.2127685546875,388.9376525878906,397.2083435058594,402.3569641113281,406.5,408.7422790527344,413.5340576171875,415.96734619140625,419.44219970703125,418.3957214355469,423.0447998046875,421.35595703125
sample_1261f64ad94e38a1,500.1282958984375,485.1247863769531,472.47808837890625,460.03546142578125,452.0029602050781,438.5550842285156,428.3334045410156,419.25531005859375,410.410888671875,405.6585388183594,401.32086181640625,394.0460510253906
sample_6d853fe5bd665c40,507.033203125,499.84490966796875,497.7027893066406,489.62689208984375,491.8525695800781,492.29949951171875,492.9566955566406,494.4011535644531,495.6629333496094,496.32763671875,503.88623046875,502.1324768066406
sample_084e2601c292bb06,425.3441162109375,420.5392150878906,417.8431396484375,413.8117370605469,408.2788391113281,403.13897705078125,398.453125,396.9468994140625,396.6304626464844,394.12335205078125,392.0589599609375,390.88177490234375
sample_5d1127c63b3867c4,307.6753234863281,310.7018737792969,318.470947265625,325.4545593261719,332.9429931640625,340.7757263183594,348.8856201171875,354.63177490234375,361.01910400390625,366.29315185546875,372.7705078125,378.3668212890625
sample_107be4888c2f5735,367.76861572265625,371.5005798339844,379.6943664550781,383.57147216796875,385.786865234375,387.8565979003906,389.7724304199219,391.1368408203125,395.2079772949219,392.0111389160156,396.3182067871094,393.50189208984375
sample_ab3df37e0c7d71ed,363.5049743652344,366.69366455078125,374.4302062988281,378.42230224609375,380.61151123046875,382.7484130859375,385.0541076660156,386.7131042480469,390.6863098144531,387.7373352050781,392.240478515625,389.8634033203125
sample_e12f8be62f952a15,319.92376708984375,331.1600036621094,343.87652587890625,358.58428955078125,371.5989685058594,384.004638671875,397.6285705566406,409.838623046875,413.7627258300781,420.153564453125,428.7713928222656,431.7791442871094
sample_850261c2482d1dc8,455.2862854003906,445.90234375,438.8968811035156,430.7998962402344,423.606689453125,415.2588806152344,407.5223083496094,402.5705871582031,398.8270568847656,395.1205139160156,392.7599182128906,388.9613037109375
sample_5877fa94d038452d,345.0684814453125,347.5074462890625,353.3389892578125,358.33843994140625,361.43560791015625,365.33807373046875,369.0010681152344,372.57073974609375,378.083251953125,379.1185302734375,383.6561279296875,385.96795654296875
sample_546c6e80338d7986,655.3218994140625,657.3092651367188,654.1800537109375,646.3411865234375,643.2637939453125,629.1182250976562,616.9707641601562,607.3231811523438,595.2281494140625,586.1739501953125,582.333251953125,567.4583740234375
sample_98352079a59dc8d3,333.56280517578125,343.4093017578125,357.15472412109375,367.62542724609375,376.5730895996094,385.5305480957031,392.275390625,401.2351989746094,404.05572509765625,407.17303466796875,412.259033203125,411.0768737792969
sample_b920d6a32456bc59,435.3573913574219,426.11553955078125,421.1749572753906,413.26318359375,408.0137023925781,403.1749267578125,395.6898498535156,394.577392578125,390.55145263671875,390.8221435546875,387.90216064453125,384.950927734375
sample_404ad4d2a151ab3d,510.9692077636719,500.8999328613281,489.53570556640625,476.7079772949219,466.35528564453125,450.6747741699219,438.48284912109375,427.80108642578125,420.04205322265625,414.61334228515625,405.23077392578125,400.4869689941406
sample_59b82f1dbc38f30c,520.1107788085938,505.91571044921875,493.783935546875,481.08544921875,472.2781982421875,458.67120361328125,447.3780517578125,438.9671630859375,430.4087219238281,424.24261474609375,419.45867919921875,412.4908447265625
sample_caea16c6df19d99f,435.1878662109375,431.4068298339844,429.399169921875,426.6556701660156,421.73602294921875,417.2878723144531,411.0724792480469,409.6214904785156,410.81695556640625,407.6604919433594,405.6631774902344,402.323974609375
sample_7ac51d2f994f9b8f,383.3764343261719,382.0677795410156,382.034912109375,381.5450744628906,382.0268859863281,380.9808044433594,382.5987548828125,385.53192138671875,387.4237365722656,387.44140625,390.310791015625,393.120361328125
sample_7db8c88f4aaec16e,296.87664794921875,306.4523010253906,319.8762512207031,332.58349609375,343.5979309082031,356.7135009765625,366.7023010253906,377.9674072265625,384.4287414550781,391.1346130371094,398.7961120605469,403.1723327636719
sample_0bad3a1e9637ddcb,461.0462951660156,452.0577697753906,446.10577392578125,440.0159912109375,433.77044677734375,425.16217041015625,418.2881774902344,411.40789794921875,409.2608337402344,407.63507080078125,404.9745788574219,401.2330627441406
sample_55f35b9e719b0c6c,393.5218505859375,390.879150390625,388.781005859375,386.7135314941406,382.6080627441406,379.9334716796875,377.5886535644531,377.61810302734375,378.1883850097656,377.2920227050781,377.46441650390625,376.4675598144531
sample_8908cff9a5a8633d,403.88427734375,403.4267883300781,405.0550537109375,404.9785461425781,403.60986328125,402.0308837890625,399.1775817871094,400.29315185546875,402.00433349609375,400.5201416015625,401.006591796875,399.10540771484375
sample_19f1b6b442cd10eb,371.6019287109375,383.0726623535156,394.76513671875,409.8318786621094,425.236572265625,438.162109375,452.413818359375,466.16064453125,473.04901123046875,479.91253662109375,486.8367614746094,490.442138671875
sample_bcd4ff36014314d1,444.00592041015625,444.1885070800781,446.4708251953125,444.9361572265625,443.1006774902344,439.2385559082031,433.5889892578125,429.731689453125,432.8189392089844,428.9837646484375,428.4438781738281,423.8238830566406
sample_e47531e184e1414a,506.7642517089844,499.7056579589844,497.2943115234375,492.0425720214844,488.9600524902344,481.1007080078125,475.99420166015625,474.3875732421875,470.22161865234375,468.70233154296875,467.4277648925781,461.4996337890625
sample_b26e4e8d8111272b,330.16937255859375,336.085693359375,346.4172058105469,353.1597595214844,358.0448913574219,363.6632080078125,366.5677185058594,372.6656799316406,375.86724853515625,376.34173583984375,380.3040771484375,380.29132080078125
sample_2c21ed939621b5a0,362.76251220703125,366.3143615722656,373.8255615234375,379.8517150878906,384.15533447265625,390.6261901855469,395.9315490722656,400.652099609375,408.35430908203125,409.7144470214844,415.2325134277344,417.09765625
sample_b84661b0dfd0098c,311.33270263671875,316.5882568359375,325.5689697265625,333.8609924316406,341.7068176269531,351.4279479980469,358.1201171875,365.8351745605469,374.5417785644531,379.45928955078125,385.356201171875,390.8593444824219
sample_3ead7d89d71ad5fd,479.7958068847656,473.9659118652344,468.5378112792969,460.5054931640625,452.9093322753906,440.64727783203125,431.7428894042969,424.49603271484375,417.816162109375,415.047607421875,409.0231628417969,402.4616394042969
sample_f4e89abadb8232b1,463.8336181640625,465.00640869140625,466.4390563964844,467.2416076660156,464.7401123046875,466.24517822265625,461.0186462402344,462.6420593261719,466.5321350097656,464.64459228515625,464.7486267089844,460.2619934082031
sample_f5868073728c18a2,359.9144287109375,361.40618896484375,366.5194396972656,370.5281677246094,371.1973876953125,373.5715637207031,375.58111572265625,377.25714111328125,382.504150390625,380.86138916015625,384.46728515625,384.45025634765625
sample_2a10f8be893edd9a,427.24053955078125,435.5710754394531,443.7635803222656,455.374267578125,469.3211669921875,480.8497314453125,496.05224609375,507.51318359375,519.830078125,523.9111328125,532.640625,539.0057983398438
sample_6f90f3754afde06c,363.42950439453125,362.7159729003906,362.86822509765625,363.17327880859375,364.9701843261719,365.8096618652344,369.5340270996094,372.4270324707031,375.8926086425781,376.9136657714844,381.9483947753906,385.4567565917969
sample_5ed14844cc701340,364.71905517578125,366.4947204589844,371.394287109375,374.55255126953125,376.2972106933594,378.9825134277344,381.324462890625,384.14697265625,389.6142272949219,388.6421203613281,393.1212158203125,394.8363037109375
sample_2f83aa2fc2142416,390.2027587890625,391.5739440917969,395.52947998046875,398.8745422363281,400.30938720703125,403.0396728515625,404.5461730957031,406.7537536621094,413.0198974609375,412.6014404296875,415.6859436035156,416.7139892578125
sample_f25ae9688d616ff3,296.8798828125,306.0152282714844,318.6399841308594,330.4012451171875,340.4848937988281,352.6211242675781,360.45391845703125,371.2284240722656,377.2444152832031,382.5039367675781,389.4197998046875,393.90057373046875
sample_50121cbdd7188575,410.6017150878906,421.0101013183594,430.76629638671875,434.48431396484375,436.8589172363281,437.3421936035156,433.3765869140625,433.26904296875,433.16998291015625,426.6627502441406,431.14727783203125,423.0312805175781
sample_57bf77544beb515a,406.5825500488281,407.3324279785156,408.5193176269531,407.9692077636719,404.5160217285156,401.2066955566406,393.8776550292969,392.48846435546875,393.018798828125,389.7610778808594,388.5609436035156,384.630859375
sample_94216885b993979b,387.7688903808594,397.1627197265625,405.5831298828125,418.3746643066406,433.50921630859375,446.1901550292969,461.91705322265625,475.48944091796875,485.0209045410156,492.0340270996094,501.9392395019531,509.6661682128906
sample_81002b38cb620e37,318.71051025390625,322.5980529785156,330.207275390625,337.93438720703125,344.4432373046875,353.11126708984375,359.53277587890625,366.1978759765625,373.3639831542969,378.16485595703125,384.71044921875,389.42169189453125
sample_6e7d1b719276f08d,381.7059631347656,382.380126953125,384.7203369140625,385.5722351074219,384.16064453125,384.0307312011719,379.14764404296875,381.5443115234375,384.05816650390625,381.9297180175781,382.1272277832031,380.7457275390625
sample_584b8435bd7fc36e,349.10235595703125,355.77777099609375,366.16693115234375,375.4077453613281,382.91412353515625,392.7318420410156,400.79669189453125,408.2860412597656,416.8258972167969,419.5025329589844,426.6070861816406,429.24603271484375
sample_559e7cb89b3b2dcc,292.9276123046875,301.12420654296875,312.43096923828125,324.67303466796875,334.9841003417969,348.43817138671875,357.5347595214844,368.187744140625,376.9429016113281,383.94757080078125,390.9524841308594,397.8973388671875
sample_aa6e37249116c6ef,572.8180541992188,554.7135009765625,536.92138671875,518.619384765625,506.36224365234375,486.9595031738281,470.76092529296875,456.66204833984375,444.39605712890625,435.401123046875,425.49932861328125,418.633056640625
sample_8e2f02aedf81cea9,377.1617736816406,376.39764404296875,376.7886047363281,376.6363830566406,377.1553649902344,375.9494934082031,377.80242919921875,380.8651123046875,382.51605224609375,382.4341735839844,385.3298645019531,388.0982666015625
sample_d7745912ed0d4271,351.572998046875,373.0864562988281,394.3519287109375,417.9462890625,442.64422607421875,466.7192077636719,491.6021423339844,512.3404541015625,527.6708984375,540.5711669921875,549.5045776367188,557.1589965820312
sample_4d3288d6cc01322d,489.257568359375,474.97760009765625,465.3674621582031,454.09429931640625,446.96649169921875,437.4346618652344,430.3657531738281,424.6756591796875,416.77301025390625,415.767333984375,413.6539306640625,406.0311279296875
sample_33d1c742c461dfcc,423.5320129394531,422.4248962402344,422.7275085449219,421.7537536621094,419.1202087402344,416.29083251953125,413.03240966796875,411.6231994628906,415.2994384765625,411.4166564941406,413.71331787109375,408.6573181152344
sample_7b0211f00a1b704b,357.0130920410156,356.3416748046875,359.05279541015625,359.9975891113281,364.9192199707031,365.19610595703125,366.9657897949219,370.190185546875,374.60296630859375,376.79046630859375,379.9096374511719,384.03582763671875
sample_bb67cbe03a1ceb04,415.1053466796875,416.5894775390625,419.07135009765625,420.0107421875,419.974609375,418.22418212890625,417.999267578125,417.7762145996094,421.4183349609375,418.64312744140625,422.82659912109375,418.83453369140625
sample_53f3ce847818e52c,544.3924560546875,530.8366088867188,520.340087890625,510.128173828125,502.22955322265625,488.3598937988281,478.8398742675781,470.88580322265625,461.98779296875,455.08123779296875,451.4277648925781,441.486328125
sample_9d99323fc111533f,626.614501953125,613.5587768554688,600.42431640625,585.1781616210938,574.141845703125,553.9605712890625,540.7266845703125,525.8518676757812,512.5368041992188,506.7644958496094,496.13714599609375,484.949951171875
sample_59db1f99febfc1ca,349.56005859375,370.0843811035156,391.51849365234375,414.55755615234375,438.39385986328125,462.2389831542969,485.85308837890625,506.1641540527344,522.0787353515625,534.5157470703125,542.2236938476562,550.6064453125
sample_5e3cb7d240869594,393.2045593261719,407.5176696777344,421.9056091308594,436.6028137207031,451.6385498046875,462.7523193359375,475.0457763671875,487.7098388671875,491.5413818359375,496.16033935546875,501.2978820800781,501.99993896484375
sample_9583823dcb12bd58,293.2825622558594,298.8313903808594,308.0550231933594,317.3238830566406,326.4133605957031,337.507568359375,345.2261962890625,354.15045166015625,362.5308837890625,369.63421630859375,376.3314514160156,383.131103515625
sample_48efa204efb8b0a9,417.39202880859375,424.2153625488281,431.8204345703125,435.0440368652344,435.919189453125,436.92041015625,432.85748291015625,433.14361572265625,436.1396789550781,431.5268249511719,432.57196044921875,428.7436828613281
sample_f2cbf7a5454b16da,552.5194702148438,543.9037475585938,532.814453125,517.93212890625,507.0435791015625,488.8243103027344,474.12579345703125,462.6146240234375,449.70587158203125,445.0501708984375,433.90216064453125,426.71551513671875
sample_dd3b3f6f589d4016,328.18328857421875,329.7673645019531,335.5746154785156,340.2715148925781,345.82281494140625,350.780029296875,357.2995910644531,360.943603515625,366.9519958496094,370.0577697753906,375.4220275878906,379.5741271972656
sample_a0d70a6af2561d53,449.3240051269531,461.1899108886719,469.32025146484375,481.38433837890625,495.43524169921875,502.89288330078125,516.4888305664062,529.1165771484375,536.28125,539.611328125,545.2758178710938,551.6752319335938
sample_bf1cadde1567205e,362.2516784667969,370.9017639160156,382.82135009765625,388.434326171875,392.971435546875,396.9798583984375,395.8258056640625,400.6114501953125,404.0125732421875,399.586181640625,403.3133544921875,398.18548583984375
sample_ab57192cf4103140,398.269775390625,396.135009765625,395.3159484863281,395.7556457519531,392.39013671875,391.45440673828125,391.7492370605469,392.6257629394531,396.1351318359375,395.8879699707031,398.78204345703125,399.3205261230469
sample_a4e89a8d866bed0c,387.058837890625,387.74444580078125,389.4873962402344,390.39825439453125,389.59710693359375,389.02203369140625,388.28857421875,389.8501281738281,393.5090637207031,391.9046325683594,394.82916259765625,391.3951416015625
sample_ee3c3ae393d56c45,327.2101745605469,329.1908264160156,335.394287109375,341.0985107421875,345.52935791015625,351.0122375488281,356.57159423828125,360.7232666015625,366.4736633300781,369.6175231933594,374.74224853515625,378.5179443359375
sample_79c9d5616335ec4e,628.0811767578125,607.0250244140625,586.4483642578125,564.7000732421875,551.2603149414062,527.7474365234375,509.4439697265625,492.53997802734375,475.94940185546875,465.50909423828125,452.7237243652344,445.54083251953125
sample_b0c8589eab77d63f,433.934814453125,443.4842834472656,451.6533508300781,458.45733642578125,467.6957092285156,474.57440185546875,483.2611389160156,491.19110107421875,502.1208801269531,501.1507263183594,505.51165771484375,509.6366271972656
sample_f417b352aafddf78,507.4475402832031,498.1471862792969,487.591552734375,475.4853820800781,465.5808410644531,451.1805419921875,439.30303955078125,429.21124267578125,422.6775817871094,417.52825927734375,408.5054931640625,404.20416259765625
sample_f89dc6e808393bd1,357.4620056152344,359.8183898925781,365.0364685058594,369.8253479003906,374.654052734375,379.09796142578125,384.6705322265625,389.2080078125,395.7025451660156,397.9139404296875,402.9940185546875,406.40887451171875
sample_000025152c108f31,434.18438720703125,429.0029296875,423.9887390136719,419.10870361328125,413.1658020019531,405.9925231933594,399.4906311035156,395.55029296875,394.4526672363281,391.6989440917969,387.5032958984375,385.5570983886719
sample_e2858275506e8103,301.8128662109375,310.0815734863281,321.3753967285156,333.24322509765625,343.8340759277344,357.1901550292969,365.73138427734375,376.9979248046875,385.5936584472656,393.51947021484375,399.629150390625,406.0645446777344
sample_1ffe72031ae9d429,411.08929443359375,412.106689453125,415.2355041503906,418.865478515625,423.67645263671875,426.305908203125,432.68572998046875,436.3656311035156,441.07354736328125,443.06146240234375,449.1835021972656,449.91632080078125
sample_aab971006a828b90,383.9385681152344,390.8233337402344,401.1952209472656,408.3420104980469,414.4954833984375,419.0194091796875,425.280517578125,430.5538024902344,434.1557312011719,433.81304931640625,438.85443115234375,436.5947265625
sample_75147678152a2e0c,463.3519287109375,456.04266357421875,450.2311706542969,442.7684020996094,435.83935546875,425.7901611328125,417.9938659667969,412.83502197265625,409.8616943359375,404.4237060546875,401.28643798828125,398.1246337890625
sample_7da5721f1b53f741,378.5482177734375,378.27117919921875,379.15350341796875,379.8550109863281,379.73394775390625,378.2101135253906,379.90008544921875,381.9559020996094,384.88665771484375,384.22137451171875,386.5221252441406,387.90740966796875
sample_67dd6de232bce4c8,577.9874877929688,566.6781616210938,556.2720336914062,544.2869873046875,535.0684204101562,518.4857177734375,507.09796142578125,494.9366760253906,485.141845703125,479.7173156738281,471.7396240234375,461.15643310546875
sample_0d209dc8bf9bbe86,309.26483154296875,314.45501708984375,323.763427734375,333.51422119140625,340.79449462890625,351.0607604980469,359.1550598144531,366.8724670410156,373.04071044921875,378.9670715332031,385.3500061035156,389.80316162109375
sample_ca5fe93a5f3b0b20,336.19610595703125,344.09429931640625,355.0838317871094,366.5077209472656,375.67138671875,386.428466796875,396.3212890625,406.011474609375,411.70867919921875,417.4208679199219,424.5461120605469,426.628173828125
sample_38bf13ebd374f3ff,473.1631164550781,465.82086181640625,460.3285217285156,453.768798828125,447.0897521972656,438.09710693359375,429.13616943359375,424.5875549316406,422.453857421875,418.20697021484375,412.819091796875,409.2898864746094
sample_75bf90ad141fe1d3,375.8341369628906,380.6827392578125,388.11712646484375,396.3230895996094,406.6753845214844,415.0510559082031,425.01275634765625,433.0216064453125,440.94091796875,444.73138427734375,450.8712158203125,455.0827331542969
sample_c6f59951af22adf9,448.1090393066406,447.3813781738281,449.4445495605469,446.4659423828125,455.1166076660156,457.96905517578125,464.1248474121094,470.677490234375,476.6001892089844,478.952392578125,484.69012451171875,489.86212158203125
sample_19e021a01fc40618,310.8941650390625,316.4313049316406,326.2779235839844,334.39080810546875,340.0322265625,347.4486083984375,352.42413330078125,359.03515625,363.2077941894531,365.3728332519531,370.4710388183594,372.6463623046875
sample_597b0a0691bb8926,735.2364501953125,718.3462524414062,705.2285766601562,691.5152587890625,681.3405151367188,661.8919067382812,649.52294921875,635.156982421875,621.350341796875,612.7178955078125,607.1495361328125,595.2863159179688
sample_ab8d89e538a659a4,306.2367858886719,311.78875732421875,320.86053466796875,331.4480895996094,339.6759033203125,351.00360107421875,359.7882995605469,368.81146240234375,375.181640625,382.270263671875,389.4392395019531,394.90966796875
sample_45eb54403c19139e,689.7774047851562,675.5653076171875,663.5353393554688,648.6491088867188,639.8671875,618.415283203125,607.7169799804688,591.275634765625,577.5346069335938,570.6605224609375,563.8014526367188,552.9473266601562
sample_714adfc14cf89d90,336.3730773925781,340.6075134277344,348.4714660644531,356.14971923828125,361.69970703125,369.0906066894531,375.4881591796875,381.13006591796875,388.1167297363281,390.5254211425781,396.99224853515625,399.9252624511719
sample_7ae3da267cb14fc0,357.3642578125,358.23468017578125,361.4023132324219,364.2209167480469,366.89959716796875,368.66552734375,372.0845031738281,374.68597412109375,378.989013671875,380.4186096191406,383.3387451171875,384.3676452636719
sample_947f2264c1f0cd42,346.1146545410156,346.2990417480469,347.9866943359375,349.5729064941406,354.5394592285156,356.1907653808594,361.2225036621094,363.5181579589844,368.40716552734375,370.06597900390625,376.69940185546875,380.3927917480469
sample_4168ba8f8e3b139c,382.0809020996094,383.6708068847656,387.6300354003906,390.9446105957031,393.45001220703125,396.246337890625,400.50299072265625,403.5029296875,408.66412353515625,409.2408752441406,413.6839294433594,416.80657958984375
sample_2baff926a3490085,307.0054016113281,312.45587158203125,321.94439697265625,330.1178283691406,337.1822509765625,344.5932922363281,351.2093811035156,357.6961975097656,362.30322265625,364.4525146484375,370.434814453125,372.2557678222656
sample_2ae2f1140b6ee516,378.1158142089844,381.0881042480469,387.2772521972656,389.6944885253906,389.960693359375,390.1861267089844,389.3691101074219,390.3198547363281,394.6831359863281,389.480224609375,393.1324768066406,389.4144592285156
sample_e04dfd6ba15d693d,367.1438903808594,373.61370849609375,383.68048095703125,394.15130615234375,402.91412353515625,414.17864990234375,423.4745788574219,432.60467529296875,442.214111328125,447.7692565917969,452.5885314941406,455.9638977050781
sample_74ab52e5a79994e0,376.82427978515625,375.6561584472656,378.00244140625,379.1210632324219,380.9456481933594,381.0092468261719,381.6212158203125,383.8986511230469,388.5951232910156,390.01934814453125,391.331787109375,393.5975036621094
sample_2d9ac60bf6dd11ed,297.7470703125,302.2376708984375,310.1032409667969,317.69488525390625,325.82489013671875,334.4261474609375,340.94287109375,348.7572021484375,356.0559387207031,361.8441467285156,368.0213928222656,374.3067626953125
sample_e3196926a8db2f67,385.907470703125,387.38671875,391.55029296875,394.5397644042969,395.5076599121094,398.0785827636719,400.7358703613281,402.5758056640625,407.49822998046875,407.4186096191406,410.5138854980469,410.604248046875
sample_c4e67044a0c28aa6,407.9403381347656,407.2692565917969,407.4825439453125,407.8343200683594,404.99127197265625,402.8334045410156,401.64892578125,402.04864501953125,405.59320068359375,403.0577697753906,405.0582275390625,401.72216796875
sample_a4d39cd513b6cc30,362.3244934082031,371.08123779296875,383.8484802246094,393.9383544921875,402.2720031738281,412.7767639160156,421.1958312988281,429.5809631347656,437.9017333984375,440.3168640136719,447.0611572265625,448.129150390625
sample_f841d2e0736b9135,278.2251892089844,286.93646240234375,299.1396484375,311.0536804199219,321.3470153808594,334.8357238769531,343.3646545410156,354.1335144042969,362.0404968261719,369.14337158203125,376.13800048828125,382.8411560058594
sample_d1c1579245f696bf,390.5769348144531,393.2983703613281,399.11700439453125,403.3799743652344,405.313720703125,409.1520690917969,409.8992004394531,413.3673400878906,418.989990234375,418.8291931152344,421.189697265625,421.05706787109375
sample_07e6839a5ad59f3e,331.8869934082031,354.0926513671875,375.630126953125,399.18658447265625,423.56976318359375,445.62860107421875,468.35247802734375,489.4862060546875,497.88787841796875,510.6683654785156,519.3137817382812,524.8323974609375
sample_5e54ae7ba7f95389,354.0874328613281,356.78228759765625,362.6057434082031,368.4864501953125,378.3611145019531,385.6006774902344,397.2161560058594,403.180908203125,411.21649169921875,413.99334716796875,422.6326904296875,429.4210205078125
sample_9360cc5d50b95593,625.1661987304688,609.2355346679688,597.6173706054688,584.4491577148438,579.1788330078125,561.1337890625,551.44921875,539.5468139648438,527.2222290039062,520.7955932617188,518.6865844726562,509.2726745605469
sample_706e914595f01aab,452.33282470703125,451.29718017578125,448.62310791015625,441.66778564453125,435.6076965332031,425.58209228515625,414.7293395996094,407.4587707519531,401.974365234375,394.3974304199219,391.374755859375,384.0064392089844
sample_2daf4b890294b103,576.276123046875,561.6640014648438,550.5343017578125,537.4991455078125,529.9913330078125,512.1337890625,501.6904602050781,491.40106201171875,482.11370849609375,472.7314453125,469.03997802734375,461.27203369140625
sample_d1ae583b6dad3730,356.8927917480469,369.8209228515625,384.54351806640625,400.22137451171875,416.4251403808594,432.5456237792969,449.9552307128906,464.06915283203125,475.7104797363281,484.4615478515625,492.744873046875,497.7609558105469
sample_3c3e5cd7f59afc9f,621.9754638671875,613.2399291992188,599.037109375,576.8983154296875,563.1798706054688,539.505859375,519.2732543945312,501.506103515625,480.27667236328125,471.2397766113281,456.9180603027344,451.7402038574219
sample_5952b46b83dfd1e6,592.7203979492188,582.1323852539062,576.6058349609375,569.239013671875,564.8580932617188,555.0381469726562,547.9310913085938,539.3197631835938,533.0244140625,531.9159545898438,531.5258178710938,522.0723266601562
sample_54289f47c8d2d4c9,345.08929443359375,347.4975280761719,353.4704284667969,358.7840270996094,367.03900146484375,373.2237854003906,382.66375732421875,388.26904296875,394.5061340332031,397.9622497558594,405.0885314941406,410.9820861816406
sample_4e85d72f03622a24,345.13641357421875,346.446533203125,350.74102783203125,354.7710266113281,359.15655517578125,361.7034912109375,366.9912109375,370.42156982421875,375.0713806152344,377.33526611328125,382.2373962402344,385.3314208984375
sample_782444d504f562c1,377.0678405761719,390.603271484375,403.9048156738281,419.44476318359375,435.70037841796875,448.354736328125,463.58135986328125,477.4183044433594,483.5326843261719,489.98345947265625,497.59649658203125,500.21551513671875
sample_138f49ff45fb48fb,398.25250244140625,398.09796142578125,398.62567138671875,399.5315856933594,397.5609130859375,398.2333679199219,398.80242919921875,401.8113098144531,402.94403076171875,404.7786865234375,408.6001281738281,407.4771423339844
sample_8acfaa1e2700f158,422.4898376464844,424.4866638183594,425.32550048828125,423.7178955078125,418.3491516113281,414.018310546875,402.9263916015625,400.2587890625,396.9925842285156,392.16204833984375,390.49755859375,384.23614501953125
sample_acc8dff9de87af8f,462.35467529296875,454.9532470703125,452.0646057128906,446.16558837890625,442.4278259277344,439.0052795410156,432.3163146972656,433.6485900878906,430.61859130859375,429.3660583496094,428.71795654296875,426.1070861816406
sample_9662444e189fe50e,352.3788146972656,352.3945007324219,356.9232177734375,358.27239990234375,361.7355041503906,362.5390625,364.389892578125,367.1944274902344,372.11810302734375,373.4039306640625,375.684814453125,378.4237976074219
sample_f6e2740d1cab318c,371.455810546875,371.71173095703125,373.9248352050781,375.5243225097656,376.1934814453125,375.6277160644531,375.522216796875,377.8385009765625,380.9755554199219,379.9396667480469,383.0354309082031,383.82781982421875
sample_81e2097242c2ef34,297.5179138183594,305.87457275390625,317.7925109863281,328.62384033203125,337.88427734375,349.07403564453125,356.05352783203125,365.91656494140625,372.05792236328125,376.4849853515625,383.14508056640625,387.40545654296875
sample_937b6d0c1082f3a6,519.033203125,504.8730773925781,494.395263671875,482.003173828125,475.66644287109375,460.48211669921875,451.0643310546875,442.85528564453125,434.4477233886719,428.7537536621094,426.0567626953125,419.3746337890625
sample_bcc77053144b40ba,309.098876953125,314.5071105957031,323.5275573730469,332.05975341796875,338.5319519042969,347.03521728515625,352.3348693847656,359.2250061035156,365.6025695800781,368.8562927246094,374.781982421875,378.3093566894531
sample_d4d0e052ba442f5b,469.3997802734375,456.23553466796875,446.22869873046875,435.1192932128906,428.9168395996094,418.46807861328125,411.30303955078125,405.1502380371094,398.12005615234375,395.767333984375,394.3005676269531,389.0846862792969
sample_e85f727841c15305,365.8332824707031,378.1727294921875,391.7100830078125,406.76654052734375,421.6871643066406,435.7505187988281,451.5283203125,464.8555908203125,473.0337829589844,480.50335693359375,488.1353454589844,491.43695068359375
sample_4bfe473e5c35c178,430.3523254394531,432.77069091796875,435.16162109375,436.8580017089844,436.4059143066406,436.6579284667969,436.5153503417969,438.1927490234375,441.9895935058594,440.1250305175781,443.46087646484375,441.1047668457031
sample_61c5b421e8012137,311.55865478515625,316.0531921386719,324.79095458984375,334.18316650390625,340.8502502441406,350.423095703125,358.4506530761719,365.8860168457031,371.3509216308594,377.1318054199219,383.661865234375,388.2505798339844
sample_4b63eba56a42e54f,424.1490783691406,421.752685546875,421.03143310546875,421.1856994628906,417.1777648925781,416.012451171875,413.4395751953125,412.965576171875,416.08148193359375,415.67010498046875,417.5314636230469,414.96832275390625
sample_c2ce51e8eb3cca41,476.0702819824219,466.4054260253906,457.0912170410156,446.9894104003906,437.993408203125,426.5701904296875,416.1678466796875,408.7095642089844,403.50830078125,398.0549621582031,392.3606262207031,388.9736328125
sample_dc81661bd17d9c58,358.3874206542969,376.9757080078125,397.0181579589844,416.53985595703125,435.6669921875,455.4402770996094,474.0367736816406,490.15057373046875,503.33709716796875,512.46435546875,518.430419921875,522.7408447265625
sample_9649bb381cdcfe46,367.201904296875,365.5827331542969,366.4516296386719,366.14434814453125,366.1487731933594,366.7996520996094,367.5555419921875,368.2876281738281,373.5721740722656,371.8772277832031,377.33013916015625,378.6367492675781
sample_fc91886fbe9df999,465.23236083984375,458.095947265625,452.0089111328125,445.0660095214844,438.1956787109375,429.00958251953125,421.37744140625,415.7366943359375,413.85736083984375,408.5553894042969,404.8491516113281,401.9567565917969
sample_3c747f0143d9975f,390.76116943359375,404.0279541015625,416.8206787109375,432.16253662109375,450.57464599609375,467.726806640625,488.11566162109375,504.5810241699219,520.4934692382812,528.2205200195312,538.1512451171875,548.1966552734375
sample_52b3c6fc3ac4933f,613.1707153320312,604.568359375,594.4055786132812,576.3377685546875,567.6320190429688,545.2711181640625,530.7325439453125,515.6213989257812,497.9206848144531,489.3398132324219,479.0947265625,470.94476318359375
sample_fa57f5866b05131e,381.48681640625,380.6182556152344,380.8321533203125,380.6861877441406,379.8717346191406,377.65771484375,377.848388671875,380.8244934082031,382.08526611328125,381.4356384277344,383.057373046875,384.1943054199219
sample_0b96704dfb004e11,407.3038330078125,402.2496643066406,399.2589416503906,396.2486572265625,395.3036804199219,394.07391357421875,393.6611022949219,391.994384765625,394.5338439941406,395.4723205566406,399.48516845703125,402.17218017578125
sample_3e8a3147e93ec023,495.9307861328125,482.90472412109375,471.03460693359375,458.2434997558594,448.741455078125,433.771484375,421.9220275878906,411.3468322753906,403.70587158203125,397.8023681640625,391.2431335449219,387.04473876953125
sample_51312cc2f76135f3,326.3615417480469,330.5841369628906,338.2213134765625,345.0997009277344,352.2308654785156,360.23529052734375,366.3319396972656,373.2453308105469,381.4117126464844,385.580810546875,391.11767578125,396.0330505371094
sample_607f8e6a39c0bea9,371.1578063964844,388.4261779785156,404.9332580566406,426.35601806640625,449.36590576171875,471.223876953125,496.6253967285156,516.1302490234375,532.6168212890625,544.9424438476562,554.596435546875,564.060302734375
sample_6b495024367f4a9f,315.8520202636719,318.3639831542969,325.0192565917969,329.4783630371094,337.6109924316406,342.91375732421875,348.9370422363281,354.85211181640625,361.5126647949219,366.4024963378906,371.3164367675781,378.20611572265625
sample_d3b984965bd28c61,383.05181884765625,382.60772705078125,386.49609375,388.2517395019531,389.7710876464844,390.5083923339844,390.4846496582031,393.09527587890625,397.40338134765625,398.0357360839844,399.0567321777344,398.9577331542969
sample_5bbfe84a81e028d0,587.1653442382812,572.5848999023438,558.478759765625,539.6798095703125,528.3521728515625,506.3685302734375,490.27581787109375,476.5264587402344,464.4696960449219,455.1513366699219,444.8155822753906,440.8460388183594
sample_750ef37312834034,348.4768981933594,366.5623779296875,386.01751708984375,407.2995300292969,429.6669921875,452.16851806640625,475.89190673828125,494.496337890625,511.4063720703125,523.205810546875,531.9375,540.8363037109375
sample_3dc483367ea1c64b,382.65802001953125,405.8856506347656,427.7972106933594,450.9639892578125,476.245361328125,497.68756103515625,523.3330688476562,542.852294921875,556.7662963867188,567.2592163085938,574.564697265625,579.8284912109375
sample_812f84253ad71c53,373.8361511230469,381.6630859375,393.68218994140625,399.61578369140625,404.47119140625,408.2850341796875,410.4325256347656,414.3707580566406,416.513671875,413.9639587402344,418.6035461425781,414.1002502441406
sample_c73ca9a6e3d06667,395.38360595703125,396.9637756347656,398.789794921875,399.97314453125,401.06976318359375,399.8831787109375,399.8821105957031,401.8495178222656,404.478515625,404.331298828125,407.6960754394531,405.3211975097656
sample_3bd4e2a9dc3eb878,340.52130126953125,349.4540100097656,362.48809814453125,369.5504455566406,375.4220275878906,381.1883544921875,382.1899719238281,388.72332763671875,391.84332275390625,390.38836669921875,394.1954345703125,391.5928039550781
sample_26b47216cec630fa,335.3624267578125,343.45849609375,356.043212890625,362.88031005859375,368.89642333984375,375.6667785644531,376.9584045410156,384.536865234375,389.14263916015625,388.5841979980469,392.11151123046875,390.92462158203125
sample_6e912f11b2a44500,453.65472412109375,444.2967529296875,435.8550720214844,427.5103759765625,420.3689880371094,410.861328125,401.90716552734375,396.34686279296875,392.08740234375,388.2852783203125,383.97015380859375,380.1324157714844
sample_101492ae6c44a5e1,381.06292724609375,379.8119201660156,379.63555908203125,380.1856994628906,379.7830810546875,379.8953857421875,381.42999267578125,383.4755554199219,387.2681579589844,387.3082275390625,391.0371398925781,392.4805908203125
sample_ae2f2274e605f8ed,352.3045654296875,353.8897399902344,358.185791015625,361.7507629394531,363.3876953125,365.1946716308594,367.1710205078125,370.20123291015625,374.2964782714844,374.848388671875,378.090087890625,380.6710510253906
sample_964febf537e4313f,319.41162109375,322.6167297363281,330.1239318847656,337.35577392578125,342.1928405761719,349.762939453125,355.605224609375,360.9775390625,366.92803955078125,370.6000061035156,376.411865234375,379.9833679199219
sample_3d016e039103dfeb,432.2956237792969,427.3846435546875,423.9958190917969,420.5472106933594,414.92254638671875,409.7876281738281,404.8729248046875,402.4282531738281,403.0816650390625,400.39544677734375,398.62786865234375,396.35498046875
sample_e51396f123497d38,448.09783935546875,473.8994445800781,497.02178955078125,512.4784545898438,530.470947265625,541.742919921875,551.392578125,563.0997314453125,570.44775390625,567.5149536132812,567.7979125976562,562.53955078125
sample_ed446ed6f40626e3,299.4137268066406,305.62969970703125,315.72216796875,325.27508544921875,333.32012939453125,344.2771301269531,351.5024108886719,359.6216125488281,367.9278564453125,373.53021240234375,379.73870849609375,385.2989501953125
sample_70f393e247e51e43,529.7884521484375,512.1997680664062,497.2271423339844,482.8435363769531,473.80120849609375,459.68341064453125,448.32757568359375,437.8722229003906,426.94464111328125,423.5166931152344,418.5558776855469,410.16748046875
sample_38b64893076ec63f,466.8000793457031,470.9172058105469,472.9579162597656,474.4134216308594,470.2911376953125,469.1922607421875,459.33111572265625,460.49822998046875,458.3149108886719,454.21630859375,452.68438720703125,444.7670593261719
sample_0871302d13f949d1,437.7129821777344,434.6962585449219,431.3266296386719,427.27581787109375,421.9737548828125,415.6988220214844,409.0013427734375,405.56048583984375,404.87774658203125,402.68310546875,398.9242248535156,394.41180419921875
sample_a9fbc42fc3152299,556.1265869140625,548.8978881835938,546.4534301757812,540.9341430664062,537.9341430664062,536.15478515625,531.8687133789062,529.3842163085938,526.7411499023438,529.7732543945312,534.0372924804688,527.4918212890625
sample_37ab36e40a247f8f,446.92578125,456.1723937988281,464.376708984375,469.4173889160156,471.17059326171875,473.67596435546875,469.02923583984375,473.02838134765625,471.4964294433594,468.990234375,468.2342834472656,460.79595947265625
sample_7a7f97e2833a6f37,389.0638122558594,385.50311279296875,382.87066650390625,380.96051025390625,379.03887939453125,378.73712158203125,378.79791259765625,380.4266052246094,381.765869140625,382.3750915527344,385.35577392578125,387.64019775390625
sample_ef502177bff28290,616.377685546875,608.7085571289062,605.2738647460938,597.8030395507812,595.5353393554688,584.8192749023438,577.6022338867188,569.3502807617188,563.846435546875,562.7579956054688,559.926025390625,549.84375
sample_3ace0b725d3e47f1,376.7641296386719,378.1476745605469,381.42889404296875,382.8454284667969,382.7120361328125,382.5986633300781,382.7789306640625,384.3859558105469,388.0978088378906,385.42230224609375,387.7799987792969,390.318603515625
sample_d4143f40636330df,515.4322509765625,503.2626953125,492.2296142578125,478.285400390625,468.0668640136719,451.59820556640625,438.43109130859375,427.1129150390625,418.7102355957031,412.82666015625,404.4710693359375,401.04669189453125
sample_92856c976573fb13,561.6685180664062,546.2568359375,532.5059814453125,517.1177368164062,506.6147155761719,487.6755065917969,474.3456726074219,463.448486328125,452.24835205078125,442.30194091796875,434.56292724609375,428.5064392089844
sample_7299ae23e67c4d8a,389.5793151855469,395.59326171875,404.861328125,411.3823547363281,417.3946228027344,424.1671447753906,427.25531005859375,434.3775329589844,441.3574523925781,442.177001953125,444.16009521484375,443.4288330078125
sample_3560a7e9b382f557,481.68157958984375,472.39031982421875,462.41094970703125,451.8410339355469,442.41864013671875,429.94219970703125,418.9447021484375,410.0010986328125,404.7621154785156,399.963134765625,390.94189453125,387.6986389160156
sample_90f6e20ee5c8e6dd,343.1777038574219,349.33294677734375,359.5423583984375,365.5069274902344,370.7012634277344,374.7124328613281,378.9247741699219,382.8148193359375,385.17315673828125,383.29852294921875,389.2864074707031,387.4888916015625
sample_e6bf507d7d197f5e,665.0509033203125,649.3930053710938,640.1737670898438,629.0128173828125,621.6300048828125,605.60791015625,595.4828491210938,583.4722290039062,572.651611328125,568.7537841796875,563.9551391601562,551.3798217773438
sample_203884c3efecd9a0,560.2963256835938,542.9927368164062,527.94970703125,512.5628662109375,503.2264404296875,485.1205139160156,472.22149658203125,460.0823974609375,447.76031494140625,439.9744567871094,433.407470703125,424.953857421875
sample_24638e409efc3293,383.9034729003906,382.6161804199219,382.10797119140625,381.6527099609375,379.55474853515625,378.0999755859375,377.55682373046875,378.215576171875,380.5779113769531,379.27056884765625,382.1488952636719,380.24267578125
sample_35837ad202661420,626.9797973632812,613.5570678710938,604.424072265625,594.18701171875,586.9680786132812,571.2042236328125,561.9459838867188,551.451904296875,542.1851806640625,534.5491943359375,532.744873046875,522.0963745117188
sample_f4d69c96872747cb,375.2689208984375,375.65570068359375,377.8856201171875,379.52203369140625,380.6613464355469,380.8602294921875,382.85699462890625,385.91729736328125,389.0438537597656,389.3070068359375,391.5852355957031,393.9703063964844
sample_156c643fb88c9b43,276.18963623046875,284.71258544921875,296.7229309082031,308.3262634277344,318.3718566894531,331.512939453125,339.5347595214844,350.1402893066406,357.84527587890625,364.69976806640625,371.44366455078125,378.23175048828125
sample_df3432caa1eab341,395.7862854003906,411.7989501953125,429.1007080078125,443.5624694824219,459.63958740234375,473.84649658203125,489.9888916015625,502.048828125,514.6951904296875,518.437255859375,524.6370849609375,527.5401611328125
sample_cc3f7fb140b6bbeb,374.2277526855469,378.2306823730469,382.9389953613281,389.1888427734375,402.680419921875,410.734375,423.3487548828125,432.1300964355469,440.3986511230469,444.4559020996094,454.19451904296875,463.3570861816406
sample_dfc2aa25883e71a5,398.7469787597656,397.8554382324219,397.8460388183594,398.08709716796875,394.4971008300781,393.9239807128906,391.1216735839844,393.6571044921875,396.1962585449219,395.2072448730469,396.29034423828125,395.53350830078125
sample_6e38c9dc378ebe6f,273.1476135253906,281.2755126953125,293.04229736328125,304.43353271484375,313.9841003417969,326.4874267578125,334.1693115234375,344.6724853515625,350.6544189453125,357.07244873046875,364.02490234375,370.1794738769531
sample_bebcf9195357a092,478.0175476074219,466.1371765136719,456.45147705078125,446.4757385253906,438.66748046875,428.2297668457031,418.46343994140625,412.95361328125,406.0658264160156,401.663330078125,397.606201171875,391.80902099609375
sample_e1d38151ca312685,344.2536315917969,344.1871032714844,345.3616027832031,346.2255554199219,351.0016784667969,351.3178405761719,356.27685546875,358.55206298828125,362.5530700683594,363.4776611328125,369.8899841308594,373.4931945800781
sample_8136baa8e6250d9f,372.2550354003906,372.9062805175781,375.81036376953125,377.8448181152344,378.8976745605469,379.6117248535156,381.6380920410156,384.1062927246094,388.22442626953125,387.54266357421875,390.5220642089844,393.010009765625
sample_eeabe228f72bad00,389.6891174316406,389.5101623535156,391.4291076660156,391.5084228515625,392.0638122558594,390.2325439453125,390.35784912109375,392.5802307128906,396.0382080078125,394.953369140625,395.6164245605469,398.36480712890625
sample_d368bcc490c8c4ee,405.3042297363281,403.7254333496094,402.8996276855469,403.4007873535156,399.37799072265625,399.82855224609375,398.2053527832031,399.4350891113281,401.2972717285156,402.68170166015625,404.88336181640625,403.4010009765625
sample_300813aa3b6b78ab,394.5439758300781,391.6031799316406,390.12109375,389.05224609375,387.20208740234375,386.9224853515625,386.4130554199219,387.3808288574219,390.7051086425781,389.94305419921875,393.1884765625,393.88873291015625
sample_8da8345618d972cf,277.971435546875,283.5115661621094,292.2076721191406,301.4807434082031,310.49444580078125,321.30877685546875,327.771484375,337.25213623046875,344.53741455078125,352.0865783691406,358.0982360839844,365.91033935546875
sample_ce6b0bfd9e6fc43e,400.21246337890625,396.3005676269531,394.6346435546875,391.7125244140625,390.9483947753906,390.38818359375,389.6974792480469,392.3045654296875,392.903076171875,393.4140930175781,395.8034362792969,398.2307434082031
sample_5466b07e5887a620,336.2942810058594,338.27325439453125,341.87359619140625,344.97296142578125,351.94091796875,354.4037780761719,361.93267822265625,366.26904296875,371.43902587890625,373.792724609375,380.57220458984375,386.6871032714844
sample_641e9309eaec5a91,295.6577453613281,301.3951721191406,311.4582214355469,321.39080810546875,328.9450378417969,338.8303527832031,346.7882995605469,354.8623046875,359.73699951171875,365.00689697265625,371.48162841796875,375.46942138671875
sample_b872110e5811f2cd,376.6471862792969,384.5440979003906,394.80615234375,404.4661865234375,412.68353271484375,421.0054016113281,430.81353759765625,438.7470703125,444.5221862792969,447.3222351074219,454.0081481933594,454.7463684082031
sample_2bd618f60ed6e4a8,353.7087097167969,355.87908935546875,360.5400085449219,364.3872375488281,367.6943359375,370.8116760253906,373.9465637207031,377.88427734375,383.54315185546875,384.33526611328125,388.9949035644531,392.16485595703125
sample_3565700a832ca7d7,483.87091064453125,490.2388610839844,496.8875427246094,501.5035705566406,519.425537109375,526.32763671875,543.1272583007812,555.509765625,569.2054443359375,571.4451904296875,580.0611572265625,592.7327270507812
sample_fdd5ee11112cb779,453.6667785644531,445.5821838378906,438.2446594238281,430.6438293457031,423.0699768066406,415.0539855957031,405.2001953125,399.8011169433594,397.4192199707031,393.7599792480469,387.5982666015625,385.1272277832031
sample_d5c1126fd15ac3cf,458.9649963378906,449.4246826171875,440.6328125,431.94830322265625,424.46881103515625,414.5385437011719,404.9433898925781,398.8790588378906,394.4930419921875,390.32171630859375,385.6291809082031,381.5236511230469
sample_0b45e8704730cfa5,338.71820068359375,340.25213623046875,346.1998291015625,351.2223205566406,354.37274169921875,358.8086242675781,363.5101318359375,366.52667236328125,371.8609313964844,373.8585510253906,378.1441955566406,380.6070861816406
sample_4133988025523aef,327.9986877441406,331.89208984375,339.52716064453125,346.0505065917969,351.193359375,356.1349792480469,361.605224609375,366.2893981933594,370.5083312988281,370.77691650390625,376.134033203125,377.9053039550781
sample_e7ef8c57b537df53,363.5064697265625,364.6397705078125,368.1419982910156,371.7046813964844,373.89349365234375,375.8487854003906,380.0928955078125,383.2486877441406,386.53564453125,387.7964172363281,392.49114990234375,393.83758544921875
sample_af347758c4d3e04d,535.5823364257812,527.8545532226562,520.7527465820312,510.5788879394531,503.5960998535156,490.4181213378906,478.7538757324219,469.24517822265625,463.18719482421875,459.0252990722656,450.6053466796875,444.136962890625
sample_ea0ad49b2f6ebfd9,355.3462219238281,357.0321350097656,360.7513427734375,363.40692138671875,368.8157043457031,370.62628173828125,376.44024658203125,380.25885009765625,385.3978576660156,387.1914367675781,392.1596374511719,396.77557373046875
sample_b0da3f99902245f1,393.22137451171875,412.9090270996094,433.2971496582031,448.7640380859375,465.4424743652344,477.6451721191406,490.4145202636719,503.10308837890625,508.98370361328125,511.7005920410156,515.900390625,513.320068359375
sample_765721ffc14d9ff5,449.9692077636719,444.36126708984375,440.39837646484375,435.5962219238281,430.7471618652344,424.1706237792969,418.0750427246094,414.54351806640625,413.6728210449219,410.336669921875,408.89508056640625,406.22137451171875
sample_2a1c7bf14eea1334,402.9687194824219,401.0562438964844,401.3713684082031,402.1894226074219,405.46148681640625,406.3859558105469,410.85760498046875,414.00543212890625,418.6387939453125,418.90802001953125,425.6360168457031,427.63653564453125
sample_4b5b17c1fa94176a,348.06036376953125,351.72357177734375,359.77734375,366.0259094238281,368.8431396484375,373.5848388671875,377.14630126953125,381.35040283203125,385.691650390625,385.7215270996094,390.6614074707031,390.4095153808594
sample_c93bd68a22b80f43,325.7727355957031,329.5900573730469,337.0753173828125,344.8517150878906,351.06817626953125,359.38787841796875,366.19805908203125,372.652099609375,379.6156311035156,383.86505126953125,390.4171447753906,394.4229736328125
sample_bb29535b0cb683f5,388.6976623535156,403.0101013183594,419.5449523925781,431.8262023925781,445.7510681152344,457.12432861328125,470.116943359375,480.4759216308594,489.73223876953125,492.343994140625,497.453369140625,497.77655029296875
sample_3f4d46b0a84c8260,443.44293212890625,451.83758544921875,458.5133972167969,464.9267272949219,475.9632873535156,483.9112243652344,496.0295715332031,506.5233154296875,519.4657592773438,521.3499145507812,525.900390625,535.2408447265625
sample_47a4e55ef92e437a,465.2143249511719,457.10247802734375,450.7447204589844,442.8918151855469,436.1951599121094,425.9792175292969,417.7803955078125,412.4180603027344,409.02008056640625,403.31634521484375,400.46044921875,397.2382507324219
sample_995c7d5b73db58e4,340.0563659667969,343.6720886230469,350.5059509277344,356.6779479980469,362.0990905761719,368.316162109375,372.5256652832031,378.2249755859375,385.2566833496094,387.6884460449219,391.9661865234375,395.9027099609375
sample_b583d0b24f1525af,465.5719909667969,463.7535095214844,460.5430908203125,452.4090576171875,448.3357849121094,438.0757141113281,427.4838562011719,419.5333557128906,417.1446228027344,408.80120849609375,404.53643798828125,399.8379211425781
sample_0e7c81463fc92d85,345.3934326171875,346.775146484375,352.1859436035156,356.7842102050781,358.6099548339844,362.0286865234375,365.4598388671875,368.2080078125,373.47052001953125,374.29541015625,378.13580322265625,380.2778625488281
sample_5909c1a068cec2b9,525.7239379882812,512.1158447265625,498.8398742675781,485.3007507324219,474.20318603515625,459.43109130859375,445.2719421386719,435.1298522949219,426.1224365234375,419.483642578125,410.03466796875,404.4973449707031
sample_a17f9fa44f6cf8f0,354.3000183105469,372.2363586425781,389.9613037109375,412.39794921875,436.0415344238281,459.432373046875,485.15966796875,505.7742919921875,521.8033447265625,535.7412719726562,546.0028076171875,555.499267578125
sample_3ccb0190af1886d8,437.7884521484375,459.181396484375,480.0760498046875,493.5752868652344,508.3933410644531,516.3065795898438,524.5762329101562,534.1742553710938,535.9078369140625,533.89501953125,535.4710083007812,529.7785034179688
sample_2cfa8c0dcb858fef,424.9419860839844,420.7544860839844,419.42681884765625,416.1098937988281,411.6483459472656,407.8641662597656,402.8312072753906,402.1875915527344,402.9644470214844,400.5841979980469,399.19586181640625,397.1548156738281
sample_8595fcc01c5ad825,297.01373291015625,303.817138671875,314.59765625,322.9698181152344,330.4392395019531,339.60784912109375,344.360107421875,352.4385681152344,359.08624267578125,362.4471435546875,367.67950439453125,371.6379089355469
sample_6a7cbc925da0910e,474.7658996582031,476.76123046875,480.7275390625,480.3409729003906,483.8405456542969,485.8202209472656,487.1514587402344,489.0927429199219,496.34637451171875,496.7184143066406,498.1770935058594,500.8666687011719
sample_d4d8d17910a53712,356.21746826171875,357.9469909667969,362.69268798828125,367.2301940917969,370.41302490234375,374.3697204589844,378.57562255859375,382.1300354003906,386.9173583984375,388.55706787109375,392.4259948730469,394.1932678222656
sample_8cd836f0551153dc,339.19732666015625,340.8015441894531,346.8695373535156,351.3289794921875,359.9949035644531,365.474853515625,374.49493408203125,379.18768310546875,386.13848876953125,390.1546936035156,396.8014221191406,402.7064208984375
sample_2d94481b0d4ddac3,453.81085205078125,448.34527587890625,446.23193359375,441.79498291015625,437.82269287109375,433.50311279296875,427.6986083984375,428.818115234375,426.7530212402344,424.1112060546875,424.0496826171875,420.71453857421875
sample_c5b746ccd215c9ae,362.1745910644531,363.6380310058594,368.2902526855469,370.7344055175781,371.6033630371094,372.4402770996094,371.99102783203125,374.2503662109375,378.05572509765625,377.14227294921875,379.23297119140625,379.2882385253906
sample_da04265dc3a8048f,368.5114440917969,371.320556640625,378.8884582519531,382.298095703125,383.9612121582031,385.9295654296875,387.7779235839844,388.9130859375,393.24163818359375,390.1637268066406,394.3575439453125,391.8514709472656
sample_c0c6acacddb71261,461.4276428222656,456.3005676269531,455.7250671386719,450.82806396484375,449.50439453125,446.5748291015625,444.39752197265625,445.3638610839844,445.18243408203125,444.4194641113281,448.3804931640625,445.1212158203125
sample_f971e30e83a4a305,466.75714111328125,453.66400146484375,444.5345458984375,433.03704833984375,426.4920959472656,417.32037353515625,408.9097595214844,403.5705871582031,396.16558837890625,394.7828674316406,390.83941650390625,384.9736328125
sample_21f4d22f1e1652f9,376.111572265625,380.24713134765625,386.5408020019531,393.43035888671875,398.5243225097656,402.8614501953125,409.3109130859375,414.1978759765625,419.0093994140625,420.0628662109375,425.0262451171875,426.32232666015625
sample_a07673c5f263e326,665.1190795898438,647.3145751953125,633.64453125,617.9435424804688,610.4271850585938,589.1953125,577.4530639648438,564.2213745117188,550.560791015625,540.4788208007812,536.19189453125,527.0655517578125
sample_49602473e9c489e3,282.0944519042969,288.7535095214844,298.9580383300781,310.5230712890625,321.0955810546875,334.69232177734375,344.04510498046875,354.777587890625,363.60455322265625,372.5680847167969,380.0964660644531,387.95416259765625
sample_d4c639af61bdf07c,554.8384399414062,540.2822875976562,526.2839965820312,510.8370666503906,499.77740478515625,482.8998107910156,468.3094482421875,457.156982421875,447.5411682128906,439.189208984375,430.22723388671875,424.6148681640625
sample_d9a94635c6104976,393.7955017089844,399.4117126464844,407.1395263671875,408.97711181640625,410.7686462402344,411.0140380859375,405.6579284667969,407.5486755371094,408.91357421875,404.4966125488281,405.7356262207031,401.10845947265625
sample_b01704c4fe5f2b9a,508.1153564453125,493.0181884765625,480.6169738769531,467.8370666503906,460.19049072265625,445.4803161621094,435.306884765625,425.6417236328125,417.0139465332031,411.78680419921875,408.1353759765625,400.8246154785156
sample_c4611ca79700dc77,379.6387023925781,379.71759033203125,381.22308349609375,382.0814514160156,380.48077392578125,381.19366455078125,382.529296875,384.6173095703125,387.4831848144531,388.0386962890625,390.8327941894531,390.9754943847656
sample_a86ba11295571ce7,432.9036560058594,441.1105041503906,447.20989990234375,449.383544921875,449.225830078125,444.6134338378906,437.7652893066406,436.6927490234375,433.90606689453125,427.80657958984375,429.830810546875,421.8213195800781
sample_ba007c703a534695,610.977783203125,590.2595825195312,571.5875244140625,551.73388671875,539.5862426757812,517.196044921875,501.28094482421875,485.60101318359375,470.02520751953125,461.19512939453125,451.027587890625,443.08697509765625
sample_d6f80e26b1ba0efa,459.1929626464844,456.7734069824219,456.5281677246094,454.4996032714844,455.6457214355469,451.41790771484375,448.0755615234375,449.0418701171875,449.9317932128906,448.7992248535156,452.4744567871094,446.6156921386719
sample_fc9f7ba864db92ca,369.8215637207031,371.2900390625,374.5413513183594,377.79974365234375,380.50299072265625,382.68585205078125,386.3160705566406,390.2096862792969,393.13433837890625,395.10919189453125,398.8414001464844,399.7126770019531
sample_d9905adccdd82699,415.6759948730469,412.0980224609375,410.53045654296875,408.5970153808594,405.87945556640625,409.6021423339844,407.8174743652344,411.2587890625,412.4703063964844,416.11456298828125,419.4317932128906,420.0186462402344
sample_d759bdbb274e9a26,435.0850524902344,431.67041015625,431.7947692871094,428.14276123046875,428.9709777832031,428.0981750488281,428.08251953125,430.60540771484375,431.4306945800781,431.657958984375,435.2392578125,436.5126953125
sample_05ad095f9b9e9c7d,365.16937255859375,369.87042236328125,378.194580078125,381.9436340332031,383.9120788574219,387.29547119140625,386.4153747558594,390.31988525390625,395.6255187988281,391.8707275390625,395.6892395019531,393.7497863769531
sample_69330f21cd9f0661,297.6033020019531,309.1239013671875,323.4875793457031,339.9068603515625,354.0368957519531,371.40399169921875,386.1531677246094,400.4691467285156,409.9274597167969,420.0145263671875,429.2484130859375,436.65185546875
sample_8b5bcc04b9b33ddd,337.064697265625,343.5231018066406,353.4582214355469,363.65533447265625,372.239013671875,382.649169921875,391.9571228027344,400.32672119140625,409.4701232910156,413.9218444824219,420.7024841308594,425.5197448730469
sample_a61d8168deb2a61a,311.78424072265625,315.21429443359375,322.90863037109375,330.66986083984375,336.61810302734375,345.0571594238281,351.70709228515625,357.8927917480469,364.1687927246094,368.92919921875,375.33941650390625,379.812255859375
sample_aa55d1005a185975,408.5873718261719,403.3837890625,400.7177429199219,395.9349365234375,392.1409606933594,388.6015930175781,384.9664001464844,382.85198974609375,384.0024719238281,383.0868835449219,384.0134582519531,383.8216857910156
sample_15efe560047d252a,294.5838623046875,299.2190246582031,307.5755310058594,316.11663818359375,324.6439514160156,334.0923767089844,341.3348693847656,349.4588928222656,356.24896240234375,362.7955322265625,369.2245788574219,376.136962890625
sample_5e89b37df53074d9,403.3260803222656,398.9102783203125,397.1695556640625,394.6881408691406,390.8607177734375,389.724365234375,385.86614990234375,387.0045471191406,387.6791687011719,388.0970764160156,389.2727355957031,387.759033203125
sample_93e946c81b037c52,560.4911499023438,541.1316528320312,523.6709594726562,506.9661560058594,496.36224365234375,479.0263671875,464.6884765625,451.40777587890625,438.5869140625,433.095947265625,425.63006591796875,416.7388916015625
sample_3a146d6771c3fd9a,351.7835388183594,354.67474365234375,360.6099853515625,364.6690673828125,367.53875732421875,370.966064453125,373.50592041015625,377.4317321777344,383.1103820800781,382.3889465332031,387.47369384765625,389.38629150390625
sample_766591bb2741c596,388.0369873046875,388.8551025390625,392.1058044433594,394.1262512207031,393.9806823730469,394.6399841308594,395.548828125,396.3385009765625,400.9771423339844,398.2021789550781,401.4235534667969,399.06378173828125
sample_d1d282c470b2a41b,319.9545593261719,323.00848388671875,330.1725769042969,336.2811584472656,342.36163330078125,348.0474548339844,353.2174377441406,359.0080261230469,363.61029052734375,365.634765625,369.8106994628906,373.8207092285156
sample_ab6247d0e456b195,647.1799926757812,629.0546264648438,615.3942260742188,600.290283203125,593.0394287109375,572.69921875,561.4530639648438,549.4552612304688,536.3568115234375,526.6624755859375,523.2095947265625,513.9525146484375
sample_aa864d4a7d6d8f0b,576.4664306640625,562.9002685546875,548.8125,532.8959350585938,521.915771484375,502.8760986328125,489.3262939453125,474.7264709472656,463.14422607421875,455.87725830078125,445.7184143066406,438.0616455078125
sample_15f4c4ffee4923fb,361.8352355957031,364.9972229003906,369.44317626953125,374.1400451660156,377.407470703125,379.7776184082031,382.6690673828125,387.265625,390.09197998046875,391.193115234375,394.6446228027344,394.9447326660156
sample_5fcbd458d7916852,301.5366516113281,305.70745849609375,312.9846496582031,320.06585693359375,332.13104248046875,340.4340515136719,352.00433349609375,360.123291015625,368.1947326660156,375.03118896484375,384.1282958984375,393.4100036621094
sample_7534127ad40ca252,307.92138671875,316.7339172363281,328.9590759277344,341.7810974121094,352.47222900390625,366.1998596191406,376.97979736328125,387.74029541015625,396.5805969238281,403.4587097167969,411.58056640625,417.3382568359375
sample_1f8086082466b381,417.3163757324219,411.89752197265625,409.4818420410156,404.22442626953125,400.5474548339844,396.883056640625,390.515869140625,390.7536926269531,389.6304626464844,388.8130798339844,387.02581787109375,386.0192565917969
sample_2789292afa37c60e,395.3965759277344,397.30487060546875,400.2618103027344,403.7088317871094,407.14996337890625,409.491943359375,414.291015625,418.81988525390625,421.7161865234375,424.1897277832031,429.0041809082031,429.91827392578125
sample_1951f03b97f3a0e8,509.2898254394531,505.98028564453125,503.0406494140625,497.1604919433594,493.8837890625,486.12738037109375,478.9427795410156,470.5706481933594,470.0838317871094,466.52374267578125,464.2298889160156,456.1658630371094
sample_b3d84d20c5d06aa9,331.526611328125,337.9048156738281,347.7359313964844,358.258544921875,367.07025146484375,377.8558654785156,387.44805908203125,396.1809387207031,404.9690246582031,410.169677734375,417.1574401855469,422.40740966796875
sample_996623a97048b0c3,437.8241882324219,435.8370361328125,434.7502746582031,431.2542724609375,426.1294860839844,420.3437805175781,413.7629699707031,409.4689636230469,408.7399597167969,406.9221496582031,404.7378234863281,398.13031005859375
sample_9fcd2f9fed300ec4,300.4422302246094,310.326416015625,323.9041748046875,336.70770263671875,347.610595703125,360.7055969238281,370.2378845214844,381.6318359375,388.4764404296875,394.6025390625,402.0655517578125,406.3388977050781
sample_d8db8d8114f379b6,547.4152221679688,545.5986938476562,547.56982421875,544.7928466796875,549.7412109375,551.478515625,552.9552001953125,555.8511962890625,560.139892578125,564.521484375,566.881591796875,567.1798095703125
sample_4958a187ce96057a,388.9349670410156,406.20611572265625,424.35101318359375,440.49713134765625,458.71563720703125,474.8658752441406,493.1648254394531,506.91326904296875,520.4673461914062,525.8910522460938,532.2943725585938,536.4187622070312
sample_1b5483166af7b5d9,441.5472106933594,434.5416259765625,429.4256286621094,424.0333251953125,417.1085205078125,410.7427062988281,404.1348876953125,400.2113037109375,398.8149719238281,395.5638732910156,393.21929931640625,390.005126953125
sample_2d6f129a3b49b471,367.9346618652344,370.5419616699219,375.3420715332031,380.31304931640625,384.7947082519531,389.3976745605469,394.0010681152344,398.7571716308594,405.92706298828125,407.9659423828125,412.0240478515625,415.7703857421875
sample_fa486d33422db536,350.74560546875,351.7317199707031,356.35223388671875,360.1802062988281,363.0501403808594,366.22808837890625,370.74151611328125,373.4283447265625,378.474853515625,379.9436340332031,384.4083251953125,386.47283935546875
sample_cf41bde21f13a369,513.6795654296875,499.78985595703125,489.7843322753906,477.9208984375,471.8418273925781,457.2103576660156,448.8580017089844,440.22479248046875,432.3392333984375,427.069091796875,425.1759948730469,417.7606506347656
sample_f210b9b7bc7dc248,378.3594055175781,379.33660888671875,382.61590576171875,386.1839294433594,389.0716552734375,391.2311706542969,395.115234375,398.6164855957031,402.0844421386719,404.2001953125,407.58544921875,408.3379211425781
sample_e5e4b43cc3aebffe,358.6662292480469,366.8422546386719,379.6543884277344,387.1697998046875,393.2841796875,400.23760986328125,403.171875,410.0046691894531,415.0363464355469,414.80767822265625,418.0213928222656,416.7005920410156
sample_790d506e2f9d1edd,356.948974609375,357.71832275390625,360.3127746582031,362.4478454589844,365.73687744140625,365.8442687988281,368.4526062011719,371.2156066894531,375.1723327636719,376.16827392578125,379.7956848144531,383.16009521484375
sample_99cd980e3a61b512,506.7886047363281,494.84283447265625,483.7015075683594,471.26043701171875,462.4419250488281,447.74774169921875,436.6264343261719,427.2349548339844,420.1440124511719,412.4418029785156,406.661865234375,402.26422119140625
sample_e69a5a22e5590608,500.06365966796875,485.1461181640625,474.75616455078125,462.77978515625,454.62841796875,446.2851257324219,436.54559326171875,432.02142333984375,422.5843200683594,422.763916015625,417.8641662597656,410.81292724609375
sample_d6e0fe7664157816,491.78363037109375,486.3260192871094,484.8016052246094,480.150634765625,477.2981262207031,470.17242431640625,466.4615478515625,463.1842041015625,461.4580078125,457.9136962890625,460.69940185546875,454.60546875
sample_c7f896e154ea9ec7,319.2720947265625,324.1298828125,332.832763671875,341.1666259765625,347.7752380371094,357.1130676269531,363.6654052734375,370.3707580566406,378.5006103515625,382.676025390625,389.476318359375,394.14019775390625
sample_0180242f06dc7d33,344.10675048828125,365.3251037597656,387.74127197265625,409.53338623046875,432.34417724609375,454.9003601074219,476.33563232421875,495.50653076171875,508.8900451660156,519.7568359375,527.2183837890625,533.0570678710938
sample_14edc7b3c87ddad6,392.53369140625,394.8411560058594,398.1419982910156,402.32464599609375,408.51617431640625,412.42138671875,419.153076171875,425.4927673339844,428.75897216796875,432.4321594238281,438.9670715332031,441.2152099609375
sample_45d4c93d5d3b75d1,632.2285766601562,627.25244140625,619.3010864257812,602.2575073242188,597.79736328125,576.6326904296875,562.7635498046875,547.0858154296875,530.2806396484375,519.4053344726562,512.224609375,503.0440979003906
sample_e367736d39e5eabf,550.8263549804688,534.1013793945312,517.8385620117188,500.2483825683594,489.2507629394531,469.58135986328125,454.6341552734375,441.6349182128906,429.677978515625,420.3039245605469,411.5523376464844,406.1817626953125
sample_5b253e2d2d8c9cf1,357.57659912109375,370.91033935546875,384.3214111328125,400.1471862792969,416.4753112792969,429.726806640625,444.93841552734375,459.1776123046875,464.93182373046875,472.12725830078125,479.99755859375,483.32525634765625
sample_df5484cd6272f5d6,297.08807373046875,305.22430419921875,317.51470947265625,328.12786865234375,337.54669189453125,349.4874267578125,357.3031921386719,366.6758728027344,375.0513916015625,380.5923767089844,386.70159912109375,391.1807861328125
sample_f755f74eee262c28,450.7774353027344,444.9922790527344,439.87066650390625,435.356689453125,428.39691162109375,423.1086120605469,414.240966796875,410.8384094238281,410.2032165527344,408.686767578125,403.6649475097656,399.22528076171875
sample_5cd08dfd3de0e122,510.038818359375,497.2651062011719,484.8677978515625,471.689453125,462.3912353515625,447.24200439453125,435.13677978515625,425.44512939453125,417.70806884765625,410.4107360839844,403.1177062988281,398.3804626464844
sample_fc06a256390ba12d,509.39697265625,509.2578125,509.1094055175781,507.82415771484375,504.477783203125,501.9049377441406,495.1244812011719,489.5113525390625,493.6218566894531,489.7789001464844,488.10906982421875,481.68963623046875
sample_e487111c61e5e6f1,376.1932067871094,376.3486022949219,378.512451171875,380.1771240234375,379.718994140625,378.8954162597656,380.0494079589844,381.4206848144531,384.9278259277344,384.1597900390625,386.3918762207031,387.4606628417969
sample_28970732d915917c,401.3568115234375,404.671142578125,408.5132751464844,409.9503173828125,408.6976318359375,407.6183776855469,399.48321533203125,401.9266357421875,402.4828796386719,399.17108154296875,398.5690002441406,394.533935546875
sample_65fe4e19979f6315,417.9557800292969,412.2665100097656,409.39825439453125,404.5050964355469,399.77197265625,396.11346435546875,391.9133605957031,391.04522705078125,390.63262939453125,389.6172790527344,388.7563781738281,387.99151611328125
sample_6ddeed9597671fa7,405.27874755859375,406.63623046875,409.2834167480469,409.18865966796875,407.7776794433594,405.1184387207031,400.7979736328125,399.5636901855469,402.9823913574219,398.90118408203125,399.20977783203125,396.4419860839844
sample_220c9279db129184,406.6784973144531,408.39019775390625,414.1236877441406,418.1398620605469,418.96624755859375,422.31805419921875,425.73876953125,428.0063171386719,433.2460021972656,431.76080322265625,435.576171875,434.6148681640625
sample_843cfaf902fe734c,496.1339111328125,482.4315490722656,472.47900390625,461.0700988769531,453.1418762207031,444.0389099121094,431.86639404296875,426.6349792480469,418.3283386230469,417.7396240234375,410.217529296875,404.8122863769531
sample_a4b05ea8a8b14191,436.7732238769531,435.3709411621094,433.5533752441406,429.74029541015625,424.9518737792969,418.1729431152344,410.4659118652344,405.0180969238281,403.9666442871094,400.0105895996094,397.0196533203125,390.3827209472656
sample_2ea5908e8c1e5f09,319.2747802734375,323.0072937011719,331.1868591308594,339.092041015625,344.28106689453125,351.0285949707031,356.70709228515625,362.4656677246094,366.9486389160156,369.82183837890625,375.32794189453125,377.48370361328125
sample_c774eeccd46d9827,399.5451965332031,401.5580749511719,405.4081726074219,408.4203186035156,409.687744140625,411.01898193359375,412.7804870605469,415.1215515136719,419.3360595703125,418.31378173828125,421.4765625,420.28631591796875
sample_9b8f10582b86f210,374.91644287109375,389.0444641113281,404.877685546875,419.1810302734375,435.075927734375,449.39788818359375,465.740478515625,478.3538818359375,489.6106872558594,495.3420104980469,502.54168701171875,505.7648620605469
sample_8fdc80a3aeb68275,441.6971435546875,443.350341796875,446.22882080078125,446.468505859375,449.9291076660156,451.3323974609375,454.56146240234375,458.6622314453125,464.7601623535156,465.0685119628906,466.7460021972656,470.1720275878906
sample_265608f72f4ee52a,300.1527099609375,308.49078369140625,320.8897705078125,332.748046875,342.5345458984375,354.34759521484375,363.51666259765625,373.89959716796875,378.55029296875,385.10015869140625,392.01873779296875,395.18011474609375
sample_fd6ff382a79e9865,379.3609313964844,381.732177734375,387.7630615234375,390.44610595703125,391.0853576660156,392.4937438964844,392.7707824707031,394.1978454589844,399.66632080078125,395.9766845703125,399.98541259765625,397.2724304199219
sample_f2b15a2bf4fd39f5,359.9996032714844,381.93927001953125,402.7408752441406,426.4753112792969,451.3943786621094,474.30584716796875,499.0665588378906,520.150634765625,532.7772216796875,545.9715576171875,554.379150390625,560.9395141601562
sample_b13eeff5a2385b58,443.1748962402344,447.08843994140625,452.345947265625,456.941650390625,463.0610656738281,469.050537109375,474.38336181640625,480.2554931640625,489.6807556152344,489.4267883300781,492.9754638671875,494.2397155761719
sample_fd79b24f029ee3d2,387.70794677734375,386.42962646484375,385.9725341796875,385.3055419921875,382.69677734375,381.2474060058594,378.25408935546875,380.4833984375,382.8753662109375,381.54180908203125,382.6765441894531,382.7089538574219
sample_ea08855b2c04a629,336.9833068847656,343.2328796386719,353.83380126953125,361.4077453613281,367.038818359375,374.63946533203125,378.7630615234375,385.126708984375,390.8520202636719,392.14056396484375,397.62652587890625,398.3125915527344
sample_551ef77823be216e,329.3932800292969,332.2350158691406,339.3670349121094,345.3307800292969,348.867431640625,354.81524658203125,359.0486145019531,363.1910705566406,369.59185791015625,371.12530517578125,376.3319091796875,378.9898681640625
sample_7e041e2bf5273785,351.2646789550781,350.2309265136719,350.0417175292969,350.2516174316406,353.528076171875,353.6520690917969,357.4091796875,359.46453857421875,363.17230224609375,363.1394348144531,369.6318359375,372.6378479003906
sample_162ba229903a7e64,339.64990234375,344.9708251953125,354.4026794433594,361.99365234375,367.89434814453125,375.3817443847656,381.35296630859375,387.2317810058594,394.3053894042969,395.9447326660156,402.3570861816406,404.2008972167969
sample_04385b85ef6cb292,351.6920471191406,352.6503601074219,356.5256042480469,359.6342468261719,363.8311767578125,366.6366271972656,371.7149963378906,374.6334228515625,379.65167236328125,381.5796813964844,386.1927795410156,388.250732421875
sample_d65977e6bf696255,306.8087463378906,311.9646301269531,320.86053466796875,329.3154296875,337.4067687988281,347.4692687988281,354.3879089355469,362.4521179199219,370.84112548828125,376.5511169433594,382.64947509765625,388.635986328125
sample_e1b4b4295b357462,395.1788635253906,406.4193115234375,417.0167236328125,420.0633544921875,423.2344970703125,422.82244873046875,417.8717346191406,418.4283752441406,416.6938171386719,410.07867431640625,414.9017028808594,406.80853271484375
sample_5296f52cbdf5dbc8,401.2423400878906,404.2947692871094,408.1522521972656,409.0164489746094,407.4444580078125,404.4378356933594,398.6226806640625,397.39697265625,399.2970275878906,394.55682373046875,395.08935546875,390.11688232421875
sample_1697b05153353710,506.09326171875,491.2568359375,478.783935546875,465.7878723144531,456.715576171875,444.45660400390625,431.3961486816406,422.685791015625,413.5128479003906,409.76251220703125,402.30322265625,395.27008056640625
sample_5240dbdba41f2822,285.194580078125,289.03900146484375,297.72113037109375,306.1327819824219,316.28765869140625,326.1543884277344,336.3697814941406,343.73687744140625,350.1947326660156,356.9792175292969,364.4577941894531,372.18988037109375
sample_92c8b1355d4a8c1b,407.221435546875,406.94970703125,407.60546875,406.29144287109375,403.770263671875,399.851318359375,394.99334716796875,394.3291320800781,396.4325866699219,393.29315185546875,392.68890380859375,390.0466003417969
sample_d4785d3a95c44cd2,671.1973266601562,656.691162109375,640.6180419921875,621.1265869140625,608.8899536132812,585.037841796875,570.16845703125,552.1094970703125,535.2875366210938,527.392333984375,514.7625732421875,506.41033935546875
sample_6c610a9a09ef8015,473.00799560546875,465.1065979003906,460.3979797363281,452.5784912109375,446.32086181640625,434.9141540527344,426.54754638671875,420.5061950683594,417.4647521972656,413.11175537109375,410.07086181640625,406.34735107421875
sample_d10648ced83dc465,448.7873840332031,447.0212707519531,446.94140625,444.7723693847656,442.7296142578125,440.1571350097656,436.2233581542969,436.7757568359375,438.33526611328125,436.20611572265625,438.5070495605469,434.9639892578125
sample_ab6ff2d023a1cccd,369.66082763671875,369.06982421875,369.06976318359375,369.4049377441406,369.4075927734375,369.16650390625,371.112060546875,373.4732360839844,375.99078369140625,376.3943786621094,380.1586608886719,382.6285095214844
sample_decdeca7bf2cf5f3,533.8734741210938,518.873046875,504.7836608886719,489.62176513671875,479.72723388671875,462.3289794921875,449.3987121582031,438.06207275390625,428.2418212890625,419.9812316894531,413.05938720703125,406.94732666015625
sample_0c9dcfab719d457a,409.4475402832031,407.7852783203125,406.9479675292969,407.3549499511719,403.4745178222656,405.67352294921875,404.4006042480469,407.8020324707031,408.19219970703125,410.6281433105469,413.41436767578125,413.07220458984375
sample_b705a4390025b1c9,317.2821044921875,321.81927490234375,329.2142333984375,337.2319641113281,345.28106689453125,353.9920959472656,359.9833068847656,367.99786376953125,375.30755615234375,381.5321960449219,386.2969970703125,392.8077392578125
sample_216539d910306288,500.58074951171875,486.1481628417969,474.506103515625,462.6475524902344,454.4408874511719,441.44866943359375,431.72540283203125,423.2417297363281,415.30023193359375,410.4938049316406,406.92510986328125,399.70904541015625
sample_c7b4326164496add,341.4703063964844,348.2000427246094,357.8332824707031,368.58111572265625,378.8082275390625,388.50933837890625,398.9028015136719,408.597900390625,414.6675109863281,419.8455505371094,426.5346374511719,429.90838623046875
sample_f7bca37139f1b276,321.5626525878906,328.76177978515625,339.55584716796875,349.8625793457031,358.33331298828125,369.6175537109375,376.4299621582031,385.84197998046875,394.066650390625,399.72943115234375,404.6185607910156,409.3525390625
sample_9be83d1a083787c7,453.2437744140625,442.90679931640625,437.5772705078125,429.2127990722656,423.98175048828125,419.3926086425781,413.2797546386719,412.39434814453125,407.65777587890625,408.2225341796875,407.68658447265625,402.78564453125
sample_7fff4f672bd0ab24,462.0955505371094,461.58172607421875,459.991455078125,452.8355712890625,448.87640380859375,439.72857666015625,429.93310546875,422.36724853515625,420.3538818359375,411.30023193359375,409.0775146484375,403.8605041503906
sample_71433191ae305da2,315.10186767578125,320.48907470703125,329.73577880859375,338.348876953125,345.10064697265625,354.5932922363281,361.2539978027344,368.02838134765625,375.94525146484375,379.96368408203125,386.57794189453125,391.24993896484375
sample_ead607759eb0763d,465.4140930175781,470.4294128417969,474.08856201171875,478.2715148925781,489.3362731933594,494.5259094238281,504.78375244140625,513.1097412109375,520.7175903320312,523.62939453125,530.7466430664062,536.1453857421875
sample_b8de54ddcfdb9300,408.29779052734375,413.0685119628906,418.597412109375,420.2573547363281,420.4239501953125,419.8961486816406,413.6061706542969,413.8402099609375,415.307373046875,411.7887878417969,410.5577392578125,406.7881164550781
sample_66991935212b364b,371.65716552734375,384.89251708984375,399.9342956542969,406.80926513671875,414.1620788574219,419.4909973144531,418.909912109375,423.59112548828125,425.57208251953125,421.0433654785156,425.2007141113281,417.8135681152344
sample_5b9204db66801e0d,318.9481201171875,323.8473815917969,332.5827331542969,340.786376953125,348.2815856933594,357.8364562988281,365.2721252441406,372.64874267578125,380.79559326171875,385.63958740234375,392.81732177734375,397.6379089355469
sample_9c22c890dd26f767,536.6814575195312,521.4913940429688,507.3115234375,492.6136779785156,481.87725830078125,466.7265625,451.3094482421875,441.7705383300781,431.1398620605469,424.47686767578125,414.41278076171875,408.6142272949219
sample_b58a08c83706dcf3,410.3463439941406,405.20050048828125,403.7038269042969,398.80267333984375,396.99755859375,397.0994567871094,393.67919921875,396.31640625,396.88092041015625,397.1352233886719,400.1753234863281,400.78485107421875
sample_a8fc20bf1e78b811,325.1564636230469,332.5994567871094,344.22314453125,353.3343505859375,360.6587219238281,368.37744140625,374.51080322265625,382.3301086425781,385.08624267578125,387.3033142089844,393.19451904296875,392.9742736816406
sample_fbf18be631910370,409.34954833984375,407.81219482421875,407.7645568847656,405.4132080078125,404.21441650390625,400.3972473144531,396.7743225097656,397.47235107421875,398.7696533203125,397.298828125,396.78631591796875,396.07373046875
sample_a04b1e6fb8c6babf,329.990478515625,331.8015441894531,335.74163818359375,339.2829284667969,346.7379150390625,349.7265625,356.9703369140625,361.1944580078125,366.8359680175781,369.742431640625,376.4582214355469,382.6858215332031
sample_d9431f6acf1eb8bf,344.2556457519531,348.20123291015625,355.79107666015625,360.66180419921875,364.51165771484375,369.53076171875,372.71807861328125,377.4012451171875,383.6146240234375,383.1634521484375,388.9547119140625,390.65740966796875
sample_63fa0fd4e2db7a56,367.4571838378906,372.5607604980469,379.8669738769531,388.8436584472656,397.8000793457031,407.7823486328125,418.5483093261719,427.1131591796875,437.0341796875,441.370849609375,449.52935791015625,455.2447509765625
sample_b563817dc966845d,345.4939270019531,354.6654968261719,367.9873962402344,380.0544738769531,389.4600524902344,402.4399719238281,412.6046142578125,422.21826171875,431.3311462402344,436.5870056152344,442.86236572265625,445.7314147949219
sample_01ddf65479db8931,326.15869140625,334.15618896484375,345.6671142578125,357.4085388183594,367.87158203125,380.65277099609375,390.6240234375,400.8080749511719,410.94073486328125,417.7794189453125,423.79083251953125,429.7314147949219
sample_11aabe3f3aff991c,324.9404296875,335.32196044921875,349.0712585449219,361.253662109375,371.8609924316406,383.0362854003906,392.37176513671875,402.8250427246094,406.63482666015625,411.87127685546875,418.0841064453125,418.78955078125
sample_49a5b6d2577eafa9,338.3695983886719,340.36279296875,346.4499816894531,351.9499206542969,355.6231384277344,360.1441650390625,364.78631591796875,368.3978576660156,373.2806396484375,374.62628173828125,379.1110534667969,381.05059814453125
sample_f9b98f95bcca1896,595.84130859375,582.2413940429688,569.95166015625,556.1612548828125,546.1666870117188,527.4566040039062,516.2260131835938,502.45867919921875,491.1246032714844,483.4039306640625,476.03466796875,466.83306884765625
sample_d05b7f1dafbbf945,391.8245544433594,391.20989990234375,391.3721618652344,391.9240417480469,388.9739074707031,389.0605773925781,387.1789245605469,389.8486328125,391.9527282714844,391.64361572265625,394.68017578125,391.6356506347656
sample_3be4dfe463a05b62,521.111328125,526.631103515625,528.2919311523438,530.249267578125,526.1984252929688,522.695556640625,515.0913696289062,512.11181640625,510.05877685546875,502.6922912597656,501.59991455078125,491.54693603515625
sample_0ecefccf73746a1c,407.59759521484375,414.48699951171875,420.1726989746094,429.0670471191406,440.1381530761719,447.6711120605469,458.708740234375,468.5809326171875,476.1339416503906,479.8509216308594,486.96661376953125,493.46746826171875
sample_3c4d65503cc6d78f,379.886962890625,389.9130859375,401.97283935546875,417.30206298828125,431.5730895996094,448.38458251953125,463.78900146484375,478.3504943847656,491.8341979980469,500.12725830078125,507.99755859375,514.434326171875
sample_74c44d10d8ce545b,353.5841064453125,356.1156921386719,361.04022216796875,365.9331970214844,368.87908935546875,372.43658447265625,376.3497009277344,380.28936767578125,384.43902587890625,385.3369445800781,388.8570861816406,390.33209228515625
sample_00b4f4146ec5a6fa,316.1537170410156,327.3133850097656,341.1824951171875,354.07220458984375,365.6739807128906,376.92987060546875,386.7637634277344,397.7640380859375,400.7779846191406,406.302734375,413.0717468261719,413.6759033203125
sample_0179644f5d89bff2,461.32135009765625,449.96868896484375,440.5071716308594,430.59991455078125,423.3927917480469,412.67657470703125,404.1413269042969,396.8553161621094,391.21112060546875,387.2109375,384.70159912109375,379.63922119140625
sample_47e893557fd13cc8,318.3013916015625,323.990966796875,333.6112976074219,341.1097717285156,346.7696838378906,353.5598449707031,357.1033020019531,363.66229248046875,368.6611633300781,370.0851745605469,375.1539001464844,376.6483154296875
sample_649bf1fa6fce022e,309.6582336425781,315.607177734375,326.2085876464844,335.1266784667969,342.1264953613281,350.29296875,357.3154602050781,364.44195556640625,368.49407958984375,371.80767822265625,377.7696228027344,379.91876220703125
sample_fadde32f6475e169,355.5456237792969,360.8597717285156,370.6531066894531,376.92791748046875,381.2131652832031,385.6741638183594,389.2649841308594,394.2521057128906,397.5766296386719,396.9605712890625,402.0469970703125,400.0731506347656
sample_7c2f3108dbd1db66,316.9911193847656,322.3406982421875,331.513916015625,338.96905517578125,345.1133117675781,351.175048828125,357.0405578613281,362.42498779296875,366.7132263183594,367.0574951171875,372.91448974609375,374.09375
sample_589b06059dba4097,496.8753662109375,493.42022705078125,492.4814453125,488.42242431640625,494.1050109863281,498.2914733886719,500.5386962890625,504.4363708496094,508.45257568359375,512.4358520507812,519.6986083984375,518.5931396484375
sample_fa493bd2de74e2b5,325.62127685546875,337.4354248046875,351.1258850097656,369.88995361328125,387.7621765136719,408.28179931640625,427.70428466796875,445.6623840332031,457.9924011230469,471.1475830078125,482.587646484375,492.63629150390625
sample_609e4d9b24255122,532.76171875,519.0436401367188,507.56182861328125,493.25885009765625,484.41552734375,468.6949157714844,457.3877258300781,448.9773254394531,440.2156982421875,433.083251953125,428.79437255859375,423.60321044921875
sample_5503c95edd34c590,387.2643127441406,389.298095703125,391.78619384765625,394.6799011230469,396.72003173828125,398.0582275390625,400.7274475097656,404.7181701660156,407.0784912109375,409.0936584472656,412.9315185546875,412.81243896484375
sample_286c74d2778e3c30,384.0438537597656,388.8852233886719,396.2780456542969,398.56341552734375,400.1806945800781,401.5052185058594,397.2227783203125,399.96392822265625,402.92169189453125,399.0572204589844,400.0931701660156,396.8837890625
sample_293894431e5ca692,403.49822998046875,402.4891357421875,400.7245178222656,398.855224609375,396.3390808105469,391.7723388671875,387.33770751953125,387.54522705078125,388.3916931152344,385.3717041015625,384.5960388183594,383.1337890625
sample_3184df7f7910745f,335.65020751953125,340.2098388671875,348.3743591308594,356.2904357910156,362.1437072753906,369.9507751464844,376.5188903808594,382.33685302734375,389.81085205078125,392.3329772949219,399.0098876953125,402.1453857421875
sample_359ba9f5c3a4cfbe,363.9354248046875,364.7354431152344,368.45294189453125,371.8991394042969,372.5090637207031,374.07373046875,376.1360778808594,378.2266540527344,382.729248046875,382.5590515136719,385.7252502441406,386.1752624511719
sample_5eaecbcf5c9bacc8,443.5679626464844,436.32635498046875,430.70318603515625,423.0159912109375,416.2453308105469,407.62481689453125,401.06500244140625,396.9706115722656,393.757568359375,389.8551940917969,387.1662902832031,385.2879333496094
sample_d8050f1df15754e3,405.5679626464844,403.25140380859375,401.3918151855469,402.95343017578125,402.6808166503906,404.0586242675781,405.8218688964844,408.5461120605469,412.7523193359375,414.5487060546875,417.97314453125,420.1884765625
sample_89466a3935ad95dd,383.1008605957031,383.3718566894531,384.38848876953125,385.27056884765625,383.799560546875,384.35382080078125,383.8219909667969,386.9484558105469,389.55084228515625,389.29046630859375,391.9231872558594,390.380615234375
sample_65bb5e878a0fe1bf,463.85748291015625,456.07257080078125,449.98101806640625,443.4708251953125,436.5768127441406,427.7822265625,419.886474609375,415.1163635253906,412.2586669921875,407.81536865234375,403.7952575683594,400.3460388183594
sample_bb6673ded190c7c2,401.3658752441406,405.97711181640625,410.69293212890625,417.4624328613281,427.16802978515625,433.2255859375,442.9748840332031,450.9571838378906,457.06463623046875,461.3329772949219,468.11767578125,473.42169189453125
sample_c02fab6a598140ad,410.3196716308594,409.28125,409.7638244628906,409.236083984375,406.3419494628906,403.8154602050781,402.109130859375,401.2664489746094,405.3200378417969,402.230712890625,404.29315185546875,400.4881591796875
sample_4efd8d3ec97023e2,437.4322204589844,430.2730407714844,427.12017822265625,421.18212890625,416.1526184082031,411.8970947265625,405.75421142578125,405.2316589355469,403.22381591796875,402.57232666015625,401.10443115234375,397.72039794921875
sample_a1790b507494a624,315.03375244140625,319.29302978515625,327.88818359375,336.1747131347656,342.33123779296875,351.3355712890625,358.2818298339844,364.6148376464844,371.30755615234375,375.71246337890625,382.027587890625,386.47589111328125
sample_c8893916d5807e79,400.7916259765625,407.7469787597656,414.1661376953125,424.2662353515625,434.00738525390625,440.6966247558594,451.583251953125,460.5775451660156,466.0363464355469,470.2270202636719,476.296142578125,480.52557373046875
sample_5caa87d5d91d1caa,450.6278076171875,462.5310363769531,474.73748779296875,488.6004333496094,504.1240539550781,518.36083984375,533.1544189453125,546.7742309570312,561.7279052734375,566.7113037109375,570.2554931640625,575.5492553710938
sample_934b8a465f3b26f1,495.2327575683594,489.5489501953125,482.1697082519531,470.7196044921875,460.9082946777344,446.23516845703125,433.8263244628906,424.78076171875,415.1026306152344,410.90240478515625,403.51611328125,397.41845703125
sample_883655e55f4702fe,301.0937805175781,305.924072265625,314.9856872558594,324.13397216796875,330.23797607421875,339.2291564941406,345.87042236328125,352.9368591308594,358.0038757324219,362.2722473144531,368.4825134277344,372.41973876953125
sample_9e22233a68bcc2f0,342.7013854980469,346.572265625,353.9507141113281,359.5791320800781,364.2242736816406,369.75018310546875,372.3429260253906,377.65887451171875,383.7122497558594,385.04901123046875,388.8438415527344,391.2119445800781
sample_4845c66961c1566b,335.2542724609375,340.338623046875,349.88885498046875,357.0762939453125,362.38800048828125,369.9683837890625,374.3891906738281,380.19110107421875,386.9106140136719,388.7090759277344,393.800537109375,395.259033203125
sample_f7083fb76a098e82,439.883544921875,461.41387939453125,481.57586669921875,494.3930358886719,508.61785888671875,517.653076171875,524.1842041015625,533.75732421875,538.408935546875,535.647216796875,536.0999755859375,530.890869140625
sample_7eca6dfd8268048b,394.3193054199219,400.7695007324219,409.1522521972656,419.62994384765625,428.5760498046875,439.78900146484375,449.70745849609375,459.70635986328125,470.8648986816406,475.2095031738281,480.6724548339844,484.5197448730469
sample_18d0773d782c615f,387.52459716796875,385.0828857421875,383.2669372558594,383.5235900878906,381.4679260253906,381.441650390625,382.1132507324219,383.82745361328125,387.2348937988281,387.0179443359375,390.86651611328125,392.2706604003906
sample_2ff5bfa8bd01eefb,301.08026123046875,311.5609436035156,325.0430908203125,338.9971923828125,350.89849853515625,364.59918212890625,375.790283203125,388.1369323730469,393.2681884765625,401.06170654296875,408.9392395019531,412.4466857910156
sample_bde7594164ccb354,318.03460693359375,320.1201477050781,327.3734436035156,331.6850280761719,340.0610656738281,345.203125,351.9858703613281,357.23175048828125,363.21331787109375,368.5584716796875,372.72369384765625,378.65155029296875
sample_0a236ebfcf22d2f0,394.8051452636719,392.7814025878906,391.4898376464844,390.06976318359375,386.91522216796875,383.2945251464844,380.14801025390625,381.51812744140625,381.5538330078125,380.2174377441406,379.5763854980469,378.7154541015625
sample_7702c0447c0f1e5c,527.3536376953125,514.49755859375,504.53466796875,493.92169189453125,487.4049377441406,473.13739013671875,464.29461669921875,456.5909118652344,448.4302978515625,441.1488037109375,439.0081481933594,431.25970458984375
sample_ea1dbe37847f104f,426.57171630859375,425.1456604003906,425.30218505859375,424.2720947265625,425.1407775878906,425.6628723144531,426.5903625488281,428.6050109863281,431.69970703125,431.9775695800781,435.7707824707031,437.0162658691406
sample_051c73d314c33f08,538.93896484375,521.7987670898438,507.3385314941406,494.05078125,485.66436767578125,470.246337890625,459.8980712890625,448.4349365234375,437.83831787109375,433.8043518066406,429.57354736328125,420.05511474609375
sample_686df92913f5a3dc,373.6024475097656,374.8883361816406,378.78631591796875,381.8123474121094,383.0107116699219,385.44818115234375,388.2337646484375,390.4571533203125,395.2362976074219,395.01568603515625,399.25482177734375,401.4496154785156
sample_1cb4971087b1b9c1,519.5885009765625,515.1340942382812,512.5630493164062,507.3421325683594,504.41497802734375,496.21795654296875,489.6750183105469,481.92657470703125,481.83221435546875,477.6537170410156,473.8827209472656,466.5273742675781
sample_1eeaaad087bba564,454.6722412109375,444.1220703125,437.13275146484375,428.45233154296875,421.88140869140625,416.1683044433594,407.2991638183594,404.5638122558594,399.47564697265625,399.9557800292969,395.777587890625,391.23760986328125
sample_7134a9a8e44990a0,342.2239685058594,354.47088623046875,369.3220520019531,382.29638671875,393.2122497558594,403.56756591796875,412.9325866699219,423.5165710449219,425.62396240234375,429.66668701171875,436.0717468261719,434.73272705078125
sample_1ce7c8abd84b0a69,601.4698486328125,580.3812866210938,561.559326171875,542.0226440429688,530.410888671875,508.7905578613281,493.0312805175781,477.8416748046875,462.6260986328125,454.0911560058594,445.42864990234375,437.19732666015625
sample_3198fa2e606e9f97,540.5899658203125,523.2657470703125,509.25518798828125,495.3233642578125,486.6517028808594,471.6676025390625,460.6484069824219,450.9095153808594,439.439208984375,434.4525451660156,429.4180603027344,419.2791748046875
sample_8cde586767a247b3,419.5393981933594,414.638427734375,412.3222351074219,409.1837158203125,404.7603454589844,402.95477294921875,398.295654296875,398.78082275390625,398.8147888183594,398.76788330078125,399.15655517578125,396.6802978515625
sample_1ae46745bc70396d,261.0324401855469,270.1499938964844,282.6668701171875,298.0948181152344,314.2978820800781,332.4259338378906,347.6104736328125,362.3504943847656,371.94268798828125,385.1671142578125,395.7696228027344,406.873291015625
sample_592b86361f4540ad,383.1544494628906,382.5717468261719,384.01177978515625,384.0395202636719,384.64794921875,382.7150573730469,382.01861572265625,384.6022033691406,386.60662841796875,385.103515625,387.71185302734375,387.1997375488281
sample_5b8a515748f8173a,368.8793640136719,373.4005126953125,381.2357177734375,386.84405517578125,391.3433837890625,397.1684265136719,398.83807373046875,404.8419189453125,410.95733642578125,412.2586669921875,414.3826904296875,415.3236389160156
sample_50ddcee6c4ea96f1,365.38397216796875,390.2474365234375,415.1878356933594,436.1397705078125,457.2966003417969,475.8212890625,492.15582275390625,509.35400390625,517.3955078125,523.5819091796875,528.30322265625,528.9557495117188
sample_55414231572590fe,339.4950866699219,342.26165771484375,349.38787841796875,355.7605895996094,360.0863952636719,365.3526306152344,370.0528259277344,374.591064453125,379.3174743652344,381.0213317871094,385.6313781738281,387.2409973144531
sample_39e29a45ec2f6aa1,364.0098571777344,365.3244934082031,368.4302673339844,372.0326843261719,378.7125549316406,382.27978515625,390.10003662109375,395.1944580078125,399.36419677734375,402.20867919921875,408.84161376953125,412.66064453125
sample_d65a4e1f558d628f,378.6024475097656,382.7425231933594,389.68048095703125,392.4307556152344,393.1426696777344,394.5909729003906,390.053955078125,392.97412109375,395.9407043457031,392.925537109375,393.42578125,390.9267272949219
sample_def2555f167fc28e,357.4085388183594,361.84912109375,369.791748046875,373.1170349121094,374.9931640625,377.435302734375,374.6440124511719,378.4283447265625,382.0626525878906,379.243408203125,381.2228088378906,378.7681884765625
sample_2573593e432c3e1a,485.1754150390625,470.85174560546875,459.42291259765625,447.3749694824219,439.45355224609375,428.63165283203125,418.9388427734375,410.99090576171875,403.04205322265625,400.5768737792969,396.15216064453125,389.09442138671875
sample_55fb006831c5bbfb,522.6758422851562,515.0123901367188,504.7730407714844,491.76763916015625,481.7694091796875,465.7689514160156,452.2486877441406,442.1061706542969,431.33050537109375,427.21630859375,416.61944580078125,409.54052734375
sample_de0288237ad12e68,330.4756164550781,332.65655517578125,338.6651611328125,343.9745178222656,348.0417785644531,353.0614929199219,357.7193908691406,361.9198913574219,367.9519958496094,370.6678466796875,375.3712158203125,378.96405029296875
sample_81953ca2c40525b3,439.0117492675781,434.25018310546875,432.0378723144531,429.30828857421875,424.63897705078125,418.71466064453125,414.0236511230469,411.05877685546875,411.249755859375,408.7749328613281,408.23516845703125,404.93597412109375
sample_9f95926706751ba2,390.2032775878906,387.7491455078125,386.15594482421875,384.2919616699219,382.1364440917969,380.8580627441406,379.1368408203125,381.2418518066406,383.1357116699219,382.1939697265625,383.4801025390625,385.4395751953125
sample_9d32c3f8308e2761,630.2474975585938,614.3675537109375,601.7286376953125,588.0443115234375,579.328369140625,560.330810546875,549.004150390625,535.9027099609375,523.836181640625,514.8529663085938,509.72369384765625,500.28045654296875
sample_584b0116b3667d14,382.38885498046875,380.2214660644531,378.61419677734375,377.6060791015625,375.4646301269531,376.5036315917969,375.1383056640625,378.4359130859375,380.7506408691406,381.19256591796875,385.1020202636719,386.8837585449219
sample_520e774f2f740080,368.4463195800781,371.4017028808594,377.86029052734375,382.8102111816406,385.8111877441406,388.5289611816406,392.1210632324219,395.0893859863281,399.1331481933594,398.6367492675781,402.527587890625,402.443115234375
sample_95ded46a08b2dbf9,537.0203247070312,528.6405029296875,523.0789184570312,514.7938232421875,508.59002685546875,497.43572998046875,489.2254333496094,479.3672180175781,475.4691162109375,472.90380859375,467.5920715332031,460.57330322265625
sample_39efe3ee0dddc4cb,353.2547607421875,357.61785888671875,365.9305114746094,370.0509033203125,373.2871398925781,376.9568786621094,374.8797912597656,380.6249694824219,384.2014465332031,383.3143310546875,384.90478515625,384.27655029296875
sample_d3cc67b23af2eacf,370.2291259765625,369.39617919921875,370.1043701171875,370.3055419921875,373.10943603515625,374.8041687011719,378.36041259765625,381.8473815917969,385.79876708984375,386.66925048828125,392.80804443359375,395.2466125488281
sample_3720d276056c698b,304.0242919921875,309.654296875,319.23583984375,328.47308349609375,335.7884216308594,346.0115051269531,353.0657958984375,360.5402526855469,367.9886169433594,372.8630676269531,379.4577941894531,384.8580322265625
sample_5b348f7524cfbeb0,391.3743591308594,393.8482360839844,397.79779052734375,398.75982666015625,397.51287841796875,395.3630676269531,390.737060546875,390.4143371582031,393.439208984375,388.40496826171875,388.9459228515625,386.98785400390625
sample_7d29efa8c0964ed1,281.6238098144531,288.1520690917969,298.88897705078125,309.9863586425781,318.6206970214844,330.32818603515625,338.81353759765625,348.1707763671875,353.52001953125,360.261474609375,367.12738037109375,372.6843566894531
sample_8729f5c41418e0e0,401.67987060546875,400.63677978515625,400.55950927734375,400.12725830078125,396.7451477050781,394.1719970703125,389.54840087890625,389.9969482421875,390.68017578125,389.085205078125,389.2749328613281,385.199951171875
sample_8b4196a3682af93d,435.3196105957031,429.56707763671875,426.9192810058594,421.9433898925781,417.51605224609375,412.4234924316406,408.0695495605469,406.26214599609375,405.28558349609375,404.1614990234375,402.277587890625,400.7713623046875
sample_75d22c037dc4db17,464.15789794921875,451.9858703613281,443.17364501953125,433.17816162109375,427.0177001953125,417.6273193359375,410.9530944824219,404.88922119140625,399.00286865234375,396.72210693359375,394.89862060546875,389.08013916015625
sample_3a226e4be37f66a8,628.83642578125,606.6543579101562,586.614501953125,565.7904052734375,553.3099975585938,530.3419799804688,513.533203125,497.58404541015625,481.3463439941406,471.5887451171875,461.8968505859375,452.9830627441406
sample_3b1bdf2083e446c4,380.41571044921875,379.73284912109375,381.82806396484375,382.22076416015625,382.302978515625,382.0922546386719,382.84503173828125,384.2343444824219,388.19317626953125,388.43756103515625,391.0042724609375,391.45501708984375
sample_f7b67417a6b1a3a4,449.454345703125,440.2967529296875,432.5218200683594,424.23779296875,416.7440490722656,408.39080810546875,400.3172607421875,395.28924560546875,390.6318359375,387.40478515625,384.33502197265625,380.8515625
sample_4bc280cc70295da1,407.1284484863281,401.65887451171875,399.9538879394531,394.9349365234375,392.1348876953125,390.639892578125,386.0640563964844,388.11639404296875,388.16619873046875,388.06597900390625,389.5472412109375,389.5811767578125
sample_ed141dba568f8575,411.1258544921875,410.5215759277344,409.80889892578125,408.6390380859375,402.9204406738281,399.7306823730469,393.1591796875,392.5367736816406,391.7474670410156,390.48785400390625,389.23541259765625,384.0260009765625
sample_7ce22e308ba4bdef,427.1731262207031,430.2115478515625,432.20074462890625,432.1400451660156,428.9844970703125,425.7174987792969,415.6950378417969,415.3168640136719,413.7325744628906,409.4386901855469,408.0666809082031,402.64410400390625
sample_b95b1562ff5e6241,381.5166931152344,396.2232971191406,412.4894104003906,426.34716796875,440.888916015625,452.72857666015625,465.9733581542969,477.74713134765625,484.12921142578125,488.3595275878906,493.9021301269531,493.5525207519531
sample_64166586ecdadc21,369.4557800292969,379.1105041503906,391.1828918457031,395.74884033203125,400.5968933105469,404.08807373046875,401.4506530761719,405.1368713378906,406.8173828125,401.9345703125,405.51123046875,398.8827209472656
sample_5dbd77c5d0a5f0be,341.9748229980469,344.641845703125,350.4427795410156,355.5362243652344,362.1669921875,367.3429260253906,374.379150390625,379.475830078125,386.3152770996094,389.67291259765625,395.6190185546875,400.3475036621094
sample_39fba3862ddf32c0,358.5451354980469,371.33917236328125,385.7099609375,402.0971984863281,419.1250915527344,436.3310241699219,455.1867980957031,470.01153564453125,483.4002380371094,492.76470947265625,501.564697265625,507.867431640625
sample_d6eda4a92598939a,674.0166625976562,657.4954833984375,647.2567138671875,635.1773681640625,627.24169921875,610.8541259765625,599.6361083984375,587.1129150390625,575.6170043945312,571.1629028320312,565.8721313476562,553.0518798828125
sample_e3ad30e31119fc0d,417.8013000488281,416.3027038574219,415.68280029296875,412.954833984375,410.8285827636719,405.3638000488281,400.4534912109375,398.7147216796875,400.2794494628906,397.38470458984375,395.8955078125,392.69091796875
sample_fcb9c6c454ca3e03,532.310302734375,518.0924682617188,507.5345458984375,495.6402587890625,486.7916259765625,470.4407958984375,459.2790832519531,450.0078430175781,441.8034973144531,436.0501708984375,430.6141662597656,425.7103271484375
sample_951b5d364ef840c2,478.3727722167969,491.89251708984375,504.3228454589844,510.40362548828125,517.636474609375,519.8770751953125,522.607177734375,525.892822265625,528.880126953125,523.72802734375,524.6565551757812,518.9285278320312
sample_e3f7c6c89588251f,341.21856689453125,342.3652038574219,346.7860412597656,350.849365234375,356.25970458984375,359.6748962402344,366.7806701660156,370.03173828125,375.0398864746094,377.8187255859375,383.4405517578125,387.3004150390625
sample_fe5a42d42d758eee,348.1313171386719,349.5037841796875,354.1871643066406,357.1219482421875,362.9784240722656,366.0341796875,370.8907775878906,374.5876770019531,381.0670166015625,383.5189208984375,388.17730712890625,392.9124450683594
sample_0bf6bc9aaf25d49c,448.48565673828125,437.9879455566406,431.424072265625,422.2450866699219,418.43133544921875,410.7294006347656,406.2182922363281,403.50958251953125,397.722900390625,396.7998046875,397.73516845703125,395.8437805175781
sample_2ca26f7cd6e98d94,321.8321533203125,328.1266174316406,337.7774658203125,348.7129821777344,357.7514343261719,369.1038818359375,378.6265869140625,387.8453674316406,396.11871337890625,402.41748046875,409.5046081542969,415.2950439453125
sample_f92ae943c019ecc0,389.9949645996094,390.42803955078125,393.32098388671875,394.7210388183594,395.0242614746094,395.182861328125,392.7174987792969,395.0046081542969,398.58673095703125,397.12164306640625,398.83642578125,397.73260498046875
sample_a5b722e57b6f8d71,545.1015625,531.4102172851562,519.7009887695312,507.2926940917969,498.3912353515625,482.5805969238281,471.58306884765625,462.394287109375,453.6082763671875,444.4350280761719,439.65655517578125,432.04864501953125
sample_4f4f385130e04316,396.96673583984375,396.44573974609375,397.4061584472656,398.4930419921875,395.5538635253906,395.9414367675781,395.0548400878906,397.3357238769531,400.18707275390625,400.2793884277344,402.0601501464844,400.85687255859375
sample_05ab77d564c39dff,323.3005065917969,331.0386047363281,342.0704650878906,350.4996643066406,358.1838073730469,363.9306335449219,370.5289306640625,376.8623046875,379.0927734375,379.0001220703125,385.0213928222656,384.81097412109375
sample_a281acb679ad7925,462.0841064453125,457.8081970214844,451.802001953125,444.45648193359375,437.11614990234375,427.45513916015625,418.05401611328125,411.2384033203125,407.79656982421875,403.3785095214844,396.4895935058594,391.1788330078125
sample_1a3b943f877769ac,350.92694091796875,353.124267578125,358.06787109375,362.3626403808594,365.6507568359375,368.5970764160156,373.0888671875,376.7707214355469,381.84033203125,382.58306884765625,387.4498291015625,391.7742919921875
sample_c682dfd2919f454d,379.4076843261719,395.560302734375,412.6837463378906,429.0003662109375,447.28985595703125,463.9801940917969,483.0406494140625,497.255615234375,511.3719482421875,517.9552001953125,525.402099609375,530.6401977539062
sample_cebe6951b6def4d6,414.0788879394531,418.78515625,426.5833740234375,430.66259765625,433.493408203125,434.4766540527344,437.7138977050781,440.17413330078125,443.4281311035156,440.9486999511719,445.3089294433594,442.5832214355469
sample_07478efbc32bddde,511.12457275390625,529.1538696289062,541.352294921875,548.4890747070312,551.6131591796875,553.6326293945312,549.686767578125,550.5572509765625,549.5374145507812,541.5409545898438,541.166259765625,533.379150390625
sample_80ffa10ef749dd71,292.7053527832031,302.4096374511719,315.5706481933594,328.0875244140625,339.03533935546875,352.75482177734375,361.3187255859375,373.01824951171875,380.1792907714844,386.71868896484375,393.66448974609375,399.22784423828125
sample_3039e4a78a26e09e,390.4886779785156,390.35186767578125,391.9315185546875,393.136962890625,391.57635498046875,391.40679931640625,391.6131591796875,393.5376281738281,396.376220703125,395.89727783203125,398.0138244628906,396.8982849121094
sample_bd1ecd558e8d39f1,415.01947021484375,413.69378662109375,413.0934753417969,410.8020935058594,408.7545166015625,403.57293701171875,399.1159973144531,397.5062561035156,398.5142517089844,395.8274841308594,394.5794982910156,392.1476745605469
sample_63ac536179a39222,333.6754150390625,340.249755859375,351.1398010253906,357.4577331542969,362.4828186035156,367.7713928222656,368.7908630371094,375.2826232910156,378.3162841796875,377.6138610839844,381.6035461425781,380.070556640625
sample_f4110a61ad7069c4,409.96771240234375,438.528076171875,464.9118347167969,483.5800476074219,504.24847412109375,517.5258178710938,527.8880615234375,542.8861694335938,545.81201171875,546.06396484375,548.8915405273438,544.5245971679688
sample_cf279dc9eb8b95cd,604.0592041015625,589.6210327148438,577.8403930664062,563.3427124023438,554.2665405273438,534.9271240234375,523.083740234375,509.37054443359375,498.4283142089844,489.70037841796875,482.5558776855469,475.388916015625
sample_37f9347bda25fabd,404.119384765625,403.7850646972656,404.5688781738281,403.9153137207031,401.3565368652344,398.543701171875,395.6600646972656,395.0757751464844,399.12860107421875,395.3225402832031,397.455078125,392.6894226074219
sample_fb5ebc7a0cce729c,394.6764221191406,409.3065185546875,423.9613037109375,438.76007080078125,454.0262756347656,465.1990966796875,477.4739990234375,490.22845458984375,494.0381164550781,498.5121154785156,503.3756103515625,504.22137451171875
sample_ed71b02d6beeca5a,484.52459716796875,474.76995849609375,464.9107666015625,454.4853820800781,444.91839599609375,432.5367431640625,421.47186279296875,412.7197265625,407.8141784667969,401.9354553222656,394.61859130859375,391.2544860839844
sample_8016c405d7bfb273,377.40869140625,383.858642578125,391.91583251953125,402.0178527832031,413.2197570800781,424.78900146484375,437.9208984375,448.4555358886719,459.45703125,464.212890625,473.647705078125,480.568115234375
sample_a415d011363adf25,292.8858947753906,298.0552673339844,306.8883361816406,316.0428466796875,323.7818298339844,333.7586364746094,340.3879089355469,348.7843322753906,355.24462890625,360.9913635253906,367.19451904296875,373.41455078125
sample_a47db001a242154b,298.7926330566406,306.00042724609375,316.9311828613281,325.49078369140625,332.8082275390625,342.17864990234375,345.6725158691406,354.3877258300781,360.38555908203125,363.70709228515625,368.19451904296875,371.6385803222656
sample_38388ee0ea6e6d93,459.9289245605469,449.5677185058594,441.757568359375,431.74102783203125,424.9559020996094,414.686279296875,406.29205322265625,400.36041259765625,395.148193359375,391.0340576171875,388.7369384765625,385.0233154296875
sample_df51f200b60a62c1,322.5885009765625,333.1304016113281,344.4591369628906,359.4593200683594,373.84832763671875,387.60711669921875,402.2896423339844,415.7911682128906,422.1575012207031,430.0009765625,439.19012451171875,443.6642150878906
sample_1a0e913dc6e66065,500.8819580078125,491.571533203125,482.1749572753906,471.7007141113281,462.31878662109375,448.8595275878906,438.21246337890625,429.3807373046875,423.4128723144531,417.97528076171875,410.319091796875,405.5327453613281
sample_3734ac273f7fcee9,510.3699645996094,502.8421630859375,500.39837646484375,494.7530822753906,491.4785461425781,483.3852233886719,478.00811767578125,476.2519836425781,471.9017028808594,470.2066955566406,468.948974609375,462.7236328125
sample_c1ca7e35febbd9dc,391.0248107910156,392.2370910644531,394.8457336425781,395.11407470703125,393.568115234375,390.83697509765625,386.8390808105469,386.96783447265625,389.9683532714844,385.5940856933594,386.2459716796875,384.59747314453125
sample_eebfb11fd828a089,528.6925048828125,512.9776000976562,499.53363037109375,485.6798095703125,475.92742919921875,462.1654357910156,448.3262939453125,438.66204833984375,428.63006591796875,423.71588134765625,415.38800048828125,407.72137451171875
sample_e253f8f2f650441f,330.35223388671875,345.40484619140625,362.98895263671875,381.6036071777344,399.38970947265625,419.21240234375,437.2010498046875,453.5776672363281,466.567138671875,476.88226318359375,485.2996520996094,491.8570556640625
sample_2da58d2cbb5fc76a,359.01708984375,360.8810119628906,365.39056396484375,369.0481262207031,372.3253479003906,375.5405578613281,379.8238220214844,383.385986328125,388.9195251464844,389.8413391113281,394.8332214355469,397.443115234375
sample_6014883b3ba6fbea,366.07769775390625,367.04022216796875,371.046630859375,374.50238037109375,375.9825744628906,378.3138427734375,381.4346008300781,384.1452941894531,388.5979919433594,389.3414611816406,393.319091796875,394.5606384277344
sample_26a7d80cbe235075,500.1455383300781,510.89935302734375,519.3491821289062,525.591552734375,527.3961791992188,531.4503784179688,530.3306274414062,533.7877197265625,535.9713745117188,532.8565673828125,531.3380737304688,525.1080322265625
sample_2d72d79961f7ef99,329.3772277832031,339.3047790527344,353.7104797363281,363.022216796875,371.1230163574219,380.28253173828125,384.686767578125,393.0555419921875,398.2574768066406,399.9373779296875,404.34912109375,404.5223388671875
sample_2f662b18a94d1bbb,539.06005859375,524.11376953125,511.58984375,496.6144714355469,486.41552734375,468.0493469238281,455.14776611328125,442.52984619140625,432.6365966796875,426.1405944824219,418.1848449707031,413.49993896484375
sample_2e8eb4ac52f1dd09,360.75830078125,368.6981201171875,378.4578552246094,390.6468505859375,406.67138671875,421.64483642578125,439.4164123535156,452.00811767578125,465.010009765625,471.8172912597656,484.4833984375,492.66094970703125
sample_b51b61e2135e7378,344.2082214355469,346.5813293457031,351.97076416015625,356.313232421875,359.77593994140625,363.73626708984375,367.86297607421875,371.9300537109375,377.6342468261719,378.2606506347656,384.0333251953125,387.2726745605469
sample_3e9c0e0a703167d3,312.4822082519531,315.3180847167969,320.991455078125,326.37109375,333.38592529296875,337.9629821777344,343.84356689453125,349.4283752441406,354.9183349609375,359.4909362792969,364.4873962402344,370.84716796875
sample_2d4d0fda0f974a8a,469.5421142578125,460.2475891113281,451.35528564453125,442.23779296875,433.6938781738281,424.1999206542969,413.1400146484375,406.8824462890625,402.844482421875,398.2818603515625,391.8809509277344,388.91357421875
sample_7dfe28e621684a2e,346.8894348144531,348.3235168457031,352.8314514160156,357.2547912597656,359.9690246582031,363.3855285644531,367.6341552734375,371.1605529785156,375.8219299316406,377.65936279296875,382.3213195800781,384.9434509277344
sample_bfd89b88f32a5fed,324.8470458984375,341.2814025878906,358.8496398925781,381.39715576171875,404.16571044921875,428.7947082519531,451.822021484375,473.8387145996094,489.3153076171875,504.5819091796875,515.7696533203125,525.9453735351562
sample_3f80bffc62035bc3,491.052734375,481.75927734375,474.3277587890625,467.47003173828125,459.7197265625,449.54034423828125,440.1652526855469,435.14349365234375,430.47998046875,424.5850524902344,420.42510986328125,415.18792724609375
sample_c3d7b8c380921a8a,345.53338623046875,348.7825622558594,355.20703125,361.3138427734375,367.0174865722656,373.51800537109375,379.8157653808594,385.5809020996094,392.755615234375,395.8582763671875,402.1185607910156,405.9284973144531
sample_6f524dd44a1704be,344.5277404785156,356.2363586425781,371.65545654296875,382.841552734375,392.5867919921875,402.9219970703125,410.1123962402344,419.6318359375,425.02960205078125,427.50732421875,433.1141357421875,432.51324462890625
sample_e3d696b669fff4bc,367.2669372558594,370.0552673339844,375.77679443359375,378.9997253417969,380.4979553222656,383.04388427734375,383.3105773925781,386.74530029296875,391.5475158691406,389.447998046875,393.4176025390625,393.58709716796875
sample_9398a2a6a16af64b,341.9896240234375,344.46734619140625,349.90118408203125,354.9991455078125,359.807373046875,364.46209716796875,370.076416015625,374.91650390625,380.85003662109375,383.23974609375,389.3111572265625,393.2958679199219
sample_60d9f6807057e14a,433.12261962890625,441.9835510253906,449.40252685546875,457.1670227050781,468.5263977050781,477.4169616699219,490.4745788574219,500.98095703125,513.85400390625,516.1730346679688,521.63623046875,530.0703735351562
sample_e77531b0712bcce2,382.37506103515625,381.898681640625,382.17755126953125,382.84942626953125,381.3606872558594,382.6546630859375,382.40631103515625,386.2191467285156,388.4444885253906,388.6689758300781,392.4179992675781,391.901123046875
sample_247ac003a597ce1e,350.6960144042969,352.5413513183594,357.49847412109375,361.27996826171875,363.46929931640625,365.7369079589844,368.9423522949219,371.76055908203125,376.4499206542969,376.6697998046875,380.81866455078125,383.5567626953125
sample_ce4f2777cb640d08,384.84893798828125,389.9942321777344,398.08319091796875,404.7371826171875,410.712890625,414.4212951660156,420.30963134765625,425.08599853515625,429.6742248535156,429.2083740234375,434.2864074707031,433.571533203125
sample_31e7a82bea2d66c5,362.78021240234375,363.70745849609375,367.9043884277344,370.90740966796875,372.12322998046875,374.32415771484375,377.1333312988281,379.148681640625,384.1365051269531,383.93768310546875,387.9045715332031,390.25531005859375
sample_088ecd57c002a6d2,307.31805419921875,316.6675720214844,330.1542053222656,341.48431396484375,351.17266845703125,362.8612365722656,370.435791015625,380.60809326171875,387.04266357421875,391.60791015625,398.0964660644531,401.5126037597656
sample_c0b5f79255f15b9a,339.8280334472656,342.4293518066406,347.4705505371094,352.7098083496094,357.98553466796875,361.6353454589844,367.67474365234375,372.6317443847656,378.0268249511719,380.4338684082031,386.2333984375,391.26812744140625
sample_c7390a5a5f6fbea6,363.86370849609375,366.8482360839844,373.73565673828125,376.6202697753906,377.3296813964844,379.5447692871094,377.15435791015625,380.06903076171875,384.2004699707031,380.7314147949219,383.2817687988281,380.7582092285156
sample_38c41d494969f1b7,406.4801940917969,401.9872741699219,398.85638427734375,395.5877380371094,393.3224182128906,392.8800048828125,391.5048828125,390.9672546386719,393.4069519042969,393.51129150390625,396.7442321777344,397.96527099609375
sample_4df6609ce8f7e223,367.86767578125,367.4962463378906,370.7013244628906,372.3719482421875,376.67169189453125,379.1284484863281,382.9812316894531,385.59783935546875,391.32794189453125,393.04168701171875,397.564697265625,400.28240966796875
sample_ca9edabe81317f9c,465.6236877441406,479.6373291015625,490.62689208984375,503.0141296386719,517.3617553710938,527.3845825195312,542.1641235351562,553.6488037109375,565.7453002929688,566.649169921875,571.2625732421875,574.77978515625
sample_8923a242befbdcf8,338.322509765625,339.85369873046875,345.3455505371094,349.8088073730469,353.1912841796875,357.392822265625,361.6467590332031,364.9130859375,370.9129943847656,372.9747009277344,377.25506591796875,380.35723876953125
sample_61aee30832e3ecbd,320.406005859375,323.41412353515625,328.984375,334.3957214355469,342.74224853515625,347.8103942871094,355.1643981933594,360.8249816894531,367.236083984375,371.89642333984375,378.12164306640625,385.0382385253906
sample_bb0df1608fd9996a,552.0250244140625,548.5031127929688,550.6073608398438,545.7459716796875,551.9546508789062,553.2908325195312,555.139892578125,557.6638793945312,561.5300903320312,566.935546875,570.5234985351562,571.5780029296875
sample_63e8a80739fbc3b2,375.9662780761719,389.0190124511719,403.7939453125,417.21331787109375,431.78753662109375,445.19732666015625,460.3316955566406,472.191162109375,483.0294189453125,488.19140625,495.48870849609375,498.4375915527344
sample_194876abba0460e7,308.9573059082031,313.96051025390625,322.9505615234375,332.5880126953125,342.5694580078125,353.59814453125,364.1453552246094,372.38433837890625,379.48101806640625,386.53021240234375,394.624755859375,401.1304626464844
sample_0d12d8e5d22e37aa,328.21563720703125,337.4093017578125,351.15472412109375,359.24481201171875,366.3348693847656,374.1567077636719,376.858154296875,385.126708984375,389.973388671875,390.30670166015625,394.3500061035156,393.47332763671875
sample_bf39199c65bce4e8,433.6455383300781,426.0918273925781,420.3142395019531,413.8922119140625,407.3517761230469,401.2624816894531,393.8768005371094,390.340087890625,388.44732666015625,386.6661682128906,382.6088562011719,380.3957214355469
sample_5730a034af44bac4,460.6065979003906,448.7705993652344,441.45147705078125,431.8063659667969,427.60565185546875,421.04248046875,416.5850524902344,414.3265380859375,408.02880859375,408.86395263671875,409.1724548339844,404.4577331542969
sample_7d3887a4d75905ce,465.9374084472656,459.24072265625,452.3008728027344,445.2978515625,436.72076416015625,427.877685546875,418.0384826660156,411.8858642578125,409.8117980957031,406.5033874511719,399.83148193359375,396.5145568847656
sample_18d14c592d788c0f,551.951171875,538.9129638671875,524.0347290039062,508.5241394042969,495.5655517578125,480.1496276855469,464.0585021972656,450.48577880859375,440.53900146484375,437.22027587890625,424.05938720703125,417.503173828125
sample_e8568dcf48a61672,425.5073547363281,428.7958068847656,432.9718017578125,433.8182678222656,433.0478515625,431.7861633300781,426.4191589355469,424.956298828125,427.59075927734375,423.9713134765625,423.370849609375,420.5450134277344
sample_e21ece8800b6506e,392.1541442871094,391.877685546875,393.9596862792969,394.557373046875,392.44964599609375,390.5824890136719,388.2654724121094,388.76031494140625,392.735107421875,389.558349609375,390.8315734863281,388.06658935546875
sample_dadd2fec4e8eb683,631.308837890625,625.3129272460938,619.9677124023438,608.9776611328125,607.3582153320312,591.64599609375,582.3525390625,566.926513671875,559.818359375,553.8362426757812,547.17333984375,536.2454223632812
sample_b0963902653010f3,445.36279296875,443.6326904296875,442.7860412597656,438.3435363769531,436.1366271972656,429.02276611328125,422.9471740722656,417.3876037597656,418.417236328125,413.8588562011719,411.0311279296875,405.9062805175781
sample_0b2211f9692a8a42,519.7927856445312,530.8739013671875,538.3488159179688,543.4915771484375,548.1209716796875,549.8540649414062,552.3306274414062,558.184326171875,561.5635375976562,558.4180297851562,559.023193359375,558.2952270507812
sample_a5bad79b9e0492b7,459.5569152832031,452.3603820800781,448.57855224609375,443.1905822753906,438.0527648925781,433.9718322753906,425.6830749511719,425.7807922363281,423.27587890625,420.8687438964844,418.4131774902344,415.3059387207031
sample_7ecaf5a68ca31e7e,382.03436279296875,382.22589111328125,382.7471923828125,384.27606201171875,382.84783935546875,384.1019287109375,384.64837646484375,388.91943359375,390.5580139160156,391.7080993652344,394.90380859375,394.81524658203125
sample_398971cbbd2dddb9,324.10235595703125,329.3439636230469,338.6388244628906,346.6218566894531,352.32568359375,359.6091003417969,364.52728271484375,370.8046569824219,376.11016845703125,378.0730285644531,383.8782958984375,385.59149169921875
sample_22a4a10989d27512,390.0459289550781,389.7593688964844,391.6722106933594,392.6481018066406,390.5316162109375,389.4707336425781,388.1343994140625,389.2604064941406,393.0010986328125,391.1583557128906,392.3023681640625,390.49566650390625
sample_def1593c707df587,415.4704284667969,420.65277099609375,427.0557861328125,430.2081604003906,431.01190185546875,430.2110290527344,430.8448486328125,429.86053466796875,432.72430419921875,428.1335144042969,432.386474609375,427.0509948730469
sample_9dfe86193c93c72e,432.8049011230469,428.8738098144531,425.7183837890625,422.5147399902344,416.93243408203125,411.701904296875,406.6177673339844,403.9435119628906,403.9276428222656,400.9292297363281,398.921142578125,396.6041564941406
sample_6954a2ee3a530e0c,354.9845275878906,355.73162841796875,359.01165771484375,361.9481506347656,364.63702392578125,366.4898376464844,370.575439453125,373.06561279296875,377.3881530761719,378.63958740234375,383.0496826171875,384.4635009765625
sample_c2e881f9ea06a300,438.11737060546875,431.07257080078125,426.2311706542969,420.9506530761719,414.4085693359375,408.5074462890625,402.540771484375,398.96722412109375,397.336669921875,394.591552734375,392.8597412109375,389.8088684082031
sample_e24c78be700a59ee,312.336181640625,317.91546630859375,327.11083984375,336.3408203125,342.94451904296875,352.8954162597656,359.280517578125,366.49957275390625,373.8931884765625,377.8475341796875,384.6017761230469,388.9716796875
sample_4b2005b2872dddfd,353.404296875,359.5891418457031,368.88885498046875,378.2916259765625,386.20758056640625,394.3421936035156,403.29736328125,411.10296630859375,416.38775634765625,419.51129150390625,426.5417175292969,427.91680908203125
sample_b5eb8930f4e4767f,356.9584045410156,357.870361328125,362.4079284667969,365.80841064453125,367.0655822753906,369.52294921875,371.7358703613281,373.587646484375,378.85992431640625,378.652587890625,381.8102722167969,382.3676452636719
sample_d02aa28a72516a12,339.592529296875,360.5039367675781,382.9084777832031,401.85595703125,421.54388427734375,439.5344543457031,454.4818115234375,471.1302490234375,478.83599853515625,486.42449951171875,491.81378173828125,493.07720947265625
sample_5739d899257ebc50,369.7466125488281,371.2056884765625,376.16534423828125,379.4372253417969,379.4847412109375,381.1040954589844,379.1695556640625,382.235107421875,385.7043151855469,384.68817138671875,386.3272705078125,384.8031005859375
sample_bd76ea1f7eabee01,416.6007995605469,411.8089904785156,410.3779296875,406.4730224609375,402.4354553222656,400.3887939453125,394.8493347167969,395.5672607421875,395.8896179199219,395.1699523925781,395.6042175292969,393.3194274902344
sample_3ade44cde4583463,478.1219787597656,505.5748291015625,528.8005981445312,542.0333251953125,557.6214599609375,565.990966796875,570.3045654296875,578.46240234375,582.174560546875,575.2933959960938,575.7396240234375,567.4408569335938
sample_e72d45f067e8efa6,474.66204833984375,463.6701965332031,457.36865234375,448.5345764160156,445.1566162109375,436.3081359863281,431.2182922363281,427.9400939941406,422.0743408203125,421.1239013671875,422.03466796875,416.84637451171875
sample_c325fa534be5ca81,368.0227966308594,367.6961364746094,369.06134033203125,370.50885009765625,372.46392822265625,373.5117492675781,377.4218444824219,379.37493896484375,383.5137634277344,384.99591064453125,389.62982177734375,390.7746887207031
sample_b1b6a3bffe3c04b8,302.5049743652344,310.213623046875,321.63958740234375,331.47467041015625,339.8837585449219,350.0643310546875,356.0101623535156,365.0792541503906,370.92132568359375,374.570068359375,380.60089111328125,384.24407958984375
sample_a6e7d2473da21122,443.17742919921875,436.4797058105469,430.6756591796875,423.5454406738281,416.06439208984375,407.6089782714844,400.0915222167969,395.30279541015625,392.5558166503906,388.4790954589844,385.0585021972656,382.9548034667969
sample_a28dc11ac34655a0,361.2123107910156,371.25213623046875,383.5283508300781,398.60772705078125,413.98565673828125,431.004638671875,445.8336181640625,461.4894714355469,474.23333740234375,484.10296630859375,491.18304443359375,498.5440673828125
sample_f2d838b56a78bf50,411.68804931640625,408.66387939453125,407.14898681640625,405.920166015625,401.6268310546875,400.5042724609375,397.7713928222656,398.0655822753906,400.9302062988281,400.1524353027344,401.3277282714844,400.5892333984375
sample_9fb6560197d64d85,393.5504455566406,391.7225036621094,390.3365173339844,390.94537353515625,390.2996826171875,391.98870849609375,392.78839111328125,395.71221923828125,399.8661193847656,400.43359375,403.7337341308594,405.96356201171875
sample_d5ed5d16eb051db3,447.3306884765625,440.2111511230469,435.17559814453125,428.71075439453125,422.4896545410156,414.9858703613281,408.0372009277344,403.7197570800781,401.9961242675781,397.79443359375,395.7166442871094,393.007080078125
sample_dee272b4d9b6e7f6,411.7554016113281,408.5478210449219,406.3291931152344,405.8371276855469,403.1767272949219,403.48602294921875,401.84674072265625,402.7113342285156,406.53485107421875,406.9617004394531,410.2117614746094,410.8755187988281
sample_be6d5d84fd75cb5f,476.57342529296875,464.9260559082031,458.4519958496094,448.3773193359375,442.2559509277344,435.075927734375,425.8806457519531,424.2417907714844,417.33685302734375,415.3129577636719,410.53289794921875,406.1872863769531
sample_86a11abbdac3a4fd,379.8006591796875,380.1075439453125,383.386962890625,384.7044982910156,384.8507995605469,385.1880187988281,382.1846923828125,385.08172607421875,388.73638916015625,387.4660949707031,389.16650390625,388.1767578125
sample_ad67c2d30bbb79cb,302.4393310546875,307.8974304199219,317.5135498046875,326.8944396972656,334.45086669921875,345.1768493652344,352.69061279296875,360.44195556640625,368.0363464355469,373.5268249511719,380.1282958984375,385.8012390136719
sample_b9c99eeb78309b0b,474.6011962890625,469.9574279785156,463.62835693359375,456.2994384765625,448.51605224609375,438.15301513671875,427.5546569824219,420.5807800292969,416.90289306640625,412.88287353515625,406.1724548339844,401.23565673828125
sample_64e63a14f89f1822,761.7437744140625,752.6099243164062,741.1420288085938,720.5031127929688,715.8515014648438,689.3124389648438,675.26806640625,655.6349487304688,634.3372192382812,623.04541015625,613.5028686523438,602.3973388671875
sample_7bdb6312580a1772,454.5393981933594,447.7995300292969,442.7591552734375,435.93414306640625,429.5210876464844,420.2624816894531,413.23382568359375,409.0079040527344,406.4993896484375,401.298828125,398.698974609375,396.2311096191406
sample_c76758afe769c314,636.1375122070312,616.8139038085938,600.587890625,582.9580688476562,572.1123657226562,550.0579833984375,536.2072143554688,524.1298217773438,509.795166015625,498.3214416503906,490.930419921875,482.9668273925781
sample_87a518e543389d70,353.91729736328125,358.1988525390625,367.0417785644531,371.7206726074219,374.4498291015625,377.65960693359375,378.6288146972656,382.238525390625,385.6482849121094,383.5223083496094,387.57220458984375,384.7762451171875
sample_4aafd7771b5626da,562.4052124023438,542.298095703125,526.1431274414062,509.30487060546875,498.76214599609375,484.5892333984375,469.56298828125,460.7671203613281,445.2788391113281,443.1668701171875,433.1565856933594,424.73565673828125
sample_34e62ce6407c3216,328.32354736328125,332.3762512207031,339.7351379394531,347.89324951171875,354.493408203125,361.7392272949219,369.3807678222656,376.14703369140625,381.06683349609375,384.1493225097656,390.36944580078125,394.1466979980469
sample_602a952ffc76b1f9,473.9071044921875,470.8591003417969,466.9955139160156,459.3998107910156,454.9864196777344,444.9705810546875,435.40008544921875,428.3774108886719,425.9765319824219,420.15130615234375,415.40478515625,410.2278747558594
sample_0f0021f0e9dbade4,365.2308044433594,369.7419738769531,376.6655578613281,384.719482421875,391.6120300292969,400.23529052734375,409.1437072753906,417.04193115234375,423.5570373535156,427.81646728515625,435.21307373046875,438.86456298828125
sample_502106b0ea218586,506.7792663574219,527.1195068359375,542.2976684570312,549.7963256835938,556.0399780273438,560.0750732421875,558.4151000976562,560.0284423828125,560.9494018554688,552.8023071289062,553.703369140625,545.2564086914062
sample_43c42d653a087210,304.9064025878906,308.64794921875,316.2002258300781,322.7604064941406,330.8056335449219,338.35443115234375,345.1715393066406,351.7741394042969,359.0169372558594,364.48895263671875,370.2554931640625,376.6437683105469
sample_23df036abcd6ffd2,316.14251708984375,320.6489562988281,329.5135498046875,336.7121887207031,342.0251159667969,349.46746826171875,354.0906677246094,359.86566162109375,366.1167297363281,368.5254211425781,373.9683837890625,376.81488037109375
sample_c32324e056c04586,363.16009521484375,363.2953186035156,365.395263671875,366.569580078125,367.75042724609375,366.8991394042969,367.1875,369.571533203125,372.4142761230469,371.40673828125,374.7794494628906,375.9596862792969
sample_a374ec0dfd91e4dd,422.7785339355469,417.2919616699219,414.5790710449219,409.14178466796875,405.35992431640625,401.32501220703125,393.9537658691406,393.8553771972656,392.85931396484375,391.5514221191406,388.8734436035156,387.632568359375
sample_db06b69b127465ae,364.1780090332031,388.9214172363281,413.7429504394531,436.55267333984375,459.8966979980469,481.5416259765625,501.7431640625,520.8455200195312,531.968017578125,540.8675537109375,545.930419921875,549.7213134765625
sample_a5b7033872f30114,293.5688781738281,302.06024169921875,313.7921447753906,327.1940002441406,338.30950927734375,352.6624755859375,363.7566223144531,375.2623291015625,383.5805969238281,391.8105163574219,400.0355224609375,406.6700439453125
sample_200674dacd7791b2,571.326171875,561.0275268554688,548.202880859375,531.9724731445312,520.267578125,502.4091491699219,486.07403564453125,472.31292724609375,459.925048828125,456.8752746582031,443.4180603027344,436.8323974609375
sample_1dbc98c7f7ac8616,429.1150817871094,438.1105041503906,445.82122802734375,449.293212890625,449.26385498046875,446.78057861328125,446.3917541503906,443.5876770019531,443.56591796875,437.21319580078125,442.9295349121094,436.72979736328125
sample_80aca2705af14aa9,300.15972900390625,306.668212890625,316.6941223144531,328.4073486328125,338.3829650878906,351.4521789550781,361.55413818359375,371.78094482421875,380.1078186035156,388.4364013671875,396.4798583984375,403.23370361328125
sample_e7a90a20639cc6af,381.4353942871094,401.54931640625,420.7957763671875,442.7962951660156,466.81805419921875,488.1289978027344,513.5866088867188,532.8997192382812,548.1937255859375,559.509033203125,567.7872924804688,574.7232666015625
sample_2305f19115f72293,378.018310546875,379.6672058105469,384.3073425292969,388.1309814453125,390.41912841796875,394.17095947265625,396.02740478515625,399.4995422363281,406.2958984375,406.8794860839844,409.4653015136719,411.3624267578125
sample_708bd380478610e5,317.6624755859375,328.631103515625,343.7381286621094,356.5020446777344,367.7864990234375,381.20343017578125,390.7275390625,401.75726318359375,410.26165771484375,415.5296325683594,421.8614807128906,425.1142272949219
sample_718a425a7f32152d,571.4774780273438,564.315673828125,562.2314453125,556.2236328125,553.9219970703125,549.8447875976562,545.3331298828125,541.1774291992188,538.8203125,541.0696411132812,544.3999633789062,538.438232421875
sample_7034f269e20531c6,281.0873107910156,288.53582763671875,299.6668701171875,311.1270751953125,321.39617919921875,334.83392333984375,343.7229919433594,354.0555419921875,363.4483337402344,371.1798400878906,378.33587646484375,385.6203918457031
sample_dfa23604ffe4e871,302.4041442871094,308.1725158691406,317.0133361816406,327.10089111328125,335.65716552734375,346.9622497558594,354.53863525390625,363.53009033203125,371.5807800292969,377.95831298828125,385.277587890625,391.4648742675781
sample_c57371b9cbb0b5eb,306.96441650390625,317.57574462890625,332.15460205078125,344.61737060546875,355.7236328125,369.0125732421875,378.138916015625,389.1470947265625,397.01873779296875,402.30615234375,408.84381103515625,412.8934326171875
sample_a6ff4f7128129243,476.84417724609375,482.919921875,487.345947265625,491.3713073730469,501.680419921875,507.0061340332031,516.3681640625,526.2182006835938,536.3552856445312,538.5166625976562,543.0637817382812,550.42041015625
sample_c66bf023db6fb236,539.3155517578125,535.865234375,534.2326049804688,531.7716064453125,528.2489624023438,528.5529174804688,524.4338989257812,523.8011474609375,524.4210205078125,526.5042114257812,525.9639892578125,525.7418823242188
sample_7d72f29d28a462eb,354.6366271972656,360.5136413574219,369.40228271484375,378.60491943359375,387.5821533203125,397.97015380859375,409.21649169921875,417.7606201171875,427.07318115234375,431.51806640625,440.51080322265625,444.7973327636719
sample_e5d38682b9e3c759,360.5857238769531,361.92840576171875,367.15814208984375,370.9493408203125,372.30657958984375,375.5095520019531,378.11669921875,380.3961486816406,385.8886413574219,385.5519714355469,389.66009521484375,390.7530212402344
sample_87edf5483f8e2644,398.69378662109375,400.0605773925781,402.43609619140625,402.4984436035156,400.9009704589844,398.1159973144531,393.5688781738281,392.7791442871094,396.1513671875,391.7979736328125,392.3585205078125,389.5085754394531
sample_45b027b80ec145c0,375.3983459472656,380.5165710449219,389.0694274902344,395.464599609375,398.78131103515625,404.50396728515625,404.66375732421875,410.8622741699219,416.05712890625,416.582763671875,418.08941650390625,417.7697448730469
sample_d694ab0aa6d155dd,341.44500732421875,344.6214599609375,351.144775390625,356.1900329589844,359.64849853515625,364.6657409667969,368.43768310546875,372.6046142578125,379.2469787597656,379.641845703125,385.2333984375,387.82525634765625
sample_d6d9abdc330155b5,497.70269775390625,484.3909606933594,473.7845764160156,462.3346252441406,454.1418762207031,443.7987976074219,431.2150573730469,424.0281982421875,416.1851806640625,413.33245849609375,405.55938720703125,399.0389099121094
sample_adb910fbf1a11043,382.7518310546875,382.7988586425781,384.447509765625,385.51104736328125,385.3018798828125,386.13714599609375,386.31646728515625,389.7321472167969,392.6409606933594,392.78369140625,395.97479248046875,395.4814758300781
sample_4d7d7cbab0c075fe,375.4313659667969,373.865234375,374.74334716796875,374.2270202636719,375.4638366699219,373.7662048339844,374.4787902832031,375.8575439453125,379.1017761230469,379.53643798828125,383.4020080566406,385.6339416503906
sample_fdf6e82afea20072,658.5679931640625,645.9002685546875,640.7998046875,631.7337646484375,628.13232421875,614.4400634765625,607.2726440429688,598.3027954101562,590.5473022460938,587.1259155273438,587.6168212890625,576.692138671875
sample_7c20fa52031240a1,320.0613708496094,329.21124267578125,342.9876403808594,353.51739501953125,362.9851379394531,373.869140625,381.6324462890625,390.8521728515625,397.19671630859375,401.47625732421875,407.5098876953125,409.5707092285156
sample_ef774bda3503132c,468.5273132324219,458.2541198730469,449.60504150390625,440.8490905761719,433.28131103515625,422.1744079589844,413.2292785644531,405.3638000488281,400.7989501953125,396.5141296386719,392.6892395019531,388.19183349609375
sample_5b0a60687c358002,435.724365234375,431.6999816894531,428.45458984375,424.5643310546875,419.9075927734375,413.7225646972656,407.769775390625,405.4214782714844,404.3560791015625,402.9552001953125,399.14288330078125,396.3833923339844
sample_ce81b0d4f259d830,337.421630859375,339.2008361816406,343.0327453613281,346.8164978027344,351.15655517578125,352.9387512207031,356.39141845703125,360.64190673828125,364.91357421875,367.38555908203125,371.0849914550781,376.0822448730469
sample_56700f5fb7f5babe,407.7674865722656,405.7906188964844,405.3369140625,405.3549499511719,401.183837890625,401.9063720703125,400.0128173828125,402.44439697265625,404.7235107421875,404.9139709472656,407.4924011230469,406.7833251953125
sample_dd4aa21a823dc4b4,330.52166748046875,332.7485046386719,339.5472106933594,345.66082763671875,350.1796569824219,356.3891296386719,362.53955078125,366.8317565917969,372.59185791015625,375.8930358886719,381.3526611328125,384.84912109375
sample_ddc1f1ea5e6b0a7d,391.984375,388.6076354980469,386.5789489746094,386.0185852050781,386.7145080566406,386.9224853515625,388.8231506347656,389.57574462890625,394.4843444824219,394.1739196777344,399.70880126953125,402.75103759765625
sample_c223e0d5fbfdc3b5,351.2413330078125,355.3898620605469,361.99945068359375,367.5545349121094,371.786865234375,375.0346984863281,379.14208984375,382.9029541015625,386.5213928222656,386.0699157714844,390.56292724609375,390.93890380859375
sample_66967f158aec8750,408.95648193359375,418.01348876953125,426.7220153808594,438.0851745605469,451.47119140625,464.17254638671875,478.8555908203125,491.601318359375,504.92327880859375,509.39459228515625,517.550537109375,525.66943359375
sample_17c577d41bca1de0,724.5892333984375,707.3717041015625,692.2008056640625,675.6055908203125,663.502197265625,642.1126098632812,628.757080078125,610.7671508789062,596.0770874023438,587.6557006835938,578.3067626953125,565.7415161132812
sample_6fece599c3084123,346.6468200683594,354.86358642578125,367.26544189453125,374.7399597167969,380.8340759277344,386.37744140625,388.98492431640625,395.9639892578125,397.6481018066406,397.3485107421875,401.9259948730469,398.760009765625
sample_baf8b5227538eda2,371.0183410644531,373.7215270996094,379.89501953125,383.02471923828125,384.33245849609375,386.76727294921875,385.93121337890625,389.14019775390625,393.7991638183594,391.73309326171875,395.0030517578125,393.9082946777344
sample_e654a62f88d26b1a,467.2447814941406,459.175048828125,454.96710205078125,449.5784912109375,444.03350830078125,437.205322265625,431.17950439453125,429.63165283203125,426.38873291015625,422.92779541015625,422.1861572265625,417.1161804199219
sample_3d8da33279907f82,391.4383239746094,389.7254333496094,389.0732421875,388.4129943847656,386.479736328125,383.6273498535156,382.5149230957031,384.56304931640625,384.91497802734375,384.119384765625,385.4407958984375,384.4597473144531
sample_6e1e4dcba55153e6,393.5805358886719,394.1653137207031,394.9175109863281,396.70452880859375,396.6869201660156,397.6331787109375,398.3450622558594,402.79949951171875,404.9443664550781,405.785400390625,409.4333801269531,408.4662780761719
sample_3601dc0b71150778,334.71319580078125,340.6604919433594,349.75006103515625,358.2916259765625,364.80108642578125,371.3039245605469,378.4325256347656,384.5538024902344,388.35528564453125,389.3728332519531,396.087646484375,396.8684387207031
sample_b9907020802de2d4,411.32861328125,413.8547668457031,418.6379089355469,421.13177490234375,420.9381408691406,422.974609375,421.11102294921875,422.4367980957031,426.9640808105469,425.0521240234375,426.5967102050781,424.3728332519531
sample_68a3bfb758091af6,297.6550598144531,302.56695556640625,310.45770263671875,318.1416320800781,325.00634765625,333.2735595703125,336.66668701171875,344.57415771484375,350.8629150390625,355.7367858886719,359.5549621582031,365.2557678222656
sample_338e4046afb5ffb0,267.9356689453125,276.0815734863281,287.458740234375,299.2762756347656,309.4590148925781,323.0661315917969,331.2404479980469,342.1436767578125,350.096923828125,357.7517395019531,364.6053161621094,372.5086975097656
sample_2b00abc3642ecdf9,341.6577453613281,345.2578125,352.45758056640625,357.0581970214844,361.19891357421875,365.7532653808594,369.156005859375,374.0012512207031,379.74371337890625,379.7596740722656,385.36505126953125,387.6580505371094
sample_70e291b1bd001d22,381.21649169921875,389.6568908691406,401.0705871582031,410.5496520996094,418.39666748046875,425.77496337890625,434.2417297363281,441.45892333984375,446.3226318359375,447.970458984375,453.6910095214844,451.80511474609375
sample_258f733430c0090d,295.8345947265625,301.56695556640625,310.93011474609375,320.94403076171875,329.4635314941406,340.0862731933594,348.4312438964844,357.38433837890625,363.08404541015625,369.866455078125,376.2298583984375,381.5223388671875
sample_123c825a6b630e9e,344.376220703125,351.3116455078125,361.8618469238281,369.78839111328125,376.9207458496094,382.4169616699219,388.69061279296875,394.7334899902344,397.7001647949219,397.5686340332031,403.51873779296875,402.59149169921875
sample_ac797d4a3d55825e,370.36859130859375,371.6322937011719,375.3092956542969,378.696044921875,383.6483154296875,386.7709655761719,394.3817138671875,397.54022216796875,403.3435974121094,404.7511901855469,410.7192687988281,414.8298034667969
sample_f366ebfe402e459f,353.0558776855469,354.32269287109375,357.9737243652344,360.48150634765625,363.44671630859375,364.69378662109375,368.80279541015625,371.9757995605469,376.20916748046875,376.302490234375,380.8714294433594,385.1971740722656
sample_7892099e0f838c55,440.2162170410156,433.4903869628906,428.5646667480469,423.70306396484375,416.6462707519531,410.49951171875,403.9201354980469,399.9435119628906,398.910400390625,395.7995300292969,393.2939453125,390.14263916015625
sample_9a6caef8a292d7ff,512.8051147460938,498.3806457519531,487.0616149902344,474.1596374511719,467.2908630371094,452.7951965332031,443.2525634765625,434.865478515625,425.6061096191406,420.01031494140625,417.0152282714844,410.4882507324219
sample_a833807190d91de7,308.7222900390625,312.887939453125,320.9505615234375,328.0255126953125,334.98101806640625,343.06201171875,349.0460510253906,355.8860168457031,363.1622619628906,367.3208312988281,373.71044921875,378.97686767578125
sample_185e90e1b74d1d8e,434.4725341796875,432.6182556152344,432.5977478027344,432.1447448730469,428.40472412109375,426.10272216796875,423.7115783691406,422.9266052246094,426.3973388671875,423.6757507324219,425.2112121582031,421.5185241699219
sample_95bef81cc759e0c4,399.2425537109375,398.2403869628906,398.61846923828125,398.48760986328125,400.02740478515625,399.03717041015625,400.6015930175781,403.2818298339844,405.5333557128906,406.0832824707031,408.3907775878906,410.9483947753906
sample_c1e85d760a5a250a,334.974609375,342.27520751953125,353.5706481933594,359.077880859375,364.0955810546875,369.383544921875,368.72393798828125,375.42498779296875,379.41387939453125,377.82183837890625,380.6874694824219,379.5153503417969
sample_be78d18cc91a3a9e,496.7346496582031,486.4714660644531,476.03564453125,465.0305480957031,455.45562744140625,443.8340148925781,430.7939758300781,422.53668212890625,416.720947265625,413.2595520019531,403.33148193359375,398.701904296875
sample_3338b9101c9c74e3,470.0863342285156,464.73138427734375,459.3919372558594,451.1913757324219,443.19671630859375,431.2132263183594,422.251953125,415.2112731933594,410.26300048828125,407.03546142578125,401.2625732421875,396.3486328125
sample_7bfe83a2cc70b36c,373.2762451171875,372.3289489746094,374.0559997558594,374.5973205566406,377.14532470703125,378.3128356933594,381.90716552734375,383.5685729980469,388.6905517578125,389.2151794433594,394.5924987792969,396.5942687988281
sample_d167348554f5471e,591.2650146484375,575.621337890625,563.5897216796875,549.54833984375,541.1783447265625,522.0001220703125,511.1380615234375,498.8518981933594,487.7320251464844,478.3087158203125,473.34033203125,465.16748046875
sample_577f4ae887d29168,691.6620483398438,672.6962890625,656.5051879882812,639.1822509765625,627.9882202148438,605.1917114257812,590.5099487304688,575.9840698242188,560.795166015625,548.5935668945312,540.5293579101562,530.7467041015625
sample_53017a19ad113099,335.0826110839844,343.1899108886719,355.8763732910156,364.8722229003906,372.3343505859375,380.3457946777344,385.9028015136719,393.60467529296875,397.0276184082031,399.35870361328125,404.050537109375,403.30609130859375
sample_c1f1ca90ba44eb6a,608.2610473632812,611.6885375976562,610.736328125,606.8347778320312,607.1636962890625,596.3533935546875,586.1915283203125,575.2418823242188,572.358642578125,563.6378784179688,555.8579711914062,548.5499267578125
sample_bcc7c5ccfc0148cc,298.6536560058594,307.7593688964844,320.8483581542969,332.6988525390625,342.6349182128906,356.0265808105469,364.0606384277344,374.7470703125,382.73681640625,389.1312255859375,395.2457580566406,400.6197509765625
sample_cbc5b2e481e2cbb8,373.902099609375,373.7602233886719,375.0477294921875,375.41192626953125,376.84954833984375,374.9837341308594,377.34295654296875,379.99951171875,383.0796813964844,382.14593505859375,384.408447265625,388.0498962402344
sample_4f2ea21de5cc10e9,419.6317443847656,415.37603759765625,413.1627502441406,411.3248291015625,406.1982727050781,404.0216064453125,399.9065856933594,399.1571044921875,399.98504638671875,399.6005859375,399.180419921875,396.8184509277344
sample_cc5eed2a4839bf80,462.5813903808594,454.3817138671875,448.77276611328125,443.43817138671875,436.5646667480469,428.510498046875,421.5462646484375,414.3977355957031,413.25213623046875,411.6384582519531,408.2077941894531,404.5642395019531
sample_a9d015e738b93468,574.8818359375,590.4138793945312,597.0463256835938,602.2318115234375,601.8742065429688,593.5348510742188,582.3988647460938,580.3233032226562,570.5453491210938,560.0131225585938,556.43701171875,544.8250122070312
sample_4c04fe400abe409b,426.04217529296875,422.6286315917969,421.5727844238281,419.2342834472656,414.85186767578125,412.171142578125,407.7699279785156,407.8147277832031,408.72906494140625,407.92724609375,407.2281188964844,406.30230712890625
sample_d2c85ad0c10e641c,506.9161376953125,498.01068115234375,491.2171325683594,481.0321350097656,473.9949645996094,459.2333679199219,450.1749572753906,441.4993896484375,434.8987121582031,429.37030029296875,424.26434326171875,419.74896240234375
sample_a703badef0896e21,435.9981689453125,428.614501953125,423.6054382324219,418.6603698730469,415.12066650390625,413.7396240234375,411.6329345703125,410.5096130371094,410.93853759765625,411.6294250488281,414.6932373046875,415.04443359375
sample_580c0c5cc02df7d3,423.2264099121094,418.9090576171875,416.510009765625,412.8699951171875,408.32623291015625,405.2648010253906,398.755859375,398.4791259765625,398.61956787109375,397.0504455566406,395.09429931640625,393.60028076171875
sample_09463368b15d29df,304.58441162109375,312.9192810058594,325.0426940917969,335.0867614746094,343.7717590332031,353.9165954589844,359.7773132324219,369.2589111328125,374.61541748046875,378.065673828125,384.1335754394531,387.2427978515625
sample_b7f8ee02ad176a07,434.0373840332031,434.7063903808594,435.679443359375,433.0727233886719,431.2586669921875,424.8481140136719,417.721435546875,412.3537292480469,412.7655944824219,407.1256103515625,404.8820495605469,400.8997802734375
sample_e086ccac3b42e242,374.9233703613281,376.5948486328125,381.45654296875,385.759033203125,388.2690734863281,392.2226257324219,396.8280334472656,399.9910583496094,406.141845703125,407.297119140625,412.12652587890625,413.8317565917969
sample_432062ee747b67b0,462.2622985839844,452.1368408203125,443.5494689941406,434.94830322265625,427.6563720703125,416.7531433105469,408.16656494140625,400.6451721191406,395.996337890625,391.91790771484375,388.41363525390625,384.02398681640625
sample_e52491f5b7443a51,387.0927734375,386.2471923828125,385.5248107910156,384.77691650390625,382.7221374511719,379.3817443847656,377.32525634765625,379.15966796875,380.7506408691406,378.3655090332031,379.52471923828125,379.0849914550781
sample_aa0205170e5bc96a,466.2882995605469,459.8131103515625,453.5234069824219,444.77728271484375,436.4521484375,424.5834655761719,415.07470703125,407.3265380859375,402.874755859375,399.31634521484375,393.22723388671875,388.7411804199219
sample_8f719fbbfb4eb4d9,371.9374084472656,373.4864501953125,376.51593017578125,379.58856201171875,384.3388977050781,387.0165710449219,393.6187744140625,397.25885009765625,401.9488220214844,404.1394348144531,409.240478515625,414.136474609375
sample_7c04944737a22f65,347.303466796875,347.6754150390625,349.74359130859375,352.5059509277344,358.7476501464844,361.9886169433594,370.3133239746094,373.6927490234375,379.30023193359375,381.74951171875,389.31512451171875,393.2190856933594
sample_441985d03a421f6e,381.6274108886719,382.8355712890625,386.3502502441406,388.7125549316406,392.898193359375,395.11749267578125,400.64385986328125,404.47918701171875,408.778564453125,410.43585205078125,415.30364990234375,416.8905334472656
sample_f388ab5aea59ea4f,523.1875,510.7554931640625,502.4239501953125,492.95556640625,485.70550537109375,474.25531005859375,464.650390625,459.89599609375,452.1612548828125,447.1191101074219,443.11505126953125,435.7535095214844
sample_952cf4fee3d13ea7,340.2906799316406,343.95989990234375,350.8948669433594,356.9920654296875,362.3428649902344,368.48150634765625,372.4587097167969,378.13006591796875,385.03216552734375,387.35052490234375,391.53509521484375,395.26422119140625
sample_552461cfa52bb154,614.963134765625,600.9026489257812,591.757080078125,582.037841796875,576.5179443359375,561.7416381835938,553.1063842773438,544.156982421875,534.0311889648438,529.3844604492188,529.1035766601562,518.4255981445312
sample_87a6ae36be10d748,576.011962890625,557.287109375,541.0882568359375,523.9669189453125,513.7880249023438,493.43182373046875,479.6522521972656,465.6416931152344,452.48492431640625,444.744140625,436.90570068359375,429.29473876953125
sample_70fdd372dfb09700,342.587646484375,348.8831481933594,359.68115234375,366.2093505859375,372.0013122558594,378.564697265625,382.3794860839844,388.655517578125,395.0038757324219,395.4248046875,400.4171447753906,400.5921325683594
sample_eba74674c70bc28e,311.6083984375,318.5846862792969,329.57000732421875,338.04443359375,344.9830627441406,354.1452331542969,358.7171325683594,366.5809326171875,372.6871032714844,375.45928955078125,380.97900390625,383.91680908203125
sample_d7c0f7f9befcc3c5,460.68853759765625,453.9582214355469,446.7452392578125,439.6861572265625,432.0583190917969,423.82843017578125,413.5294494628906,408.45196533203125,405.0113830566406,403.3231201171875,395.10089111328125,391.014892578125
sample_5c72a5b97c3c72b6,365.86358642578125,367.8517150878906,372.3697204589844,376.287841796875,379.8035583496094,383.4602966308594,388.7764587402344,392.4622497558594,398.01495361328125,399.18096923828125,404.5006408691406,407.4967041015625
sample_2a78b8d6db2c3bf9,587.037109375,574.074951171875,560.4239501953125,543.9459228515625,532.6035766601562,511.91741943359375,498.14776611328125,483.44171142578125,470.6474609375,463.62945556640625,452.56292724609375,445.95123291015625
sample_5409aef1334cbab4,357.5013122558594,359.0016784667969,364.19635009765625,368.3957214355469,370.3005065917969,372.757568359375,376.7792053222656,378.8435974121094,383.9488220214844,384.00775146484375,388.5191955566406,390.05706787109375
sample_8f3fc6ae465db9f7,331.42333984375,347.3642883300781,364.9057312011719,383.7608642578125,402.9401550292969,422.692626953125,441.68231201171875,458.7539367675781,471.25909423828125,481.9376525878906,490.7183837890625,497.2986145019531
sample_3d143561647b56ea,417.5477294921875,412.93896484375,410.982177734375,408.53955078125,403.8138427734375,401.5049133300781,397.393310546875,397.13336181640625,397.42376708984375,397.1066589355469,397.6923522949219,395.2903747558594
sample_6dd569fc00896435,458.4820861816406,453.6695251464844,451.7038269042969,451.01837158203125,451.04547119140625,448.3030700683594,448.85369873046875,449.56048583984375,451.4166564941406,452.1021423339844,458.36669921875,457.45281982421875
sample_50d6a8b849bea319,313.61163330078125,323.0045471191406,335.6122131347656,348.52545166015625,359.2851867675781,371.81201171875,382.63116455078125,393.8758850097656,398.734619140625,405.79498291015625,413.0478820800781,415.9528503417969
sample_e4b14390a631a02e,444.6833190917969,469.13604736328125,491.46630859375,503.37042236328125,518.3198852539062,524.91259765625,530.1286010742188,536.2183227539062,535.6107177734375,531.1515502929688,534.5311279296875,524.3937377929688
sample_b52e54daabfeffa9,436.4501647949219,433.3224182128906,431.5905456542969,428.6314697265625,424.3460388183594,418.8921203613281,413.2413024902344,411.3028564453125,411.01434326171875,409.9880065917969,406.953369140625,403.572509765625
sample_59f6dea3cba0ebc1,591.4052124023438,570.530517578125,551.1148681640625,531.7581176757812,520.11083984375,499.45196533203125,483.299072265625,468.60101318359375,453.4243469238281,444.92303466796875,435.3208923339844,426.197998046875
sample_317ff04b207aa53d,361.56378173828125,363.31024169921875,368.7486267089844,372.53643798828125,373.86309814453125,376.9770202636719,378.9981689453125,381.2978210449219,387.34796142578125,386.2928771972656,390.4683837890625,390.97509765625
sample_e6fd39edff16a250,463.5431213378906,456.4945068359375,449.5091247558594,443.4962158203125,435.0958251953125,427.7791748046875,417.82373046875,412.49603271484375,410.1068115234375,408.4028015136719,401.7113342285156,396.51324462890625
sample_1570f6066b5f8930,392.7850036621094,390.27685546875,389.76727294921875,388.1849060058594,385.45855712890625,386.0203552246094,382.9332580566406,386.2494812011719,388.3162841796875,387.94390869140625,390.3501281738281,390.91650390625
sample_0117adff8598e079,405.33331298828125,403.07781982421875,402.1981201171875,400.0034484863281,397.43701171875,393.66412353515625,390.3000183105469,391.84185791015625,392.466552734375,390.9444885253906,390.1722412109375,389.4656066894531
sample_ec9ca320e737e600,667.4510498046875,663.2904052734375,657.3355102539062,645.5480346679688,644.1083374023438,625.703125,616.2994995117188,603.4960327148438,591.477783203125,583.961181640625,579.88623046875,567.193115234375
sample_bc925424b9053bd8,405.311279296875,405.02838134765625,406.9273986816406,408.76678466796875,415.6285400390625,417.774658203125,425.06219482421875,430.6520690917969,434.945068359375,436.2651672363281,444.3813781738281,447.9996032714844
sample_b189a8d21b4d8992,334.7963562011719,342.8040771484375,355.501220703125,364.61578369140625,372.3216552734375,381.71783447265625,387.52764892578125,395.4114685058594,401.669677734375,404.4140625,409.3076171875,410.69085693359375
sample_cbb02267494e2ebc,334.76861572265625,340.8298645019531,351.1810607910156,358.242431640625,363.66375732421875,369.48992919921875,372.54962158203125,379.04193115234375,382.663330078125,383.1614685058594,387.9984130859375,387.6509094238281
sample_805a2fa8ebc508e4,466.6337585449219,461.5208435058594,456.9961853027344,451.7540588378906,444.885009765625,436.0672912597656,428.35675048828125,423.17401123046875,420.3095397949219,417.9953308105469,412.78509521484375,406.78436279296875
sample_f2fbe0537d9bdfb4,443.6175842285156,441.1355285644531,438.96612548828125,434.0368957519531,430.2996826171875,422.6878662109375,416.39752197265625,410.71978759765625,410.4720764160156,407.32086181640625,403.54083251953125,397.7726745605469
sample_657105f64fe32247,295.8481750488281,301.878173828125,311.7637023925781,321.1012878417969,329.438720703125,340.4090576171875,347.6544189453125,355.9097595214844,364.5287170410156,370.270263671875,376.73870849609375,382.8541564941406
sample_837f7a5589ab32e0,572.3505859375,559.8638305664062,544.8683471679688,527.0942993164062,515.2406616210938,495.22259521484375,480.55914306640625,464.6451110839844,452.65399169921875,446.65374755859375,434.2219543457031,428.3973388671875
sample_3d7ece1bbecb2b5f,305.5349426269531,310.5317077636719,319.27740478515625,327.7041320800781,334.0692138671875,342.485107421875,347.9289855957031,354.6589050292969,361.1058349609375,364.71246337890625,370.59649658203125,374.5320739746094
sample_25223a5593072d0f,428.8200378417969,421.9552917480469,418.7035827636719,412.0829162597656,408.165283203125,403.8271484375,397.17822265625,397.109619140625,394.3236083984375,393.5203552246094,390.703369140625,389.9973449707031
sample_62a5f3cab857cfe2,326.04083251953125,327.22528076171875,333.25152587890625,335.6964416503906,343.87579345703125,347.13446044921875,353.2869567871094,357.238525390625,362.9585266113281,367.4200134277344,371.7546081542969,376.49212646484375
sample_eda562c01a689d20,391.4443054199219,390.07843017578125,390.6495666503906,391.4504089355469,391.5130615234375,392.67791748046875,393.7717590332031,395.59149169921875,400.4915771484375,400.76165771484375,404.61724853515625,405.3641357421875
sample_4dc8c963cb8606de,381.90966796875,379.7799377441406,377.9825744628906,376.79656982421875,372.70843505859375,370.6927185058594,369.192626953125,369.3909912109375,370.75341796875,369.7893371582031,371.0417175292969,370.2554626464844
sample_6c15b0a20c23ea3b,319.20355224609375,326.52691650390625,338.5010681152344,346.0036926269531,352.8710632324219,360.17864990234375,363.4493408203125,371.29620361328125,374.5938415527344,376.55987548828125,380.5364074707031,381.08856201171875
sample_c19aba32c5f92358,446.7147521972656,438.51409912109375,433.0502014160156,426.45391845703125,419.7765197753906,412.6995544433594,405.9576416015625,401.9197692871094,399.453857421875,396.298828125,394.61505126953125,391.12005615234375
sample_ab6be72e02c4ff50,510.3915710449219,497.3118896484375,485.2569885253906,471.44189453125,461.06634521484375,444.9939880371094,432.28875732421875,420.59765625,412.61480712890625,406.1230773925781,398.3155822753906,394.6038513183594
sample_198309b96ea70c0f,472.400634765625,457.60894775390625,447.7558898925781,434.50640869140625,430.228515625,420.7064208984375,414.535888671875,410.24853515625,401.475830078125,400.83148193359375,400.3005676269531,395.639892578125
sample_69013b5d956a398f,290.10302734375,313.3251037597656,334.6300048828125,361.5010986328125,388.5956115722656,413.0693054199219,439.06396484375,463.53369140625,470.9593505859375,486.993896484375,496.77313232421875,505.2635498046875
sample_4668b6eab182da1c,369.2464294433594,379.39898681640625,392.2928466796875,404.65771484375,417.310546875,430.5402526855469,444.4332275390625,455.28607177734375,467.65643310546875,472.60931396484375,479.6636047363281,484.0005798339844
sample_573c9dfaf0497581,457.5024719238281,450.6736755371094,443.85626220703125,436.611572265625,428.539306640625,419.4515380859375,411.0384826660156,404.6011047363281,401.8638916015625,397.6836853027344,392.5620422363281,390.06976318359375
sample_d8a723ac7e1a33f5,306.2333068847656,312.0146789550781,320.47174072265625,329.8033142089844,337.625732421875,347.688720703125,353.7003173828125,362.11651611328125,369.49188232421875,374.771240234375,380.89508056640625,386.58111572265625
sample_d9359c4ce4bcaca3,377.49322509765625,377.97296142578125,379.9944152832031,380.7826232910156,380.8230895996094,379.3656311035156,379.68817138671875,381.5304260253906,384.84051513671875,382.414794921875,384.25323486328125,386.6070251464844
sample_57ef4f4da1f27393,583.486328125,573.5018920898438,565.0784912109375,553.2139892578125,546.2012329101562,528.6704711914062,518.7383422851562,506.90277099609375,497.3695068359375,491.9597473144531,484.9480895996094,474.0937805175781
sample_377daa56011fcf8a,445.0240478515625,447.9818420410156,451.7415771484375,454.6600341796875,458.32257080078125,462.330810546875,463.6564636230469,468.3707275390625,475.16461181640625,474.5692138671875,476.1388854980469,474.5864562988281
sample_725388546151d528,513.1441040039062,500.6935729980469,488.70135498046875,476.59912109375,466.6040954589844,452.5903015136719,439.6361083984375,431.1468200683594,423.05078125,416.2581481933594,408.1353759765625,403.04541015625
sample_2f1ffb2a8a5dc4f5,309.9139099121094,313.6007385253906,320.339111328125,326.1073913574219,332.9490661621094,338.7787780761719,344.3959655761719,351.004638671875,357.2545166015625,360.6381530761719,366.76519775390625,372.87103271484375
sample_37f005a83e22e760,520.7957153320312,511.9848937988281,500.7447204589844,486.8079528808594,476.36846923828125,460.0644226074219,447.1160888671875,435.2722473144531,425.3934631347656,420.9772644042969,410.26080322265625,403.9330749511719
sample_e984469e50095ddb,433.4041442871094,434.6123046875,437.8088073730469,439.40838623046875,444.6276550292969,447.5749206542969,452.5615234375,456.8385009765625,462.8387451171875,464.3717041015625,468.2767028808594,472.30560302734375
sample_4235aa7c3e3b2b8e,387.800048828125,386.2457275390625,385.4863586425781,385.0492858886719,382.0873107910156,380.4051513671875,379.6376647949219,379.97320556640625,382.35150146484375,381.0673828125,382.98638916015625,381.196044921875
sample_5d7c603184898c81,337.214111328125,341.0987548828125,349.5275573730469,355.41461181640625,359.0372619628906,363.0316467285156,365.8603820800781,370.3232727050781,373.59185791015625,373.25360107421875,377.39508056640625,376.7161865234375
sample_e8acf05ee15f0457,356.20355224609375,370.97845458984375,387.84991455078125,405.48748779296875,423.3643493652344,441.98809814453125,461.2372741699219,476.35052490234375,490.77105712890625,499.65875244140625,507.85089111328125,514.52587890625
sample_9e20cbb59cd91dc1,399.1642761230469,413.87835693359375,427.8492431640625,444.3705749511719,462.475830078125,479.7954406738281,499.9888916015625,514.7064208984375,531.2808837890625,538.4197387695312,546.0611572265625,553.0856323242188
sample_8f128ebd2cb7c5dc,330.6914367675781,335.29510498046875,343.3604736328125,351.7533264160156,358.1938781738281,365.5501708984375,372.81317138671875,379.42498779296875,384.1622619628906,386.6571044921875,393.0938415527344,395.5908508300781
sample_be38829a55ee5698,347.0500183105469,347.4242858886719,348.964111328125,350.01806640625,354.7729187011719,355.52178955078125,362.0942077636719,365.0283203125,368.92071533203125,370.0521240234375,376.31182861328125,381.1429443359375
sample_0c640fa1d7f7b9ff,403.8482666015625,401.3268737792969,400.0381164550781,399.7513122558594,395.7679748535156,395.6896667480469,393.15643310546875,394.8435363769531,396.2021484375,397.14453125,399.3599548339844,397.6200256347656
sample_70c2fc7969f60f1b,487.6827392578125,483.22747802734375,476.74334716796875,466.77886962890625,460.01629638671875,447.82232666015625,436.6397399902344,426.6892395019531,420.816162109375,414.30419921875,406.4189453125,399.8541564941406
sample_a48c82d18415f6db,390.18634033203125,415.6697082519531,440.909912109375,463.6687927246094,487.22210693359375,508.7738342285156,529.5103149414062,548.4082641601562,561.158935546875,569.091064453125,572.439208984375,575.8317260742188
sample_11fb25fd2abf05d1,331.9134216308594,336.1722412109375,343.4014892578125,349.9585876464844,359.59326171875,367.6152038574219,376.07257080078125,383.713134765625,392.455078125,397.68817138671875,404.3985900878906,411.63922119140625
sample_db270e1ecfb524ea,613.1217651367188,603.3076171875,589.0921020507812,568.5176391601562,555.1920776367188,532.720458984375,513.808837890625,497.11968994140625,477.76904296875,470.64697265625,456.0911865234375,450.4038391113281
sample_845d3768e5de10b4,413.48272705078125,412.4605407714844,411.75689697265625,410.4508056640625,405.0624694824219,402.4671630859375,396.1814880371094,395.79779052734375,395.68292236328125,394.9046325683594,393.71728515625,388.9552917480469
sample_4bbe33875800b890,530.3546752929688,517.6657104492188,504.34033203125,490.04510498046875,478.30352783203125,463.5392761230469,447.9860534667969,436.9400329589844,428.52154541015625,423.5633239746094,411.8191223144531,406.4973449707031
sample_e7c90875358de065,341.4085388183594,348.00250244140625,358.9590759277344,366.1105651855469,371.2765197753906,377.8461608886719,380.7365417480469,387.2724609375,391.7066955566406,392.0210266113281,397.1777648925781,396.6489562988281
sample_706d58b8d5c5da47,401.4988708496094,400.61376953125,399.45562744140625,398.1490783691406,394.45489501953125,389.8987731933594,385.2303161621094,384.91302490234375,384.8179626464844,382.46270751953125,382.1753234863281,377.7048034667969
sample_b744028a2d45869e,389.12945556640625,387.6007995605469,387.3544006347656,387.6527099609375,384.1669921875,384.78204345703125,382.77020263671875,385.4969482421875,387.43853759765625,388.0456237792969,390.4879150390625,389.8896179199219
sample_ad389ea0deb521fe,414.5256042480469,416.8078308105469,419.4578857421875,421.33026123046875,425.898193359375,428.8925476074219,433.75543212890625,439.12835693359375,444.49761962890625,445.41156005859375,450.2705078125,453.86016845703125
sample_0d5d9d0beb541471,401.8487854003906,399.9759521484375,398.6009521484375,397.3962707519531,394.3840637207031,390.8732604980469,388.3753662109375,389.4198303222656,389.5516662597656,388.1402893066406,388.2603759765625,386.409423828125
sample_c6516d6be3104972,316.600830078125,319.1122741699219,325.2207946777344,329.9580078125,335.3638916015625,339.9089050292969,342.8937072753906,348.6317443847656,354.2513427734375,357.8896484375,360.7784729003906,366.32427978515625
sample_41d7ddeff130863a,459.14263916015625,453.61590576171875,449.7806396484375,445.5058898925781,439.56622314453125,432.493408203125,425.9007263183594,422.13671875,420.6728210449219,418.6884765625,414.38623046875,410.6119384765625
sample_bbcffd8f6aba6d14,314.92462158203125,321.28204345703125,331.43072509765625,340.6472473144531,347.5826721191406,357.3263854980469,363.40472412109375,370.86907958984375,377.73699951171875,381.08319091796875,387.703369140625,391.193115234375
sample_8c4442013ec4b4f3,358.7528991699219,359.0707702636719,361.2580871582031,362.6315612792969,364.58026123046875,363.8266296386719,364.8332824707031,367.3037414550781,370.43487548828125,369.96734619140625,373.6152648925781,375.5406799316406
sample_7cda695a0cca46fb,289.56781005859375,296.09136962890625,306.055419921875,316.04364013671875,325.52032470703125,337.219970703125,344.6893310546875,354.27587890625,363.2184753417969,370.0933837890625,376.1812744140625,383.12786865234375
sample_958796981e4a123b,279.3149108886719,285.50506591796875,295.5970153808594,305.69647216796875,314.4888916015625,326.5172424316406,333.8413391113281,343.184326171875,351.1729431152344,358.013671875,364.6724548339844,372.3505859375
sample_260092eed1f4d1a5,567.9673461914062,555.3607177734375,542.2572631835938,525.449951171875,514.341064453125,494.24810791015625,479.6121826171875,465.8213806152344,455.14202880859375,447.189208984375,437.041748046875,432.3927917480469
sample_b76d9590a300c037,328.12506103515625,331.75469970703125,338.97821044921875,344.97552490234375,350.60540771484375,357.5562744140625,361.5075378417969,367.48260498046875,374.6785888671875,377.87213134765625,382.3102722167969,386.26226806640625
sample_f1673c7a29f4feec,428.5154113769531,423.1501159667969,419.7249450683594,414.48895263671875,410.0973815917969,405.80828857421875,397.28009033203125,396.31640625,395.73895263671875,394.185791015625,390.26300048828125,388.6629333496094
sample_53b9f6f6279d7338,395.1927185058594,393.4162902832031,392.1182556152344,390.4621887207031,386.2930603027344,383.9018249511719,380.26654052734375,380.50115966796875,381.8428955078125,379.6706848144531,379.88934326171875,377.8416748046875
sample_ad5bef6675adf430,302.65960693359375,310.25213623046875,321.2226257324219,332.4331359863281,341.47119140625,353.46978759765625,361.8038330078125,371.3504638671875,378.8084716796875,384.0049133300781,391.5461120605469,396.51519775390625
sample_1c3df7365a7c963f,312.58880615234375,316.7354431152344,324.2492370605469,331.521484375,337.099609375,344.2431945800781,348.8102722167969,354.8758239746094,361.17315673828125,364.41973876953125,369.6512451171875,373.4823913574219
sample_df562b833fd8d257,471.73687744140625,462.79571533203125,459.1195068359375,453.404296875,450.88348388671875,443.33721923828125,439.3175964355469,437.2960510253906,434.9602966308594,434.3471374511719,436.326171875,434.9424743652344
sample_0915cc2019355842,302.2423400878906,310.6888732910156,323.07073974609375,331.8141784667969,339.39666748046875,348.552490234375,351.58197021484375,360.8453674316406,365.7261047363281,368.2945556640625,372.7510681152344,374.748291015625
sample_a69f22bced4eb9f0,378.0704040527344,379.0024719238281,381.0550537109375,383.0802001953125,382.9848327636719,383.81097412109375,384.6477966308594,387.29443359375,390.669677734375,390.546630859375,393.5852355957031,391.6328430175781
sample_3ffe7b9a5244d865,450.8616943359375,449.5809326171875,451.0805969238281,449.6386413574219,449.65234375,448.7891540527344,449.2166442871094,450.8388977050781,453.42633056640625,453.27215576171875,456.1426696777344,454.9097900390625
sample_3fcfd2bbcabf2252,365.76690673828125,388.1524963378906,409.0742492675781,433.7978820800781,460.16986083984375,484.02618408203125,511.40423583984375,533.0794067382812,547.757568359375,561.2261352539062,570.0787963867188,577.932373046875
sample_b776f9d0560c0864,437.9750671386719,434.3416748046875,431.1423034667969,426.291748046875,422.71728515625,416.086669921875,409.818603515625,407.1808166503906,405.68035888671875,403.8772277832031,400.1159362792969,396.7171630859375
sample_d18cb40b8427b18e,495.56695556640625,483.1371765136719,471.7845764160156,460.76446533203125,451.6918029785156,439.3598937988281,427.7422180175781,420.3671875,412.6385803222656,406.9131164550781,400.8111572265625,394.9291687011719
sample_87f9f161f1ca74df,364.76312255859375,365.22393798828125,367.0909118652344,367.85125732421875,370.166748046875,369.29718017578125,373.038330078125,375.7096862792969,379.23095703125,378.8455810546875,382.2183837890625,386.44091796875
sample_f2ff8e78b4d826fa,371.7781677246094,372.3248596191406,375.8382873535156,378.6427001953125,378.661865234375,380.0326843261719,381.1457824707031,382.5783386230469,387.486328125,386.9845886230469,389.54901123046875,389.5532531738281
sample_e9a4f6e73625ca78,291.96148681640625,296.7173767089844,305.33258056640625,313.9432373046875,321.73773193359375,331.7744445800781,338.3348693847656,346.60125732421875,353.3986511230469,359.58758544921875,365.7395935058594,372.5262451171875
sample_f89b0821e7bb2ba8,627.033203125,606.9459838867188,588.2545166015625,569.2387084960938,556.5867919921875,534.9990234375,519.2977905273438,502.3535461425781,487.4178161621094,479.3544921875,468.0452880859375,459.75189208984375
sample_8d75da0b19d1e658,314.83367919921875,318.6199645996094,325.3945617675781,332.69427490234375,340.4305725097656,347.5276794433594,354.32354736328125,360.89617919921875,367.5700988769531,373.0851745605469,379.0699768066406,385.03369140625
sample_7665881123da6fbc,379.5878601074219,377.8525085449219,378.9272766113281,379.4006042480469,381.3335266113281,382.6531982421875,384.63616943359375,386.2632751464844,391.6524963378906,391.9940490722656,396.9313049316406,398.3337707519531
sample_2c0593a6e7a08855,399.1991882324219,397.3683166503906,396.30926513671875,395.0780334472656,391.5589294433594,389.12127685546875,385.9960021972656,387.31304931640625,388.91119384765625,387.1541442871094,387.10906982421875,386.3387451171875
sample_46a7d0f89db0e98a,625.8267822265625,617.0173950195312,606.1416625976562,586.7837524414062,579.10693359375,556.7750854492188,542.0630493164062,524.9637451171875,507.32635498046875,498.5322265625,487.5382080078125,479.61358642578125
sample_8f78daee4e0ae1e1,521.6412353515625,519.7301025390625,516.8711547851562,510.52911376953125,505.7342834472656,494.8070373535156,485.867431640625,478.3130187988281,471.3008117675781,466.1131591796875,463.611083984375,453.007080078125
sample_0151a39b492bf0f0,479.8907470703125,477.4131774902344,476.6534423828125,474.59918212890625,472.4220886230469,468.5498352050781,464.2903137207031,462.0113525390625,463.50396728515625,461.6065368652344,461.6572265625,457.7451477050781
sample_620964a8815814a4,389.2908935546875,385.5182189941406,384.52325439453125,382.1171875,386.00518798828125,389.50848388671875,390.93060302734375,396.424072265625,399.944091796875,401.83221435546875,408.7182922363281,412.4107666015625
sample_36b24db32b8e8687,349.20184326171875,363.5644226074219,381.4896545410156,394.9673156738281,407.7013854980469,420.7206726074219,430.29547119140625,442.0894775390625,449.73223876953125,453.4878234863281,458.207763671875,458.66485595703125
sample_768f937fbf9b6064,398.015625,400.3791809082031,404.4088439941406,405.14813232421875,404.01593017578125,402.0788879394531,397.2098388671875,396.8982238769531,400.0213928222656,395.5235900878906,395.9964294433594,392.81903076171875
sample_8328406585c29923,295.4611511230469,301.1639099121094,310.80523681640625,320.58880615234375,328.40728759765625,339.4169616699219,346.8510437011719,355.10296630859375,362.3833923339844,368.1905517578125,374.90655517578125,381.133056640625
sample_b187541e962083c0,397.08160400390625,400.2299499511719,405.3117370605469,408.041259765625,410.7764587402344,410.62017822265625,411.56719970703125,412.9775085449219,416.6538391113281,414.4584655761719,418.6020202636719,416.4515686035156
sample_e4abdee3cb23e13c,350.7785339355469,352.74615478515625,356.22821044921875,360.0491943359375,367.9502868652344,372.6669921875,382.027587890625,386.3978576660156,393.1016845703125,395.7198181152344,403.550537109375,410.57086181640625
sample_78b755e12df700c9,423.8680419921875,416.25823974609375,411.8697509765625,405.6111755371094,400.4957275390625,395.70135498046875,391.0093994140625,388.55706787109375,386.3843688964844,385.6330871582031,385.4940185546875,383.6939392089844
sample_3189bb42b1dc1a1e,363.7164306640625,366.6489562988281,372.26312255859375,375.0495300292969,375.7042236328125,376.8967590332031,374.68426513671875,377.6876525878906,380.9472351074219,378.61187744140625,380.77911376953125,379.92608642578125
sample_7c6224c88dd0ed70,368.6534423828125,380.864990234375,395.87835693359375,403.0979919433594,410.7991638183594,416.4654846191406,417.5528564453125,423.3979187011719,427.11651611328125,423.11090087890625,426.67950439453125,421.08856201171875
sample_f3d4458bc0c78c7a,362.7016296386719,366.29718017578125,372.0130920410156,376.7605895996094,380.4112854003906,382.7769775390625,385.8309631347656,389.4690246582031,392.90863037109375,392.6887512207031,396.6353454589844,396.33209228515625
sample_9fd262ddb50ed4db,287.18603515625,296.45849609375,310.5711669921875,321.0052795410156,330.5229187011719,340.2411804199219,347.49853515625,356.89959716796875,359.3052062988281,363.52484130859375,368.92950439453125,370.7960205078125
sample_f36f8440ec488272,398.8616943359375,398.265869140625,400.38458251953125,401.6461486816406,403.4576416015625,402.53759765625,404.9768981933594,406.7791748046875,410.17510986328125,410.921875,413.9349365234375,413.71612548828125
sample_d6b21cf10569f6cd,431.2634582519531,429.2823791503906,427.9218444824219,424.4669189453125,422.2439270019531,416.0075988769531,410.8760070800781,407.75201416015625,408.5522766113281,405.56243896484375,403.49334716796875,400.23614501953125
sample_70349d47ebb89796,455.167236328125,446.57806396484375,438.98046875,431.2962646484375,423.3320007324219,414.6643371582031,406.0578918457031,400.42822265625,396.77716064453125,393.01654052734375,389.143310546875,385.1846923828125
sample_b4b344524898d8ea,460.7171325683594,452.69085693359375,445.0225524902344,437.5035095214844,429.3137512207031,420.5992736816406,410.7538757324219,404.7095947265625,401.82269287109375,398.56414794921875,391.5505676269531,388.01812744140625
sample_3f0a9aa8f093eda5,361.0072937011719,363.8302001953125,369.7492980957031,372.2644348144531,373.4262390136719,374.52716064453125,372.11944580078125,375.2927551269531,378.28399658203125,376.1318054199219,378.1563415527344,377.1203918457031
sample_70b4b25066b838a5,338.5152893066406,341.5068359375,348.8670959472656,355.1408386230469,359.7427673339844,365.11737060546875,370.14630126953125,374.8724365234375,380.0137634277344,381.087158203125,386.0054931640625,388.2119445800781
sample_1d3d677b388b32de,391.5480041503906,397.185791015625,405.8617248535156,409.4154052734375,411.1751403808594,413.9823913574219,411.73199462890625,414.533447265625,418.9519958496094,414.492919921875,417.1026611328125,412.9195861816406
sample_0a937fa947e2addb,490.1699523925781,478.1413269042969,467.5349426269531,455.9797668457031,446.9046630859375,433.4346618652344,422.57208251953125,413.22479248046875,406.9856262207031,401.368896484375,396.07440185546875,391.482421875
sample_8a71935fbab64d21,504.4618225097656,493.8978576660156,482.22998046875,468.7571716308594,458.59246826171875,442.69061279296875,430.8760986328125,418.95361328125,410.94879150390625,405.02587890625,395.8897705078125,392.8213806152344
sample_b9f3318720a496dc,332.6992492675781,335.1716613769531,341.8043212890625,347.4543762207031,350.7483215332031,356.231689453125,360.4153747558594,364.3910827636719,370.77301025390625,372.49969482421875,377.3142395019531,380.2416687011719
sample_cb841937b7699d4f,359.9067077636719,359.946044921875,361.7759704589844,362.7673645019531,366.0495300292969,366.17559814453125,368.4720458984375,370.50543212890625,374.7445068359375,375.0470275878906,380.0370788574219,382.066162109375
sample_a3f7c7635cd34c3b,353.13519287109375,361.6101379394531,372.54248046875,383.39239501953125,392.7342529296875,401.6764831542969,410.56256103515625,419.4928283691406,424.064453125,427.8455505371094,434.0496520996094,434.6327209472656
sample_bea3f3d8517c8aa0,433.88970947265625,440.1087646484375,445.5423583984375,447.58880615234375,447.3621520996094,445.8310852050781,439.8419494628906,438.2757873535156,439.40496826171875,434.3598327636719,434.12353515625,430.2184143066406
sample_173d683a1bb1643e,413.1386413574219,408.29730224609375,405.6416015625,403.5804748535156,398.7603454589844,397.5334777832031,394.0585632324219,394.4181213378906,394.71063232421875,395.7704162597656,397.15765380859375,394.2890625
sample_e740a0b9c961ff23,458.96038818359375,450.2689208984375,442.7721252441406,434.9986877441406,427.219482421875,418.3336486816406,409.834716796875,404.2858581542969,400.6773681640625,396.5486145019531,392.8738708496094,388.7960510253906
sample_3e5bd85fe66b6f24,616.1033325195312,594.3173217773438,574.3369750976562,553.97265625,540.88525390625,521.2197265625,502.3896179199219,487.2857360839844,470.63916015625,463.411865234375,449.944580078125,441.203857421875
sample_711166bdf5386b2d,331.71978759765625,350.46197509765625,369.9345703125,390.54791259765625,411.4171142578125,431.92840576171875,451.00054931640625,469.611572265625,480.2329406738281,491.72772216796875,499.7890625,505.180419921875
sample_a221f312af6a2fe3,523.680419921875,507.395751953125,493.8664855957031,480.042724609375,471.902099609375,456.1144104003906,445.3443908691406,435.1434326171875,425.3328857421875,419.5322265625,415.43572998046875,407.386962890625
sample_bf23af59c6d28ace,339.8853454589844,343.1731262207031,349.99212646484375,354.5950927734375,358.8299560546875,363.30645751953125,367.21875,372.004638671875,377.7957763671875,378.2657470703125,383.9339294433594,386.880126953125
sample_b925a028a4d14995,355.9551696777344,356.0526428222656,357.9331359863281,359.1029968261719,362.5230407714844,361.96630859375,366.13177490234375,368.2079772949219,371.7547912597656,372.32086181640625,376.58941650390625,379.63458251953125
sample_a765f49e870ca370,433.5110778808594,439.5396423339844,446.2922058105469,448.8117980957031,448.6307678222656,449.42254638671875,447.44317626953125,446.5876770019531,450.69720458984375,445.3544616699219,447.9449768066406,443.384765625
sample_4c538e6cf1b2974e,341.527099609375,356.7250061035156,373.3493347167969,394.3963623046875,415.68975830078125,438.76739501953125,460.6991271972656,481.25225830078125,496.7362060546875,510.66357421875,521.0222778320312,530.0648193359375
sample_aad310fc66b072e2,433.7734375,434.8699645996094,437.00579833984375,436.24395751953125,444.873291015625,447.5780029296875,454.6689147949219,461.8673400878906,467.9715881347656,469.9713134765625,475.83013916015625,481.77362060546875
sample_9c72c12362d04847,330.4398498535156,337.8150634765625,348.4586181640625,358.6641845703125,367.63336181640625,378.3695068359375,385.29608154296875,394.79449462890625,402.8670654296875,408.365478515625,412.8641357421875,417.5197448730469
sample_3838e4feff2f1bf4,363.2289123535156,370.0537109375,380.6116943359375,388.30047607421875,394.5015563964844,402.12762451171875,405.9681091308594,413.2622985839844,420.49407958984375,422.03997802734375,424.48870849609375,425.25640869140625
sample_3013232700a0503a,339.4944152832031,345.6634216308594,355.77850341796875,361.5069274902344,365.50103759765625,370.0510559082031,369.8591003417969,375.6826171875,379.35211181640625,377.5567932128906,381.2449035644531,379.2694091796875
sample_d15633811a15d3ec,448.86297607421875,445.63543701171875,441.61151123046875,435.3252258300781,428.1982727050781,418.7256164550781,410.30242919921875,403.6926574707031,399.78350830078125,396.52740478515625,391.8389892578125,385.5622863769531
sample_655a511c1d034921,504.42706298828125,502.10736083984375,497.3572998046875,485.49920654296875,479.90203857421875,465.1341247558594,451.8531799316406,440.635009765625,431.21966552734375,420.74102783203125,415.94012451171875,408.2453918457031
sample_4234cafa1e6ea08c,381.3154296875,382.8533020019531,388.4016418457031,391.1977233886719,391.7318420410156,393.19952392578125,394.3648986816406,395.263916015625,400.4461669921875,397.1699523925781,400.8703308105469,398.6068420410156
sample_e9d7d09a0f1155b0,409.2500915527344,429.3670959472656,448.68658447265625,459.49951171875,472.54180908203125,479.71636962890625,483.294189453125,491.4183044433594,493.740966796875,490.46551513671875,493.0054931640625,485.4009094238281
sample_e8ba36a46aa9a12a,505.8042907714844,498.88653564453125,490.3011474609375,478.71881103515625,468.8200988769531,454.1427917480469,441.6309814453125,432.3197326660156,423.2610168457031,419.8868408203125,411.0434875488281,403.86651611328125
sample_5b7471d51275bfea,499.7134704589844,504.46881103515625,504.16717529296875,498.6614074707031,496.053955078125,485.61981201171875,472.4717712402344,464.3316650390625,458.0202941894531,446.1891784667969,443.67864990234375,435.4414978027344
sample_380036c2d6cf2e7f,638.6241455078125,620.22314453125,605.6717529296875,589.4798583984375,581.6638793945312,561.0615844726562,549.16845703125,536.70947265625,523.1681518554688,513.1513671875,509.2820129394531,499.734375
sample_1a2482cdda1679ef,334.45703125,337.298828125,342.8249206542969,347.9910583496094,352.53875732421875,357.37152099609375,362.1210632324219,367.2249755859375,373.19927978515625,375.23974609375,381.14947509765625,385.379150390625
sample_cce3b3bd5f45773d,347.89215087890625,348.8201904296875,353.86767578125,357.1839294433594,363.2315673828125,366.8505859375,373.7583312988281,377.00799560546875,382.9129943847656,385.80657958984375,390.8716735839844,394.5502624511719
sample_085c49697f78ee82,415.3509216308594,409.4735107421875,405.6338806152344,402.9014587402344,397.84039306640625,398.5523681640625,395.86322021484375,396.9299621582031,396.61956787109375,399.677734375,402.349365234375,401.8991394042969
sample_a28a61f1af16684c,311.8487243652344,316.2663879394531,324.3811950683594,333.1581726074219,339.63128662109375,348.50091552734375,354.880126953125,361.8995666503906,368.4572448730469,373.076416015625,379.5664367675781,384.0310974121094
sample_f9e6da9a309edbda,319.55072021484375,332.8890380859375,346.4603271484375,362.67620849609375,378.73785400390625,392.9255676269531,408.09881591796875,422.6013488769531,427.530517578125,435.2710876464844,443.9374694824219,447.43499755859375
sample_ebfe05d202c082a0,449.10345458984375,438.9088439941406,432.93841552734375,424.31201171875,418.9442443847656,412.036376953125,405.8250427246094,402.8858642578125,398.3671569824219,397.2954406738281,394.6574401855469,390.45709228515625
sample_ffd9a4ca180c8eb6,418.89300537109375,414.1747131347656,411.6971435546875,409.2002258300781,403.82269287109375,402.2313537597656,398.6080627441406,397.2384338378906,399.2637939453125,398.68988037109375,399.5068359375,397.84619140625
sample_7cc14d3101badb48,425.0791015625,420.11279296875,417.6972961425781,414.9276428222656,409.3477783203125,406.3426208496094,401.57733154296875,400.6011657714844,401.2952880859375,399.92047119140625,399.5492248535156,396.6557922363281
sample_c91a66114fc87c1a,444.0207214355469,443.1298828125,441.7759094238281,438.04913330078125,433.5984191894531,426.9838562011719,418.7756042480469,413.1536865234375,412.3863525390625,407.1544189453125,404.6631774902344,398.2703857421875
sample_1a46d3213e28e4fa,300.38037109375,305.9400634765625,315.54132080078125,325.82025146484375,333.55731201171875,344.6236572265625,352.8775634765625,361.14703369140625,367.6827392578125,373.8144836425781,380.76873779296875,386.24407958984375
sample_d24bfd7c84dd764d,509.96038818359375,498.4439392089844,486.6462097167969,473.3184814453125,463.8919982910156,448.2103576660156,436.2874755859375,426.0519104003906,418.4997863769531,410.8421936035156,402.3809509277344,399.1557922363281
sample_7362d520a9d06981,370.4443054199219,370.6641540527344,373.9478759765625,376.6954345703125,381.8353271484375,385.25457763671875,391.3314208984375,394.767333984375,400.763916015625,402.65765380859375,408.43218994140625,412.33209228515625
sample_db184ad53ecc678b,367.81732177734375,368.1177978515625,371.2247009277344,374.5084228515625,380.7542419433594,384.6548767089844,392.466796875,396.4452819824219,402.4184265136719,404.843017578125,411.6592102050781,415.4676208496094
sample_a64acba9f58b69c6,477.2870788574219,474.2542724609375,469.84283447265625,460.854248046875,454.98919677734375,443.47760009765625,432.9146423339844,424.0892639160156,418.0481872558594,411.4669494628906,406.411865234375,399.68048095703125
sample_b31dcf5e37f5796f,472.483642578125,488.523193359375,503.0184326171875,509.727783203125,518.17578125,520.4593505859375,522.8277587890625,525.8589477539062,527.7108764648438,521.0068969726562,523.2245483398438,515.9794921875
sample_ea3783e6710afa29,563.2825927734375,548.2802124023438,535.7562866210938,522.9451293945312,513.8782958984375,497.6456604003906,486.05718994140625,475.64849853515625,465.1224365234375,457.23583984375,451.0823669433594,441.8317565917969
sample_9ca5bc2117591b35,567.2543334960938,557.4293212890625,548.134033203125,535.4369506835938,527.1571655273438,509.810302734375,497.76617431640625,485.6790466308594,475.53009033203125,470.4884338378906,461.21221923828125,451.1531982421875
sample_6bc059817194ec80,381.0924377441406,385.750244140625,393.2217102050781,399.2489013671875,404.099609375,410.54046630859375,412.128173828125,418.79107666015625,425.22955322265625,427.49432373046875,428.51434326171875,429.40625
sample_c752bc2acb216891,310.42877197265625,316.0262145996094,326.15289306640625,335.1843566894531,341.7012634277344,349.5567932128906,355.59295654296875,363.0690612792969,366.301025390625,369.68817138671875,375.0514221191406,377.0879211425781
sample_1f3517506abe10c2,316.0377197265625,321.3812561035156,330.6943664550781,338.7706604003906,344.625732421875,352.24981689453125,357.0851745605469,363.56396484375,369.1080017089844,371.3728332519531,377.11767578125,379.36810302734375
sample_31a69baf898cfc88,345.3655090332031,350.3471984863281,358.6524353027344,366.7371826171875,372.2815856933594,378.4468078613281,385.25531005859375,391.19110107421875,395.56573486328125,396.7975158691406,403.2378234863281,404.31585693359375
sample_7671eb38abbb7793,578.6889038085938,563.7767944335938,550.7011108398438,536.1685180664062,526.2533569335938,507.4134521484375,495.02227783203125,481.47900390625,470.2374572753906,462.5808410644531,454.5682373046875,446.94732666015625
sample_71b4a8fb835d5096,478.888427734375,470.968017578125,464.30047607421875,457.4543151855469,449.50787353515625,440.21142578125,431.25323486328125,425.2723083496094,422.3172607421875,418.3318786621094,412.7837829589844,408.5165100097656
sample_a56e9a2aed17fd9e,344.357177734375,347.9166564941406,355.1519775390625,361.0997009277344,364.76153564453125,370.57208251953125,374.7222900390625,378.9707336425781,385.7122497558594,386.1911315917969,391.9485168457031,393.128662109375
sample_461c2ce8b4b005ab,336.09002685546875,339.29425048828125,345.9918518066406,353.24810791015625,358.986572265625,365.0061340332031,371.66796875,377.52667236328125,382.4063720703125,384.94842529296875,390.3403015136719,393.5966796875
sample_9844435d70d7333a,363.3153076171875,371.5630187988281,384.1819763183594,392.9053039550781,399.7717590332031,407.6017150878906,413.5903625488281,420.56060791015625,426.17510986328125,427.5146789550781,432.3199768066406,431.4171447753906
sample_3227d9bc3a8bb2fd,454.971435546875,446.32012939453125,441.5223388671875,435.05712890625,429.1328125,423.24969482421875,418.4835205078125,416.2350158691406,413.7173767089844,411.38189697265625,410.86285400390625,406.6158447265625
sample_928bbb26733ba875,397.1929626464844,396.10595703125,395.5595397949219,394.264404296875,390.2091979980469,388.87017822265625,383.620849609375,384.74017333984375,386.54730224609375,384.4400939941406,384.6344909667969,382.32550048828125
sample_6b6d381fb6a6f3e3,355.96441650390625,375.5623779296875,394.21185302734375,418.1511535644531,442.86773681640625,466.70770263671875,492.1221923828125,514.1268310546875,528.2891845703125,543.4360961914062,552.5770263671875,561.3843383789062
sample_1903ca2e9fa709a7,530.904052734375,519.5419311523438,512.6192016601562,504.2793273925781,497.24432373046875,487.4734802246094,476.0591735839844,470.397705078125,464.6427307128906,461.0495910644531,454.7669982910156,447.5817565917969
sample_1857e900ff3da5b8,406.9571838378906,417.3833312988281,428.8614501953125,443.1940002441406,460.7606201171875,477.63262939453125,496.8504333496094,512.0013427734375,528.7169799804688,535.7822265625,545.1883544921875,554.316162109375
sample_9169f85750544583,339.6820983886719,341.35321044921875,344.5176696777344,347.1959228515625,352.95306396484375,354.74786376953125,361.32867431640625,365.4130859375,369.8240966796875,371.9054870605469,377.77935791015625,383.27459716796875
sample_09d8169d778769ab,502.3268127441406,486.8455505371094,476.03369140625,463.1346435546875,455.828125,443.91131591796875,435.08245849609375,428.8519287109375,419.0984802246094,415.7814636230469,412.0805969238281,404.2635803222656
sample_3ab3e539bbe1175a,409.88427734375,409.03485107421875,408.0025634765625,406.6905212402344,400.9171447753906,397.69207763671875,391.02105712890625,390.39776611328125,389.63739013671875,388.59100341796875,387.22503662109375,381.8045654296875
sample_c51413263be07a29,276.67364501953125,283.2619323730469,293.88885498046875,305.589599609375,314.8082275390625,326.98956298828125,336.9558410644531,346.78094482421875,351.81500244140625,359.5369873046875,366.7378234863281,372.5707092285156
sample_8d0d85773875a94d,374.89703369140625,381.95538330078125,392.4455261230469,397.7222595214844,401.7326965332031,406.5312805175781,404.528564453125,410.82159423828125,414.1753234863281,412.8045959472656,413.7899475097656,410.85430908203125
sample_95cb8688f5d1d059,383.7406311035156,381.3239440917969,380.6001892089844,379.3330993652344,382.31842041015625,383.6373596191406,387.0869140625,390.2259826660156,393.6337585449219,394.55035400390625,400.1188049316406,404.48712158203125
sample_def1a091d4c7e2b7,359.8179626464844,365.781005859375,375.8612060546875,384.8371887207031,391.8887939453125,400.7969055175781,409.0295715332031,416.05889892578125,423.58514404296875,426.70709228515625,432.64947509765625,434.24993896484375
sample_3aab0d036a79b624,409.0850524902344,405.1907043457031,402.905517578125,401.8204040527344,397.1199645996094,397.4064025878906,395.443603515625,396.5079345703125,397.83477783203125,399.2174377441406,401.4862976074219,401.3519592285156
sample_89dcfae40cb3d522,586.1541748046875,568.2891845703125,552.6439819335938,536.975830078125,526.1884155273438,507.896240234375,493.75836181640625,482.095947265625,469.17034912109375,460.4632873535156,452.29437255859375,442.95904541015625
sample_10f7ebfecbf3e194,363.376220703125,368.1156311035156,377.0419006347656,381.2827453613281,384.706298828125,387.0936584472656,390.1505126953125,391.68939208984375,395.0723571777344,392.05438232421875,397.6768798828125,395.2197265625
sample_193896d59af9b603,412.3747863769531,435.71649169921875,458.2987060546875,473.9317321777344,491.2696838378906,502.8809814453125,512.8763427734375,525.6895751953125,530.1658325195312,530.2117309570312,532.564697265625,529.20703125
sample_3f14aad686acc4a9,324.41448974609375,331.4247741699219,341.47265625,351.0940246582031,358.9957580566406,366.60784912109375,374.57354736328125,381.9063720703125,385.53741455078125,387.26348876953125,394.41009521484375,395.3067626953125
sample_0679fb1c19bdef81,317.11065673828125,320.8858947753906,327.679443359375,334.6448669433594,340.9242248535156,347.4736022949219,352.8688049316406,359.1673583984375,365.4020080566406,369.6138610839844,375.0585021972656,380.0931091308594
sample_a5ed4a123f22f191,309.66314697265625,314.40704345703125,322.8883361816406,331.64605712890625,338.03778076171875,346.8236999511719,353.01824951171875,359.89617919921875,366.50494384765625,370.5443420410156,376.94366455078125,381.08660888671875
sample_4b2c0f43622dd83c,305.16351318359375,311.48785400390625,321.65283203125,330.9363708496094,338.7326965332031,349.15313720703125,355.0295715332031,363.4351806640625,370.78253173828125,376.0865783691406,381.2899475097656,386.0794677734375
sample_a473dfd97f74f575,706.2789916992188,689.26513671875,673.6173706054688,655.8201293945312,644.2269897460938,621.218994140625,607.7221069335938,590.0145874023438,574.0858154296875,564.5604858398438,555.1336059570312,544.29931640625
sample_a051833ce7eddc55,515.352783203125,514.1661376953125,515.5380859375,514.5982055664062,523.10546875,527.4080810546875,531.9183959960938,538.060546875,545.0242309570312,547.8232421875,553.606201171875,557.0848388671875
sample_3da21470c2cbbde8,433.4335021972656,430.1157531738281,427.82977294921875,425.0441589355469,420.570556640625,415.91827392578125,410.9246826171875,409.54351806640625,409.3657531738281,407.84417724609375,406.249755859375,403.127685546875
sample_796147ea395ede45,395.3233642578125,395.0596923828125,396.9769287109375,396.95892333984375,396.7110290527344,394.4365234375,393.6685791015625,395.4097900390625,398.7401123046875,397.22705078125,397.8968200683594,399.3431091308594
sample_8cd0ad843c806233,424.9705810546875,419.40716552734375,416.7734375,413.5470275878906,408.0786437988281,405.2137451171875,401.03753662109375,400.1299743652344,400.49920654296875,399.56866455078125,399.66009521484375,397.07281494140625
sample_465e79db90b45a35,387.3653564453125,386.14178466796875,385.33355712890625,385.1319580078125,382.6123962402344,381.4695739746094,380.2402038574219,382.85626220703125,384.87725830078125,384.1479187011719,385.9064025878906,386.7202453613281
sample_97381f6d0cdadffe,411.33642578125,423.59088134765625,436.1817321777344,452.26171875,469.1494140625,486.19732666015625,504.27734375,519.3606567382812,536.202880859375,543.7492065429688,550.1759643554688,557.0927734375
sample_e707d69fac1fbd5f,595.9564819335938,575.7692260742188,558.0875854492188,540.1806640625,529.2619018554688,508.4871826171875,493.9756774902344,479.6688232421875,465.4047546386719,457.3855895996094,449.74493408203125,440.8570861816406
sample_3dfb86a44edd39a1,508.8605651855469,493.6172180175781,481.3672180175781,468.22576904296875,459.3030090332031,448.07666015625,435.3334045410156,427.0146179199219,417.31109619140625,415.98602294921875,408.2131042480469,401.1571044921875
sample_e35b46b49e308c70,364.7850036621094,364.8193359375,366.1706237792969,367.1759338378906,371.25567626953125,372.5426025390625,378.5655822753906,381.9071350097656,385.7732238769531,387.03826904296875,393.328369140625,397.10260009765625
sample_1408a0c0b296fc9d,472.6981201171875,461.4078369140625,453.757568359375,444.4353942871094,437.29345703125,430.57196044921875,420.4789733886719,416.96380615234375,411.13946533203125,411.04083251953125,405.7484436035156,401.0207214355469
sample_b5d039bcd2d73f60,448.7437744140625,450.009033203125,449.5614929199219,445.5065002441406,439.4918212890625,432.9649963378906,420.95831298828125,416.0401611328125,411.01654052734375,403.7870788574219,401.971923828125,394.05157470703125
sample_78c9c75abc565475,483.5849304199219,489.68475341796875,495.08343505859375,497.10858154296875,498.1365966796875,500.3477783203125,498.7067565917969,498.4452819824219,505.7156066894531,503.0736083984375,503.3398742675781,501.5751953125
sample_910add95a5388d57,437.4820861816406,429.32220458984375,423.202880859375,415.99908447265625,409.7638244628906,403.0381774902344,395.7525939941406,392.3977355957031,389.8052673339844,387.7147521972656,384.0523376464844,381.84246826171875
sample_e71830e221cc6167,393.8143005371094,418.59271240234375,442.7991638183594,461.01556396484375,480.5211181640625,494.54595947265625,507.176513671875,522.0657958984375,526.8316650390625,529.2009887695312,533.2872924804688,530.8602905273438
sample_137dc1534cbb7748,463.9364013671875,455.4095458984375,450.1197814941406,443.3301086425781,436.86419677734375,430.7870788574219,421.6005859375,418.9638366699219,415.8529968261719,414.2745361328125,409.53729248046875,405.4544982910156
sample_f827a734cdc27423,425.9632568359375,424.3310241699219,424.9796142578125,423.8262939453125,424.1333312988281,421.3245849609375,421.63775634765625,424.30584716796875,425.000732421875,425.0594787597656,426.199951171875,426.2973327636719
sample_e332c3b662a389e9,329.4727783203125,332.7478942871094,339.0750732421875,344.644287109375,351.1675109863281,356.48455810546875,363.01239013671875,369.01141357421875,375.2339172363281,378.32452392578125,385.0677795410156,389.9284973144531
sample_22d1bfd8ae5e48e5,376.8423156738281,377.38519287109375,380.18341064453125,382.7660827636719,383.85687255859375,385.498046875,388.5418701171875,390.61053466796875,394.910400390625,395.7523193359375,399.3645935058594,399.48193359375
sample_5ac56df5d9012946,459.6380615234375,449.26922607421875,441.4241943359375,432.0716857910156,424.91839599609375,415.9263916015625,408.1219177246094,403.06549072265625,397.9919738769531,394.3095703125,392.18572998046875,388.24346923828125
sample_63ae23f103a0fe7f,372.7744445800781,372.4364318847656,376.387451171875,378.0531311035156,381.38995361328125,382.6554870605469,384.4302978515625,387.0732421875,392.55682373046875,393.1560974121094,395.7552795410156,397.4945068359375
sample_a73234f5765d94f4,357.181396484375,357.9920959472656,362.01513671875,364.9936218261719,369.6952209472656,372.1612548828125,378.2617492675781,380.9893493652344,386.4499206542969,388.4895324707031,392.8124694824219,395.6109619140625
sample_53185b8eb8d6226c,334.5387878417969,337.2954406738281,342.5469665527344,347.71807861328125,353.4168395996094,358.1235046386719,364.2368469238281,369.7436218261719,375.3467712402344,378.42340087890625,384.9785461425781,389.5992736816406
sample_d3f90285661283c4,531.1058959960938,541.9695434570312,548.877197265625,553.19482421875,553.4833374023438,554.303955078125,549.6944580078125,549.5436401367188,551.2741088867188,546.1168212890625,544.249755859375,538.2427368164062
sample_0d942b90b1586d1a,397.6310119628906,400.12335205078125,404.95751953125,406.48724365234375,406.82891845703125,406.91015625,403.0035705566406,404.2986755371094,407.7732238769531,405.0933837890625,405.3323669433594,402.2108154296875
sample_7c55997f76efee18,391.2813415527344,391.52496337890625,392.4364013671875,394.0942077636719,395.06756591796875,396.82049560546875,399.085693359375,404.55206298828125,406.1832275390625,407.8204345703125,412.3873291015625,413.15008544921875
sample_1a59a003b8ca302a,531.3359985351562,513.8159790039062,499.4771728515625,486.03387451171875,477.1889343261719,462.8408508300781,452.6484069824219,442.7196960449219,431.9381103515625,428.32427978515625,424.6512756347656,415.8317565917969
sample_91bf410338d45c03,388.19866943359375,386.01239013671875,384.9964599609375,383.6973876953125,380.2897644042969,380.224609375,378.1117858886719,377.58929443359375,381.5576171875,380.3052978515625,383.31591796875,382.4534606933594
sample_85320bb76f363255,484.5097961425781,475.32220458984375,468.1471862792969,458.6430358886719,451.58184814453125,439.24127197265625,429.8360290527344,423.3536376953125,418.7425231933594,412.29400634765625,408.55145263671875,405.6902160644531
sample_d5cc3055857b8f55,586.8714599609375,598.0671997070312,601.4052734375,605.9060668945312,603.145751953125,597.214599609375,587.48779296875,586.7893676757812,579.3469848632812,571.485595703125,567.8552856445312,554.7575073242188
sample_c6aa8081f57b2836,286.0271911621094,294.8467102050781,307.4873046875,317.60772705078125,326.2344970703125,337.2314758300781,342.0716247558594,352.25213623046875,357.71087646484375,361.8212585449219,367.3968200683594,371.5184326171875
sample_ea6dee8fd4b28f5c,394.53564453125,390.8655700683594,388.7596740722656,386.2167663574219,382.9886779785156,382.7140197753906,381.0865478515625,380.0401611328125,383.79736328125,382.86480712890625,385.6002502441406,386.102783203125
sample_1a52b6513a80263f,337.2281494140625,340.2578125,346.6797180175781,350.6694641113281,353.4797058105469,356.9295654296875,356.43475341796875,361.5503845214844,366.0876159667969,365.89501953125,368.1596374511719,370.05511474609375
sample_29933eeb8d45a320,400.1722412109375,416.71368408203125,433.1561584472656,448.39715576171875,464.93963623046875,479.50787353515625,497.04193115234375,509.7064514160156,522.3893432617188,527.07666015625,533.3013916015625,536.3154907226562
sample_241d9f52ef008883,690.6156005859375,677.3734741210938,669.0635986328125,658.25390625,652.7440185546875,635.0072631835938,626.9000244140625,614.4891967773438,604.6298828125,598.2406005859375,595.3853759765625,583.8175048828125
sample_56027c3303f4959b,293.6337585449219,301.4546813964844,312.8893737792969,324.3754577636719,333.8589172363281,346.41265869140625,354.812255859375,364.6758728027344,372.5025939941406,378.69635009765625,385.7254638671875,391.7901916503906
sample_7d19aba6e2859580,424.4045104980469,417.0577697753906,412.17535400390625,406.3385925292969,401.0583190917969,395.7427062988281,391.2771911621094,388.1536865234375,386.184814453125,385.2431640625,384.87432861328125,382.3337097167969
sample_91164e5e20f50535,292.9521484375,299.0626525878906,308.06903076171875,318.4069519042969,327.0261535644531,338.36773681640625,345.2527160644531,354.6690673828125,361.97991943359375,368.4262390136719,375.22369384765625,381.9090270996094
sample_4ff7e88cb90df2cc,370.0641174316406,370.86968994140625,373.7445068359375,375.3656005859375,376.132080078125,375.95550537109375,378.0969543457031,379.9079895019531,384.1392822265625,382.32000732421875,384.9893798828125,388.7746887207031
sample_e2dccfad0a225fe8,456.1883239746094,447.053955078125,441.5076904296875,433.9813537597656,430.51953125,425.8807373046875,423.5462646484375,421.2384033203125,418.4451599121094,417.2259216308594,419.7996826171875,420.7216796875
sample_74995f8cb50a1667,362.724365234375,363.7642822265625,367.8607177734375,371.79974365234375,375.8250732421875,379.062744140625,384.62298583984375,387.56732177734375,392.27313232421875,394.7633361816406,398.944091796875,400.8052978515625
sample_1c5f5c5bad26e4ec,351.85595703125,357.81005859375,364.7491455078125,375.4972839355469,385.35711669921875,394.1513366699219,405.9668273925781,414.479248046875,420.3833923339844,425.5146789550781,432.90655517578125,438.02264404296875
sample_996700b2acd4dd32,393.79833984375,396.34368896484375,401.6377868652344,405.22271728515625,406.5509033203125,409.55816650390625,408.9827880859375,412.17919921875,416.901123046875,416.53900146484375,418.2486572265625,417.6307067871094
sample_21045a9cdc73808f,363.4320068359375,376.5950012207031,391.3211669921875,408.4197692871094,426.30047607421875,444.7206726074219,464.29290771484375,480.04205322265625,495.385009765625,504.41973876953125,513.7855224609375,521.5285034179688
sample_e4608236585a166c,643.8766479492188,636.9581909179688,631.18408203125,620.3982543945312,617.9478759765625,602.0447998046875,593.4653930664062,579.5095825195312,571.328125,566.7167358398438,562.2572631835938,550.8018798828125
sample_2425293ddca59e72,356.9171447753906,359.2175598144531,364.16510009765625,369.2223205566406,372.42901611328125,376.1162109375,380.5728759765625,384.8588562011719,388.9129943847656,390.40277099609375,394.3389892578125,396.1642150878906
sample_a47bf240b54c092c,369.6743469238281,370.3238525390625,373.3347473144531,375.03082275390625,376.0195617675781,376.09503173828125,378.71063232421875,380.3529052734375,384.7629089355469,383.2753601074219,386.2691955566406,389.8712158203125
sample_47fff3c4de17cd68,387.69775390625,385.3887634277344,385.59375,385.3464660644531,385.07183837890625,383.6969299316406,384.371337890625,385.10540771484375,388.822998046875,389.2641906738281,392.3057556152344,393.21990966796875
sample_0ee55f30e12c9379,347.6822509765625,351.9418640136719,359.422607421875,367.1493225097656,374.2496337890625,383.16534423828125,391.0990905761719,398.4724426269531,406.7544250488281,411.01226806640625,418.129150390625,422.474609375
sample_4d48d9f3999ac85e,325.2552795410156,337.9530029296875,354.29400634765625,369.52783203125,383.73785400390625,399.6617431640625,412.9202880859375,426.4623718261719,436.2224426269531,444.1184997558594,451.2007141113281,455.76617431640625
sample_9923e0b1f2331830,409.5402526855469,403.7420959472656,400.7313537597656,397.5546875,393.20330810546875,392.54443359375,388.99713134765625,390.30963134765625,389.64453125,391.6379089355469,393.46331787109375,392.2480773925781
sample_111c6d688be50e00,484.7554016113281,479.008544921875,471.5653381347656,462.2982482910156,454.1024169921875,441.6582336425781,430.9854431152344,423.3739929199219,417.42791748046875,414.1205139160156,406.3712158203125,400.57720947265625
sample_aee13e4d7c94d02e,443.30841064453125,440.4537353515625,437.840576171875,434.5074768066406,429.3896179199219,422.7632751464844,417.41143798828125,414.02825927734375,413.2226257324219,409.9569091796875,407.2952575683594,402.632568359375
sample_f5ffb735b98c8042,414.157470703125,422.5671691894531,433.4598083496094,438.7311096191406,443.7083740234375,447.7142333984375,450.4506530761719,454.6589050292969,460.4073486328125,457.1736145019531,459.76519775390625,455.4888916015625
sample_1621a93317dde216,564.6408081054688,580.0919799804688,587.462890625,593.1987915039062,592.8742065429688,586.3536987304688,575.7866821289062,574.85888671875,565.9108276367188,556.6412963867188,552.5562744140625,540.920654296875
sample_37b62d62d38d7dbc,353.7576904296875,359.0040283203125,367.3050537109375,375.9932556152344,382.48785400390625,391.5677490234375,396.52728271484375,404.32330322265625,412.849853515625,416.88397216796875,420.6742248535156,424.697998046875
sample_477c0f49c9aef8f0,362.9241027832031,364.4568176269531,368.05743408203125,370.2795715332031,370.2826232910156,370.5208435058594,368.7789306640625,371.661376953125,374.26617431640625,372.85858154296875,374.7432556152344,375.68707275390625
sample_56e9d8fc308c5577,386.3222351074219,386.1426696777344,389.13653564453125,389.9981689453125,392.51226806640625,392.5655517578125,393.56689453125,395.49359130859375,400.3244934082031,399.7870788574219,402.4370422363281,403.8876953125
sample_fe412dc0ed2df321,348.6085205078125,349.6838073730469,354.62322998046875,358.4945068359375,360.7252502441406,363.86883544921875,367.0608825683594,369.66900634765625,375.1755065917969,376.345703125,379.953369140625,382.2236328125
sample_93a7cca71eb256e3,335.47589111328125,340.9696350097656,350.45849609375,357.9775085449219,363.80718994140625,369.8778076171875,375.1521301269531,381.08941650390625,385.0125732421875,385.1094665527344,390.8606262207031,390.3726501464844
sample_fdb25a4548a192de,290.82952880859375,299.4481506347656,311.8619689941406,323.1859436035156,333.15948486328125,345.8436279296875,353.9364318847656,364.187744140625,372.4439697265625,378.90771484375,385.1203308105469,390.45513916015625
sample_5053e6d4f37117e7,369.9958801269531,377.6930236816406,389.54315185546875,395.3593444824219,400.4960021972656,405.4090576171875,406.0935974121094,412.1300964355469,416.5570373535156,414.2134704589844,416.7890625,413.79296875
sample_a06ce02c329fb5b1,432.7821350097656,424.4353332519531,419.522216796875,412.3047180175781,407.4014587402344,401.8363342285156,396.7694091796875,394.66552734375,391.7445068359375,390.40789794921875,389.8359069824219,387.7811279296875
sample_a13897a718ac5cb9,657.8161010742188,649.6007690429688,643.7599487304688,632.5543212890625,630.78466796875,612.8649291992188,605.6898193359375,592.5231323242188,583.9876098632812,577.3737182617188,574.569091796875,562.9716796875
sample_3b1977cd111a3f48,322.3232421875,326.1778564453125,332.9991760253906,338.7690734863281,343.4928894042969,349.08880615234375,349.84356689453125,356.4012451171875,361.09295654296875,363.9831848144531,366.3381042480469,370.0182800292969
sample_a0d38fe20dee563a,427.182861328125,430.0730285644531,434.97076416015625,438.850341796875,440.7787170410156,445.9715270996094,447.99542236328125,451.77410888671875,459.53662109375,459.25897216796875,462.5068359375,462.1112976074219
sample_6a953fd76f03437d,348.0438537597656,359.8996887207031,374.5437927246094,387.7915344238281,400.6369934082031,413.35296630859375,425.8601379394531,437.4521789550781,445.05120849609375,450.6248779296875,458.11236572265625,459.66680908203125
sample_00a541ac5038ef2b,347.70782470703125,350.7194519042969,356.9990539550781,361.69427490234375,364.1983947753906,367.8675537109375,370.1349792480469,373.8317565917969,379.3077697753906,378.6887512207031,383.1742248535156,383.6090393066406
sample_476b2c2a73948b6b,381.59893798828125,379.48797607421875,377.1697082519531,377.3582763671875,376.0961608886719,376.5267333984375,376.43682861328125,377.584228515625,381.8585510253906,380.5565185546875,385.0787048339844,385.54718017578125
sample_a9761e54390f8ec7,436.66119384765625,428.9384460449219,424.49468994140625,419.0409851074219,415.2210388183594,409.5074462890625,406.12939453125,402.8858642578125,401.3550720214844,400.9207458496094,402.40081787109375,400.1361389160156
sample_2e75b79047229b05,490.1697998046875,483.45806884765625,476.8150939941406,466.3720397949219,457.8768615722656,443.9044494628906,433.3437805175781,424.53668212890625,418.2414245605469,414.20556640625,407.6592102050781,402.2473449707031
sample_2470f642bdce155e,295.8955383300781,302.5112609863281,313.000244140625,321.9283142089844,329.839111328125,339.8558654785156,345.5205078125,353.8623046875,360.9820861816406,365.5146789550781,370.96661376953125,375.8573913574219
sample_8b6ded36d0e8b949,582.2009887695312,587.4880981445312,587.9032592773438,587.092041015625,584.8922729492188,578.122314453125,568.1707763671875,562.1092529296875,558.8086547851562,551.765869140625,547.4551391601562,536.8468627929688
sample_1fe770aa03685d02,349.3996887207031,353.448486328125,362.13861083984375,367.8194580078125,371.6809387207031,377.23040771484375,379.41827392578125,384.43853759765625,389.1363220214844,389.9190368652344,393.5474548339844,393.5192565917969
sample_f8aed315ec97c4d6,367.6931457519531,366.69140625,366.298828125,366.5369873046875,366.6457214355469,366.6653137207031,367.5555419921875,368.85711669921875,372.13507080078125,371.4552001953125,376.7778015136719,377.0232238769531
sample_1de507cc557a1faa,650.24462890625,628.0676879882812,606.7816162109375,582.3274536132812,568.3596801757812,541.4721069335938,522.5888671875,502.24505615234375,484.47662353515625,474.0309753417969,459.92864990234375,454.3265686035156
sample_9e19009bb08ee95b,502.646240234375,486.92669677734375,476.6168518066406,463.6467590332031,457.5655517578125,446.07666015625,438.82305908203125,434.4587097167969,423.7926025390625,421.05694580078125,419.0382080078125,411.9820861816406
sample_9b6b34fe5e0551b1,543.1570434570312,529.926025390625,518.5624389648438,504.78057861328125,496.0039978027344,478.4152526855469,466.5119323730469,456.0213928222656,446.4152526855469,437.7314453125,431.3456115722656,426.7161865234375
sample_986c3ae5060fa7cb,636.4949951171875,619.7940063476562,601.7001953125,580.9427490234375,567.4879760742188,543.546142578125,526.2434692382812,508.3467712402344,493.2138977050781,483.77044677734375,470.3208923339844,464.08502197265625
sample_9583b46e12314ad5,387.9678649902344,386.5101623535156,386.2953796386719,386.05755615234375,384.7704162597656,384.2729187011719,384.3699645996094,385.4935607910156,389.08587646484375,387.97174072265625,391.65350341796875,391.3697814941406
sample_728cf35bc4f67afd,395.0766296386719,393.882080078125,393.2991027832031,391.9378967285156,388.3310852050781,386.7771911621094,382.07830810546875,383.06048583984375,384.5847473144531,382.5180969238281,382.796142578125,380.7419128417969
sample_095e079cbef71c8e,465.4095153808594,459.41009521484375,453.7666015625,447.2490234375,440.85308837890625,432.2642517089844,423.491943359375,418.2384033203125,415.0460205078125,413.9139709472656,406.2917175292969,401.34344482421875
sample_dfb4805e55b75fdb,359.8048400878906,370.21917724609375,383.4887390136719,388.790771484375,395.17266845703125,399.9165954589844,397.7882995605469,403.44195556640625,406.3964538574219,401.86505126953125,404.7528381347656,399.4314270019531
sample_ba7cb9e46fb119aa,473.2658996582031,460.877197265625,450.9789123535156,439.8386535644531,433.0420227050781,421.7574462890625,413.45501708984375,406.631591796875,400.172119140625,396.063720703125,394.22900390625,388.9755859375
sample_2af0fa1228acc6cd,481.2337341308594,473.0278625488281,468.36993408203125,463.6861572265625,458.9463195800781,451.09405517578125,445.3399353027344,441.2079162597656,438.091552734375,435.92779541015625,436.10223388671875,429.449951171875
sample_5b62fb6a47bfba13,352.8724060058594,355.3629455566406,361.17938232421875,366.03277587890625,368.7169189453125,371.8316955566406,375.33160400390625,378.78765869140625,382.7383728027344,383.15496826171875,386.5606994628906,387.4992980957031
sample_fce401998c782fcb,370.4307861328125,389.29345703125,408.8791198730469,428.4817810058594,449.567138671875,469.26702880859375,490.96435546875,507.70648193359375,522.1244506835938,531.5994262695312,539.1901245117188,544.6239624023438
sample_0aa24ac03b71baa9,371.5110778808594,379.7889404296875,392.0154113769531,398.9464111328125,405.04644775390625,411.74945068359375,413.360107421875,420.7267150878906,425.84112548828125,425.1560974121094,427.03375244140625,425.0369567871094
sample_718e767817e23a88,445.73687744140625,437.89373779296875,434.36968994140625,428.0159912109375,424.4521484375,419.5694274902344,416.53106689453125,414.285888671875,413.37567138671875,411.9346008300781,413.8827209472656,413.7171630859375
sample_0aede13853e72d3f,615.6629028320312,595.794677734375,578.2545166015625,559.635498046875,548.0870361328125,526.156494140625,511.17230224609375,496.52984619140625,481.8082275390625,472.26605224609375,463.2184143066406,454.7486572265625
sample_909dd3b04824c288,553.4052124023438,533.8737182617188,516.1707763671875,499.2467956542969,489.01202392578125,471.2901916503906,456.99249267578125,444.36370849609375,431.09014892578125,424.91229248046875,417.79791259765625,408.4071044921875
sample_d137749aa821125d,307.349853515625,317.7720947265625,331.8208312988281,345.8649597167969,358.6861267089844,374.07940673828125,386.2715148925781,398.4589538574219,409.04901123046875,416.848388671875,424.02227783203125,430.5505676269531
sample_1a3394ae4a7931e4,448.13726806640625,443.3100280761719,441.3362731933594,437.05145263671875,433.3604431152344,427.8751525878906,423.88555908203125,422.2723388671875,422.1000671386719,419.2030334472656,419.53155517578125,417.1018981933594
sample_d1dcf3d7fdb3b4f6,349.4606628417969,352.1695861816406,357.70684814453125,362.65216064453125,367.33245849609375,372.1441650390625,377.79052734375,382.62835693359375,388.6482849121094,390.57769775390625,396.9847412109375,400.3236389160156
sample_512d763e81569ade,425.06805419921875,421.9004821777344,420.586669921875,419.4163513183594,414.45196533203125,412.30792236328125,408.39898681640625,407.4672546386719,410.6726379394531,408.9939270019531,409.4613342285156,407.03729248046875
sample_06741388dc40b835,375.4205627441406,375.8868103027344,378.4450378417969,381.0035400390625,383.3210144042969,384.9217529296875,388.50146484375,391.6571350097656,395.6690673828125,398.079833984375,400.9781188964844,402.16009521484375
sample_18bde0582987f47e,383.03082275390625,384.1786193847656,386.44573974609375,388.4232482910156,389.33038330078125,390.3223876953125,391.62274169921875,395.6046142578125,397.82745361328125,398.9975891113281,402.4246826171875,401.3728332519531
sample_759a4e3c59015012,346.38677978515625,351.1733703613281,359.5553283691406,365.4642028808594,370.18121337890625,375.92523193359375,378.0473327636719,383.62158203125,389.7035217285156,390.22052001953125,393.7267761230469,394.98858642578125
sample_2bc26bf5451894ca,341.65667724609375,344.1923828125,351.0753173828125,357.0662536621094,360.4736328125,365.3477783203125,369.9328308105469,373.7198791503906,378.9226989746094,379.95379638671875,385.20648193359375,386.15966796875
sample_7b4701872fe74915,410.3587951660156,410.15093994140625,410.7496032714844,410.0973815917969,405.25244140625,403.41455078125,396.54840087890625,396.19610595703125,396.5638427734375,394.7919006347656,394.0655822753906,389.31292724609375
sample_591fdaea39649bb9,372.1512756347656,396.3946228027344,420.46539306640625,440.62689208984375,461.5211181640625,477.69549560546875,493.4429931640625,509.9946594238281,514.2177124023438,520.3914794921875,525.064697265625,523.4083251953125
sample_b37a71516b958742,337.88104248046875,341.7760314941406,348.8670959472656,356.54608154296875,362.5557556152344,368.96173095703125,376.01531982421875,382.1097412109375,386.89874267578125,389.11993408203125,394.9507141113281,397.7057800292969
sample_baddc89d55ee3a7e,372.9253234863281,371.2075500488281,369.982421875,369.85443115234375,369.1308898925781,368.704833984375,370.0477600097656,372.59442138671875,375.0787048339844,374.91973876953125,378.8404235839844,382.16851806640625
sample_0201579471330d0c,392.1995544433594,388.0340576171875,385.2455749511719,382.7288818359375,380.62298583984375,379.4739074707031,377.63604736328125,379.00115966796875,380.8619079589844,380.2279052734375,381.74114990234375,383.89459228515625
sample_f2824eca0dcddb19,595.9677124023438,579.4700317382812,563.561279296875,545.654052734375,534.476318359375,513.2348022460938,498.151611328125,483.8247375488281,471.07928466796875,460.53619384765625,450.96575927734375,443.85125732421875
sample_7df7d1e372906133,322.2154846191406,337.44989013671875,353.90496826171875,375.25604248046875,395.7647705078125,418.5193786621094,439.895751953125,459.8285217285156,473.14404296875,486.40020751953125,498.32794189453125,508.2882080078125
sample_6466e2bd98db31fa,409.9773254394531,412.5432434082031,414.290771484375,413.503173828125,409.66986083984375,406.4234619140625,395.8874206542969,395.5113525390625,393.5885009765625,389.96820068359375,388.0116882324219,383.201904296875
sample_51ec660031a2bcf0,622.9056396484375,600.7162475585938,580.94775390625,560.459716796875,548.68505859375,526.2514038085938,510.0506896972656,494.86199951171875,478.4417724609375,468.98040771484375,460.13006591796875,450.9811096191406
sample_87f2ec64633f0201,575.2323608398438,563.714599609375,555.9803466796875,546.6676635742188,538.2939453125,526.0090942382812,515.3101196289062,505.8044738769531,499.75994873046875,495.0549621582031,489.4145202636719,482.0872802734375
sample_9b0a699b85eb5898,323.3407287597656,325.94244384765625,332.17230224609375,336.9995422363281,341.5701904296875,346.3016052246094,348.6036071777344,354.1334533691406,359.902099609375,362.6938171386719,365.4312744140625,370.21453857421875
sample_941126c4e96db31d,516.8006591796875,507.41815185546875,503.36981201171875,496.75994873046875,492.152099609375,484.0764465332031,478.3942565917969,475.80792236328125,470.24993896484375,468.6263122558594,468.9498596191406,460.78631591796875
sample_4f6aa70271edbff9,497.3963317871094,493.2735900878906,492.4409484863281,488.7713928222656,486.30523681640625,480.1249694824219,476.9107666015625,474.3740234375,473.6401672363281,470.3103942871094,472.56689453125,466.7668151855469
sample_a86856547337f366,403.67694091796875,409.26165771484375,416.825439453125,426.0505065917969,435.9754333496094,446.6966247558594,458.0741882324219,466.8623046875,479.52001953125,482.570068359375,489.2475280761719,494.5758972167969
sample_83753f189d9674b3,388.7235412597656,402.4131164550781,418.73931884765625,430.6028137207031,442.4129943847656,453.8173828125,463.60076904296875,473.5470886230469,482.647705078125,484.33721923828125,488.2926025390625,488.0606384277344
sample_10e20d0c40e498ce,477.56695556640625,465.0732116699219,456.17376708984375,445.17816162109375,438.34259033203125,429.79266357421875,418.40069580078125,414.2315979003906,406.6124267578125,405.0826721191406,397.953369140625,393.58502197265625
sample_4856cbfec30661ef,386.2739562988281,397.1614074707031,408.18328857421875,412.1955871582031,415.5720520019531,415.48382568359375,412.3487548828125,413.7266845703125,411.3630065917969,405.4841613769531,411.4281921386719,402.445068359375
sample_b76c18c8782f4edc,360.90496826171875,363.21575927734375,369.0961608886719,373.12371826171875,374.4698181152344,376.91986083984375,378.5267639160156,380.74530029296875,385.7969665527344,384.5528259277344,388.0911865234375,387.47607421875
sample_1434cf582e19b7f5,355.3843078613281,358.743896484375,365.2278747558594,371.8594055175781,376.90496826171875,383.91070556640625,390.8645935058594,396.5300598144531,403.329345703125,406.4561767578125,412.87298583984375,415.8174743652344
sample_4df35c4fde959e2c,479.8304443359375,479.5823974609375,479.05975341796875,479.43548583984375,476.5505676269531,477.8639221191406,475.6935729980469,477.7117919921875,478.94024658203125,481.4955139160156,482.0301513671875,483.5439147949219
sample_535b2282f89e7b1e,377.7370300292969,377.5036315917969,378.6117858886719,380.1990661621094,380.01934814453125,381.1300354003906,382.9350280761719,386.2601013183594,388.65966796875,390.1419982910156,393.6991882324219,393.85491943359375
sample_99edc661d43f8282,354.2704162597656,365.23907470703125,378.904052734375,393.63348388671875,407.9988708496094,424.02227783203125,439.18096923828125,452.6284484863281,465.7300720214844,473.2710876464844,481.39862060546875,487.21160888671875
sample_4ba032addc7a41ed,460.76983642578125,456.0038146972656,452.5379333496094,448.4403381347656,442.5854797363281,435.3456726074219,428.51165771484375,424.8892822265625,423.1424560546875,421.7300109863281,417.1075439453125,412.47186279296875
sample_4729d5de3a7fa279,543.2483520507812,527.5319213867188,513.7280883789062,499.0185241699219,489.2148132324219,471.61834716796875,458.9342956542969,447.25189208984375,436.64312744140625,428.77325439453125,421.9516296386719,415.05902099609375
sample_ba662c44f6f315fa,337.5921936035156,341.24566650390625,348.4017639160156,355.96746826171875,361.5805969238281,368.11431884765625,374.94415283203125,380.828369140625,385.7512512207031,388.0281066894531,394.0885314941406,396.87298583984375
sample_97a8711bd3c04844,366.33111572265625,389.24188232421875,410.79681396484375,435.17852783203125,461.34521484375,484.6796569824219,511.3861083984375,532.5540161132812,546.5580444335938,559.290283203125,567.7855224609375,574.3784790039062
sample_1fecb4bf98487255,363.873046875,378.15313720703125,395.15576171875,411.34716796875,425.5888671875,442.1929931640625,456.86468505859375,469.960693359375,481.3026123046875,487.8133544921875,493.990478515625,497.6512145996094
sample_be2b88c37a07fc14,313.5825500488281,320.7232666015625,332.0978698730469,340.87103271484375,348.4458312988281,358.0467224121094,363.35040283203125,371.33349609375,378.0797119140625,381.7746276855469,386.85882568359375,389.9142150878906
sample_d9fee7076254550d,309.18963623046875,316.06024169921875,326.7225341796875,335.821044921875,343.8330383300781,354.05462646484375,359.77020263671875,368.1436462402344,375.82806396484375,380.4903564453125,385.42156982421875,389.4681091308594
sample_c03ea20562182a72,445.6334533691406,437.1901550292969,432.5361022949219,426.1809387207031,420.9452819824219,419.09405517578125,413.3175964355469,413.2655334472656,410.9559326171875,412.0645751953125,412.3738708496094,408.72039794921875
sample_15837ae027843f9c,450.3740539550781,441.88720703125,434.63336181640625,426.907958984375,419.7760009765625,412.1032409667969,402.8431396484375,397.9909362792969,395.119873046875,391.7599792480469,386.2987976074219,383.79345703125
sample_9ebaa97b5ecc7272,370.5660095214844,370.7682189941406,372.74420166015625,374.3802795410156,375.1458435058594,376.3099365234375,377.84442138671875,381.0393371582031,384.50128173828125,385.50848388671875,388.2049255371094,388.9848327636719
sample_930d310297b3fb8e,357.0148620605469,362.6030578613281,372.1943054199219,380.5226745605469,387.132080078125,396.19268798828125,403.9053649902344,410.594482421875,419.5894775390625,422.471435546875,428.38623046875,430.9729919433594
sample_251a138f2ce155a7,426.1017150878906,421.3313293457031,418.85009765625,414.40667724609375,410.0477294921875,405.2757568359375,400.769775390625,399.94012451171875,399.3517150878906,397.8529357910156,395.02581787109375,394.68548583984375
sample_f232934d87ccb026,356.194091796875,356.5915832519531,358.80377197265625,360.4534606933594,364.3130187988281,365.21917724609375,371.1709289550781,373.91815185546875,377.9933776855469,378.8450012207031,384.1231994628906,388.1297302246094
sample_cca4cbdf5ad63b7e,317.57012939453125,326.7208557128906,339.7652587890625,351.12060546875,360.87261962890625,371.6624755859375,379.7663269042969,389.7063903808594,393.7498779296875,398.9563293457031,404.9710388183594,406.1827392578125
sample_564f91329a62d8a0,490.3269348144531,481.4374084472656,477.84197998046875,471.0986633300781,466.9833068847656,462.21807861328125,455.2464599609375,456.0519714355469,451.4613952636719,449.83935546875,449.1768798828125,445.4466857910156
sample_eda0732900755bfd,333.124267578125,344.34503173828125,358.8221435546875,368.2875061035156,376.5863037109375,383.2253723144531,387.338134765625,394.6250305175781,395.1664123535156,396.10211181640625,400.76873779296875,397.9161682128906
sample_7342778fa084b9c9,343.1751403808594,349.0360107421875,358.0829162597656,368.09283447265625,376.1822509765625,386.1355285644531,395.8329162597656,404.3368835449219,411.5807800292969,416.970458984375,424.092041015625,427.5229797363281
sample_ac2de89c0596256f,407.1178894042969,406.8486328125,408.2296447753906,408.1881408691406,411.36041259765625,412.11700439453125,416.8778991699219,420.24102783203125,424.23095703125,423.8975524902344,428.7945861816406,432.3708801269531
sample_351b68b84c956c42,301.16998291015625,308.3886413574219,319.4725036621094,330.3420104980469,339.3459777832031,351.64306640625,359.8219299316406,369.0216369628906,377.55902099609375,383.9407958984375,390.38446044921875,395.9593505859375
sample_15ab362c07e7c889,335.8180847167969,337.8601379394531,343.25164794921875,348.4037780761719,354.68548583984375,359.4207763671875,366.66082763671875,371.4588623046875,377.1721496582031,380.55340576171875,386.9246520996094,391.4882507324219
sample_c34be872135f673f,356.1760559082031,357.247802734375,359.2438049316406,361.2899475097656,366.16162109375,367.89593505859375,375.52386474609375,378.65545654296875,383.27154541015625,384.78424072265625,390.902587890625,396.5554504394531
sample_fc80743162400608,642.1222534179688,632.946044921875,623.78759765625,605.5031127929688,599.3699951171875,576.9166870117188,564.061767578125,546.1400756835938,531.6104736328125,525.0987548828125,514.9922485351562,506.49603271484375
sample_948f4de06ef3ee63,602.2926025390625,583.730712890625,568.865966796875,553.1242065429688,544.863525390625,525.7308959960938,514.3469848632812,502.3739013671875,489.56512451171875,481.1668701171875,477.407470703125,467.066162109375
sample_046211953e7b430b,319.485595703125,326.7232666015625,337.945068359375,347.36700439453125,354.78338623046875,364.5841064453125,370.6893310546875,378.6148376464844,385.1274108886719,388.0865783691406,394.6910095214844,397.4132385253906
sample_95169e5a6417728c,329.97607421875,334.07330322265625,342.19390869140625,347.65374755859375,352.87457275390625,358.63104248046875,362.84649658203125,368.3605651855469,374.6785888671875,375.4804992675781,381.3403015136719,384.0692443847656
sample_1c3610d2f06ed130,407.0362243652344,404.7334289550781,403.5697021484375,401.78045654296875,398.5307922363281,395.9765930175781,391.3111572265625,391.4537048339844,393.329345703125,391.5155334472656,391.56292724609375,389.4801330566406
sample_68b952dc9de739fa,355.9949951171875,376.34228515625,397.6297302246094,419.0285339355469,440.4683532714844,462.3612060546875,483.44427490234375,501.38787841796875,515.8033447265625,526.4137573242188,532.8897705078125,538.1732788085938
sample_ec0a48d8945cc65b,311.71490478515625,314.9976806640625,320.734619140625,326.0075988769531,333.34234619140625,338.12042236328125,344.1825256347656,350.96734619140625,356.48773193359375,360.28466796875,366.4781188964844,373.2616271972656
sample_14132470b888b892,300.65899658203125,305.349609375,314.2075500488281,323.6541442871094,331.9004211425781,342.6552734375,351.0838928222656,359.1131591796875,366.04071044921875,372.6949462890625,380.0205078125,386.2453918457031
sample_1bb6087663b12fac,367.0863342285156,367.0787048339844,368.87030029296875,370.1333312988281,372.1995544433594,371.0439758300781,372.8932189941406,375.03424072265625,378.0815734863281,378.1419982910156,381.5105895996094,383.22210693359375
sample_5123576bbcf0e4b1,557.6547241210938,544.565673828125,533.6459350585938,521.7233276367188,513.6046142578125,497.0036926269531,486.358642578125,476.6180114746094,467.5496826171875,458.5943908691406,453.7519836425781,446.7122802734375
sample_831712702f0c882f,282.6485595703125,290.2328796386719,301.80615234375,311.614990234375,320.358642578125,331.4363708496094,337.81353759765625,347.0284118652344,353.76727294921875,359.00152587890625,364.99578857421875,370.7960205078125
sample_8c08c1c7291970eb,322.5719909667969,330.85943603515625,343.5152282714844,352.1448059082031,359.54669189453125,368.3871154785156,372.51922607421875,380.75042724609375,385.6263122558594,387.72265625,392.6971740722656,393.74896240234375
sample_f92006f0106c9159,344.9476013183594,346.471923828125,350.01190185546875,353.1427917480469,356.4406433105469,357.54119873046875,359.92132568359375,363.47747802734375,367.8349914550781,368.952392578125,372.4403381347656,376.4476623535156
sample_dd50b5b02583d8ed,382.092529296875,381.1385192871094,381.9554443359375,381.6365966796875,381.3897705078125,381.22576904296875,380.24591064453125,381.5516052246094,385.24041748046875,383.3032531738281,387.38824462890625,387.0711364746094
sample_091a120ddd55620f,356.5968017578125,358.0002746582031,362.7135314941406,367.106201171875,369.1846923828125,372.3648681640625,375.9535217285156,379.2707214355469,383.8240966796875,384.8656311035156,388.8424987792969,390.695556640625
sample_c34f01f8377daf07,483.5549011230469,507.42626953125,528.3544921875,541.8656005859375,557.019287109375,565.58984375,571.0574951171875,582.2047729492188,585.892578125,582.3021850585938,580.6265258789062,574.7772216796875
sample_d2a7143e74663a6a,320.8823547363281,325.7768859863281,334.2357177734375,342.3238830566406,348.7316589355469,355.6249084472656,362.705810546875,368.7097473144531,373.36181640625,375.0851745605469,381.393310546875,383.758056640625
sample_2e374953c4ef467e,390.34405517578125,398.871826171875,409.7935791015625,413.58270263671875,417.08343505859375,420.21820068359375,417.7601318359375,420.27923583984375,422.8803405761719,417.17559814453125,421.0178527832031,414.3036804199219
sample_1ad4df6fcf486de9,391.16766357421875,404.1125793457031,419.32232666015625,430.62701416015625,442.5249938964844,452.1462707519531,462.49468994140625,471.99114990234375,479.1119689941406,481.254150390625,485.3111572265625,484.2872619628906
sample_b9eb6b282e189a93,335.57220458984375,338.77685546875,344.7100524902344,349.5360412597656,359.2298278808594,364.9058532714844,373.953857421875,380.241943359375,388.3748779296875,392.4977111816406,399.4295349121094,407.3674621582031
sample_ac28a35715660b03,350.6234436035156,351.3290100097656,356.6475524902344,360.0233459472656,362.0220031738281,364.7217102050781,367.69964599609375,369.9012145996094,375.504150390625,376.5649719238281,379.4206848144531,381.4476623535156
sample_93ca69b37c5492f9,310.80828857421875,319.8831481933594,331.4034423828125,344.9794921875,356.0348205566406,368.82781982421875,381.0063171386719,392.6860656738281,397.5350646972656,404.8989562988281,413.28729248046875,417.2291564941406
sample_dbb896a8ebdf9da2,362.21160888671875,361.3609313964844,361.5072021484375,361.46673583984375,362.8482971191406,362.3034362792969,365.2822265625,368.09271240234375,370.5841979980469,370.6828308105469,374.93017578125,377.918701171875
sample_4e26622eeab6b9ab,566.446044921875,551.5594482421875,538.3118896484375,522.6967163085938,513.21533203125,494.0238037109375,481.36248779296875,468.7264709472656,458.34161376953125,448.62945556640625,441.22723388671875,435.3927917480469
sample_b1cc2d0e7d116a09,562.3897094726562,548.201171875,535.0621337890625,518.7217407226562,507.8777770996094,488.65179443359375,474.13092041015625,462.20782470703125,452.14422607421875,442.3816223144531,433.64068603515625,429.3934326171875
sample_c9c876d219016b16,329.0848388671875,333.6051330566406,342.6388244628906,349.6795349121094,354.2253112792969,359.4340515136719,363.6847839355469,368.89617919921875,372.2523193359375,372.97442626953125,377.6397705078125,377.82135009765625
sample_200d98211db2578b,363.51654052734375,367.8097229003906,376.69451904296875,381.7206726074219,384.7498779296875,387.7422790527344,390.2132568359375,393.2825927734375,396.47149658203125,394.32818603515625,398.865478515625,396.3030090332031
sample_2161d27a705ea761,300.89739990234375,307.87042236328125,319.16717529296875,328.0774841308594,335.958251953125,345.84002685546875,351.8413391113281,359.9029846191406,366.728271484375,370.8144836425781,376.6371154785156,380.85675048828125
sample_e7bfec9f8391b1fb,319.6146545410156,339.6683044433594,359.96337890625,379.491455078125,399.3431396484375,415.8299255371094,431.66162109375,448.9539489746094,451.95538330078125,460.3137512207031,466.916259765625,467.85968017578125
sample_653e9b35ae2d050f,409.2687683105469,404.7334899902344,401.5787048339844,400.36517333984375,397.0289611816406,396.6368408203125,396.5509948730469,396.3130187988281,399.3608093261719,400.2555847167969,403.2438049316406,404.7330017089844
sample_ba47593c515ea28b,400.3911437988281,411.3257751464844,424.0998229980469,431.8738098144531,438.0480041503906,441.123291015625,444.9920654296875,448.00128173828125,448.49407958984375,446.71246337890625,451.03375244140625,446.4830627441406
sample_87fe297ef510ba97,396.12139892578125,400.8319396972656,407.3473815917969,409.1581726074219,410.00531005859375,410.21893310546875,406.4333190917969,407.443603515625,410.7059020996094,405.3770751953125,407.4049987792969,403.56781005859375
sample_5bfe4043e4f35533,447.6080322265625,450.77862548828125,452.2494812011719,452.52874755859375,450.4317932128906,444.5676574707031,439.9294738769531,435.3861389160156,436.7449035644531,430.00494384765625,433.0312805175781,426.6200256347656
sample_53f1d58b4e5de86b,516.4856567382812,536.3560791015625,549.4642333984375,557.0689086914062,561.2269897460938,560.7997436523438,557.1317749023438,558.1572265625,554.031982421875,545.1007080078125,546.453369140625,537.2113037109375
sample_e479fa25f7882773,355.8203430175781,360.4546813964844,369.3473815917969,374.94403076171875,378.53143310546875,382.0364990234375,385.53826904296875,388.24871826171875,392.3630065917969,390.3575744628906,394.9878234863281,393.2997741699219
sample_1e7573e80c411294,392.3252258300781,390.5442199707031,389.73638916015625,389.0120849609375,386.879638671875,383.9710998535156,382.7561950683594,384.6732177734375,384.9794921875,384.15753173828125,385.3091735839844,384.28692626953125
sample_ac5e5867ea18c54f,380.0462951660156,379.1062927246094,380.072998046875,381.6527099609375,386.9909973144531,389.8216247558594,395.82220458984375,399.81475830078125,405.7417297363281,406.8718566894531,413.9792175292969,417.5587158203125
sample_70cc65ff507796f3,301.4290771484375,327.7467346191406,352.7982482910156,379.8671875,408.39801025390625,434.0333557128906,459.435302734375,484.3404541015625,492.92449951171875,507.8636169433594,516.3526611328125,523.4778442382812
sample_0e7505046e174d06,501.7931823730469,488.22039794921875,477.7290344238281,465.90478515625,458.0668640136719,448.04681396484375,434.54559326171875,428.5027770996094,420.3348693847656,417.28045654296875,408.58941650390625,403.09442138671875
sample_0e4c20e975f1c261,385.9839172363281,387.00640869140625,390.19622802734375,392.1636657714844,391.74957275390625,390.7822570800781,390.5962219238281,391.7486572265625,395.7632141113281,392.5440673828125,395.75616455078125,393.62091064453125
sample_b706c8e96defb97b,385.11041259765625,385.7301025390625,389.5640563964844,391.65509033203125,393.1621398925781,394.54150390625,394.787353515625,397.0495300292969,402.49444580078125,401.8043212890625,403.8018798828125,403.78857421875
sample_cc4f0ab6f18b4097,452.89202880859375,446.8978576660156,445.814697265625,439.3143615722656,439.7035827636719,438.41253662109375,436.7865905761719,438.2757263183594,438.56097412109375,438.8345642089844,444.02716064453125,442.67510986328125
sample_6331bef3578e0675,397.12969970703125,396.8714599609375,397.2983093261719,396.22076416015625,394.61578369140625,391.900390625,389.00732421875,388.9867858886719,392.53302001953125,389.991943359375,392.3509521484375,388.5007629394531
sample_3ae8f8e42cf71912,342.7159118652344,345.714111328125,352.9089050292969,358.6533508300781,361.8613586425781,366.4638977050781,370.156005859375,373.7436218261719,378.872802734375,379.27789306640625,384.1017761230469,384.383056640625
sample_5b26b7a2164d0cb1,328.79833984375,335.3279724121094,345.6111755371094,355.7795104980469,364.0829162597656,374.7652893066406,382.7339782714844,391.0419616699219,399.57208251953125,404.6098937988281,410.4091796875,415.0207214355469
sample_8aeee906f71aa239,362.1021728515625,372.3257751464844,384.37750244140625,387.98028564453125,393.08447265625,396.6667785644531,391.24139404296875,396.3775329589844,396.89654541015625,392.1148376464844,394.8438415527344,389.32818603515625
sample_70d246725b013aca,644.0308227539062,632.9381103515625,623.8836669921875,612.7837524414062,606.11962890625,587.65283203125,579.8010864257812,566.9095458984375,556.4259643554688,550.0603637695312,545.6008911132812,534.3726806640625
sample_e207a16e6cb91236,288.4716491699219,294.91546630859375,304.8887023925781,315.6387939453125,324.1264953613281,336.3853454589844,344.1356506347656,353.4656982421875,361.1208801269531,367.6375732421875,374.911865234375,381.7392272949219
sample_d763657068110ad2,409.84246826171875,411.0819091796875,413.63055419921875,413.7753601074219,412.3088684082031,409.2322692871094,406.9852294921875,404.7327575683594,409.1361083984375,403.3763732910156,406.79718017578125,401.5079040527344
sample_a7c5f608bf5bc500,365.2336120605469,366.45526123046875,370.216796875,373.8660888671875,375.5076599121094,377.70654296875,380.63543701171875,383.78594970703125,387.7975769042969,388.575439453125,392.33258056640625,393.57452392578125
sample_ae60fa23d89381e1,353.0355224609375,359.58880615234375,370.5702819824219,376.6641845703125,381.7514343261719,387.688720703125,389.5719299316406,396.08941650390625,401.5093078613281,400.99334716796875,404.56732177734375,403.54052734375
sample_846638c51b78c37d,350.0610656738281,349.2895812988281,350.0245056152344,350.21875,354.87457275390625,355.4985046386719,360.5543212890625,363.2147521972656,367.85675048828125,367.78057861328125,374.1552429199219,378.6471862792969
sample_fe0f3158229b6806,365.02667236328125,375.2284240722656,386.72320556640625,399.6327209472656,412.18536376953125,423.6466369628906,436.55029296875,448.0589599609375,454.92547607421875,460.654541015625,468.17333984375,470.9508972167969
sample_c2c0886f28038784,477.3463439941406,469.3755187988281,466.6338806152344,459.4046936035156,456.17742919921875,447.5439147949219,443.4515075683594,440.9875793457031,438.5611572265625,434.2137756347656,435.7727355957031,433.27947998046875
sample_b99539c9f6092fb5,543.6530151367188,533.7974853515625,524.4390258789062,512.998291015625,504.33148193359375,488.08203125,478.3198547363281,467.24853515625,458.07672119140625,451.6444091796875,445.1759948730469,438.2603454589844
sample_2f9e2f92590cab5c,510.5273132324219,508.5957946777344,509.08648681640625,505.5726013183594,511.409423828125,516.0679931640625,519.696533203125,523.0944213867188,528.6553344726562,532.9317626953125,536.2930297851562,541.161376953125
sample_c6bd8633573d47c6,402.2137145996094,401.4556884765625,401.4901123046875,402.0643615722656,398.76434326171875,398.90057373046875,396.64471435546875,399.395263671875,402.5832214355469,401.6021423339844,403.5303039550781,402.396240234375
sample_ceaf7ebdc9bba4c8,370.7862854003906,379.16619873046875,391.01568603515625,397.1367492675781,401.5588684082031,404.7810974121094,406.4771728515625,409.5165100097656,411.06683349609375,407.936279296875,412.8791809082031,408.1570739746094
sample_b90e0beee48c6877,320.66925048828125,342.5335388183594,365.24237060546875,384.0220642089844,401.94427490234375,418.6092224121094,430.51800537109375,446.09295654296875,450.05078125,456.521728515625,462.48516845703125,461.3057861328125
sample_bb2df402c2f7e14f,289.197021484375,293.92791748046875,302.158935546875,310.10009765625,318.0438537597656,327.1829833984375,333.1256103515625,341.3707580566406,348.6025695800781,354.4039001464844,360.2069091796875,367.3609619140625
sample_4c1b52c340b61631,390.2944030761719,392.2264099121094,396.6237487792969,398.6106262207031,398.16265869140625,399.4609375,398.76788330078125,399.8978271484375,404.6815490722656,401.46466064453125,404.117919921875,402.970947265625
sample_f8967b750469307f,590.917724609375,570.3427734375,552.115234375,533.1306762695312,521.71142578125,500.92425537109375,485.6729431152344,470.77728271484375,456.1141357421875,448.4342041015625,439.3562316894531,430.97137451171875
sample_8247ec8b46e206a8,645.19580078125,628.749267578125,615.3673706054688,600.7959594726562,591.2528076171875,571.5277709960938,559.541015625,545.9671630859375,533.34814453125,524.0298461914062,518.1495361328125,508.1739501953125
sample_ca6a5564662dd6d7,334.6430969238281,337.40618896484375,344.51275634765625,351.3142395019531,355.580078125,361.7453308105469,366.9454345703125,371.84869384765625,377.23828125,380.27081298828125,385.3226318359375,387.6548156738281
sample_09d110673ed80f2f,417.1219787597656,411.62689208984375,408.3564453125,404.1744384765625,399.45318603515625,397.3949279785156,393.40850830078125,392.1130065917969,392.8278503417969,392.1128845214844,393.47149658203125,392.7384033203125
sample_0243d76c6a744f42,451.794189453125,446.4903869628906,445.3151550292969,440.8857421875,437.7101745605469,435.6112976074219,432.22869873046875,433.0180969238281,433.1141357421875,431.780029296875,434.71929931640625,431.3326416015625
sample_f1061f0201130247,375.2654724121094,381.6142578125,391.84820556640625,396.03594970703125,399.50103759765625,403.0589599609375,401.828369140625,405.8622741699219,410.0842590332031,406.3055725097656,409.0209655761719,404.71942138671875
sample_2100610d3dd89668,678.63720703125,662.24169921875,652.2568359375,640.2684936523438,632.4044189453125,615.804931640625,604.930419921875,592.1095581054688,580.8143920898438,576.3067626953125,571.0576171875,558.2733154296875
sample_f6eccad76ce1944b,348.9809265136719,354.5284423828125,363.3330993652344,371.01824951171875,377.80059814453125,386.0018005371094,390.4603271484375,397.9910888671875,405.7522277832031,409.06427001953125,412.14154052734375,415.699951171875
sample_0d9a1b3737e0d86e,401.0642395019531,407.9189453125,415.45941162109375,417.94482421875,419.1254577636719,416.8200988769531,414.3623352050781,413.69952392578125,414.474853515625,407.923828125,412.35223388671875,405.664306640625
sample_b912017921550baa,404.5140380859375,402.6940612792969,402.4238586425781,403.5041198730469,400.9532470703125,400.26776123046875,399.3880615234375,400.43170166015625,404.6119079589844,404.797119140625,406.7795104980469,406.06939697265625
sample_542ce158e20808ea,440.0262756347656,434.67987060546875,429.4610290527344,423.778076171875,416.5905456542969,408.346923828125,401.07635498046875,396.04180908203125,394.0893859863281,390.43389892578125,386.5487976074219,383.7281799316406
sample_e15e96a57a3ff9ff,454.826416015625,457.489990234375,461.7690734863281,462.6220397949219,467.8940124511719,471.3028564453125,475.8461608886719,480.21649169921875,488.8359680175781,489.8447265625,491.3721008300781,498.2178039550781
sample_d32b04f694527985,365.09613037109375,362.766357421875,361.07928466796875,361.64739990234375,362.66204833984375,363.6039123535156,366.38531494140625,367.9736328125,372.87353515625,373.0923156738281,379.4920959472656,382.60009765625
sample_7a4a04deecd9088b,326.5158996582031,329.1025390625,334.5572509765625,338.4283752441406,346.313720703125,350.4414367675781,355.9425354003906,361.3910827636719,368.12225341796875,372.0213317871094,377.0085754394531,383.7096862792969
sample_747de5de33829521,274.3073425292969,282.15618896484375,293.4865417480469,305.0448303222656,314.59637451171875,327.41265869140625,335.4552001953125,345.9131774902344,352.3551025390625,359.2284240722656,366.3482360839844,373.01226806640625
sample_d2d6e505d718248c,476.7106018066406,481.86358642578125,485.62542724609375,487.17510986328125,484.7863464355469,482.6949462890625,475.0133361816406,471.7452697753906,472.4682312011719,466.4033508300781,465.02789306640625,457.4884033203125
sample_a3a0af45281d1afa,575.3175659179688,567.9747924804688,559.8920288085938,544.6446533203125,538.3771362304688,519.43212890625,507.61285400390625,493.807861328125,480.87713623046875,473.3446044921875,465.32000732421875,457.818115234375
sample_d20dfed4f5af6fbd,563.4912719726562,558.6867065429688,559.2872314453125,553.3563232421875,560.230224609375,559.6331176757812,560.0936889648438,562.5223388671875,565.0396728515625,568.7467041015625,574.1502685546875,573.9410400390625
sample_4ac69d944eca475b,528.8826904296875,512.3978271484375,497.75537109375,484.2411193847656,474.51434326171875,461.2718505859375,449.07659912109375,438.19427490234375,428.4348449707031,425.19598388671875,419.1123962402344,410.8317565917969
sample_a35efff938eaee6e,423.1650085449219,427.0859069824219,430.8730163574219,434.3494567871094,444.63250732421875,449.412841796875,458.9858703613281,467.885986328125,477.0733642578125,478.7559814453125,485.0585021972656,493.6463623046875
sample_2a2c170774d7ea24,355.77313232421875,366.37799072265625,378.4865417480469,394.5085144042969,412.1610412597656,430.1876220703125,449.77801513671875,465.842041015625,479.31353759765625,489.66949462890625,501.3014221191406,509.867431640625
sample_56f34e56e466aa68,509.40435791015625,494.39990234375,481.033447265625,467.2911071777344,458.5523681640625,443.80133056640625,432.30816650390625,422.6112060546875,413.6257019042969,407.44378662109375,403.13006591796875,396.2733154296875
sample_6b1cb26d6ca3a6db,448.93353271484375,475.37261962890625,499.0777587890625,514.784912109375,533.37158203125,543.47119140625,554.4093627929688,565.4217529296875,571.3436279296875,568.1787109375,569.2766723632812,562.8720092773438
sample_4f53e072a4510d9b,341.9574279785156,347.4013671875,356.45849609375,362.91943359375,368.2881774902344,372.9635314941406,378.65277099609375,382.6283874511719,385.89874267578125,385.6763000488281,391.4449768066406,391.4314270019531
sample_8fd0f91b8ced1086,366.587158203125,369.3558044433594,374.72137451171875,377.5122375488281,377.8040771484375,378.9770202636719,376.93670654296875,379.560546875,383.43585205078125,380.5460510253906,382.8899841308594,381.4548034667969
sample_9eaccb571e5d7e17,460.78399658203125,451.70184326171875,447.0500793457031,440.0321350097656,434.232666015625,430.15911865234375,422.8768005371094,422.0451965332031,418.7445068359375,418.2397766113281,416.2970275878906,412.2827453613281
sample_570d8c55aa265fcf,352.7618713378906,351.8984069824219,352.16314697265625,353.30120849609375,359.5022277832031,361.2062683105469,367.6673583984375,370.08001708984375,375.64849853515625,375.9334411621094,384.2309875488281,388.32403564453125
sample_db4dcc240c81758d,398.0355224609375,401.4226989746094,405.9856872558594,406.98358154296875,406.12286376953125,404.6104736328125,397.41632080078125,398.05120849609375,399.6490783691406,396.10693359375,394.9461975097656,391.5853576660156
sample_93e265b8b764d18f,521.977783203125,505.5663146972656,492.44989013671875,479.49755859375,470.6147155761719,457.6280517578125,447.76287841796875,438.5535888671875,428.9206848144531,425.64300537109375,421.73431396484375,412.9376220703125
sample_0b7b3a297527c94c,384.5299987792969,384.46392822265625,386.9319152832031,388.1876525878906,386.6158447265625,385.8075866699219,384.07061767578125,385.40936279296875,389.183837890625,387.4634704589844,388.6498107910156,386.8648986816406
sample_b5a4ee4cbb876664,449.3766174316406,444.659423828125,440.6421203613281,434.4482116699219,426.9473571777344,417.26910400390625,409.3929748535156,403.9197692871094,401.4386291503906,398.1097717285156,393.9259948730469,389.17364501953125
sample_32fc479af7767d77,354.9856262207031,357.2362060546875,362.331787109375,366.6106262207031,369.6132507324219,373.5994873046875,377.8364562988281,381.55377197265625,387.1624450683594,387.75286865234375,393.44366455078125,396.3017272949219
sample_4f53a0a1eaf66041,313.2646179199219,323.78863525390625,338.57196044921875,347.56817626953125,356.04852294921875,363.6466369628906,367.08843994140625,375.9572448730469,377.4635925292969,378.6618957519531,382.5231628417969,381.4700622558594
sample_9c857255e0ec2ee8,292.71966552734375,302.1517333984375,315.2232666015625,328.4593200683594,339.6602783203125,354.00286865234375,364.50567626953125,375.91656494140625,384.372314453125,391.9300537109375,399.78375244140625,405.8908386230469
sample_ec41413b558becf3,403.5426025390625,400.19482421875,398.6697692871094,395.88671875,393.54241943359375,390.6234436035156,388.8229675292969,390.44525146484375,390.3608093261719,389.7738037109375,389.865478515625,390.7709655761719
sample_2ba569e15b1c6d63,399.59246826171875,395.1320495605469,392.0512390136719,388.5139465332031,383.6037292480469,380.50311279296875,377.2649230957031,376.64862060546875,376.27252197265625,375.79046630859375,375.2259216308594,375.0153503417969
sample_36a8812fdb656d7d,580.9667358398438,569.4456787109375,554.2576293945312,536.0701293945312,522.8159790039062,502.5453796386719,486.0235595703125,470.8349304199219,456.95770263671875,452.1338195800781,438.06646728515625,430.1778564453125
sample_6e67cd2a6960bcae,361.91522216796875,362.9776306152344,367.45306396484375,370.7009582519531,371.7186584472656,374.3472595214844,376.21142578125,378.2554626464844,383.4483337402344,383.21063232421875,386.58123779296875,387.3953857421875
sample_0d67ffea7ad0fb8f,332.71435546875,335.6599426269531,341.8111572265625,347.0574035644531,352.573486328125,357.7070617675781,363.156005859375,368.2859802246094,374.6667175292969,377.34710693359375,383.2449035644531,387.321044921875
sample_71f841ba578d1bb4,314.3594055175781,316.8037414550781,323.7485046386719,329.9830017089844,336.94244384765625,343.7660217285156,351.35552978515625,356.41143798828125,362.9302062988281,367.54803466796875,373.73516845703125,379.14862060546875
sample_11968da05fc62b9a,560.3181762695312,566.11083984375,568.34765625,570.1420288085938,567.6550903320312,566.2322998046875,558.6158447265625,554.3418579101562,558.5302734375,553.9266967773438,548.0582275390625,544.326171875
sample_c6ef09f769356c6a,356.11181640625,358.8633728027344,365.4991149902344,370.61181640625,372.89227294921875,376.26025390625,379.34002685546875,382.30633544921875,387.0333557128906,385.75286865234375,390.47369384765625,389.7768859863281
sample_734b3366359f6335,449.95953369140625,444.1107482910156,441.6346435546875,437.3816833496094,433.7851867675781,427.1675720214844,422.2480773925781,419.9299621582031,419.2356872558594,415.87384033203125,416.6817321777344,413.1890563964844
sample_19ab971d1a58002b,454.1690979003906,447.43499755859375,444.7453918457031,439.57928466796875,435.6594543457031,432.50616455078125,425.9495849609375,427.3299560546875,424.8116149902344,423.6155700683594,422.7895202636719,420.4382629394531
sample_7cb019eb8b417e69,462.2055358886719,459.4882507324219,457.3184509277344,451.60272216796875,446.81488037109375,437.4301452636719,429.7293395996094,423.95367431640625,421.0155334472656,418.62603759765625,415.4277648925781,408.11163330078125
sample_3456b12d2bd29126,382.4437255859375,392.7652282714844,406.3772277832031,414.9560852050781,422.78546142578125,430.8357238769531,434.4552001953125,442.777587890625,448.2119445800781,447.9859924316406,450.04437255859375,447.5837097167969
sample_f481858ea68abb59,298.9792175292969,308.2452697753906,321.4599304199219,330.78997802734375,339.1848449707031,349.0168762207031,352.84844970703125,362.5877380371094,367.31390380859375,370.42962646484375,375.05584716796875,377.4661560058594
sample_05f46dd26f38855d,366.3135986328125,368.7485046386719,374.269287109375,379.3463134765625,382.9916076660156,388.1417236328125,393.7193908691406,397.84869384765625,404.4758605957031,406.0959167480469,412.0178527832031,414.3255920410156
sample_c9e55cf550cda899,423.6441650390625,418.37518310546875,416.037353515625,411.52203369140625,407.20989990234375,403.38702392578125,400.2384033203125,399.29608154296875,398.5263366699219,398.2047119140625,397.50152587890625,396.3504333496094
sample_fa4800c035e3541b,298.0069885253906,304.828125,314.6524353027344,326.88677978515625,337.32061767578125,350.4856262207031,360.5360412597656,371.48944091796875,379.40496826171875,387.7362060546875,395.98870849609375,403.3989562988281
sample_0980cbd484cbdf95,553.054443359375,538.70458984375,528.1453247070312,516.5571899414062,510.01666259765625,494.0195007324219,484.42138671875,476.0451354980469,467.5973815917969,459.778076171875,457.7634582519531,449.82073974609375
sample_b575b422531319f6,320.6348571777344,326.0146789550781,335.20794677734375,344.3984680175781,351.4757080078125,361.73004150390625,369.0392761230469,376.3063659667969,384.53961181640625,389.03118896484375,395.8111572265625,400.3034973144531
sample_8314e162236c2a02,345.66455078125,346.79693603515625,350.22869873046875,352.5720520019531,356.874755859375,357.9910583496094,362.6689147949219,366.1300354003906,370.5708923339844,371.83624267578125,376.1377868652344,380.02996826171875
sample_de3bb2184a4cc155,317.9200134277344,323.68182373046875,333.8474426269531,341.73797607421875,347.65106201171875,355.52337646484375,360.22747802734375,366.8419494628906,372.55267333984375,374.6604919433594,380.434814453125,382.6444091796875
sample_eeeb1af81a0ba24f,329.51483154296875,338.603271484375,351.82147216796875,359.0794677734375,365.5472412109375,371.428466796875,372.57354736328125,379.6216125488281,381.8910217285156,381.1041259765625,384.5426025390625,382.25836181640625
sample_3998a36776af3ef0,488.4395446777344,476.16058349609375,465.3959045410156,454.814453125,445.37957763671875,432.8893737792969,421.9737854003906,413.6485290527344,407.0333557128906,401.92864990234375,397.01434326171875,391.4262390136719
sample_2df4b60f9ada9aa4,402.85101318359375,398.91558837890625,396.370849609375,394.4236145019531,389.37921142578125,387.781494140625,385.9554138183594,385.023193359375,386.8060607910156,386.51129150390625,388.1006774902344,386.912353515625
sample_85c6a0c2443b2f8d,377.39947509765625,388.83953857421875,402.79461669921875,409.1963806152344,415.43572998046875,420.7196044921875,420.67962646484375,425.8521423339844,429.3833923339844,424.74017333984375,429.1353454589844,422.816162109375
sample_621385ed989c8a70,281.1237487792969,285.4967956542969,294.7074890136719,304.0424499511719,313.4255065917969,324.0480041503906,333.46746826171875,341.5843200683594,347.4897155761719,354.7867736816406,361.990478515625,369.3551330566406
sample_1019b876731b53aa,301.10101318359375,309.6933288574219,321.8064270019531,333.218994140625,342.9719543457031,355.0168762207031,362.8206481933594,373.23858642578125,379.79974365234375,385.1123046875,391.7793273925781,396.5687561035156
sample_1974ccd8b3f46e20,343.68475341796875,361.7838439941406,382.10150146484375,400.9447021484375,419.84185791015625,439.2828369140625,456.8052062988281,473.1573486328125,485.04425048828125,493.82489013671875,500.3049621582031,504.85382080078125
sample_62dbb658d7f036d0,347.62200927734375,349.32867431640625,354.2030334472656,358.1969299316406,362.2911376953125,365.822021484375,369.7052917480469,373.7503662109375,379.4661560058594,381.75286865234375,386.2042541503906,389.6632385253906
sample_2ec9cb1a0cc971f0,375.67449951171875,378.054931640625,383.18927001953125,387.7922668457031,392.7196960449219,397.2943115234375,403.67474365234375,408.299560546875,413.902099609375,415.7579650878906,421.2634582519531,423.5760803222656
sample_d2a572105e24d27c,531.5595092773438,516.1227416992188,503.0890197753906,489.09271240234375,479.87725830078125,464.2304992675781,452.43365478515625,443.47222900390625,433.5302734375,426.32427978515625,421.35797119140625,414.2759094238281
sample_56bf96d4fccfd420,379.2980041503906,380.281982421875,381.69158935546875,383.2554626464844,383.6979064941406,384.2840881347656,385.2586364746094,389.27069091796875,391.2851867675781,392.5401306152344,395.9220275878906,394.7571105957031
sample_e9779db2b9cb1ba0,345.76812744140625,350.8343200683594,359.8610534667969,367.44000244140625,372.5755615234375,378.0875244140625,383.1395263671875,388.79107666015625,392.4703063964844,392.8599853515625,398.3040771484375,398.0970153808594
sample_a0497dc262b62e13,355.9776916503906,362.87164306640625,373.58349609375,384.2012939453125,393.2958068847656,404.4935302734375,415.0897216796875,423.54705810546875,433.45703125,438.1089172363281,445.0611572265625,448.849609375
sample_150727db5a7bf26a,605.6018676757812,595.9656372070312,587.2313232421875,573.6268920898438,566.9447631835938,547.6115112304688,538.0604858398438,524.3468627929688,513.23291015625,505.9529724121094,499.5655822753906,490.486328125
sample_b8c87d1e3d09ce72,317.1315612792969,319.78973388671875,324.7690734863281,329.18060302734375,336.2199401855469,339.6663513183594,345.6524353027344,351.8893737792969,356.8250732421875,360.14959716796875,366.17333984375,373.0989685058594
sample_df108332752e7c09,445.5227355957031,437.9212646484375,435.14794921875,428.2397766113281,424.4714050292969,416.5074462890625,411.0093994140625,408.5096130371094,407.0578918457031,404.0733337402344,404.4432373046875,402.4169921875
sample_84a64d4af0f8b5dd,385.52020263671875,395.18731689453125,405.48602294921875,419.4411926269531,435.8472900390625,452.2587890625,470.2896423339844,484.8826904296875,499.437255859375,506.63165283203125,518.0752563476562,527.9869384765625
sample_0b910d5817053af3,367.48968505859375,369.1444091796875,373.16522216796875,375.64349365234375,375.70318603515625,376.7582092285156,374.9435729980469,377.58935546875,381.29705810546875,379.54266357421875,381.6598815917969,382.1646423339844
sample_1e135f30a2373c10,585.8826904296875,568.1825561523438,554.5886840820312,540.811279296875,533.3896484375,515.5022583007812,504.8269348144531,493.390869140625,481.8426818847656,475.3330078125,471.04705810546875,461.5025329589844
sample_b640d96a202fd590,316.77545166015625,320.6661682128906,327.6310729980469,333.81866455078125,339.093017578125,345.32891845703125,347.07513427734375,353.8453063964844,359.1113586425781,362.57061767578125,365.3257141113281,369.79296875
sample_b9402a372faf88fc,319.8996276855469,324.26904296875,331.9991760253906,340.7613830566406,347.68756103515625,355.2814636230469,362.99169921875,370.04193115234375,374.7609558105469,377.9569091796875,384.27935791015625,387.9781799316406
sample_06afafd18fdacc0f,405.9169921875,402.4945068359375,399.4193420410156,399.3246154785156,394.55126953125,394.52008056640625,394.1507568359375,393.53167724609375,396.9052734375,397.8291931152344,400.31170654296875,401.2597961425781
sample_0279f3f1d44023d0,408.2622985839844,403.3710632324219,400.2731018066406,396.0587158203125,392.10955810546875,390.6143798828125,388.0863952636719,386.7231750488281,388.0707702636719,387.0764465332031,389.2166442871094,389.5408630371094
sample_ac33ddca8822d6f3,363.5620422363281,373.9249267578125,385.000244140625,400.0286865234375,416.18536376953125,433.0204772949219,451.2618408203125,467.10302734375,479.23114013671875,488.5188903808594,500.1406555175781,509.2064208984375
sample_6253548d200ddba1,329.1512145996094,331.9950256347656,339.0611877441406,346.05780029296875,351.9363708496094,359.2748107910156,366.56060791015625,371.9300537109375,378.20245361328125,382.14593505859375,388.8667907714844,393.2596740722656
sample_ced4cc9d21eff55a,360.42999267578125,362.455810546875,366.760009765625,370.82867431640625,377.5818176269531,381.25604248046875,389.84906005859375,394.56396484375,400.9769287109375,403.0439147949219,409.6375732421875,415.1009216308594
sample_197c330b16a28d3f,324.57281494140625,332.7149963378906,342.3748779296875,355.4988708496094,368.79656982421875,381.85943603515625,395.7747497558594,407.7877502441406,415.0339660644531,422.7828369140625,431.52667236328125,437.44927978515625
sample_30ad68cdc7619d59,299.17022705078125,307.8192138671875,319.7229309082031,332.0536804199219,342.2344970703125,355.0916442871094,364.275390625,375.0386047363281,382.5415954589844,388.6356201171875,396.3296813964844,402.12005615234375
sample_2278bd6884ae5d17,582.774658203125,565.88818359375,550.8387451171875,533.7032470703125,523.3886108398438,502.82147216796875,488.7764587402344,476.29254150390625,463.6736145019531,453.75970458984375,445.9233703613281,439.84735107421875
sample_ffa8f2af12633766,253.71641540527344,267.79962158203125,283.82147216796875,303.57781982421875,321.288818359375,342.07867431640625,359.6486511230469,377.7301940917969,386.0834655761719,399.722900390625,410.251953125,419.63433837890625
sample_804448b765ab7342,360.68389892578125,373.9076232910156,390.3229675292969,400.1649169921875,409.7626953125,418.2702941894531,422.0677490234375,431.29962158203125,435.43310546875,434.8800354003906,438.3782958984375,435.18597412109375
sample_b189453e21607e02,355.6594543457031,359.3819885253906,365.9150695800781,372.3299865722656,382.60540771484375,390.38299560546875,400.0460510253906,407.76397705078125,416.9561462402344,421.2843933105469,428.2669677734375,436.6947326660156
sample_d1ba57a6fd2514a0,288.8546447753906,294.75555419921875,303.9024658203125,312.9275207519531,320.732177734375,331.3421936035156,336.59295654296875,345.4453430175781,353.3378601074219,358.95489501953125,364.08056640625,370.46875
sample_a58c3ef16b6bfcb8,483.90106201171875,501.5954284667969,517.0746459960938,524.6463012695312,532.1641235351562,536.0733032226562,536.1570434570312,539.1776123046875,540.1034545898438,534.0103149414062,534.8650512695312,526.9781494140625
sample_15cd0730725c79fb,426.4422302246094,426.5296325683594,426.82476806640625,424.3943176269531,420.415283203125,414.9908447265625,407.6334533691406,404.20965576171875,404.1672058105469,399.3570251464844,398.400146484375,392.97113037109375
sample_334391597dd65a0f,434.9065246582031,451.7556457519531,468.8797607421875,478.9189147949219,490.98980712890625,496.6951599121094,504.2340087890625,511.7369384765625,515.558837890625,512.19873046875,514.4913330078125,509.62689208984375
sample_251e4472a5ac11a0,321.0719299316406,330.6421203613281,343.7510986328125,356.8560791015625,368.18536376953125,382.0855407714844,393.3536682128906,404.6284484863281,413.81915283203125,420.9178771972656,428.64593505859375,433.1135559082031
sample_84e77298cad3cb83,285.5295715332031,290.7994079589844,299.92999267578125,309.2412109375,317.2881774902344,327.8954162597656,334.81610107421875,343.58770751953125,350.090576171875,356.48699951171875,362.67333984375,369.690185546875
sample_e8e1acb3aab29759,320.554931640625,323.92840576171875,330.80419921875,337.47088623046875,344.9678039550781,352.2462463378906,359.7433166503906,365.97076416015625,373.1460266113281,377.94134521484375,384.6927795410156,390.31195068359375
sample_60220e96eeb58dd8,616.8197021484375,604.1664428710938,587.9795532226562,567.8048095703125,554.4276733398438,532.0140991210938,514.5255126953125,497.3433837890625,481.0836181640625,475.13580322265625,460.37921142578125,452.9642333984375
sample_6bf7c18c5c5891c6,358.4475402832031,358.136474609375,359.28521728515625,360.35986328125,363.3149108886719,363.9388427734375,369.0439147949219,371.1935729980469,374.92535400390625,376.0868835449219,381.51898193359375,384.0787658691406
sample_91eac42d4094fae9,334.8451843261719,342.292724609375,352.43072509765625,364.14361572265625,373.6085205078125,384.6509704589844,395.0269775390625,405.06231689453125,410.7607421875,416.6929626464844,424.1150207519531,427.07232666015625
sample_6bfb8220ef73a96b,406.8616943359375,404.81072998046875,403.9794921875,401.64404296875,399.12152099609375,395.1705322265625,391.5789489746094,392.699462890625,393.3916931152344,391.8404846191406,390.8758544921875,389.7854919433594
sample_0f2d313be17c7615,356.8821105957031,358.1316833496094,363.4152526855469,367.197509765625,368.4505310058594,370.29254150390625,372.1459655761719,374.0791931152344,379.0052490234375,378.3553161621094,381.1035461425781,380.908935546875
sample_911e74d27a0cf7bc,292.27874755859375,298.87042236328125,309.5281982421875,317.5400085449219,324.61407470703125,332.954345703125,336.59295654296875,345.0182189941406,350.1947326660156,353.23577880859375,357.8835754394531,362.02978515625
sample_bfc81ce3c4c07bf8,729.4266357421875,711.9583740234375,698.6726684570312,684.638671875,675.315185546875,655.9490356445312,643.2020874023438,629.5433959960938,615.7537841796875,607.1580810546875,602.3950805664062,590.3980102539062
sample_7ef7f9663bf41ab8,372.29864501953125,376.3267517089844,383.6943664550781,386.49688720703125,387.5364990234375,389.4176940917969,386.0177307128906,388.91986083984375,392.6722412109375,389.2781677246094,390.7128601074219,387.9525451660156
sample_f130c8746b7f77c9,370.2234191894531,372.1420593261719,376.2878723144531,380.1717224121094,386.0567321777344,389.37762451171875,395.98150634765625,399.8385314941406,406.98345947265625,409.00238037109375,413.7069091796875,419.2429504394531
sample_7882b101ad622b76,334.0252990722656,339.7958068847656,350.02813720703125,357.0520935058594,362.2197570800781,369.22125244140625,372.5049743652344,378.7572021484375,384.2099609375,385.0331726074219,389.99224853515625,390.5379333496094
sample_d1458b85f457d0a6,460.5679626464844,452.2816467285156,448.1615905761719,442.0329284667969,436.7709655761719,430.2259826660156,423.5100402832031,421.6112976074219,418.19134521484375,416.3697509765625,413.7581481933594,410.17169189453125
sample_e13c5f6597b6b5f7,331.2831115722656,336.70965576171875,346.0276184082031,353.3158264160156,360.025634765625,368.0638122558594,373.4422302246094,380.1809387207031,388.0016784667969,390.9082946777344,395.7581481933594,398.8103332519531
sample_61dccea706c2e674,348.0374755859375,352.21722412109375,360.33282470703125,366.7613830566406,370.9870910644531,377.54046630859375,382.2969970703125,386.8825988769531,394.0755310058594,394.7283020019531,400.7952575683594,401.7916564941406
sample_859e5734fb3e4fe8,320.4353942871094,332.27691650390625,347.37750244140625,359.90765380859375,371.0870666503906,382.0715026855469,390.41510009765625,401.1877746582031,404.1749267578125,408.8226623535156,415.0178527832031,414.7320556640625
sample_c54e969f773d4ea5,440.1209716796875,430.93017578125,425.577392578125,418.47772216796875,414.50738525390625,409.6582336425781,405.8140563964844,403.57061767578125,400.64471435546875,401.1756286621094,402.6349182128906,400.3066101074219
sample_03cd9251d1cc2afd,657.6583251953125,638.1804809570312,621.3659057617188,604.6362915039062,592.6876220703125,572.116943359375,556.7247314453125,543.2247314453125,528.495849609375,518.5692749023438,509.8226623535156,499.74603271484375
sample_eaa4cdb9bdfd5803,448.79693603515625,440.3094787597656,434.4111022949219,426.907958984375,420.4698486328125,413.0539855957031,406.4582824707031,402.7841796875,399.3606262207031,396.0753173828125,394.2201843261719,391.17755126953125
sample_a4ec2d60803a0ac4,420.0357360839844,416.9484558105469,416.5868225097656,414.44940185546875,410.877197265625,408.4136962890625,405.9317932128906,406.79779052734375,407.4188232421875,406.7755126953125,406.7784729003906,406.6176452636719
sample_9826113cd571b986,339.12548828125,347.1623840332031,359.3342590332031,369.65692138671875,378.2091369628906,388.2965393066406,395.84844970703125,404.78094482421875,411.36163330078125,415.1453552246094,420.9657287597656,422.96453857421875
sample_9453a95778aa29ed,547.3701782226562,529.96728515625,515.1161499023438,499.6451416015625,490.65118408203125,472.8804016113281,460.9537048339844,449.36712646484375,438.15728759765625,430.8461608886719,425.53289794921875,417.1739501953125
sample_dc4300f0cb3c2e75,369.32470703125,368.15838623046875,368.16339111328125,368.1360778808594,369.8154602050781,368.9908447265625,371.66156005859375,373.4798889160156,376.5240173339844,376.21728515625,381.10504150390625,382.8575134277344
sample_109e8c2c7f1d5cae,394.7341613769531,404.66375732421875,414.4305725097656,427.5899963378906,443.8472900390625,458.27459716796875,476.2812194824219,490.5572509765625,503.5457458496094,510.68023681640625,521.2254638671875,528.8804321289062
sample_18bf80f6230f4bb1,392.5401306152344,391.0612487792969,390.2052001953125,389.276611328125,385.6606750488281,383.3510437011719,381.0044250488281,381.58251953125,383.0586853027344,381.2979736328125,382.0961608886719,379.7690124511719
sample_2a9374eab0d0cc99,282.853515625,290.0815734863281,301.23651123046875,311.14361572265625,319.8583984375,331.11358642578125,337.87628173828125,346.9843444824219,353.8692626953125,359.37762451171875,365.6185607910156,371.9070739746094
sample_a06c4e99f33f21f7,438.8025207519531,434.44122314453125,432.66949462890625,429.382080078125,425.6417541503906,423.967529296875,420.57183837890625,419.58758544921875,420.98504638671875,420.1586608886719,421.58148193359375,420.4278564453125
sample_c51939035f260156,438.6026611328125,432.9262390136719,430.0513610839844,426.23309326171875,420.3786926269531,414.9815368652344,409.64556884765625,407.26556396484375,407.8094482421875,404.49774169921875,402.9573669433594,400.384033203125
sample_9c5352b85a8539e7,399.12322998046875,397.17645263671875,396.7502746582031,395.70623779296875,392.61846923828125,391.5291748046875,387.51348876953125,389.5435485839844,391.6240234375,390.2281799316406,391.4671936035156,390.2181701660156
sample_4d0e69f1ab5d24e3,435.4256591796875,430.5507507324219,427.2462158203125,421.9607238769531,415.2788391113281,407.2247314453125,399.76263427734375,395.0011291503906,393.75201416015625,391.19287109375,387.661865234375,384.1961975097656
sample_8b6f360ca56958aa,357.9967346191406,363.81060791015625,373.3338623046875,378.3412170410156,381.7818298339844,386.07476806640625,385.8018493652344,391.02838134765625,395.7078857421875,393.3332824707031,396.796142578125,394.4663391113281
sample_6869f897aa9809bb,342.2812805175781,348.969970703125,358.87457275390625,370.39886474609375,382.5456848144531,395.609619140625,407.5444641113281,418.9572448730469,429.19451904296875,437.7794189453125,444.976318359375,451.67462158203125
sample_be3bb454231fa5ee,548.8135986328125,542.4669799804688,539.6759033203125,534.4801025390625,532.497314453125,526.9481201171875,523.3596801757812,519.0316772460938,519.038330078125,517.4977416992188,521.2651977539062,515.4660034179688
sample_797cd1af237cceae,417.624267578125,411.26239013671875,407.50897216796875,403.6038818359375,398.69036865234375,397.44415283203125,393.22576904296875,393.70623779296875,392.6553955078125,394.59466552734375,395.8995056152344,392.9888916015625
sample_9c906d803710808f,613.6028442382812,593.6007080078125,576.671142578125,558.70166015625,548.2872314453125,526.8926391601562,512.939453125,498.66204833984375,484.2008361816406,475.21746826171875,468.2537536621094,458.96746826171875
sample_c7b70c3db65366a6,312.9634704589844,317.1171569824219,325.0755920410156,333.38116455078125,339.2998046875,347.7234191894531,353.6485595703125,360.0758361816406,366.8130187988281,370.8529052734375,377.17156982421875,381.311279296875
sample_a133f80806c2a724,280.3298034667969,285.556884765625,294.2979736328125,303.1004943847656,311.5005187988281,321.9033203125,327.9862060546875,336.92669677734375,344.3921203613281,351.01904296875,356.9728088378906,364.57916259765625
sample_c4dfd823d5064503,302.61810302734375,321.1723937988281,340.1836853027344,365.1011657714844,389.9173889160156,416.5344543457031,441.1221923828125,464.93023681640625,479.18505859375,495.76361083984375,507.82794189453125,520.0447387695312
sample_d66ceda0092f6774,301.8406066894531,308.77777099609375,319.0141296386719,328.705322265625,336.72052001953125,346.9719543457031,352.9486999511719,361.713134765625,368.12957763671875,372.3465576171875,378.52935791015625,383.0233154296875
sample_4affffe4eea1824c,439.23272705078125,429.7510070800781,423.9663391113281,416.36199951171875,410.29449462890625,406.4181213378906,399.9311218261719,398.7706298828125,394.5037536621094,395.8221435546875,394.3570861816406,389.8398742675781
sample_dbf93c8a5d6da83c,321.9020080566406,331.55474853515625,344.6676330566406,358.3601379394531,370.93548583984375,385.7803649902344,398.076171875,410.14031982421875,421.0577392578125,429.20892333984375,436.0346374511719,442.6642150878906
sample_b5a022ab6be942f1,373.4463195800781,375.88470458984375,381.51983642578125,384.54510498046875,385.8040771484375,388.0621337890625,387.4137268066406,390.562255859375,394.95318603515625,393.16033935546875,396.46728515625,395.8811950683594
sample_27618fc5a40b7606,374.5733642578125,376.4160461425781,381.1684265136719,385.4781799316406,387.51287841796875,391.1812744140625,394.4891052246094,397.6741027832031,403.7449035644531,404.4253845214844,408.3782958984375,409.88922119140625
sample_dbcf0185e889ba21,441.58795166015625,460.0754699707031,477.6020812988281,488.9689025878906,501.9153137207031,510.93707275390625,520.6693115234375,529.98779296875,539.224609375,536.7842407226562,539.03466796875,535.8927612304688
sample_b6bf9e0340198802,460.9266357421875,463.802001953125,465.20794677734375,464.12371826171875,461.7285461425781,456.1439514160156,447.56536865234375,442.2859191894531,441.9168395996094,435.4539489746094,432.9774475097656,426.6486511230469
sample_bb65436d178777b5,340.4371032714844,347.4674072265625,358.0143737792969,366.3500671386719,373.4579772949219,381.9464416503906,386.0657958984375,394.0622863769531,400.4897155761719,403.15948486328125,406.69189453125,408.9194030761719
sample_239a5fadd96bbe71,431.32586669921875,431.3537292480469,433.1304931640625,431.0971374511719,429.448974609375,424.5782775878906,419.41741943359375,415.25457763671875,417.69232177734375,413.6766052246094,413.1873779296875,408.6031188964844
sample_390c86a33bee1738,480.1325988769531,493.30859375,506.32232666015625,514.8826904296875,523.52392578125,531.6229248046875,535.5250854492188,544.279296875,550.8452758789062,549.6409912109375,548.6008911132812,544.8599853515625
sample_47d34b297cccedba,358.5168151855469,360.67388916015625,366.06787109375,370.8172912597656,374.654052734375,378.99462890625,383.9564514160156,388.0215759277344,393.083251953125,394.2485046386719,398.68304443359375,400.9957275390625
sample_f3ccd3a6150fa80a,695.495849609375,676.6983642578125,661.949951171875,645.3564453125,635.9765625,613.3175048828125,600.3831787109375,585.153564453125,570.0814208984375,560.0162963867188,553.444580078125,543.740234375
sample_9110492f595dfeba,682.6163330078125,670.2964477539062,661.3556518554688,648.08056640625,643.3193359375,622.8911743164062,614.650390625,599.692626953125,588.5409545898438,582.0413818359375,577.2722778320312,566.0441284179688
sample_664b714b1a605bb7,331.3398742675781,338.668212890625,349.1524963378906,361.3992614746094,374.47119140625,388.41265869140625,400.8290710449219,412.9877624511719,423.3832092285156,432.91448974609375,440.3349914550781,448.003173828125
sample_3d22922eafa42546,515.11767578125,509.9324035644531,501.9237976074219,488.4639587402344,480.59661865234375,464.8728332519531,451.6827392578125,439.4010925292969,429.20458984375,420.9111328125,412.2113342285156,405.31195068359375
sample_bc77dbab4de353e7,397.06939697265625,395.18829345703125,393.89227294921875,392.39154052734375,391.10882568359375,389.131591796875,388.20526123046875,390.59356689453125,391.9919738769531,391.2030334472656,392.6257629394531,394.0767517089844
sample_ef3b6aca293eb28e,584.377197265625,581.0167236328125,576.4024658203125,566.0284423828125,564.2279663085938,549.2392578125,538.7752685546875,525.1163940429688,518.3519287109375,508.83966064453125,504.10089111328125,493.6856689453125
sample_798cfb538576ce38,345.6591491699219,352.1224670410156,361.832763671875,372.86138916015625,385.12042236328125,398.7002258300781,410.6072082519531,422.0555419921875,432.69561767578125,440.5316162109375,448.65301513671875,456.50738525390625
sample_c4cd2ced92f7f90e,469.6038818359375,458.1798095703125,449.7016296386719,439.5337829589844,433.10540771484375,422.5446472167969,415.1051025390625,409.1299133300781,403.6037292480469,399.6424255371094,398.1742248535156,393.3583984375
sample_e7106f18e5c11df1,337.8241882324219,340.8633728027344,348.3603515625,354.6122131347656,358.5679016113281,363.28271484375,367.7222900390625,371.80462646484375,376.417236328125,377.0334777832031,381.9577941894531,382.65869140625
sample_7ef224526bf518c5,416.34173583984375,411.7462158203125,408.7593994140625,407.2826843261719,402.5413818359375,401.99609375,400.4644775390625,399.37066650390625,401.843505859375,402.81109619140625,405.161865234375,404.60504150390625
sample_18b02b74477118a3,498.6912841796875,489.8913269042969,481.36956787109375,470.32891845703125,461.5190124511719,447.686279296875,437.1943664550781,428.8044738769531,423.05926513671875,416.8591613769531,410.69012451171875,407.1415100097656
sample_7c8839861d4e4cc8,711.6390991210938,695.00927734375,681.9232177734375,666.1846313476562,657.4656982421875,635.7758178710938,624.255126953125,608.1637573242188,593.6561889648438,584.0784301757812,578.37744140625,568.6207275390625
sample_478bbff230ccf4fa,417.86444091796875,413.44000244140625,411.00994873046875,407.9278564453125,403.5137634277344,400.5748291015625,395.4295349121094,395.0689392089844,394.6922302246094,394.130126953125,393.3005676269531,391.6538391113281
sample_789d3c6b2392a95e,549.7672119140625,532.7733154296875,519.9495849609375,505.4306335449219,497.76422119140625,481.59283447265625,471.91619873046875,463.9976501464844,452.833984375,447.22027587890625,444.19012451171875,437.27459716796875
sample_d2f1288a8122ea78,344.0215759277344,346.99334716796875,354.3604736328125,359.8436584472656,362.5177307128906,366.1745300292969,368.9509582519531,372.6046142578125,376.47802734375,376.08038330078125,380.27581787109375,379.6361389160156
sample_b8d86a2080b16be4,454.77752685546875,445.5632629394531,438.3135986328125,430.2793273925781,423.9569396972656,414.5895690917969,407.1917724609375,401.52313232421875,397.97674560546875,393.9125671386719,392.083251953125,387.9613037109375
sample_b87214d7e8a22189,403.45465087890625,404.3783264160156,406.456787109375,406.1138610839844,403.6576232910156,400.9186706542969,395.2054748535156,394.11602783203125,396.8077392578125,392.9992980957031,392.6972961425781,389.2099304199219
sample_1c080fe168a0e4e8,354.5047912597656,356.9631652832031,362.4917907714844,366.1563720703125,368.38214111328125,371.5375061035156,374.16278076171875,377.59613037109375,382.96722412109375,382.06146240234375,387.0249328613281,389.1661682128906
sample_4db9fdbdb7bf0120,296.3989562988281,301.51898193359375,309.9855651855469,318.0013122558594,326.0692138671875,334.7331237792969,340.531494140625,348.3199157714844,355.75006103515625,360.55987548828125,366.04522705078125,372.02850341796875
sample_d3882f5ed3c7a380,302.3765869140625,313.16033935546875,326.9454345703125,343.20367431640625,358.56146240234375,376.7505187988281,391.7249755859375,406.899658203125,418.923095703125,429.7181091308594,438.4039001464844,447.871337890625
sample_5c7a74e8423d1a7b,594.5338134765625,586.535400390625,585.0507202148438,576.7849731445312,578.7283935546875,570.1864624023438,566.6106567382812,562.7095947265625,560.1760864257812,558.28466796875,561.36767578125,557.1638793945312
sample_9a438276ea212f12,422.3907165527344,416.684326171875,411.8426208496094,407.15789794921875,401.14044189453125,395.227783203125,389.5575866699219,386.2384338378906,385.3257751464844,383.336669921875,380.3323669433594,378.4996337890625
sample_c6d69ffc1dc2d77d,430.1652526855469,432.1733703613281,433.65252685546875,435.1201171875,440.21978759765625,442.26763916015625,447.81396484375,453.882568359375,456.9803161621094,458.8769226074219,464.7347412109375,466.2791442871094
sample_9fee11827162ea97,375.0440673828125,373.87200927734375,372.9898986816406,372.739501953125,369.9874572753906,368.4850769042969,367.83154296875,369.0138854980469,370.96673583984375,370.19256591796875,372.4483642578125,371.9748229980469
sample_a8a1fef0424c48fc,394.3087158203125,394.86248779296875,397.2412414550781,397.5267639160156,395.5699157714844,395.31768798828125,388.7745361328125,391.12322998046875,393.246337890625,390.59735107421875,390.4646301269531,387.8277893066406
sample_335fb43d71d10ee0,367.5849304199219,374.3563537597656,384.9731140136719,390.8294982910156,395.6014099121094,400.779296875,401.2510986328125,408.09619140625,412.3162841796875,411.3019104003906,414.175537109375,411.8775329589844
sample_ceeb589807241a31,414.2163391113281,414.79248046875,416.60040283203125,417.3054504394531,416.6379089355469,415.31396484375,414.3541259765625,415.3770446777344,419.1754150390625,415.97930908203125,419.4617614746094,415.4172668457031
sample_45943cf610962fb8,330.866455078125,339.25421142578125,350.84783935546875,362.2351379394531,372.6217041015625,384.5700988769531,393.1958312988281,403.81146240234375,412.3962707519531,418.86785888671875,423.91094970703125,428.845703125
sample_fbf3e3174f68e8bf,307.4562072753906,311.9498596191406,319.4295349121094,327.89324951171875,335.599853515625,344.46746826171875,351.2776184082031,358.947021484375,365.85638427734375,371.8961486816406,378.5063781738281,384.08465576171875
sample_7b74aea2c91a0e09,538.2705078125,529.5904541015625,523.63427734375,515.3885498046875,509.3898010253906,496.37677001953125,488.6814270019531,479.9434814453125,473.77716064453125,469.652587890625,464.5805969238281,455.1892395019531
sample_43ee15f465b26dc5,363.95233154296875,366.9261474609375,373.19378662109375,375.95880126953125,377.1763610839844,378.8499450683594,377.2394104003906,380.3571472167969,384.1153259277344,381.7834167480469,384.3760681152344,383.1739501953125
sample_f28303fac78e4c06,285.04022216796875,291.2118835449219,301.11083984375,311.3658142089844,320.3388671875,332.4345703125,339.9752197265625,349.3741760253906,357.6219482421875,364.8455505371094,371.4268798828125,378.7392272949219
sample_8d7517fca51b1f97,369.6307373046875,370.46661376953125,372.8971862792969,374.27032470703125,375.3491516113281,374.8678283691406,376.8584289550781,379.08935546875,383.04791259765625,381.29315185546875,383.8981628417969,388.0806884765625
sample_164f01adb806cecc,315.2279052734375,321.54974365234375,331.72216796875,342.00250244140625,350.22027587890625,361.59991455078125,370.00177001953125,378.6114501953125,386.57208251953125,392.2337951660156,398.91802978515625,403.686279296875
sample_e032c7598227ac7a,415.25311279296875,410.8229064941406,407.66229248046875,404.1998291015625,399.1723937988281,397.1231689453125,393.0194396972656,391.8418273925781,392.7464904785156,391.84246826171875,392.4653015136719,391.26519775390625
sample_5e0c36e3da4808c0,373.2151794433594,374.2208251953125,378.0606689453125,381.1636657714844,381.7012939453125,383.6111145019531,385.63818359375,387.4757995605469,392.73956298828125,391.66302490234375,395.6951904296875,396.86859130859375
sample_040df60b19cb2272,688.1137084960938,675.3538818359375,665.9808959960938,651.9732666015625,646.206787109375,625.8084716796875,616.8023681640625,600.4620971679688,588.6971435546875,583.32568359375,575.3685913085938,563.1590576171875
sample_ba96af62ea1e7db1,309.5959777832031,319.24322509765625,332.54315185546875,344.575439453125,354.8229675292969,366.1013488769531,375.06903076171875,385.50299072265625,389.24224853515625,394.90771484375,401.44366455078125,402.9018859863281
sample_79d6c727047ce1fa,356.1952209472656,361.009033203125,370.36138916015625,375.22509765625,378.3439025878906,382.55322265625,382.14630126953125,387.0385437011719,390.44219970703125,389.1097717285156,392.212646484375,389.94085693359375
sample_dba7ec681cd3fabb,336.5074768066406,341.16925048828125,348.9161071777344,355.7613830566406,360.9059753417969,368.17327880859375,370.6275329589844,377.0927734375,383.6742248535156,386.2239074707031,389.60662841796875,392.70709228515625
sample_907748dfb1f69475,604.52587890625,602.844970703125,600.16162109375,594.4113159179688,593.2432861328125,582.9321899414062,574.2288818359375,561.2045288085938,560.8777465820312,553.6658935546875,547.7572631835938,539.1135864257812
sample_ef7df879292c0268,452.49127197265625,442.4844970703125,435.53558349609375,426.5845947265625,420.5565185546875,412.55615234375,405.07598876953125,401.4722900390625,396.97674560546875,394.31634521484375,391.40655517578125,387.12786865234375
sample_56269458394107ae,372.8794860839844,372.3298034667969,373.3636169433594,372.7318420410156,371.8351745605469,371.1198425292969,368.9599609375,371.026611328125,373.4095458984375,371.2479553222656,374.8282165527344,374.0600891113281
sample_69884dc7765284e0,478.12322998046875,470.1427307128906,464.1064147949219,456.7522888183594,448.6645202636719,438.28619384765625,429.9938659667969,421.5129699707031,419.1675720214844,416.5277099609375,410.6459655761719,408.014892578125
sample_a5f69a3162d33da7,358.26361083984375,363.87664794921875,373.8201599121094,378.5646057128906,381.2319030761719,384.3100280761719,383.4852294921875,387.7266845703125,390.6168212890625,387.3680419921875,391.1349182128906,386.9705505371094
sample_7178f73027a476a5,388.2598571777344,391.8150634765625,398.23583984375,400.8436584472656,401.773681640625,401.7903747558594,402.9549865722656,401.4910583496094,405.31707763671875,401.1448059082031,405.9315185546875,401.8428039550781
sample_06ada1f28ece4e45,413.95880126953125,426.5203857421875,438.3763122558594,452.269775390625,467.71148681640625,482.4022216796875,499.47528076171875,512.2928466796875,528.0228881835938,532.791015625,539.8597412109375,546.2116088867188
sample_76de7bda5cade58c,605.1245727539062,584.0869140625,564.78173828125,544.6177978515625,532.3358764648438,510.7078857421875,494.138671875,478.2281188964844,463.0295715332031,454.94732666015625,444.5187683105469,436.53240966796875
sample_d6e37be6ab34ebfd,432.2844543457031,438.0860290527344,445.6940002441406,453.7783203125,460.2065734863281,468.8857116699219,475.754638671875,482.3707580566406,493.6936340332031,494.5200500488281,497.7042541503906,498.92266845703125
sample_5d87e0b44fa40a3a,289.3563232421875,298.4075927734375,310.8343200683594,322.673828125,332.7347717285156,345.57977294921875,353.4092712402344,364.3233337402344,370.9927978515625,376.69976806640625,383.9825134277344,389.3989562988281
sample_7393a2e29850a8eb,352.4447937011719,353.0080871582031,355.2895202636719,357.14697265625,359.6341857910156,359.8368225097656,363.31451416015625,365.5308837890625,368.92724609375,370.6864929199219,374.46197509765625,376.91156005859375
sample_67d199ebb06db76a,308.21337890625,313.5956726074219,322.4857482910156,331.48114013671875,338.1568908691406,347.5932922363281,353.71844482421875,361.07586669921875,367.8975524902344,371.7678527832031,378.2846374511719,382.47332763671875
sample_2111f59993005dda,467.31402587890625,457.57391357421875,448.0216369628906,438.3612060546875,430.36846923828125,419.3142395019531,408.8819580078125,402.0858459472656,397.45404052734375,392.1346435546875,386.138916015625,383.0278625488281
sample_6195dbc8f619a2b2,354.4106140136719,354.05059814453125,355.1203918457031,356.0294189453125,357.82220458984375,357.75848388671875,361.1121826171875,362.8626403808594,366.0089111328125,367.3564453125,371.9318542480469,373.5684509277344
sample_7e8e5b411991862d,630.091796875,617.8528442382812,601.0076293945312,579.003173828125,564.5275268554688,541.1953125,521.9549560546875,503.5976257324219,485.3982238769531,479.3768310546875,462.86505126953125,456.0804443359375
sample_f3ce75e9b512a913,412.22332763671875,412.3795166015625,413.6092224121094,413.1050109863281,410.6676330566406,407.6297912597656,404.218017578125,402.2918701171875,407.0041809082031,402.1479187011719,404.5631408691406,399.5638732910156
sample_e81ea58e84ba69a8,644.9085083007812,655.5252685546875,655.54443359375,650.6649780273438,650.1949462890625,634.1575317382812,616.9141235351562,609.3804321289062,594.3402099609375,579.877197265625,573.583251953125,561.3079223632812
sample_1393fb08b90bee8d,527.6094970703125,517.7744140625,512.7582397460938,506.4204406738281,500.2387390136719,491.7646179199219,485.54754638671875,482.401123046875,478.5601806640625,474.2434387207031,473.92071533203125,467.3460388183594
sample_c385f1af4b396510,389.09527587890625,386.76190185546875,386.02423095703125,385.1272277832031,383.3057556152344,381.5243225097656,381.33221435546875,384.0291442871094,385.4388122558594,384.7887878417969,386.3636169433594,388.0234069824219
sample_35e58fbe4fcafe85,375.15301513671875,399.147705078125,422.0755310058594,444.53497314453125,468.870849609375,489.341064453125,512.3511962890625,531.4285888671875,542.0765380859375,551.748046875,558.4215698242188,561.611572265625
sample_0df5487b2985509e,431.89202880859375,425.4714660644531,422.272705078125,417.78533935546875,415.49676513671875,412.5760803222656,411.5019836425781,409.6824951171875,410.22698974609375,410.2047119140625,413.65081787109375,412.6531982421875
sample_a4142e573c4ac413,377.6722717285156,379.1710510253906,383.83197021484375,386.79248046875,386.6502380371094,388.432373046875,385.54608154296875,388.72833251953125,392.3822021484375,391.21942138671875,392.8184509277344,391.5261535644531
sample_796f982d383b1273,439.9658508300781,431.0047912597656,425.53570556640625,418.9902038574219,415.3700256347656,410.00958251953125,407.37615966796875,403.9739990234375,401.1935119628906,401.6175537109375,404.2245788574219,402.0554504394531
sample_49bc6a92268fec3e,349.0220642089844,355.19024658203125,364.76422119140625,371.42388916015625,376.65716552734375,383.18780517578125,384.5369873046875,391.4317626953125,396.7652893066406,397.5375671386719,400.1963195800781,400.8742980957031
sample_d78603a8beadfb2a,326.4029235839844,332.20208740234375,342.3473815917969,351.0520935058594,357.7012634277344,365.63946533203125,372.4855651855469,379.5910949707031,384.1470031738281,386.8320007324219,392.8297119140625,394.3093566894531
sample_0e56778c1736d9d1,368.0914306640625,368.8023376464844,371.12451171875,372.3734436035156,373.8428039550781,373.21417236328125,375.8807373046875,378.1427307128906,382.0728454589844,380.6506042480469,383.4639892578125,387.8440856933594
sample_e2511529f3bd3fbf,364.7428894042969,365.8364562988281,369.61627197265625,372.4075012207031,373.44671630859375,374.104736328125,374.5181884765625,377.30120849609375,380.8084716796875,380.453369140625,383.1790771484375,384.8983154296875
sample_76137ee4433e07ed,359.2213134765625,360.71685791015625,363.9234924316406,367.005615234375,373.451416015625,376.8742980957031,385.68719482421875,390.0791931152344,395.2145080566406,397.3507995605469,404.4105224609375,410.4372863769531
sample_95e86b1a6925005f,345.8183288574219,346.695068359375,351.6890869140625,353.7584228515625,360.12237548828125,361.248779296875,363.8446960449219,368.4164733886719,372.3647766113281,375.697509765625,376.6870422363281,380.1403503417969
sample_d0fdbfc6fa7b131e,453.0406799316406,444.5206298828125,441.0640869140625,432.9825439453125,429.5580749511719,421.7950134277344,416.94793701171875,414.87908935546875,411.8941650390625,409.342041015625,410.61724853515625,409.3078918457031
sample_e48f82532dddbaf4,460.0794677734375,451.2327880859375,445.7304382324219,437.916015625,432.1697998046875,423.9378967285156,418.19049072265625,415.06890869140625,411.2109375,407.1914367675781,405.8968505859375,403.2330627441406
sample_f24a17fa18bbd970,385.9406433105469,389.7008056640625,394.953125,400.89166259765625,409.173583984375,415.48455810546875,425.49365234375,432.0927734375,440.42041015625,443.4855651855469,450.39947509765625,456.8677978515625
sample_3610bfe90d518518,350.2811279296875,357.9426574707031,370.2095031738281,378.62384033203125,385.44635009765625,393.2868347167969,398.64471435546875,405.7606201171875,411.2315368652344,412.9670715332031,417.89508056640625,417.0853271484375
sample_c29a9c4838f43cee,360.7242431640625,362.6394958496094,368.79071044921875,372.5535583496094,373.67608642578125,375.5788269042969,376.62298583984375,378.6537780761719,383.0258483886719,381.0312194824219,384.2486572265625,382.4786682128906
sample_b602a8863c9de440,431.21484375,426.67779541015625,425.3711242675781,421.6137390136719,417.42938232421875,413.5207214355469,409.741943359375,409.2825012207031,409.44061279296875,407.74017333984375,406.7347412109375,406.20904541015625
sample_f1aa033fe9f4db22,315.703125,326.06817626953125,340.8492431640625,352.179443359375,362.34857177734375,373.5323486328125,381.21136474609375,391.1165771484375,396.88427734375,400.9873962402344,407.3296813964844,408.90057373046875
sample_89f821191d3f8777,354.71331787109375,362.950927734375,374.9599914550781,381.3762512207031,386.0337829589844,391.3105773925781,391.5664367675781,397.3639831542969,401.2554931640625,398.4734191894531,402.72900390625,398.98663330078125
sample_a0dcddb46a8ab3d0,316.2406005859375,320.6235046386719,329.2424011230469,337.91864013671875,344.4564208984375,352.83160400390625,360.10748291015625,367.08599853515625,372.05810546875,376.14056396484375,382.2192687988281,385.8658447265625
sample_16ec975184435802,666.581787109375,646.01611328125,624.1433715820312,597.832275390625,582.9100952148438,555.0429077148438,535.2136840820312,511.87213134765625,494.181640625,484.67919921875,467.833251953125,462.440185546875
sample_206036d867dd7668,328.87664794921875,334.22015380859375,342.7639465332031,348.464599609375,352.9252624511719,358.248046875,357.19512939453125,364.02838134765625,368.0093994140625,368.72491455078125,370.71221923828125,371.8246154785156
sample_901ed63440167c20,358.5638122558594,378.44891357421875,399.65753173828125,420.83013916015625,442.1683044433594,463.4517822265625,484.19464111328125,502.15399169921875,515.8076782226562,525.814208984375,532.4109497070312,538.5076904296875
sample_f9bd2104a14f0db5,432.0748596191406,425.5907897949219,422.078369140625,417.87646484375,413.59661865234375,411.59674072265625,408.5605163574219,407.2825012207031,408.3039855957031,408.21685791015625,410.14508056640625,409.2658386230469
sample_85949315e92a8357,366.0179748535156,375.20263671875,386.6819152832031,397.02947998046875,406.1848449707031,412.337890625,421.09814453125,428.68603515625,430.72174072265625,432.5943603515625,438.4454345703125,437.97039794921875
sample_5fd57a54d50fe42c,336.14202880859375,339.5601501464844,347.1101989746094,353.4880065917969,358.06158447265625,365.20489501953125,370.44482421875,375.1978759765625,382.8033142089844,384.9882507324219,391.28021240234375,394.2067565917969
sample_38a51616a33990ca,286.7786865234375,294.2266845703125,304.5833740234375,316.4823303222656,326.3459777832031,339.3457946777344,347.75921630859375,358.5368957519531,365.9559631347656,372.9164733886719,380.4560241699219,387.7340087890625
sample_2941a94dff1f08f0,575.0377197265625,566.549560546875,554.9120483398438,537.3123779296875,526.5686645507812,506.2948303222656,490.0015869140625,475.6824035644531,459.32635498046875,452.5079345703125,440.2926025390625,433.2791748046875
sample_3fba16b055fc79d8,360.0262756347656,360.6882629394531,363.3175354003906,366.1895446777344,369.33367919921875,370.5159912109375,375.7944030761719,377.9385070800781,382.2281799316406,383.7037353515625,388.17401123046875,390.8659973144531
sample_8cf6f7d2469bb423,365.44171142578125,367.7108459472656,373.79083251953125,377.388427734375,377.760498046875,379.9095458984375,377.800048828125,380.9571533203125,384.3816223144531,382.4316101074219,384.4765625,381.8428039550781
sample_dad6d9038b8434d0,356.7240905761719,357.0553283691406,360.92816162109375,362.0953063964844,367.4541931152344,369.19012451171875,372.3034362792969,375.0927429199219,381.111572265625,382.3934631347656,386.81756591796875,390.2255859375
sample_6056acafb9e2d546,339.492919921875,342.9539794921875,350.0130920410156,356.08319091796875,360.680419921875,364.8900146484375,370.2132568359375,374.5876770019531,378.691650390625,379.0594787597656,383.796142578125,385.5192565917969
sample_06b9d04738ce86d6,453.63934326171875,453.19384765625,452.9739685058594,448.8483581542969,443.4483947753906,437.2474060058594,428.19537353515625,423.0350646972656,419.9666442871094,416.1145935058594,414.259033203125,405.7442626953125
sample_58f2c44b12c95724,483.10247802734375,477.5528259277344,471.9682922363281,463.893798828125,456.4592590332031,445.5153503417969,436.5462646484375,429.11297607421875,425.50811767578125,422.1151428222656,416.04083251953125,411.5694274902344
sample_1f75a4246986e2b0,484.767333984375,472.4783020019531,463.8683166503906,453.4346008300781,446.580322265625,436.7513427734375,427.0074157714844,422.3705749511719,415.25885009765625,412.3946228027344,406.6777648925781,401.2512512207031
sample_a7474810972b292a,397.3559265136719,395.8240661621094,395.20172119140625,395.16107177734375,391.4670715332031,390.79510498046875,388.5372619628906,390.15966796875,391.881591796875,391.64013671875,393.9903259277344,391.4035949707031
sample_40358917c031d78c,307.934326171875,313.908935546875,323.3750305175781,331.332763671875,338.426025390625,346.8954162597656,351.00433349609375,358.64874267578125,365.2988586425781,368.41607666015625,373.1053161621094,376.80902099609375
sample_344562d9bc139854,502.2727966308594,511.0386047363281,517.31982421875,520.8779296875,527.3069458007812,530.5580444335938,534.8410034179688,541.6283569335938,549.4637451171875,548.627685546875,549.2594604492188,551.763916015625
sample_3f921280464ea420,407.46209716796875,411.8298645019531,418.15277099609375,420.3646240234375,421.0113830566406,422.1156005859375,418.2994079589844,419.30120849609375,422.518798828125,419.0018310546875,419.8091735839844,415.2207946777344
sample_0a4a9ff61e70fca8,301.82952880859375,310.085693359375,322.4591369628906,334.1859436035156,344.2344970703125,356.1822509765625,365.60589599609375,376.0419921875,381.8973693847656,388.5039367675781,395.36590576171875,399.0677795410156
sample_f14ec8905e1d7d40,478.95391845703125,470.663330078125,467.1893615722656,460.75189208984375,456.55859375,452.11956787109375,445.07635498046875,445.7604675292969,441.8062744140625,440.07501220703125,438.9820861816406,435.69525146484375
sample_90967b6553be6910,293.1379089355469,302.49078369140625,315.1398010253906,328.7319030761719,340.09765625,354.42413330078125,365.3271484375,377.15386962890625,384.97320556640625,392.8260498046875,400.89154052734375,407.00189208984375
sample_e8d613692118ee54,513.22900390625,499.7066345214844,487.5341491699219,475.0693054199219,465.328369140625,451.3739318847656,439.1102294921875,430.5874938964844,422.20916748046875,415.0987854003906,409.62652587890625,403.15838623046875
sample_0dcba66bb8b4a77d,457.6399230957031,447.98553466796875,439.7160339355469,430.5265197753906,422.66851806640625,413.505126953125,405.211181640625,399.78076171875,394.6427307128906,390.7376403808594,387.9463195800781,384.57720947265625
sample_3284bdf65ea4ce70,454.8140869140625,447.8315124511719,442.82861328125,436.3309020996094,431.0776062011719,423.8587951660156,415.46539306640625,411.8553466796875,409.8670654296875,407.32989501953125,402.0938415527344,399.45123291015625
sample_a56136f49e8b4926,508.9803466796875,521.2102661132812,529.5166625976562,534.6834716796875,535.0343017578125,537.021240234375,533.1925659179688,533.1130981445312,534.4584350585938,528.7717895507812,526.985595703125,520.6968383789062
sample_b0801858322fa788,400.0060729980469,406.5564880371094,413.2370300292969,414.66339111328125,415.93133544921875,412.82318115234375,407.22552490234375,407.8944396972656,407.0139465332031,401.3606872558594,403.43084716796875,397.2663269042969
sample_127de26d8a32790b,314.44866943359375,320.7658996582031,330.83380126953125,338.589599609375,345.37030029296875,351.43280029296875,357.59295654296875,363.1707763671875,366.85418701171875,367.0608825683594,372.9021301269531,373.59149169921875
sample_8cb9bc9aa401d760,526.4598388671875,510.9349670410156,497.2280578613281,483.2830505371094,473.4398498535156,459.42138671875,444.9873352050781,436.1875,425.532470703125,420.1561279296875,411.34033203125,404.49993896484375
sample_c33b11b258af1e65,523.792236328125,521.5975341796875,520.7919311523438,519.0739135742188,516.4778442382812,517.7975463867188,514.3587036132812,514.8189697265625,516.5719604492188,519.2518920898438,519.0371704101562,520.6410522460938
sample_f0d28634a513b048,386.2271423339844,385.28125,386.38153076171875,386.2202453613281,386.1593933105469,383.0810852050781,382.39654541015625,385.0257568359375,386.4338684082031,384.8922119140625,386.458984375,386.36370849609375
sample_d6a66da031d3dc11,329.4604187011719,333.2855224609375,340.0195007324219,347.272705078125,355.2055358886719,362.8583984375,371.5104675292969,378.8860168457031,386.11236572265625,390.9967346191406,398.81201171875,404.3642272949219
sample_68edd25dcbb7d88e,452.0979919433594,444.65679931640625,439.2310485839844,432.3055114746094,426.0081481933594,417.7743225097656,410.537841796875,405.96722412109375,403.8529968261719,399.1029968261719,396.8906555175781,394.065185546875
sample_948e66e740fb7581,257.0504150390625,265.18817138671875,277.00048828125,288.8714294433594,299.4716796875,312.9755554199219,321.5347595214844,332.8046875,339.4960632324219,347.4796142578125,354.3597412109375,362.61907958984375
sample_e5c5f883a45c1fa4,338.23138427734375,347.2648620605469,359.347900390625,372.38433837890625,384.3348693847656,398.1092529296875,411.4610290527344,422.53692626953125,433.5675354003906,440.48980712890625,448.9392395019531,453.55706787109375
sample_592605e903584228,428.07672119140625,420.7187194824219,415.9532165527344,408.90875244140625,403.8332824707031,398.6806945800781,392.0902404785156,390.27569580078125,387.6631164550781,386.7093811035156,383.32086181640625,382.3634033203125
sample_ce3b7994d8701035,608.4339599609375,590.3978271484375,574.0885009765625,555.462890625,544.4879760742188,522.5302734375,507.79583740234375,493.4145812988281,479.9925537109375,468.9851989746094,460.0382080078125,452.633056640625
sample_518620c3bfb3fc9a,336.73394775390625,342.2799987792969,350.9581604003906,359.5392150878906,366.4133605957031,373.10516357421875,380.36138916015625,386.7470397949219,391.20562744140625,392.4248046875,398.9798583984375,400.2015686035156
sample_e8034b5004519d37,360.44207763671875,364.31024169921875,371.5474853515625,378.7771301269531,387.5121765136719,394.9665832519531,404.12139892578125,410.6656799316406,417.908447265625,421.2047119140625,426.9798583984375,431.255126953125
sample_3f99922165ef0665,332.1439208984375,334.1861572265625,339.557373046875,344.8999328613281,349.9480285644531,354.5034484863281,360.0541076660156,364.299560546875,369.1287841796875,371.4720153808594,375.10797119140625,378.9653625488281
sample_e0a41c42399b671d,443.6159362792969,438.3050231933594,436.7731628417969,431.678466796875,430.0411376953125,430.4587097167969,427.2105712890625,428.8927001953125,430.8684387207031,430.7452697753906,435.3877868652344,433.355224609375
sample_f383fd2ca4adb621,304.33929443359375,312.43304443359375,323.7094421386719,331.89642333984375,338.6587219238281,346.37744140625,347.4228515625,356.5809326171875,360.3921203613281,361.975830078125,365.32086181640625,366.8658447265625
sample_e6c5243d2357c17f,345.1241455078125,351.84259033203125,362.2506408691406,369.9617614746094,376.9830627441406,382.42486572265625,388.53021240234375,394.5470275878906,397.70233154296875,397.580810546875,403.3332214355469,402.4811096191406
sample_661853fdccd90d55,368.4515075683594,369.12872314453125,371.5602111816406,373.0159606933594,374.978759765625,375.1029357910156,377.75103759765625,380.71478271484375,384.10186767578125,384.1527099609375,386.9966735839844,390.4402770996094
sample_760c8a95794ca02f,307.0453186035156,312.04132080078125,321.1246032714844,329.1089782714844,335.6566467285156,344.79510498046875,350.59844970703125,357.2283935546875,364.7522277832031,368.9481201171875,374.751953125,379.58563232421875
sample_443061a7041e42cd,305.3621520996094,308.9350891113281,316.83184814453125,323.91705322265625,336.52484130859375,345.7774963378906,358.3251647949219,365.4046630859375,373.7912292480469,380.2270202636719,388.7749328613281,397.8541564941406
sample_5e8a3a318c4c45aa,399.118896484375,397.9774169921875,398.14483642578125,397.2999267578125,394.2753601074219,392.2987365722656,388.3922119140625,389.6138916015625,390.3038024902344,388.6766052246094,389.015869140625,386.18475341796875
sample_0164bee47feb6cfa,391.29290771484375,391.373779296875,392.9096984863281,395.45159912109375,396.7518310546875,397.5346984863281,400.12200927734375,403.5283203125,407.1788635253906,409.1015625,411.8992614746094,412.6636657714844
sample_41385c934388af24,318.67657470703125,324.72479248046875,334.0966796875,345.1755065917969,355.038818359375,367.1038818359375,377.87628173828125,387.4114685058594,395.21630859375,402.7571105957031,411.1689147949219,417.3479919433594
sample_67c3b6a8f1c62f31,338.4316711425781,356.71160888671875,376.4620056152344,398.09307861328125,420.34210205078125,443.5740051269531,465.71337890625,485.44549560546875,500.7078857421875,513.4137573242188,522.1530151367188,530.39208984375
sample_d281fda1a2725cdd,517.5689697265625,509.4817810058594,504.5648193359375,497.3474426269531,491.7212829589844,479.4436340332031,473.6090087890625,465.8316345214844,461.3128967285156,455.1759033203125,454.2563781738281,446.4048156738281
sample_d658c5d02b1daace,381.1891174316406,392.4268493652344,404.8758544921875,421.112548828125,436.84881591796875,454.26239013671875,472.06390380859375,487.3233947753906,501.71484375,510.3818359375,519.5593872070312,526.871337890625
sample_98dd79537c85da77,409.1564636230469,412.06884765625,415.31866455078125,416.56988525390625,414.841064453125,414.17156982421875,405.4050598144531,407.3134765625,407.9228515625,405.3269958496094,403.214111328125,399.8959045410156
sample_1a89fb5e51a000de,324.1545715332031,332.78070068359375,344.98712158203125,356.4093322753906,365.75958251953125,376.31414794921875,385.40087890625,395.0962219238281,399.5546569824219,404.7206726074219,411.5699768066406,413.5164794921875
sample_f7eac1aaffe01d53,474.1768493652344,476.4801330566406,476.2283935546875,472.42010498046875,469.40869140625,461.44378662109375,453.3782958984375,446.7113342285156,444.9969177246094,437.5477600097656,437.8031921386719,431.51568603515625
sample_6ec2583d00e4bb51,487.00921630859375,474.8366394042969,466.0069580078125,455.91363525390625,448.89251708984375,437.81640625,430.2040710449219,424.56719970703125,418.41070556640625,413.7950134277344,411.70159912109375,406.02850341796875
sample_4faded68d796d7be,510.44976806640625,498.9748840332031,489.896484375,479.9394226074219,471.60565185546875,460.70208740234375,448.3560791015625,442.1434631347656,435.51483154296875,431.3912353515625,423.8040771484375,418.47723388671875
sample_c7b7694a3d1c1cb2,451.4418640136719,452.6699523925781,452.6102600097656,449.287841796875,445.9492492675781,438.7253723144531,429.97662353515625,423.4384460449219,421.6352233886719,414.5217590332031,411.9202575683594,406.1005859375
sample_0f77408a06000fb4,423.90679931640625,417.2709655761719,413.2032470703125,409.3474426269531,404.6026916503906,402.3773193359375,399.3777770996094,398.5943603515625,398.1087951660156,399.0990295410156,400.12432861328125,398.51763916015625
sample_d5ae905de9178492,340.8875732421875,342.5571594238281,347.71685791015625,352.45318603515625,358.0070495605469,362.240234375,369.2284240722656,373.4927673339844,378.80450439453125,381.70599365234375,387.72149658203125,391.880126953125
sample_10dcd5f922cee913,275.23138427734375,282.63916015625,292.8474426269531,303.1020812988281,312.3708190917969,323.5762023925781,329.3141784667969,339.41485595703125,346.3703308105469,352.32562255859375,358.02581787109375,364.2963562011719
sample_6eefbcc9d292c001,395.9114074707031,392.4563293457031,389.3008728027344,389.6381530761719,390.54241943359375,391.8708190917969,393.83428955078125,395.09185791015625,400.086181640625,401.1885986328125,407.17706298828125,411.02667236328125
sample_476e97579e7b90b9,404.7300720214844,400.9070129394531,400.128173828125,397.8455810546875,394.2330017089844,393.15289306640625,389.4993896484375,390.8876037597656,392.2962646484375,391.78765869140625,393.19610595703125,391.96527099609375
sample_c092d92544c3b5d1,388.8178405761719,386.7980041503906,385.6251525878906,384.4539489746094,381.3807678222656,378.377197265625,376.2637939453125,378.0723571777344,378.5993957519531,377.570068359375,377.51324462890625,377.7267150878906
sample_6f44df8685a7d5a8,336.2910461425781,337.8961486816406,341.54803466796875,344.3385314941406,350.9844970703125,352.98797607421875,359.75689697265625,363.55206298828125,369.11907958984375,370.93316650390625,377.28509521484375,382.9673156738281
sample_ed11cd80ac0261ab,339.86199951171875,359.57061767578125,380.57379150390625,402.44952392578125,425.26812744140625,448.3612060546875,470.51544189453125,490.2353515625,504.79681396484375,516.8850708007812,525.140625,532.501220703125
sample_c403344ae17d0c2e,468.7535400390625,458.60589599609375,451.74420166015625,444.5357666015625,438.11962890625,428.29229736328125,420.6380920410156,413.47906494140625,409.9789123535156,407.74444580078125,405.13714599609375,401.016845703125
sample_6ca8d2d802b198b9,349.6981506347656,352.1864318847656,358.72125244140625,363.8926696777344,366.24530029296875,369.9089050292969,373.1168518066406,376.1402282714844,380.9585266113281,380.2208251953125,384.8778381347656,384.6651916503906
sample_95ae141fe5e84fab,438.34576416015625,447.3498229980469,457.3482666015625,466.12786865234375,474.79656982421875,480.5841064453125,488.9655456542969,496.0860290527344,502.6740417480469,501.48699951171875,505.4639587402344,503.4752502441406
sample_9056b009e493eaa9,296.44091796875,304.1659851074219,315.2361145019531,328.7057189941406,340.1589660644531,355.4302673339844,367.10528564453125,379.0758972167969,388.38104248046875,398.26629638671875,407.0293273925781,414.55706787109375
sample_57a299819c5beb94,323.8638610839844,333.5733642578125,347.57171630859375,355.85687255859375,363.1478576660156,369.8515319824219,372.33099365234375,380.26568603515625,382.17730712890625,382.2270202636719,386.1406555175781,384.253173828125
sample_ab07f87db797395c,559.25341796875,561.9462280273438,564.0338134765625,563.8834228515625,561.9999389648438,563.8718872070312,556.7914428710938,555.0696411132812,559.7906494140625,558.6041259765625,555.8583374023438,549.7848510742188
sample_5e1937e123fe2a87,349.8075256347656,351.886474609375,357.9917297363281,362.7184753417969,365.347900390625,370.13140869140625,373.6440124511719,376.9300537109375,383.33270263671875,383.83258056640625,388.89862060546875,390.5238037109375
sample_1c07cf06c1f934f2,313.6536560058594,319.529296875,329.6391906738281,337.7464599609375,343.36370849609375,350.46136474609375,355.2721252441406,361.889404296875,365.65679931640625,367.3728332519531,372.2554931640625,374.0911865234375
sample_d6bec87a9b32c50e,397.2418518066406,399.4005126953125,402.3253479003906,403.0156555175781,401.074951171875,400.0609436035156,391.9635925292969,393.4971618652344,394.7650451660156,391.3505554199219,390.38909912109375,387.3274841308594
sample_2847a37970e94c7b,595.4856567382812,578.7197265625,563.977783203125,548.9104614257812,538.5016479492188,519.69921875,506.1322021484375,494.55694580078125,482.45880126953125,472.20672607421875,465.3597412109375,456.95513916015625
sample_c8bf7bfa6b2f8e5b,332.8680725097656,335.7625732421875,342.54736328125,348.70233154296875,353.4548645019531,360.1252746582031,365.67767333984375,370.4453125,377.4855651855469,380.3106689453125,386.451171875,389.59735107421875
sample_140112825df155ec,366.7404479980469,368.298828125,372.7761535644531,375.6019592285156,377.087646484375,379.41168212890625,381.86279296875,384.3435974121094,389.518798828125,388.2764892578125,392.6289367675781,394.69879150390625
sample_273534274ada9773,466.978759765625,455.4143371582031,448.3129577636719,439.74102783203125,433.2559509277344,426.6133117675781,421.0313720703125,417.14007568359375,411.72943115234375,412.0840759277344,410.5320129394531,404.01617431640625
sample_f8b0913562a05a16,340.7113342285156,342.65521240234375,347.1128845214844,351.2880554199219,354.5911865234375,357.01593017578125,359.5853271484375,363.6978454589844,368.17333984375,370.0874328613281,373.4352722167969,377.416015625
sample_bdff20399287ae2f,456.3776550292969,445.4783020019531,438.6463317871094,429.9394226074219,424.3436279296875,418.2254638671875,412.32568359375,410.50958251953125,404.6231384277344,404.73565673828125,403.064697265625,398.3466796875
sample_477f110b1e9de71a,416.41656494140625,411.7450256347656,410.8016052246094,406.8119201660156,403.18560791015625,401.2362060546875,395.8312072753906,396.9909973144531,397.6856994628906,396.729736328125,397.50372314453125,395.6651306152344
sample_644c324c691b4a22,414.58880615234375,425.1380310058594,435.4052734375,439.47625732421875,442.4716796875,444.4011535644531,440.6346740722656,441.0182189941406,441.9345703125,436.4598693847656,439.5660095214844,433.11065673828125
sample_49556c0dbf038406,511.44989013671875,503.62451171875,495.3979797363281,485.0821228027344,476.4825439453125,462.06011962890625,451.7286376953125,442.7400817871094,435.7013244628906,431.42230224609375,423.893310546875,417.0853271484375
sample_48483ea4521fc330,367.5954895019531,373.9237365722656,383.7086486816406,391.6637878417969,396.9886474609375,404.564697265625,407.12982177734375,414.655517578125,420.9040832519531,422.5686340332031,425.0699768066406,425.9814147949219
sample_945745efc025a492,409.8211975097656,411.08782958984375,413.5470886230469,414.3207092285156,413.3744812011719,411.6919860839844,410.56549072265625,409.4745178222656,413.7843933105469,409.3611145019531,413.35089111328125,409.1372985839844
sample_7d7ff02b71ecd3d1,326.656005859375,339.69921875,355.90521240234375,371.1891174316406,385.6380310058594,401.48846435546875,415.4377746582031,428.8861083984375,438.8189697265625,445.95037841796875,454.4639892578125,458.7648620605469
sample_7227350b3383d200,401.8533630371094,407.9797668457031,415.4085693359375,424.8436584472656,437.4382019042969,448.8048095703125,463.0282897949219,473.0792541503906,486.155517578125,489.79693603515625,498.893310546875,507.5674743652344
sample_ec33f7b2d209b96b,490.4374084472656,498.83953857421875,504.2379455566406,506.9956359863281,505.4635314941406,501.4322509765625,494.2158203125,490.2808837890625,488.6441345214844,481.69525146484375,480.6478271484375,473.4901428222656
sample_3977e0feaf8f4f4a,298.4073181152344,302.6353759765625,310.72125244140625,318.31463623046875,326.2435607910156,335.0541076660156,341.76434326171875,349.1402587890625,356.2576904296875,362.06427001953125,367.9975280761719,374.696044921875
sample_adc99cf779b61767,514.4339599609375,501.5574035644531,491.36773681640625,479.4168701171875,471.11651611328125,457.75567626953125,447.9388427734375,441.1298828125,433.8880310058594,426.9772644042969,423.4816589355469,418.0389099121094
sample_f7e220211dc86790,403.0325012207031,399.55401611328125,398.1907958984375,396.37481689453125,392.470703125,390.865966796875,387.20233154296875,388.01812744140625,388.947021484375,388.6186828613281,389.26654052734375,387.6744384765625
sample_dfe30d29f27de944,444.6520080566406,437.07049560546875,433.0644836425781,427.1075134277344,421.42730712890625,418.1116638183594,409.7862548828125,409.3841857910156,407.5296936035156,406.2448425292969,403.6587829589844,400.1122741699219
sample_d0febf4bf4ce968d,322.1929016113281,328.45709228515625,338.1524963378906,348.5807189941406,357.9764709472656,369.6412658691406,378.22491455078125,387.655517578125,396.9169616699219,403.8212585449219,409.7740478515625,415.8502502441406
sample_eb1ebf539e7bb58f,519.33544921875,513.2969970703125,509.2115173339844,502.216552734375,497.6539001464844,486.227783203125,479.6203308105469,470.2858581542969,467.395263671875,465.6020202636719,462.17156982421875,455.009033203125
sample_7c979400d3ea29d9,563.5033569335938,551.0921630859375,540.56298828125,528.6990966796875,520.080078125,503.44256591796875,492.5902099609375,482.1841125488281,473.5453186035156,464.98602294921875,459.4763488769531,452.1557922363281
sample_f60d1be09f61cf08,455.8296813964844,467.1490173339844,477.0712585449219,482.5415954589844,490.184326171875,495.20416259765625,500.0198669433594,506.479248046875,515.6762084960938,512.1074829101562,513.374755859375,514.4216918945312
sample_1736c4e3acbea6b4,491.6186828613281,480.501708984375,475.53558349609375,466.3531188964844,461.68170166015625,453.7135925292969,447.66461181640625,445.9333190917969,439.3714904785156,437.3838806152344,436.9569091796875,430.73663330078125
sample_cd398c89daa56120,485.10357666015625,476.8847961425781,468.4948425292969,457.6434326171875,448.9569396972656,434.87713623046875,424.96148681640625,416.03497314453125,409.8553466796875,404.92669677734375,398.00726318359375,394.80645751953125
sample_6733dea93b3b5cd2,313.6106872558594,317.1416015625,323.4638671875,330.3055725097656,337.7802734375,344.2748107910156,351.1142883300781,357.6656494140625,363.9508056640625,369.06964111328125,375.5911865234375,381.313232421875
sample_5f66ee2eb7bba81b,394.5053405761719,394.7374267578125,395.9769287109375,396.089111328125,394.8618469238281,392.6246337890625,390.4955749511719,391.8848876953125,395.464599609375,393.5543212890625,395.1539001464844,393.56060791015625
sample_16df4ad1afe44393,529.8956298828125,513.2911987304688,499.44989013671875,486.0677185058594,477.7647399902344,461.8998107910156,450.79071044921875,439.57391357421875,429.23529052734375,424.32427978515625,419.35797119140625,411.27655029296875
sample_457ed66a8ca0c6cc,356.8582763671875,363.9980163574219,375.4873046875,382.0367431640625,387.63336181640625,392.044921875,395.5664367675781,400.55718994140625,402.9106140136719,401.381591796875,406.513427734375,403.375244140625
sample_bdd9208cea7c188c,399.9764709472656,411.59466552734375,426.07177734375,437.52703857421875,447.4864501953125,458.9712219238281,468.5852355957031,477.53350830078125,487.8169860839844,489.4465637207031,493.2395935058594,493.73272705078125
sample_85d2e4d4aa180744,333.4565124511719,339.02825927734375,349.02801513671875,355.51458740234375,361.01953125,367.7537841796875,371.2999267578125,377.3334655761719,383.7609558105469,384.61724853515625,389.50726318359375,390.59344482421875
sample_633d0b448721504b,305.3448181152344,312.07537841796875,322.5137939453125,333.7464599609375,343.43316650390625,356.4029541015625,365.9558410644531,375.7334899902344,385.005859375,392.3843994140625,400.21044921875,406.6784973144531
sample_47828c4bc58bd981,378.0812072753906,378.7615661621094,380.4067077636719,382.55181884765625,383.94403076171875,385.37176513671875,388.1764221191406,393.0613708496094,394.7651062011719,397.14141845703125,400.9200439453125,401.73175048828125
sample_af08e61059c3ad67,396.9386901855469,414.3594970703125,433.15692138671875,448.71246337890625,465.540771484375,480.783203125,497.02252197265625,509.97088623046875,521.9771728515625,526.3798828125,531.3968505859375,533.424560546875
sample_e69fbef0aafd943c,300.43853759765625,305.0765686035156,314.0133361816406,322.7783203125,329.18780517578125,338.65045166015625,345.3348693847656,352.3199157714844,358.55267333984375,363.31207275390625,369.56024169921875,374.52947998046875
sample_fd30ee4c694f2e6f,483.89215087890625,476.75567626953125,469.7035827636719,460.9998779296875,453.31427001953125,441.7646179199219,432.8696594238281,424.95025634765625,421.5255126953125,417.1725158691406,410.88006591796875,407.4080505371094
sample_e75fb077ad7604d8,526.7606201171875,542.2803955078125,554.0730590820312,561.8423461914062,570.6248168945312,570.6052856445312,575.338134765625,583.6216430664062,582.1685791015625,577.9150390625,579.28466796875,578.5321044921875
sample_441dde2357f9dfb6,392.51812744140625,390.1361999511719,388.6975402832031,387.47381591796875,386.80548095703125,386.6483154296875,386.80084228515625,389.13592529296875,391.54888916015625,391.20556640625,394.031005859375,396.5749206542969
sample_b17325b2be6ff9a6,435.5950927734375,431.91851806640625,430.3089904785156,427.75506591796875,423.0299987792969,418.43499755859375,413.32635498046875,412.113037109375,412.4883117675781,410.46807861328125,408.3575439453125,406.0160217285156
sample_744b9d2bf917c7f6,345.6983947753906,350.1499938964844,358.5829772949219,364.57147216796875,368.9059753417969,375.20184326171875,378.2928161621094,383.5504150390625,390.42694091796875,391.1304016113281,395.77447509765625,396.9595031738281
sample_b239f71f67685bc9,364.519287109375,366.8334655761719,373.902099609375,377.2976989746094,378.8796081542969,381.0797424316406,383.0484619140625,384.1927490234375,388.7947998046875,386.16290283203125,390.0911865234375,388.4767150878906
sample_ac23c0783f35e860,480.2322998046875,492.21710205078125,502.3493347167969,508.98028564453125,513.9344482421875,520.76708984375,521.6362915039062,527.4385986328125,534.3855590820312,531.2080688476562,531.0399169921875,528.5941162109375
sample_bc1f10b496b10184,473.31365966796875,465.46044921875,460.1758728027344,454.0748596191406,446.6148376464844,437.5311584472656,429.6982727050781,422.4485778808594,420.85516357421875,418.50677490234375,413.4895935058594,410.73272705078125
sample_a686db54f0ce55a2,490.7285461425781,478.2437744140625,467.951416015625,457.91363525390625,449.5798034667969,439.8990783691406,429.2583923339844,421.631591796875,415.12225341796875,412.2075500488281,406.7502136230469,399.64508056640625
sample_ef4d469fdde5cf59,579.5640869140625,560.474853515625,544.3657836914062,527.2145385742188,518.0379028320312,497.687744140625,484.6522521972656,471.4959411621094,457.584716796875,449.43218994140625,442.87567138671875,434.62786865234375
sample_658f58568a62fcb3,391.235595703125,387.7151184082031,385.14874267578125,382.6716003417969,378.2981262207031,376.10186767578125,373.9554138183594,373.6520080566406,374.3445739746094,373.9783935546875,374.3897705078125,374.1212158203125
sample_0651b8cd66f4aa1d,407.4654235839844,401.8765563964844,398.0643615722656,395.85186767578125,392.77197265625,392.95782470703125,393.0139465332031,394.4621887207031,395.4817810058594,397.9029541015625,401.6406555175781,403.5185241699219
sample_48ce87465168f68b,403.19757080078125,401.47491455078125,401.0975646972656,400.10302734375,396.9325866699219,394.66107177734375,393.08673095703125,394.1249084472656,395.51177978515625,394.15667724609375,394.65887451171875,393.5380554199219
sample_11ac3461b7f1ce0d,583.4039306640625,579.4615478515625,574.9697265625,566.3917236328125,563.5181274414062,548.9037475585938,539.48095703125,529.5130004882812,521.2499389648438,514.5830688476562,511.5973815917969,499.46099853515625
sample_31312a4cd19de752,333.23675537109375,338.18609619140625,347.125,353.59686279296875,358.9566955566406,364.07476806640625,369.1576232910156,373.82159423828125,377.54949951171875,376.87042236328125,382.501953125,382.5431213378906
sample_082f05492d91ef69,377.7709655761719,376.8240661621094,376.0940856933594,375.90069580078125,374.50177001953125,372.1671447753906,371.8246154785156,374.380859375,376.17755126953125,374.9765319824219,376.5294494628906,377.8167419433594
sample_3c514bfffd63f820,393.8293762207031,392.8767395019531,392.5942687988281,391.43798828125,388.3109436035156,387.5753479003906,382.91937255859375,384.3977966308594,386.7964782714844,384.64410400390625,385.9723815917969,383.7670593261719
sample_a83c2f1e5015ce57,329.34075927734375,333.3489990234375,340.89501953125,347.3642272949219,353.31195068359375,360.68511962890625,365.00689697265625,371.2826232910156,378.8466796875,382.2256164550781,386.759033203125,390.760009765625
sample_6aadca2d093e6b1b,352.84161376953125,358.085693359375,366.9170227050781,370.7952575683594,373.9688415527344,377.6644592285156,375.20062255859375,380.33343505859375,384.04742431640625,382.30218505859375,384.1441955566406,382.6651916503906
sample_ac02c5e51920b4bf,533.2705078125,517.3145751953125,503.4500427246094,489.4645080566406,479.86456298828125,464.07305908203125,451.7376708984375,441.0552673339844,431.2374572753906,424.4127197265625,418.90924072265625,410.72332763671875
sample_1fb9e9ad80e8fd20,519.1163940429688,506.0519104003906,493.2010498046875,479.3338317871094,468.8782958984375,453.472412109375,440.25384521484375,430.26885986328125,422.018310546875,414.41949462890625,406.72900390625,402.1616516113281
sample_1b0c5ce5763f831e,380.38153076171875,379.8213806152344,380.7696533203125,381.1903991699219,380.8726806640625,381.9309387207031,382.51513671875,386.3607177734375,388.70361328125,389.82098388671875,393.4524841308594,394.2108154296875
sample_79ab7d08d72841a4,340.8409423828125,343.2654724121094,349.0539855957031,354.9662780761719,360.6264343261719,366.4383850097656,373.13787841796875,378.11651611328125,383.24261474609375,385.9831848144531,391.24798583984375,395.07183837890625
sample_44e39992c98fbb7f,342.3819885253906,344.9711608886719,351.9017028808594,358.1158447265625,362.1300048828125,367.1951904296875,371.7138977050781,376.0487060546875,380.720947265625,382.25360107421875,386.77227783203125,388.27008056640625
sample_e3bfa4eacf797bed,358.4942932128906,360.17431640625,364.6860046386719,368.4205017089844,368.91278076171875,370.6390380859375,372.3160705566406,374.46563720703125,378.9472351074219,377.96368408203125,381.3387451171875,381.9373474121094
sample_4a4cbbebedd5b6e7,552.68505859375,534.282958984375,519.1159057617188,503.59515380859375,495.4134521484375,477.3096008300781,465.61474609375,453.8484802246094,441.463134765625,435.18243408203125,430.1318359375,421.3973388671875
sample_465b3d65212c1944,357.26519775390625,357.1012268066406,360.2825622558594,361.091552734375,365.6365051269531,366.9193420410156,369.8724060058594,372.2605285644531,378.26995849609375,378.1942443847656,383.0889892578125,386.8534240722656
sample_5e37a187de4ea6a4,367.6026611328125,366.49951171875,366.1147766113281,366.33447265625,367.0536193847656,366.3449401855469,368.7159423828125,370.0776672363281,372.94970703125,372.83544921875,377.53558349609375,378.73736572265625
sample_f1c12d4005a2dbb3,370.4682922363281,369.49212646484375,369.74322509765625,369.53680419921875,372.3194580078125,371.8873291015625,375.85479736328125,378.4867858886719,381.3958740234375,381.82098388671875,386.6177978515625,390.2568054199219
sample_ba883f386ebe18f0,338.3291015625,344.22222900390625,354.5421142578125,361.3992614746094,366.20098876953125,372.9112243652344,376.19256591796875,381.99786376953125,387.7110595703125,388.1493225097656,393.453369140625,393.70513916015625
sample_5c1e68fb1a98d156,554.9197387695312,543.281982421875,538.4247436523438,530.2793579101562,525.5322265625,517.1111450195312,508.8877868652344,507.0282287597656,499.32379150390625,497.552001953125,495.370361328125,489.4603271484375
sample_24d6fa403a1fbc49,402.3057861328125,401.6954040527344,402.1036071777344,400.9500732421875,398.7765808105469,395.71453857421875,392.5512390136719,391.8155822753906,395.634033203125,392.56781005859375,394.2760314941406,391.1758728027344
sample_e8dcccb33a3315d4,377.11529541015625,379.2684631347656,384.8670959472656,387.18963623046875,387.3319396972656,388.0341796875,387.8474426269531,388.87579345703125,393.52532958984375,389.8952941894531,392.8526611328125,390.9835510253906
sample_fa169c002316f24a,391.98809814453125,388.0148010253906,385.5513000488281,383.0679931640625,379.8105163574219,378.4532470703125,376.44635009765625,377.0638732910156,378.6271057128906,378.0710754394531,379.4074401855469,380.9375305175781
sample_a1e8a6cb85bd9174,591.3831176757812,571.3448486328125,553.309814453125,535.5774536132812,523.8118286132812,503.81787109375,488.7971496582031,474.00439453125,460.3049621582031,452.6975402832031,444.3138427734375,435.52398681640625
sample_881b36d74df341d3,405.752685546875,402.3334045410156,400.912841796875,398.7546691894531,394.0140380859375,392.9851379394531,389.4728698730469,389.69268798828125,391.5750427246094,391.13690185546875,391.62298583984375,392.0908508300781
sample_b0fed452a2b487a1,317.1116027832031,320.67193603515625,327.7418212890625,334.7769470214844,341.60540771484375,349.2590026855469,355.8102722167969,362.3978576660156,369.37054443359375,374.3572998046875,380.85443115234375,385.9233093261719
sample_85e4bd9b5c2e38c4,559.30810546875,562.8292236328125,559.6111450195312,549.5936889648438,547.51513671875,533.3270263671875,518.50634765625,506.78082275390625,496.5025634765625,481.8187255859375,477.78289794921875,467.6811218261719
sample_dcb432f816a14e06,347.43212890625,351.33349609375,357.67919921875,364.58660888671875,372.45538330078125,379.5356140136719,387.79217529296875,394.5843200683594,402.6156311035156,406.29315185546875,413.147705078125,418.47784423828125
sample_8c0443e88785d1f0,446.7354431152344,446.6903991699219,445.9361572265625,441.55963134765625,438.3101501464844,430.5750427246094,422.0448303222656,415.19439697265625,413.97039794921875,407.12841796875,403.9895935058594,398.7423095703125
sample_ec430834084c1119,279.7916259765625,285.7608947753906,295.3052978515625,304.5226745605469,312.6885986328125,323.33428955078125,329.4228515625,338.2487487792969,345.58514404296875,351.4626770019531,357.397705078125,364.5223388671875
sample_28408913776be56f,449.8791198730469,462.5802001953125,472.0146484375,486.5996398925781,504.1361999511719,516.97119140625,536.3594970703125,549.9132080078125,564.92529296875,569.543212890625,577.536376953125,585.7661743164062
sample_f2f3b8990beab323,634.1832885742188,632.8023681640625,629.5851440429688,622.3742065429688,620.8103637695312,608.8191528320312,598.5941772460938,589.0689697265625,582.1966552734375,576.8289184570312,572.4494018554688,559.7863159179688
sample_24631fb4f1a89a21,344.894287109375,347.3260803222656,351.88714599609375,356.0979309082031,360.5569763183594,363.8864440917969,368.39013671875,373.1944580078125,378.48675537109375,380.2346496582031,385.6291809082031,389.88336181640625
sample_5d9b08eb34c9c587,513.01904296875,515.2211303710938,520.1895141601562,519.9473266601562,533.6320190429688,537.7752075195312,547.6831665039062,556.6114501953125,566.20458984375,569.378173828125,574.175537109375,584.3139038085938
sample_73a99713a0b1dd1d,362.5463562011719,362.3783874511719,363.7124938964844,364.8994140625,367.6090393066406,367.1345520019531,371.10107421875,372.8944396972656,376.43487548828125,376.8642272949219,381.4070129394531,383.7475891113281
sample_f2849a20ce728ccd,386.08587646484375,385.844970703125,387.6227111816406,387.8462829589844,388.0239562988281,386.4103698730469,385.015869140625,387.2380676269531,389.8398742675781,387.8021545410156,389.8246765136719,389.2882385253906
sample_4c2c02fd608314ce,596.490234375,578.6942138671875,564.366455078125,549.125,541.289306640625,522.1953125,510.7208251953125,498.07562255859375,485.4566345214844,477.5342102050781,473.50286865234375,463.951904296875
sample_94fd7f19c90a9fb3,298.80181884765625,307.6059875488281,319.98687744140625,332.9133605957031,343.77227783203125,357.902587890625,368.6492614746094,379.4521484375,388.7779846191406,396.2264404296875,404.2510681152344,410.55902099609375
sample_50f8b9a484291d79,605.6887817382812,585.7733154296875,566.6154174804688,546.5274658203125,533.5862426757812,512.4361572265625,494.7453918457031,479.2213439941406,464.22479248046875,454.9871826171875,442.87213134765625,435.6434326171875
sample_6a7e7fb247a00189,313.12353515625,316.6700134277344,324.0058898925781,331.93438720703125,337.693115234375,345.3337707519531,351.1673278808594,357.3741455078125,363.6969909667969,368.31744384765625,374.13006591796875,378.3694152832031
sample_69eaaf5ebbdc14d7,374.487060546875,373.9667663574219,375.1788024902344,375.43414306640625,375.3569030761719,373.8456726074219,373.9488830566406,375.66046142578125,378.179443359375,376.82427978515625,379.9459228515625,379.5242004394531
sample_6f8ebedf529650c1,327.0093688964844,327.9765625,330.59442138671875,332.811279296875,340.46356201171875,343.6265869140625,352.4779357910156,355.8520812988281,362.2188720703125,363.4132385253906,371.7669677734375,378.3824157714844
sample_d469f4ab64df3b38,351.95477294921875,353.0029602050781,357.796875,362.08966064453125,363.5845947265625,366.41412353515625,369.80426025390625,372.30120849609375,377.052978515625,377.9289245605469,381.6331481933594,383.3637390136719
sample_fcdb8bf5c8896611,409.48150634765625,411.44195556640625,413.5755310058594,413.4372253417969,411.1218566894531,407.27069091796875,399.0632629394531,397.23126220703125,397.3031921386719,393.4850158691406,391.6863708496094,388.2396240234375
sample_8379c16c0ee18251,589.6663818359375,593.1342163085938,590.4443359375,583.7842407226562,580.9779052734375,567.9984130859375,555.717041015625,546.3740234375,536.2855834960938,525.490966796875,521.6380004882812,509.34149169921875
sample_cda8f1b16a3abbf1,406.0438537597656,410.77862548828125,417.45849609375,419.7367858886719,420.5491638183594,421.5623779296875,417.3817138671875,418.6656188964844,421.9781188964844,418.1326599121094,419.0620422363281,415.2889099121094
sample_2e489e168c6c4e52,402.6126403808594,421.11669921875,438.73956298828125,459.41485595703125,480.9665222167969,501.6214599609375,525.1610107421875,542.8963623046875,560.0181274414062,569.7189331054688,576.7766723632812,583.8434448242188
sample_4379938acd95738d,348.3894958496094,351.18377685546875,357.6031799316406,362.2065734863281,365.0014953613281,368.5162048339844,371.69287109375,374.97412109375,380.18304443359375,380.05267333984375,384.7131042480469,385.885986328125
sample_6cebb51b274c0f2e,320.4228210449219,329.7401123046875,342.4039611816406,354.65771484375,364.9101257324219,376.5305480957031,386.62274169921875,397.12335205078125,401.74114990234375,407.79156494140625,414.7369384765625,416.95611572265625
sample_13349a9c541d5f5f,347.723388671875,352.9557189941406,362.15301513671875,367.1424255371094,371.13153076171875,376.248046875,376.0431213378906,381.7436218261719,386.6579895019531,386.02301025390625,388.79302978515625,388.1312561035156
sample_98b5cff173db1517,594.9343872070312,577.459716796875,562.671875,546.670166015625,536.876220703125,516.648193359375,503.2939147949219,492.04510498046875,479.5672912597656,468.943359375,462.47991943359375,454.8460388183594
sample_023618e29570fd33,340.5632629394531,343.02301025390625,348.36651611328125,353.88360595703125,357.9573974609375,362.0900573730469,367.1614990234375,371.6351318359375,376.9292297363281,379.0820617675781,384.6976318359375,388.4643859863281
sample_cb9288e2881a7a81,380.78070068359375,386.0045471191406,394.1532897949219,396.62994384765625,397.92474365234375,398.39398193359375,395.55474853515625,396.9842834472656,399.0963134765625,393.80938720703125,397.1304931640625,391.5096740722656
sample_d47391f583eff54f,391.84893798828125,403.6675720214844,415.76513671875,430.038330078125,444.623779296875,458.87274169921875,475.5561218261719,488.2996520996094,500.6346435546875,506.943603515625,514.842041015625,519.4369506835938
sample_a559afc7e0875413,355.76116943359375,357.6933898925781,364.2003479003906,368.21466064453125,369.7510986328125,372.901611328125,375.3343505859375,377.062255859375,382.4932861328125,380.68365478515625,384.626953125,384.5025329589844
sample_59c5339caadddf8b,273.3622741699219,282.009033203125,293.6116943359375,306.2601318359375,316.8219299316406,330.5463562011719,339.09686279296875,350.79791259765625,357.59149169921875,364.9873962402344,372.4074401855469,379.56292724609375
sample_273d14b13f6887ba,283.0732727050781,290.561279296875,301.7226867675781,313.1109619140625,322.14630126953125,333.3457946777344,341.40216064453125,351.44537353515625,355.6653137207031,361.5093078613281,368.3667907714844,372.7398681640625
sample_84e4c56583df04b9,357.1318054199219,358.99560546875,363.55377197265625,367.1473388671875,370.4472351074219,373.56121826171875,377.67877197265625,381.2198791503906,386.7449035644531,387.60736083984375,392.5099182128906,395.13775634765625
sample_845f60c919d3b7eb,288.8914489746094,298.6888732910156,312.0152893066406,323.9141540527344,334.18536376953125,346.7214050292969,353.9978942871094,365.21826171875,370.9884338378906,376.259521484375,383.0063781738281,387.5655212402344
sample_5230a6d7de4ae486,388.72625732421875,389.3776550292969,391.8346862792969,393.61749267578125,392.8981018066406,393.2580871582031,393.3144226074219,395.35162353515625,399.3475646972656,398.0119934082031,400.6214294433594,398.4196472167969
sample_39c30337ba28714b,371.15557861328125,377.2624816894531,386.8897705078125,390.5315246582031,393.3631896972656,396.41339111328125,394.36944580078125,398.1368408203125,402.3923034667969,397.9642333984375,400.8177795410156,396.7497863769531
sample_f8f413b7ce0065b0,482.7308654785156,490.2559509277344,496.208984375,498.5392150878906,499.82489013671875,501.29547119140625,499.14337158203125,500.119873046875,505.4346618652344,501.1654357910156,501.9833984375,498.7139892578125
sample_96e4f1caf1b9609a,315.9007263183594,319.16693115234375,325.9292297363281,331.5202941894531,338.65509033203125,344.84869384765625,350.79345703125,356.55718994140625,363.58099365234375,368.0281066894531,373.064697265625,378.8717041015625
sample_c929983834d2fcca,386.3297119140625,387.427490234375,390.9046325683594,392.3661804199219,392.5090637207031,392.5649108886719,390.45672607421875,392.074951171875,395.750732421875,394.00634765625,395.45977783203125,395.1338195800781
sample_e75f8b578083ac40,434.835693359375,427.9618225097656,424.8561096191406,419.1075134277344,415.4526672363281,411.51715087890625,408.3470458984375,407.0316467285156,406.0155334472656,404.79583740234375,406.57086181640625,405.2148742675781
sample_36be80cee7fad7d9,408.6982421875,405.85455322265625,404.1423034667969,401.8625183105469,397.6394958496094,394.52252197265625,390.1492919921875,390.1825256347656,391.3402404785156,389.4463195800781,388.0695495605469,387.12249755859375
sample_1628ccf93af06100,486.5475769042969,473.6041564941406,464.0903015136719,452.69024658203125,445.46728515625,436.3951110839844,424.1426086425781,419.38751220703125,411.42156982421875,409.1954040527344,401.4569091796875,396.7554626464844
sample_7b2d03524718e87f,327.7279968261719,333.529296875,343.22247314453125,350.9529113769531,357.15740966796875,363.2419128417969,369.3167419433594,374.94024658203125,379.05810546875,379.34515380859375,385.1777648925781,385.75933837890625
sample_7b9ec3bca9d5af19,323.8899230957031,326.6007385253906,333.0057373046875,337.83441162109375,342.0577697753906,346.8389892578125,348.6705322265625,354.180908203125,359.8272705078125,362.1479187011719,364.81158447265625,369.2707214355469
sample_749047c81894b994,436.70599365234375,443.4540100097656,448.91766357421875,451.15130615234375,450.33123779296875,445.28094482421875,441.9577331542969,438.943603515625,438.70867919921875,431.6878967285156,435.21783447265625,428.4007873535156
sample_b9f0e36bf8b65c72,267.451416015625,275.6699523925781,287.57012939453125,298.76416015625,308.3216552734375,320.65277099609375,327.85687255859375,338.5301208496094,344.3551025390625,350.50054931640625,357.10882568359375,363.5687561035156
sample_fb4d3763986c3bce,489.94244384765625,502.1614074707031,512.9888305664062,518.9149169921875,524.8477783203125,527.5111083984375,530.3141479492188,533.8182373046875,537.242431640625,533.0487060546875,533.860595703125,528.2926025390625
sample_f9f2af6c325321ed,484.53564453125,478.4030456542969,476.4121398925781,472.2325134277344,469.8287658691406,466.5237731933594,464.04595947265625,464.8316650390625,462.9959411621094,463.11627197265625,467.57110595703125,462.514404296875
sample_11bcf7f60f09dcc7,450.4398498535156,447.65283203125,444.6621398925781,438.6231994628906,432.15191650390625,422.9085693359375,414.11419677734375,408.228271484375,404.45050048828125,401.5567932128906,397.9851989746094,390.72625732421875
sample_f87080118ff253ca,346.26123046875,357.6802978515625,371.9322204589844,387.2044677734375,400.3242492675781,416.089111328125,430.876953125,443.67254638671875,454.0337829589844,462.0232849121094,470.32086181640625,474.9908447265625
sample_535e63c3c66f8dc2,340.184326171875,354.3106384277344,371.850830078125,385.0995788574219,396.5386962890625,408.5711364746094,416.99273681640625,427.723388671875,433.1466064453125,437.0408020019531,442.28021240234375,441.8914794921875
sample_75b9266b9c18fd12,404.3973388671875,414.4013671875,423.22235107421875,434.56500244140625,447.9841003417969,459.61932373046875,474.8193664550781,487.2623291015625,499.12286376953125,503.654541015625,512.304931640625,519.4473266601562
sample_486436cb5d758a0e,348.22491455078125,351.3963928222656,358.2005920410156,362.38037109375,365.6611633300781,369.78973388671875,369.1307678222656,374.2825927734375,379.1580810546875,379.78057861328125,381.7192687988281,382.8594970703125
sample_392be734cdf2baa9,437.5850524902344,442.5372314453125,445.0838317871094,443.3646240234375,438.6104736328125,432.5180969238281,419.04510498046875,416.4041442871094,410.37677001953125,403.124755859375,401.86859130859375,394.0411682128906
sample_d35ed983136c9215,390.4643859863281,390.6752014160156,392.4510803222656,392.9562072753906,391.9299621582031,390.3005676269531,388.0374755859375,389.3561706542969,392.2349548339844,389.7030334472656,390.5774230957031,390.47430419921875
sample_6c82dc5488ef0876,346.0077819824219,353.55682373046875,365.3342590332031,374.1028747558594,381.05859375,389.08807373046875,394.70745849609375,402.33349609375,407.78253173828125,409.4991455078125,415.110595703125,415.41778564453125
sample_035a29eba2098557,323.1671142578125,325.2665710449219,332.0192565917969,337.6852111816406,345.173583984375,351.4018859863281,359.23974609375,364.2724304199219,370.18402099609375,374.1304016113281,379.44805908203125,385.4281921386719
sample_9cebc85f740acf3d,385.38153076171875,383.9179382324219,383.437744140625,382.8054504394531,382.5064697265625,379.991455078125,379.9529113769531,383.1342468261719,384.330322265625,383.9676513671875,385.4388122558594,387.24114990234375
sample_45cb01a337990a05,342.4028015136719,345.5588684082031,351.7900390625,358.0075988769531,366.35504150390625,373.1587219238281,382.9218444824219,389.2554931640625,396.37054443359375,400.26544189453125,408.6088562011719,415.0330505371094
sample_be69e26376bf9122,438.4801940917969,429.8084411621094,426.6891784667969,418.4454345703125,414.8581237792969,410.1226501464844,404.4472961425781,404.696044921875,400.2618103027344,399.4372863769531,398.661865234375,396.63970947265625
sample_558e25b33198de52,299.99249267578125,306.18609619140625,315.9306640625,324.1759033203125,331.1199035644531,340.42486572265625,344.0754699707031,352.2622985839844,359.0450439453125,362.80767822265625,367.15301513671875,371.41845703125
sample_53c6e2f4ef810354,413.24664306640625,407.6822509765625,404.7038269042969,401.9022521972656,397.1348876953125,395.3091735839844,391.867431640625,391.8113098144531,391.3202209472656,392.46807861328125,393.6985168457031,390.7087097167969
sample_9734f9ef13dd1a6d,429.89447021484375,442.27215576171875,455.26715087890625,461.4117126464844,468.0611877441406,472.2904357910156,470.411865234375,475.1402587890625,475.94091796875,472.2445373535156,472.6689147949219,465.4043273925781
sample_90a12fa9f5a01f1e,394.53033447265625,395.7520446777344,399.9361572265625,401.51123046875,401.1687316894531,400.6551818847656,400.6534729003906,400.2910461425781,404.9771423339844,400.39544677734375,404.0359802246094,400.5931701660156
sample_21fa076dd4782e84,341.7243957519531,349.4051818847656,361.54315185546875,368.11981201171875,373.39617919921875,379.0212097167969,380.1912841796875,386.4080505371094,389.9040832519531,388.86505126953125,392.453369140625,390.59539794921875
sample_f55c34ced42c5971,523.9699096679688,521.7142944335938,519.4623413085938,517.9833374023438,514.53271484375,511.75408935546875,506.5943298339844,504.2198181152344,504.7848815917969,505.5805358886719,503.0302429199219,502.2170715332031
sample_059c038ab3b49f9c,435.0719299316406,446.902099609375,457.6122131347656,468.8722229003906,483.1230163574219,495.7961730957031,511.013427734375,522.5674438476562,538.2463989257812,540.79296875,546.633544921875,554.442138671875
sample_b177fb9800adb2a6,314.9975891113281,332.0190124511719,349.9332580566406,372.54632568359375,395.1910400390625,419.44818115234375,441.9824523925781,463.69293212890625,478.11572265625,493.26995849609375,504.12298583984375,514.0570678710938
sample_c9523590822680e7,321.637451171875,324.8752136230469,332.207275390625,338.4465026855469,343.7240295410156,350.316162109375,354.01239013671875,360.0826110839844,366.3087463378906,370.0263977050781,373.6697998046875,378.5411682128906
sample_2ac76544e0d17c4d,489.73193359375,482.1406555175781,477.6342468261719,472.34783935546875,466.4090881347656,458.0861511230469,451.2060241699219,446.42486572265625,443.1935119628906,440.03009033203125,437.0638122558594,430.009033203125
sample_381d1c97dd42bcd9,292.070068359375,298.69781494140625,309.22247314453125,317.99444580078125,325.7828674316406,335.60784912109375,341.0741882324219,349.2928161621094,356.43328857421875,360.63079833984375,366.21221923828125,371.02459716796875
sample_3e74de15145407bb,382.3349304199219,381.46368408203125,380.7886047363281,380.4132080078125,378.5486755371094,375.8932800292969,374.7423095703125,376.9630432128906,378.9208984375,377.20556640625,378.4480895996094,378.99566650390625
sample_3ed01bb9071ca82d,529.2750854492188,512.395751953125,498.2830810546875,485.17498779296875,475.58935546875,461.4864501953125,450.07659912109375,439.8586730957031,430.23309326171875,425.46807861328125,420.5434875488281,411.94281005859375
sample_c295e24dc09c5f58,391.4161376953125,403.0995178222656,415.4891357421875,421.0641174316406,425.63543701171875,428.37921142578125,426.6544189453125,428.2182312011719,427.8130187988281,423.87213134765625,428.52581787109375,419.60382080078125
sample_9788ccf98419251e,373.9149169921875,382.2435302734375,392.6115417480469,403.25128173828125,413.4088439941406,423.93243408203125,436.3297119140625,445.5301208496094,454.2986755371094,458.80035400390625,466.6954040527344,469.2362976074219
sample_ed1a0f8e01a16be2,476.228271484375,468.81964111328125,462.1619873046875,456.10791015625,447.7146911621094,438.8697509765625,429.4667053222656,423.3570556640625,419.8616943359375,417.751220703125,411.55584716796875,405.1265563964844
sample_19d13cdc064fde21,511.7088928222656,522.056884765625,528.2938842773438,532.3270874023438,530.7955322265625,530.265625,523.8743286132812,521.0927734375,522.1168823242188,515.4202880859375,513.3480224609375,509.08135986328125
sample_e16585d531743ad5,375.4073791503906,376.4044494628906,380.24072265625,382.735107421875,388.8405456542969,392.1223449707031,397.3733215332031,400.5944519042969,407.4954528808594,409.1532897949219,414.34515380859375,419.27459716796875
sample_90ea5073a72bde55,359.22528076171875,360.0274658203125,363.0637512207031,364.9334716796875,367.8259582519531,368.3868103027344,372.7567138671875,375.4876708984375,379.4174499511719,379.8580017089844,383.7895202636719,387.2559509277344
sample_b3b11f671c60ced5,354.9944763183594,356.4656066894531,360.08135986328125,362.8741455078125,365.9436950683594,367.44818115234375,371.6619567871094,375.0554504394531,379.1820373535156,379.55029296875,384.259033203125,388.5296325683594
sample_845bdda5f3ab0df8,353.96636962890625,357.9080810546875,365.99945068359375,371.76947021484375,376.1056823730469,382.2176513671875,386.5787048339844,391.2453308105469,398.3792419433594,399.22052001953125,404.4781188964844,405.5431213378906
sample_f9542835f5eab3e7,441.6695251464844,433.48211669921875,427.3417663574219,420.5611572265625,413.7825927734375,406.4594421386719,399.48480224609375,395.163818359375,392.5579833984375,389.4790954589844,386.92071533203125,383.78826904296875
sample_68cf41e9121450a8,402.7599182128906,401.0212707519531,399.73638916015625,398.1524353027344,393.91192626953125,390.4677734375,386.7532958984375,386.9909973144531,387.60809326171875,385.4488525390625,384.8416442871094,382.4404296875
sample_73313bd9e8280ab0,454.44940185546875,448.8110656738281,446.03759765625,442.1837158203125,437.1414794921875,432.1517333984375,426.0960693359375,421.7909851074219,423.20855712890625,422.2273254394531,420.57086181640625,416.9663391113281
sample_2e05dfa4f0da896c,342.8778076171875,345.4141845703125,351.4987487792969,356.1152648925781,359.33245849609375,363.9581298828125,367.84906005859375,371.6385192871094,378.1287841796875,378.5743103027344,384.0810241699219,386.9937744140625
sample_b1202384d9bda4b1,360.7727355957031,366.8343200683594,375.9027404785156,384.8287048339844,392.36370849609375,399.6473693847656,408.1550598144531,415.39788818359375,420.49407958984375,422.871826171875,429.661865234375,430.41973876953125
sample_59daf4f83929d2d7,380.11859130859375,380.48065185546875,382.43719482421875,383.23931884765625,382.2159729003906,381.66143798828125,378.258544921875,380.5272521972656,383.3325500488281,380.93133544921875,382.1275329589844,381.4537048339844
sample_a81e4601cdc563e5,375.8703918457031,374.4047546386719,374.3367919921875,375.1606750488281,376.71136474609375,377.4455261230469,380.75921630859375,383.17205810546875,387.539306640625,388.2986755371094,393.3722229003906,395.916748046875
sample_44ab84dd5af050d5,734.7562866210938,715.700439453125,699.6721801757812,683.058837890625,670.6010131835938,649.0853271484375,634.4556274414062,618.2179565429688,603.0923461914062,592.8170776367188,583.684814453125,571.7467041015625
sample_eb57e135eef6d880,286.0824890136719,291.97943115234375,301.7914733886719,311.2996826171875,319.2886962890625,329.7063293457031,336.583251953125,345.15045166015625,351.2857971191406,356.8907775878906,363.0205078125,369.18988037109375
sample_1373c566f19b30fe,346.5008850097656,355.4670715332031,368.6542663574219,378.72381591796875,387.4098815917969,396.9755554199219,404.37432861328125,412.9131774902344,418.9559631347656,422.17303466796875,427.7978820800781,427.7424621582031
sample_c495cbe53dab86ae,457.8551025390625,448.6592102050781,441.3274841308594,433.32891845703125,425.9442443847656,417.2588806152344,409.2991638183594,404.2384033203125,400.328125,396.39263916015625,393.5205078125,389.4067687988281
sample_30b0352e36aa9cae,455.1607666015625,447.16436767578125,441.3418884277344,433.8587341308594,427.7015075683594,418.8393859863281,411.72607421875,407.3096008300781,404.31072998046875,399.35955810546875,397.2802429199219,394.4009094238281
sample_2a99a7fb37856af8,436.6594543457031,433.7586364746094,432.8090515136719,431.38348388671875,428.1805419921875,426.4495544433594,423.2149658203125,425.5503234863281,425.5516662597656,424.68621826171875,426.67181396484375,424.5608215332031
sample_ad1f38e9c28165a9,534.5724487304688,518.0567016601562,504.06097412109375,490.4725646972656,482.089599609375,466.3624267578125,454.8980712890625,444.38409423828125,433.43701171875,427.4525451660156,422.4180603027344,413.72265625
sample_ff87e7071fb59f3d,286.88507080078125,292.7215270996094,302.61077880859375,313.66339111328125,322.1888427734375,333.7318420410156,343.3141784667969,352.4656982421875,357.67620849609375,365.18182373046875,372.1335754394531,377.90771484375
sample_9f3e595bddbfe638,370.9215087890625,374.426025390625,380.50543212890625,387.528564453125,396.51165771484375,404.1349792480469,414.0906677246094,420.0555114746094,427.91278076171875,430.7610778808594,437.9560241699219,443.42169189453125
sample_bbad2aae141d12b0,358.6689453125,363.71466064453125,373.30609130859375,377.9775085449219,380.8816833496094,383.20184326171875,384.2843933105469,387.4453125,390.0202941894531,386.75628662109375,391.13800048828125,387.3598327636719
sample_ff6d35da5c7f4f40,342.1714172363281,350.5743408203125,360.9998474121094,374.7799072265625,388.4716796875,404.0010681152344,419.86273193359375,433.43182373046875,444.2117614746094,452.7531433105469,464.16009521484375,472.3278503417969
sample_3472a7565457924f,403.2447814941406,400.1747131347656,398.1625061035156,398.5066833496094,396.7145080566406,397.47021484375,398.0086364746094,400.5367736816406,403.69232177734375,405.2852478027344,408.77923583984375,411.3569641113281
sample_c725d6687d1c9277,368.4415588378906,368.39910888671875,370.7759094238281,372.49603271484375,374.33551025390625,375.3976135253906,377.96441650390625,380.40374755859375,384.96466064453125,385.230712890625,388.69720458984375,390.13555908203125
sample_b9a43be7631c4b22,567.9639892578125,551.9136352539062,538.3391723632812,524.183837890625,515.2274780273438,497.1144104003906,485.1839599609375,473.9603576660156,462.4413757324219,453.3573303222656,447.7060546875,439.83697509765625
sample_3ca5e979d651349c,334.75445556640625,337.8772888183594,344.8323669433594,349.7769470214844,354.1112365722656,359.587890625,360.8128356933594,366.36395263671875,372.39666748046875,374.435546875,377.12872314453125,380.27008056640625
sample_55b4e1b2b1501808,397.90869140625,392.5842590332031,389.898193359375,385.2736511230469,382.6285705566406,380.50311279296875,376.818603515625,378.6893005371094,377.9937744140625,378.36407470703125,378.3782958984375,380.8310241699219
sample_66bf35708e73c5fc,334.1004943847656,338.77154541015625,347.4996337890625,354.0178527832031,359.42498779296875,366.5787353515625,371.5997314453125,377.1063537597656,384.41607666015625,386.1094665527344,392.076171875,394.2596740722656
sample_66a3d6252321425d,316.6562194824219,319.44354248046875,324.2931823730469,329.0894775390625,338.13885498046875,342.0201416015625,350.6469421386719,356.42498779296875,362.29034423828125,366.1928405761719,373.74755859375,381.37200927734375
sample_877d5887ddbd37b7,459.86767578125,455.5785827636719,455.0727233886719,452.03570556640625,449.076904296875,445.478759765625,441.80340576171875,443.1435241699219,442.4796142578125,440.7054138183594,442.54833984375,438.9281921386719
sample_43d828da0cdea957,609.8651733398438,592.7176513671875,578.6443481445312,563.9435424804688,554.7393798828125,535.7739868164062,523.4530639648438,512.4993286132812,500.1529235839844,490.1182861328125,485.42510986328125,476.0635986328125
sample_97642b206f7e6ae1,373.0375061035156,390.6174011230469,408.934814453125,426.35760498046875,444.2914123535156,458.3460998535156,474.1648254394531,489.05224609375,494.5823974609375,500.5480041503906,505.64239501953125,506.20379638671875
sample_5009e3710dbbe0c3,374.9691162109375,376.03900146484375,379.5885009765625,381.91156005859375,381.998046875,383.0919494628906,384.0551452636719,385.6283264160156,390.60888671875,388.5296630859375,391.88580322265625,392.95513916015625
sample_d3e2642b627d9b0c,648.2521362304688,632.1949462890625,622.3677368164062,611.0451049804688,603.4292602539062,588.4249877929688,577.6891479492188,567.3840942382812,556.0073852539062,552.1541748046875,548.2307739257812,535.7142333984375
sample_5ae06034419c5b18,330.5040283203125,333.4700012207031,339.4845886230469,345.3547668457031,351.7235107421875,357.6578063964844,364.4544982910156,370.180908203125,376.66015625,380.4804992675781,386.9599914550781,391.87298583984375
sample_6d2543dd4b2bb916,326.98516845703125,329.4933776855469,336.2973327636719,342.76019287109375,346.9110412597656,353.2778625488281,358.6734619140625,363.2351379394531,369.0408935546875,372.2049865722656,377.6490478515625,380.82135009765625
sample_88a558c0baaa41cd,400.2988586425781,396.9676818847656,396.09356689453125,393.3994140625,391.54901123046875,387.7188720703125,384.7113952636719,383.0401611328125,385.71221923828125,384.75994873046875,386.48516845703125,386.5627746582031
sample_872e46b6258c89e9,335.5766906738281,339.3303527832031,347.3533935546875,354.984375,360.2308654785156,367.0364990234375,373.35003662109375,379.1571960449219,384.1980895996094,386.6138610839844,392.5434875488281,394.81683349609375
sample_0e74ac3d876ebbb6,352.5024719238281,352.4882507324219,354.27838134765625,355.2784423828125,360.02374267578125,360.6845397949219,365.699462890625,368.0054626464844,372.5986022949219,373.38836669921875,379.2102355957031,383.0477294921875
sample_0404a86e7f607c67,593.9677124023438,582.4590454101562,576.966064453125,568.9152221679688,565.5570068359375,556.8710327148438,550.2894287109375,545.6553344726562,538.02880859375,538.0841064453125,541.1124267578125,530.79345703125
sample_4fc21df0fb63561a,294.124755859375,300.6531066894531,310.9445495605469,320.3000793457031,328.3890380859375,338.93853759765625,345.27923583984375,353.7640075683594,361.12957763671875,366.33441162109375,372.1221008300781,377.7444152832031
sample_f83d8b1783e7b2cd,509.0590515136719,495.70458984375,485.56207275390625,474.58221435546875,466.941650390625,454.1197814941406,445.6167297363281,439.0248107910156,431.5821533203125,425.46075439453125,422.6848449707031,415.8703918457031
sample_af141dc2aeb8ebba,339.6271057128906,344.2350158691406,351.7004089355469,359.6783447265625,367.82489013671875,376.5501708984375,383.1437072753906,391.46905517578125,399.70233154296875,405.1439514160156,409.4825134277344,415.3074035644531
sample_4827977dbb8914d8,357.3821716308594,361.4772033691406,369.3191833496094,373.5630187988281,376.5805969238281,380.3240661621094,380.013671875,384.6758117675781,389.1016845703125,388.10638427734375,391.0903015136719,390.7478332519531
sample_70c964e110701fac,445.6510009765625,435.5357360839844,429.368896484375,421.0805358886719,415.7192077636719,408.3336486816406,402.8250427246094,399.8384094238281,395.11767578125,393.6195373535156,393.32794189453125,389.7889099121094
sample_e9aee730c123d5c1,341.45263671875,342.81353759765625,345.6177978515625,348.1234130859375,353.8841247558594,355.1357116699219,360.8516540527344,364.2096862792969,369.0551452636719,370.9029235839844,376.546142578125,381.24945068359375
sample_bc4c597c92473108,323.91168212890625,333.3522033691406,346.084228515625,359.56658935546875,371.73529052734375,386.168212890625,398.8711242675781,410.43182373046875,421.1119689941406,428.4013671875,436.6335754394531,442.5544738769531
sample_262c736adc6c5019,329.6413269042969,332.5068359375,339.72125244140625,346.7359924316406,350.70526123046875,356.40673828125,361.36944580078125,366.1097106933594,370.8391418457031,373.04901123046875,378.3796081542969,379.9614562988281
sample_e025211f2fe1bba9,398.62127685546875,398.763427734375,399.52374267578125,398.700927734375,397.49169921875,394.85101318359375,392.7716979980469,392.6533203125,396.3799133300781,393.2991027832031,396.51849365234375,392.4085693359375
sample_1ceb8c8fe3c7ca4a,476.6177978515625,466.2008056640625,456.2576599121094,446.03863525390625,437.3431091308594,426.5780944824219,414.936279296875,408.09600830078125,402.56256103515625,397.65118408203125,390.6123962402344,387.253173828125
sample_9ee88231525d142e,438.2045593261719,442.390380859375,445.55560302734375,446.63720703125,444.88897705078125,438.3369140625,434.78314208984375,430.1656188964844,430.7379150390625,423.85321044921875,427.4027099609375,420.46063232421875
sample_40b986f7b4427a7f,392.072021484375,392.6380920410156,394.6843566894531,396.3155822753906,395.5338134765625,395.8500671386719,395.8053283691406,398.6071472167969,401.9131774902344,401.5375671386719,403.7053527832031,401.96856689453125
sample_151cc436690464d7,379.9313049316406,380.1849060058594,382.7218017578125,384.0574645996094,384.7935791015625,384.54486083984375,384.406494140625,386.5147705078125,390.1729431152344,388.74554443359375,391.3587341308594,392.4593505859375
sample_ee0d7b26993cb674,328.043701171875,333.4517517089844,342.54132080078125,351.5472717285156,358.5132141113281,367.73797607421875,375.10198974609375,382.07244873046875,390.0927734375,393.58758544921875,400.6017761230469,404.58306884765625
sample_84bed29fbc57ab27,527.044189453125,523.5772094726562,520.4520263671875,516.3714599609375,512.2025756835938,505.0161437988281,497.38909912109375,490.7536926269531,489.2313232421875,486.2914733886719,482.2568359375,476.2200622558594
sample_8413ee6579848760,377.50384521484375,377.1530456542969,378.8962707519531,380.5541076660156,385.37677001953125,388.03057861328125,394.0481872558594,397.2503662109375,402.45269775390625,402.8198547363281,409.8445129394531,412.8092041015625
sample_d4ca851de150a95d,357.0841369628906,357.96722412109375,362.3695983886719,365.7710266113281,368.328125,370.6986389160156,372.401123046875,375.7029113769531,380.0844421386719,382.3561706542969,384.615478515625,386.9902648925781
sample_92b85bdd8100654e,599.9326782226562,582.429443359375,565.0889892578125,544.1161499023438,531.3379516601562,507.6287841796875,490.8682861328125,472.15692138671875,458.61083984375,450.6820068359375,437.5541076660156,432.52655029296875
sample_b5bb7212b4c2d8e5,377.5299987792969,378.7311706542969,381.7029724121094,384.250244140625,384.3416748046875,385.0636901855469,385.9951477050781,387.74444580078125,392.01239013671875,390.4118347167969,393.76763916015625,391.8466796875
sample_8f0f48364afeac73,343.3032531738281,348.1135559082031,357.5418395996094,363.05975341796875,366.9440002441406,371.89666748046875,372.9134521484375,378.40802001953125,382.0093994140625,381.8150634765625,385.38580322265625,384.49212646484375
sample_31ed00ea7b071c9b,463.2114562988281,452.1392517089844,444.28515625,434.28619384765625,428.0182189941406,419.0583190917969,411.1400146484375,407.06549072265625,401.3433837890625,398.4135437011719,395.21575927734375,390.577880859375
sample_b3f5239c1b9c786c,373.775146484375,377.427490234375,382.5194396972656,389.52874755859375,394.84869384765625,399.740478515625,406.90081787109375,412.299560546875,417.387939453125,419.8028869628906,424.541259765625,427.2384033203125
sample_aed63f97fe1b4092,699.2021484375,677.0635375976562,657.17041015625,636.369384765625,623.6353759765625,598.50732421875,581.533203125,565.4891357421875,547.849609375,535.013427734375,524.8314819335938,515.0980224609375
sample_a94260b52063949c,290.15869140625,296.77569580078125,307.194580078125,318.0028991699219,326.3956298828125,336.9227294921875,345.206787109375,354.22503662109375,358.4766540527344,364.15411376953125,370.70867919921875,374.7437744140625
sample_2140a087dbe1daae,326.72711181640625,333.8573913574219,344.98712158203125,352.1440124511719,358.8959045410156,364.1610412597656,369.2889404296875,374.49957275390625,377.30322265625,376.6449279785156,381.8782958984375,381.0931091308594
sample_c374bcd814e10126,336.8609924316406,343.30096435546875,354.0146484375,360.15167236328125,365.3763732910156,371.6060485839844,372.6792907714844,379.42498779296875,384.61126708984375,384.42144775390625,387.759033203125,387.37396240234375
sample_c55e1051ac31ba74,344.2735290527344,345.0787048339844,347.8860778808594,349.3629150390625,353.78375244140625,353.7822570800781,357.50146484375,360.5028991699219,364.5069274902344,365.9100036621094,369.9915771484375,374.2414245605469
sample_71cb05b161000a41,499.9427185058594,484.61517333984375,472.67266845703125,459.5644836425781,451.2655029296875,440.4073486328125,428.49383544921875,421.0552978515625,411.20697021484375,409.96173095703125,402.9074401855469,395.9330749511719
sample_c4c8d6191a9b2849,477.65325927734375,470.62982177734375,464.4121398925781,457.2897644042969,449.4085693359375,439.0843505859375,430.5113220214844,423.6451721191406,419.6144104003906,416.7755126953125,410.45428466796875,404.7940979003906
sample_deb122c4449c1edf,423.9075622558594,421.81353759765625,419.771240234375,417.4913330078125,412.0867919921875,407.2252502441406,401.45751953125,399.5841979980469,398.92486572265625,397.2739562988281,395.7316589355469,390.8223571777344
sample_395eb28e4451d70c,497.3905029296875,505.9085998535156,511.8057556152344,516.1505126953125,522.8756103515625,525.8553466796875,531.733642578125,539.5029296875,546.36181640625,545.2255859375,546.9569091796875,549.15185546875
sample_8995c361f2cb5b1b,302.0829772949219,309.06024169921875,319.3336181640625,328.8706359863281,336.8330383300781,346.8066101074219,352.5470275878906,361.23858642578125,367.48101806640625,371.5146789550781,377.55938720703125,381.8573913574219
sample_871c80a90b7db5b4,365.9692077636719,365.211669921875,365.8961486816406,365.9131164550781,368.3133850097656,368.51239013671875,372.0242614746094,374.9638977050781,378.1794738769531,378.33526611328125,383.0256042480469,386.3324890136719
sample_434617555473c444,404.4601135253906,403.73138427734375,404.7007141113281,403.9829406738281,402.5475769042969,399.0218200683594,396.30859375,397.363037109375,399.9134216308594,397.9180603027344,398.1856689453125,397.0691833496094
sample_d531edcf4472fac3,295.7902526855469,305.06231689453125,317.1950988769531,331.4093322753906,343.5350646972656,358.1761169433594,370.6214599609375,383.05218505859375,390.0209045410156,399.16571044921875,407.69366455078125,413.4447326660156
sample_356d468a9c821030,463.8079833984375,454.486572265625,448.1607971191406,439.9652099609375,433.91943359375,424.8789367675781,417.8166198730469,413.9909362792969,409.722900390625,405.36834716796875,404.0231628417969,400.6817626953125
sample_5f1d94887e27b5cd,331.0840148925781,334.7899475097656,341.4224548339844,347.95880126953125,354.38037109375,360.6675109863281,365.84228515625,372.21820068359375,378.9779357910156,382.6260070800781,387.38800048828125,392.3164978027344
sample_2c077c37c522d246,300.7216491699219,321.9585266113281,341.76837158203125,366.417236328125,390.74407958984375,412.742919921875,436.04974365234375,458.2082214355469,464.2978820800781,478.34088134765625,487.61944580078125,494.38885498046875
sample_77d1b01b4f2a5b81,467.86529541015625,461.1898193359375,458.59259033203125,455.06719970703125,451.0284423828125,447.87030029296875,444.1895446777344,443.8215026855469,442.852783203125,442.3988342285156,444.4684143066406,440.6842041015625
sample_eefda8df6f8a10fe,426.29693603515625,433.94232177734375,441.45953369140625,444.41619873046875,445.6632385253906,446.7392272949219,442.1964111328125,442.1639404296875,443.7156066894531,439.3058776855469,440.53155517578125,435.23077392578125
sample_e67de06055d7142d,403.4911193847656,402.103271484375,401.389404296875,400.3057556152344,396.2373352050781,393.39239501953125,389.732421875,390.4198303222656,390.7886657714844,388.8413391113281,388.23651123046875,385.4940185546875
sample_09da8e5d12370b79,340.0730285644531,347.3726806640625,357.69464111328125,368.79644775390625,377.78338623046875,388.4108581542969,398.732666015625,408.069091796875,414.66314697265625,420.3411865234375,427.66009521484375,430.24017333984375
sample_7c9d8bb716109e60,416.9366760253906,418.1340026855469,420.214111328125,419.990478515625,417.3557434082031,414.0643310546875,407.59600830078125,405.5223693847656,406.5776062011719,403.25189208984375,402.6263122558594,398.6623229980469
sample_6eecddc74f34d453,328.85235595703125,331.7499694824219,338.2974548339844,344.4462890625,349.5238037109375,354.6912536621094,359.8966064453125,364.8758239746094,369.4920959472656,370.8653564453125,375.4427795410156,378.4624328613281
sample_60da699797673f53,611.9760131835938,597.49755859375,586.590087890625,574.8717041015625,567.8544921875,550.7222290039062,540.912353515625,529.862060546875,519.2069702148438,510.78680419921875,508.2131042480469,498.82525634765625
sample_2e21d3b9357cebb8,391.78314208984375,388.3473205566406,386.41961669921875,383.7873229980469,381.29534912109375,380.09881591796875,376.90802001953125,379.4096374511719,379.9220886230469,380.2035827636719,380.805419921875,382.7967834472656
sample_e4f2b4aa18a1b8ab,312.3995666503906,315.66748046875,321.154541015625,326.54449462890625,335.7361755371094,340.18243408203125,347.8338623046875,354.3910827636719,360.53326416015625,365.14422607421875,371.6574401855469,379.42559814453125
sample_bbaa438c3c562673,392.19866943359375,389.1382751464844,387.9893798828125,386.08551025390625,382.8645324707031,381.8167419433594,377.7825622558594,379.7621765136719,381.5289001464844,380.7503662109375,382.1629638671875,381.7135009765625
sample_07aa6839c4513f46,397.321044921875,411.041748046875,426.15655517578125,433.99957275390625,442.1124267578125,447.4751892089844,449.10528564453125,454.43182373046875,455.81280517578125,452.2425537109375,455.51165771484375,448.97686767578125
sample_1945d48433ecec6b,373.3330383300781,372.613525390625,373.1810302734375,373.2356872558594,374.8208923339844,373.2826232910156,375.77874755859375,378.6251525878906,381.03009033203125,380.9037780761719,383.7244567871094,387.0859069824219
sample_76c778cc89ef6ff0,451.250244140625,442.23931884765625,437.7164306640625,429.8744812011719,426.5762939453125,422.64239501953125,418.5546569824219,417.9163818359375,415.6360168457031,415.13916015625,417.00286865234375,414.69329833984375
sample_01de77a50fd2a4bd,348.46923828125,352.9006652832031,360.65899658203125,367.7860107421875,373.8497314453125,381.4212951660156,386.70709228515625,393.15380859375,401.41387939453125,404.5531005859375,408.7228088378906,412.5359802246094
sample_c7e3085ebf746204,303.7325744628906,312.09637451171875,324.2924499511719,336.38433837890625,346.45953369140625,358.5956115722656,368.09686279296875,378.8013000488281,383.8973693847656,390.8158874511719,397.85089111328125,401.0677795410156
sample_816a421f23fc0b14,391.20404052734375,390.40771484375,390.92938232421875,391.0684814453125,389.08642578125,389.78399658203125,387.7144775390625,391.2961120605469,393.3551330566406,393.51287841796875,396.524658203125,395.1793518066406
sample_678afd458091b004,369.015625,376.8852233886719,388.1674499511719,397.47467041015625,405.54620361328125,415.733642578125,421.6084899902344,430.6521301269531,438.61761474609375,441.9218444824219,444.71484375,446.02459716796875
sample_51c22220998ac5af,434.2802734375,443.61187744140625,454.54327392578125,462.1367492675781,470.7970886230469,472.63336181640625,479.9571228027344,486.1436462402344,487.34222412109375,487.8320007324219,491.781982421875,490.4791564941406
sample_88c8fcfaa8d62dbd,404.8584899902344,401.71539306640625,399.99658203125,397.30889892578125,392.54571533203125,388.0033874511719,382.7057189941406,379.7842102050781,381.9497985839844,380.8718566894531,378.94720458984375,376.73712158203125
sample_50a5832da282a3b9,448.3348388671875,458.58160400390625,467.7938232421875,471.56658935546875,473.8710632324219,473.779296875,473.35845947265625,473.4792175292969,474.14068603515625,467.04052734375,471.11724853515625,464.1409912109375
sample_1d5609021aa4ad02,369.8762512207031,369.8961486816406,372.0378723144531,373.5259704589844,374.0825500488281,374.9482421875,376.35906982421875,378.91815185546875,382.4161682128906,382.8902282714844,385.6152648925781,386.07635498046875
sample_a1b492ad5f15e8c5,389.3104248046875,387.9419250488281,387.0522766113281,386.2681579589844,383.54345703125,382.6996765136719,379.272216796875,381.6588134765625,383.8214111328125,382.846435546875,383.922119140625,384.5562744140625
sample_a2443b0d68d35cbe,399.32037353515625,397.3283386230469,395.3820495605469,393.8422546386719,389.41168212890625,386.03131103515625,382.0572814941406,382.14013671875,382.4128723144531,380.47314453125,380.0903015136719,377.6777038574219
sample_2c0c274b58f2e90e,630.480224609375,612.6619262695312,596.9502563476562,578.2241821289062,567.1012573242188,544.16796875,529.8126831054688,512.3637084960938,498.192138671875,488.8569030761719,478.6848449707031,471.29931640625
sample_247b0323ef6df665,325.4597473144531,331.1988525390625,341.38916015625,348.5561218261719,353.9947204589844,361.2625732421875,364.77276611328125,371.184326171875,376.80865478515625,378.4369812011719,383.33941650390625,385.2028503417969
sample_34ace74be81fb1d4,405.8763427734375,400.13653564453125,397.5648193359375,393.5877380371094,390.0284423828125,388.8131408691406,384.4615478515625,386.2147216796875,385.794189453125,387.01397705078125,388.2912902832031,387.5679626464844
sample_a1af915e85e09bb8,460.1525573730469,458.1811828613281,458.59600830078125,456.9502868652344,455.62835693359375,454.0145568847656,452.4842834472656,453.20965576171875,455.2161865234375,454.342041015625,456.73126220703125,454.3404846191406
sample_6b5a967fa3278e28,319.3423767089844,328.3033752441406,340.1392822265625,354.39239501953125,367.22235107421875,382.76275634765625,396.4694519042969,409.2386169433594,419.76055908203125,429.0009765625,437.8667907714844,444.44085693359375
sample_1a0fba64f69ca0c2,414.984375,407.8125915527344,403.7587585449219,396.859130859375,392.7146911621094,388.6441955566406,383.7723388671875,383.3536682128906,380.8767395019531,380.8184509277344,379.53863525390625,379.7739562988281
sample_db44b9a04b7248c5,360.6292724609375,361.610107421875,366.0987243652344,368.45672607421875,372.5156555175781,374.56427001953125,376.21142578125,379.6080017089844,385.25689697265625,387.2920227050781,389.6258544921875,392.05902099609375
sample_bc1ec06a692c5ac9,387.820556640625,386.47613525390625,386.972412109375,389.16748046875,390.3368225097656,392.0599670410156,394.7230224609375,397.755859375,402.59295654296875,404.3126525878906,408.0163269042969,410.1507568359375
sample_e32638c0637fc6c5,307.94110107421875,312.224365234375,319.65875244140625,327.8271179199219,334.92474365234375,343.1033630371094,349.179931640625,356.3843078613281,363.0125732421875,368.5686340332031,374.41094970703125,379.92071533203125
sample_7988926eee839aca,375.3441162109375,374.81134033203125,375.5906677246094,375.5909118652344,378.5241394042969,378.2358093261719,381.78997802734375,385.1948547363281,387.9902038574219,388.6480712890625,392.1064147949219,396.7760009765625
sample_aa9b42f745d445ea,387.0740051269531,384.9623718261719,384.41998291015625,383.085693359375,381.6962585449219,383.07171630859375,381.2917785644531,385.2181396484375,387.82830810546875,388.11712646484375,391.85528564453125,393.1988830566406
sample_f97245142f93c3c2,342.0091552734375,347.881103515625,357.29193115234375,363.6303405761719,368.719482421875,374.80303955078125,376.4435119628906,382.6046447753906,388.4681396484375,388.5098876953125,391.9569091796875,392.5140686035156
sample_180a9803103a6895,465.5919494628906,455.7871398925781,446.5772705078125,437.41925048828125,429.0435791015625,418.4716796875,408.44403076171875,401.08245849609375,396.65142822265625,391.85040283203125,386.6177062988281,382.5268859863281
sample_c555935c2f73f79b,458.1080322265625,447.2671813964844,439.1462707519531,429.8482971191406,423.7308654785156,414.2649841308594,407.3450622558594,401.54345703125,397.0418701171875,393.7254943847656,392.6406555175781,388.0207214355469
sample_9f1d4bbc234524db,411.6756286621094,411.39971923828125,414.349853515625,415.9282531738281,419.390380859375,420.7333068847656,424.9156799316406,428.17071533203125,432.6067199707031,433.2210998535156,438.5978088378906,438.8130798339844
sample_abb7a56e24389c96,408.4383239746094,406.1071472167969,405.13214111328125,403.07781982421875,400.9058532714844,396.7674865722656,394.2261047363281,395.6604919433594,396.0278015136719,394.620361328125,394.1422119140625,393.6453857421875
sample_3732236bbab0d830,467.009765625,462.4257507324219,457.3784484863281,448.8282470703125,440.6721496582031,429.06549072265625,419.52813720703125,411.3977355957031,405.96148681640625,401.6715393066406,396.0470275878906,390.8489685058594
sample_29d36bbdaa58d4b7,368.23175048828125,369.8827819824219,373.4423828125,377.1138610839844,380.6844482421875,383.7320556640625,388.4960632324219,392.49615478515625,395.66412353515625,398.1255798339844,403.02801513671875,404.1119384765625
sample_7aceed137faba57c,456.0102233886719,457.84716796875,460.771240234375,461.4051208496094,476.05950927734375,481.1296081542969,492.1210632324219,502.9436340332031,509.95953369140625,512.778564453125,522.411865234375,530.0363159179688
sample_b67f588123d328ba,495.495849609375,482.90264892578125,475.2850341796875,465.12896728515625,458.3679504394531,449.5288391113281,439.52490234375,436.7400817871094,428.9529724121094,426.2021789550781,420.4798889160156,414.8051452636719
sample_a12106d4461047dc,349.14825439453125,362.304443359375,379.1558837890625,392.4294128417969,403.675537109375,417.173583984375,425.8504333496094,437.3945617675781,444.5457458496094,448.6647033691406,452.84912109375,454.3349914550781
sample_0be45381339e8ba3,354.2171936035156,356.2862243652344,360.5050354003906,364.63482666015625,369.0567321777344,372.4189758300781,378.0665588378906,382.5063171386719,387.3392333984375,389.3768005371094,395.2250061035156,399.2726745605469
sample_2a3aa19025e9b33f,660.6795654296875,645.1907958984375,634.6729125976562,623.4991455078125,617.4541015625,601.8128051757812,592.42138671875,583.9501953125,572.504150390625,566.7382202148438,566.57177734375,555.15576171875
sample_47a1551aba399a9e,349.3070983886719,351.9492492675781,358.5962219238281,364.1819763183594,367.0047912597656,371.06634521484375,375.013671875,378.3470153808594,383.20361328125,383.00238037109375,388.0302429199219,388.190673828125
sample_22dc4abdf1b834e8,656.8938598632812,641.4122924804688,630.7567749023438,618.0781860351562,612.1170654296875,593.7301635742188,584.3320922851562,571.2993774414062,558.9163208007812,552.083251953125,550.1654052734375,539.6051635742188
sample_a91913d81a21ac0b,527.9214477539062,512.591796875,500.8948059082031,488.5975341796875,481.4657287597656,466.7204284667969,457.67236328125,449.34344482421875,439.50848388671875,433.6585388183594,430.721923828125,422.60125732421875
sample_73a368567e7780f3,458.79010009765625,455.180908203125,454.8853454589844,451.5482177734375,450.5804443359375,447.48602294921875,445.5008544921875,446.84185791015625,447.2046203613281,446.06146240234375,449.41583251953125,446.450439453125
sample_333f0aad6865e2f8,404.9134216308594,403.03460693359375,402.6983337402344,401.21875,399.550048828125,395.7644348144531,393.4730529785156,395.7181396484375,396.2810363769531,395.26068115234375,395.1806335449219,395.01690673828125
sample_727772a6f0825aa9,429.11328125,425.29815673828125,424.1421813964844,421.09356689453125,417.19549560546875,413.476318359375,409.3752136230469,409.35540771484375,409.2220458984375,408.6265869140625,407.1835021972656,406.7067565917969
sample_00d798f472a23517,452.72308349609375,444.6227722167969,439.23089599609375,432.627685546875,426.31427001953125,421.6679382324219,413.01068115234375,411.0011291503906,408.0959167480469,406.80999755859375,403.27935791015625,399.3402099609375
sample_6470ccdbf813a11f,443.2446594238281,470.2405700683594,495.0220642089844,513.305908203125,534.4223022460938,549.234619140625,562.5671997070312,577.7980346679688,587.0029296875,587.015380859375,586.7537231445312,584.5226440429688
sample_50453794fc0ad68c,558.5380249023438,548.5288696289062,541.6475219726562,533.412353515625,526.1449584960938,512.5148315429688,505.2991638183594,495.9671936035156,489.3433837890625,482.9820556640625,480.6291809082031,471.13824462890625
sample_0cc527cf836d01fb,347.2988586425781,348.087890625,350.16912841796875,351.77020263671875,357.461669921875,358.74090576171875,365.575439453125,368.55206298828125,373.08660888671875,374.4454650878906,381.0942687988281,385.9454040527344
sample_a6c2664c9f5425f7,330.3034973144531,333.0882873535156,339.137451171875,344.6192932128906,349.9639892578125,355.3143615722656,360.9105224609375,366.02496337890625,372.3424072265625,375.42510986328125,381.29876708984375,385.5431213378906
sample_bb35d85856e1beb4,408.1617126464844,407.23992919921875,406.9034729003906,406.302001953125,402.6236877441406,401.3142395019531,395.8301086425781,396.89947509765625,398.5679016113281,397.0072021484375,397.34228515625,394.33807373046875
sample_3631f1f348ac1108,360.4662170410156,364.4292297363281,372.5970153808594,376.976318359375,379.4305725097656,383.53076171875,384.73199462890625,388.4114074707031,394.32183837890625,392.25018310546875,396.51519775390625,395.3023681640625
sample_1a04caae62699127,347.8545227050781,355.0152282714844,365.681396484375,373.614990234375,380.63336181640625,385.8303527832031,392.0923156738281,397.9233093261719,400.4507141113281,400.1527099609375,406.14154052734375,405.03631591796875
sample_960fa1caef385678,539.8344116210938,551.4598999023438,559.0995483398438,566.790771484375,568.971923828125,570.8479614257812,568.5580444335938,575.1775512695312,573.4453735351562,569.5186157226562,566.8831176757812,558.7213745117188
sample_cc7603d896bdd9ff,339.8417053222656,344.26312255859375,352.8883361816406,360.60455322265625,366.42498779296875,374.92218017578125,381.5677185058594,387.475830078125,395.90625,399.14056396484375,405.2731628417969,408.08856201171875
sample_886bb8cf909a268f,475.6565856933594,465.63787841796875,455.8966064453125,445.8982849121094,437.5808410644531,426.0741271972656,415.4537353515625,408.045166015625,403.0093994140625,397.27508544921875,390.63623046875,387.36358642578125
sample_1d5146b4bb32d83e,327.73565673828125,330.34649658203125,334.9009094238281,339.4945068359375,346.301025390625,349.7569580078125,355.8937072753906,361.1334533691406,366.5279235839844,369.7718200683594,375.58367919921875,381.6005859375
sample_40871573ff6cc7ac,286.27874755859375,293.96844482421875,305.7923889160156,315.309326171875,323.8837585449219,334.51904296875,340.5457458496094,349.6012878417969,356.0189208984375,360.75372314453125,366.4869384765625,371.7418212890625
sample_57ec0beb7ffab72c,699.2728271484375,690.5477294921875,681.2252807617188,664.3301391601562,660.1708374023438,636.4303588867188,625.953125,607.9298706054688,591.2525024414062,581.4107055664062,575.1954345703125,564.9389038085938
sample_57ee8a4877ee9e22,578.4385375976562,560.6729125976562,543.0326538085938,524.611328125,512.1873779296875,492.6208801269531,476.2072448730469,462.1365966796875,449.89495849609375,440.6091003417969,430.39154052734375,423.74407958984375
sample_84253c16b1516624,332.3044738769531,334.1791076660156,339.1440124511719,342.63482666015625,348.20068359375,351.4833984375,354.7722473144531,359.4859619140625,365.1895751953125,368.3386535644531,372.0125732421875,377.18939208984375
sample_8f4010148b12fab2,429.08319091796875,423.10455322265625,419.3979797363281,415.678466796875,410.9656066894531,407.84478759765625,404.6720886230469,401.431640625,402.3831787109375,402.1371765136719,403.6932373046875,401.6015625
sample_177e76450ceb8451,448.5936584472656,445.00408935546875,441.27105712890625,436.25909423828125,430.2297058105469,422.2058410644531,414.404296875,409.2960510253906,408.54156494140625,405.7941589355469,401.245361328125,396.5557861328125
sample_d9fea069c7602f78,431.3976745605469,427.39410400390625,425.88519287109375,422.6389465332031,418.510986328125,414.16387939453125,409.4560546875,408.9469299316406,408.764892578125,407.5980529785156,405.4383544921875,404.7648620605469
sample_a44665b8c792a57c,538.886962890625,541.0833129882812,539.2772827148438,533.9573974609375,532.6403198242188,520.4428100585938,511.4660949707031,501.8740539550781,496.8668518066406,488.4872741699219,485.0620422363281,477.5809326171875
sample_8e2952dc6dd1f137,396.84619140625,399.9942321777344,407.0413818359375,409.9593811035156,411.07373046875,411.3794250488281,412.32318115234375,412.31817626953125,416.2004699707031,412.3804626464844,416.48077392578125,412.23077392578125
sample_55bca5d7fe5f89b6,376.2973937988281,378.0298156738281,382.3944091796875,384.7261657714844,384.6656799316406,385.8925476074219,386.7944030761719,388.0486755371094,393.0660400390625,390.51837158203125,393.8257141113281,394.3292236328125
sample_11147555db6c6456,316.4998779296875,322.25006103515625,331.68060302734375,339.66339111328125,345.7134094238281,353.3039245605469,357.531494140625,364.2758483886719,369.90625,372.0487365722656,377.494873046875,379.7567443847656
sample_fb22010ae4ee0a9c,569.1483154296875,556.0089111328125,541.34033203125,524.8628540039062,512.5655517578125,494.7107238769531,479.1839599609375,464.6383361816406,453.8470458984375,449.3330078125,436.9639892578125,430.3947448730469
sample_87f6964f287cf2b5,446.691650390625,445.89752197265625,446.7739562988281,445.6969909667969,456.70794677734375,459.51678466796875,466.19598388671875,473.91986083984375,479.98248291015625,481.9670715332031,490.4052429199219,494.8594970703125
sample_769051c6a33446ff,505.5494384765625,493.0752868652344,485.0073547363281,476.1458740234375,469.6558532714844,456.0899353027344,447.5429992675781,440.8993835449219,434.809814453125,430.4189147949219,427.9710693359375,422.8057861328125
sample_ee08597caf2fd5f5,628.22265625,614.550537109375,606.3966674804688,595.9644165039062,589.2311401367188,574.6273193359375,565.0074462890625,553.7265014648438,544.47802734375,541.2440185546875,535.7864379882812,525.0382690429688
sample_397444acb95e4be1,535.7275390625,520.4638671875,508.6169738769531,494.9112548828125,487.74041748046875,471.4134521484375,460.8521728515625,451.743408203125,442.1202392578125,435.62744140625,432.03997802734375,425.16033935546875
sample_aacd025006b6978a,514.5350952148438,510.8473815917969,504.4935302734375,490.6302795410156,484.4602966308594,468.28009033203125,453.90460205078125,441.9536437988281,431.3932800292969,421.1866455078125,414.86944580078125,408.64117431640625
sample_5d8404a0125ed0e6,375.67999267578125,379.83843994140625,387.81951904296875,390.9021301269531,391.88671875,393.2237854003906,391.86297607421875,393.8893737792969,397.46832275390625,392.74609375,396.20513916015625,391.54937744140625
sample_9a4b2f2e9c371df2,362.6488342285156,386.891845703125,411.07568359375,435.2462463378906,460.17138671875,484.120361328125,507.2243957519531,527.970947265625,542.0504150390625,553.1619873046875,559.0311279296875,565.4901733398438
sample_9efe55142e8b4c3b,379.523681640625,380.27789306640625,382.6297912597656,384.09674072265625,383.307373046875,384.11083984375,384.1665954589844,385.728759765625,389.8548889160156,388.63507080078125,391.37896728515625,389.0032653808594
sample_66fa5d7abc5c14cd,323.6293640136719,327.4295654296875,334.6795654296875,342.28155517578125,348.2744445800781,355.08575439453125,362.082275390625,368.1571960449219,373.0234680175781,375.71783447265625,381.4895935058594,384.98272705078125
sample_4e31a0e6a6542489,351.34808349609375,355.0589904785156,361.3805236816406,368.1733093261719,375.4239501953125,382.81219482421875,392.1715393066406,399.2012634277344,406.3162841796875,410.0851745605469,418.2254638671875,423.0330505371094
sample_794c3ea171999d10,367.0226745605469,368.3475341796875,373.3388671875,376.69329833984375,376.6783752441406,378.7940673828125,379.9478454589844,381.24359130859375,386.6104736328125,384.923828125,387.951171875,387.46673583984375
sample_9664120b601a9c9a,535.1139526367188,529.5921020507812,526.5838623046875,518.5399169921875,516.2396240234375,505.0404968261719,497.7836608886719,487.33673095703125,485.47979736328125,479.87750244140625,475.0576171875,466.73077392578125
sample_eb1a3852057518db,466.9501953125,491.543212890625,512.7996826171875,523.9075317382812,537.444580078125,543.432373046875,545.2373046875,550.8590087890625,550.224609375,544.144775390625,546.9091796875,536.7882690429688
sample_6d68a4e4ac46d954,335.2784118652344,346.411376953125,361.09942626953125,373.1302490234375,383.4864501953125,394.26849365234375,402.44293212890625,412.91656494140625,417.28125,421.0272521972656,427.6768798828125,427.62298583984375
sample_0b3b4e03e46680a6,372.2854309082031,370.8664245605469,370.1421813964844,369.9949645996094,371.5125427246094,372.06866455078125,375.2333679199219,378.1617736816406,381.03289794921875,381.909423828125,387.0110168457031,390.78619384765625
sample_7fa6a4bd3937cd87,389.19744873046875,401.6654968261719,413.8900146484375,428.8730163574219,445.1990661621094,461.3037109375,479.5102233886719,494.6081237792969,509.11395263671875,516.342041015625,525.4816284179688,533.7603149414062
sample_53547fcaf157013a,250.55462646484375,261.7958068847656,275.77862548828125,294.0964050292969,311.1869201660156,331.7523193359375,348.1518859863281,365.7267761230469,374.51092529296875,389.59661865234375,400.1512451171875,411.5291442871094
sample_2e174e4ecbb64efd,388.4385986328125,387.69091796875,387.2193603515625,386.6014404296875,384.7535705566406,381.3789978027344,379.42987060546875,381.26898193359375,383.1538391113281,380.5223083496094,381.8179931640625,381.4244079589844
sample_c04885ec33d4e337,375.44818115234375,377.67889404296875,382.7629089355469,384.8094177246094,385.5382385253906,386.4475402832031,383.448486328125,386.02154541015625,389.1305847167969,387.3103942871094,388.58941650390625,387.5261535644531
sample_186050ee50f707b2,427.98028564453125,422.4284973144531,420.5513000488281,415.5550842285156,411.4724426269531,408.3584289550781,403.34576416015625,403.17742919921875,402.7009582519531,402.3606872558594,402.2020568847656,398.90692138671875
sample_b0bb72ec14fa033b,393.6007995605469,392.0390625,392.2570495605469,393.570068359375,394.4872741699219,395.74249267578125,398.23760986328125,401.0596618652344,405.7616271972656,406.17279052734375,410.0354309082031,411.4732360839844
sample_5fe9aaf6a9de93d7,427.92864990234375,449.93243408203125,471.4640808105469,490.45111083984375,510.29400634765625,527.4517822265625,546.587890625,561.408203125,575.5170288085938,579.7277221679688,582.7236938476562,584.4083251953125
sample_dfb67f69b8951cb4,299.18231201171875,313.9337463378906,328.2105407714844,346.57781982421875,364.66387939453125,381.2756652832031,398.3640441894531,415.0352783203125,420.0032958984375,430.0368347167969,439.2413330078125,444.53497314453125
sample_95cae728bdd54795,390.2878112792969,388.5528259277344,387.3507995605469,386.18115234375,383.0057067871094,381.7619934082031,380.0267333984375,379.92999267578125,382.626220703125,380.7528991699219,382.6252136230469,380.74688720703125
sample_0471243239601ebe,341.5825500488281,357.8910827636719,375.4331970214844,396.5955505371094,418.11553955078125,441.06646728515625,462.4481506347656,482.8590393066406,497.72967529296875,511.47113037109375,520.207763671875,528.8421630859375
sample_14470bed2d6e528e,304.9601745605469,311.3726806640625,321.2779235839844,329.96942138671875,337.4326477050781,346.78900146484375,351.6194763183594,359.58770751953125,366.3899230957031,370.1473388671875,375.2245788574219,379.0833740234375
sample_0d5087989f85f253,460.5439758300781,453.2857666015625,447.6060791015625,441.33050537109375,434.9645690917969,426.55975341796875,419.1626892089844,414.82147216796875,412.3518981933594,407.5709228515625,405.16009521484375,402.3428039550781
sample_233464ba77ab3069,470.1870422363281,481.8546447753906,492.2381896972656,499.44317626953125,504.4970397949219,510.7257385253906,511.1453552246094,517.8656616210938,523.08837890625,520.272216796875,520.2316284179688,516.5398559570312
sample_6d8c3441a17bc19d,314.3378601074219,317.38812255859375,325.1654968261719,332.2976989746094,338.6241760253906,346.5896911621094,354.19384765625,359.6826171875,365.7967834472656,370.5254211425781,376.83056640625,381.6463623046875
sample_097782154d2d9477,375.26519775390625,374.33367919921875,374.6531982421875,374.7562561035156,376.2618103027344,375.05010986328125,377.50537109375,380.1438903808594,381.9823913574219,382.2538757324219,386.1858825683594,387.69097900390625
sample_7fe9d2764f778345,473.60760498046875,464.83837890625,461.3417663574219,453.6849670410156,450.3330383300781,445.79193115234375,441.0944519042969,440.814697265625,437.6338195800781,436.13916015625,438.4339599609375,432.7229919433594
sample_7f49a1d8fa3a4c60,310.38201904296875,314.33349609375,320.80419921875,327.6279602050781,336.186767578125,342.762939453125,350.0111083984375,357.01483154296875,363.6199951171875,369.0331726074219,375.33941650390625,382.1996154785156
sample_d2e27838244acead,424.4898376464844,428.085693359375,431.5135498046875,433.5376281738281,432.3230895996094,428.2669982910156,426.87945556640625,423.0690002441406,425.97119140625,420.30755615234375,424.4457702636719,419.4298400878906
sample_180991e574b1647a,482.8004455566406,478.16265869140625,472.00018310546875,462.83673095703125,456.07257080078125,444.4423828125,433.889404296875,424.635009765625,419.65997314453125,414.151611328125,406.02935791015625,399.68499755859375
sample_2414388268b84d93,709.1661987304688,692.6598510742188,680.1449584960938,667.9531860351562,659.5782470703125,641.7028198242188,629.8256225585938,618.89599609375,605.9337768554688,597.5167236328125,594.2802734375,582.390869140625
sample_8aff832439cbf2e9,336.421875,342.2264099121094,350.92987060546875,361.0758972167969,372.9263000488281,383.90509033203125,395.87628173828125,405.364013671875,413.1664123535156,419.0933837890625,426.8517761230469,432.7940979003906
sample_4cea8feb7e5a0d9e,469.4599609375,462.5202941894531,460.06488037109375,454.8272705078125,450.7157287597656,444.96392822265625,440.8379821777344,439.48248291015625,435.92010498046875,434.97613525390625,435.6070861816406,429.6919860839844
sample_7097d20dd2776517,386.8897705078125,386.8244934082031,388.0965881347656,388.6003723144531,387.3283996582031,385.30426025390625,384.1901550292969,385.55078125,389.0609436035156,386.713134765625,388.12445068359375,387.9867858886719
sample_737866a2260502ef,334.927490234375,344.20263671875,357.9322204589844,368.0794677734375,376.72259521484375,387.2904357910156,394.338134765625,402.953857421875,409.8496398925781,413.0326232910156,418.38446044921875,420.0174560546875
sample_a0df5450472696d8,409.0517272949219,403.3328857421875,398.67529296875,396.9260559082031,393.3655090332031,393.2216491699219,393.853515625,392.49945068359375,394.887451171875,396.7964172363281,400.6499328613281,402.8258361816406
sample_5bf4a6cd65a67cd3,369.5277404785156,386.928955078125,406.1844482421875,424.3737487792969,443.2412414550781,461.901123046875,481.1273193359375,496.3607177734375,510.6473388671875,518.3292846679688,525.1494750976562,530.5213623046875
sample_4d17eb8b5e7e54bc,274.9496154785156,283.9000244140625,297.3485412597656,309.02142333984375,319.0601501464844,330.3238525390625,339.2391662597656,349.5097961425781,352.49822998046875,358.5160827636719,365.01873779296875,368.3466796875
sample_c05a584102ebbce7,348.8618469238281,353.5784606933594,362.2498779296875,367.8609924316406,371.599853515625,377.1811828613281,378.9985046386719,384.2215881347656,390.38140869140625,390.1148376464844,394.2449035644531,394.6012268066406
sample_7dedf0729fca60c0,337.43353271484375,346.7483825683594,360.6546630859375,369.90606689453125,377.9101257324219,386.8849792480469,392.08001708984375,400.1097717285156,405.5611877441406,407.42962646484375,412.1097412109375,412.13433837890625
sample_a3bb69daa5b5d8f2,262.7738342285156,270.0241394042969,279.9721984863281,290.9779052734375,301.03326416015625,313.3616027832031,319.9208984375,330.7877197265625,338.51348876953125,345.95294189453125,352.1989440917969,360.1807861328125
sample_9d2d10630c917b2e,533.9481811523438,515.771240234375,501.03253173828125,486.7193603515625,477.63848876953125,462.6992492675781,451.81011962890625,441.448486328125,430.5476989746094,425.8131103515625,421.6159362792969,412.724609375
sample_fbbb3d0f831965b6,308.9829406738281,319.9550476074219,334.23834228515625,345.931884765625,356.0738830566406,365.3669738769531,373.389892578125,382.6419982910156,384.3442077636719,388.10015869140625,394.15655517578125,393.7940979003906
sample_1d8d98bfce959123,293.4366149902344,299.6371154785156,310.22235107421875,320.22589111328125,328.0079040527344,338.1865539550781,345.79669189453125,354.187744140625,358.88232421875,364.2945556640625,370.5832214355469,374.4681091308594
sample_4b227ee9e37d4f53,294.9203186035156,315.67242431640625,337.574951171875,357.26080322265625,376.2686462402344,394.70770263671875,409.3214111328125,425.9912414550781,431.04425048828125,439.512939453125,447.05938720703125,448.633056640625
sample_6a46e202b9c757f6,436.888427734375,430.8548889160156,425.12030029296875,419.7857360839844,413.19012451171875,405.87945556640625,399.00518798828125,394.638427734375,393.4136657714844,390.5257263183594,386.24932861328125,384.2272033691406
sample_adcec815b1e7c9af,590.849365234375,569.9548950195312,551.7816162109375,533.2129516601562,522.2861938476562,502.1802062988281,487.22662353515625,473.06201171875,458.71282958984375,450.8501281738281,443.4039306640625,434.3038330078125
sample_f956b0bdedf9b355,368.1964416503906,369.5435485839844,372.3816223144531,375.3203125,377.0355529785156,378.8515319824219,381.002197265625,384.6029052734375,387.7791442871094,389.0928039550781,392.395751953125,392.2579040527344
sample_8e005f602b15e588,401.58392333984375,403.7695007324219,408.1725769042969,410.015869140625,410.0567321777344,409.75030517578125,410.22955322265625,409.43511962890625,413.7585754394531,409.5864562988281,413.5924987792969,410.32684326171875
sample_2df57721a14becae,460.60028076171875,452.4735107421875,446.43914794921875,439.76800537109375,433.26409912109375,425.0381774902344,417.5740661621094,413.49603271484375,410.30853271484375,406.2312927246094,402.9268798828125,399.511962890625
sample_92250cbbd618d1be,277.58502197265625,285.17010498046875,296.09747314453125,307.7222595214844,317.2086181640625,330.2138671875,338.5179443359375,348.86907958984375,355.8561706542969,362.9684753417969,370.240478515625,377.2343444824219
sample_1eec85403971237b,354.9484558105469,355.76483154296875,357.72735595703125,360.0703125,364.3960266113281,365.4153747558594,371.81671142578125,374.29443359375,378.851806640625,379.8077087402344,385.2921447753906,389.8363037109375
sample_2c58baca1f728374,437.0250244140625,429.0791015625,422.99462890625,416.05712890625,409.53271484375,403.00958251953125,395.4667053222656,391.9197692871094,389.6035461425781,387.49462890625,383.53729248046875,381.28662109375
sample_ca62f65430348db5,497.590087890625,486.52716064453125,476.06292724609375,464.732177734375,455.5174560546875,441.92279052734375,430.86639404296875,422.6925964355469,416.0311584472656,408.9927978515625,403.28997802734375,399.25970458984375
sample_6660235a8416a88e,362.2321472167969,367.02825927734375,375.69451904296875,381.21661376953125,385.28765869140625,388.457763671875,393.0961608886719,395.93682861328125,399.21331787109375,397.77349853515625,402.9847412109375,401.4934387207031
sample_da0b33727f193d2e,342.357177734375,345.556884765625,352.1726989746094,357.36383056640625,360.6048889160156,365.57513427734375,366.78631591796875,371.5368347167969,376.8771667480469,378.1600646972656,381.0841064453125,383.0228271484375
sample_feb639bdf7962371,437.06005859375,430.6846618652344,426.10589599609375,423.9425964355469,418.8089904785156,418.4855041503906,416.167236328125,414.1130065917969,415.82568359375,418.2982482910156,420.1731262207031,418.7913513183594
sample_626e2fd75181776c,313.4107666015625,318.9441833496094,328.6527099609375,337.2500915527344,343.6759033203125,352.688720703125,358.7003173828125,365.5504150390625,371.94744873046875,375.2999267578125,381.69189453125,385.0853271484375
sample_e2386a9ddf2b4b50,560.0513916015625,548.5759887695312,538.4800415039062,526.9724731445312,518.08056640625,501.7495422363281,491.0268249511719,480.4112548828125,472.3370361328125,464.61334228515625,458.3023376464844,450.820068359375
sample_bfa8315b931742f6,414.2252197265625,412.8258056640625,411.0927429199219,409.27288818359375,403.54815673828125,398.8398132324219,393.09075927734375,390.8147277832031,390.5441589355469,388.4316101074219,386.86016845703125,381.04376220703125
sample_406abab22f3fe053,361.1786804199219,362.225341796875,365.1923522949219,367.1051940917969,369.1025695800781,369.52630615234375,372.9310302734375,375.47918701171875,379.45703125,378.6873474121094,382.5531921386719,386.8402099609375
sample_ed21ba858634a254,374.44940185546875,373.63482666015625,374.4275817871094,374.73785400390625,376.07171630859375,376.26422119140625,376.78851318359375,378.828369140625,382.41986083984375,381.4910888671875,386.5162048339844,387.3988342285156
sample_5d5a65875a4e54da,408.51165771484375,404.6597595214844,402.3153076171875,401.29156494140625,396.4481506347656,396.5304260253906,394.8787536621094,395.78082275390625,396.6726379394531,398.2434387207031,400.3381042480469,399.5330505371094
sample_5eeaf8c3f5c0a98f,375.254638671875,377.2674560546875,382.25177001953125,386.3872375488281,389.7599792480469,393.8554382324219,398.86993408203125,402.3402099609375,408.01275634765625,408.80487060546875,413.28509521484375,414.8033447265625
sample_9149b33f72fdf001,454.5707092285156,445.54193115234375,438.52197265625,430.7752990722656,424.0319519042969,415.41632080078125,407.72735595703125,402.9468688964844,399.3736877441406,395.36834716796875,392.3526611328125,389.07171630859375
sample_e98549fba04e0169,458.94903564453125,474.523193359375,487.87939453125,494.5374755859375,500.5001525878906,502.739013671875,501.73138427734375,503.74365234375,503.08404541015625,496.81646728515625,499.57879638671875,490.79229736328125
sample_91ddd7826c0861cb,442.8442687988281,440.06671142578125,439.22283935546875,436.03277587890625,432.6138000488281,425.8763122558594,421.32086181640625,417.9164123535156,419.66888427734375,416.8727111816406,414.7554931640625,409.5718688964844
sample_688b5c06266077dd,436.736328125,437.6276550292969,437.49151611328125,435.5143737792969,432.4130859375,427.9412536621094,422.1635437011719,417.7808532714844,420.6031494140625,413.7503662109375,415.9039001464844,409.91107177734375
sample_7e999989b1899ecd,342.19720458984375,347.115966796875,355.66619873046875,363.66259765625,369.7564697265625,378.2449645996094,385.2637023925781,391.2317810058594,399.5027770996094,401.8684387207031,408.781982421875,411.8096923828125
sample_d85b8a1684c467a7,526.89990234375,518.2247314453125,510.12017822265625,497.1063232421875,488.89459228515625,471.810302734375,460.34637451171875,449.482421875,438.9270324707031,434.3601379394531,426.55322265625,420.3152160644531
sample_7a415b6d21d9aea1,405.8356018066406,403.3555908203125,402.02783203125,399.9701843261719,397.41497802734375,393.6513671875,391.09918212890625,392.59271240234375,393.054931640625,391.5935363769531,391.0240478515625,390.96527099609375
sample_c34e7ee093ff8020,337.5968322753906,347.6314392089844,361.1817321777344,374.7818908691406,387.99835205078125,402.433837890625,416.3342590332031,428.1776123046875,439.35052490234375,446.6005554199219,454.4833984375,459.99603271484375
sample_5c22d9c07e82ba55,386.5652770996094,386.4032287597656,388.5645446777344,390.0448913574219,388.3095703125,388.1319885253906,387.43341064453125,388.8112487792969,392.60791015625,391.7421569824219,393.0138244628906,391.4437255859375
sample_71e79ec20acfe6bb,489.5597229003906,496.29925537109375,501.39508056640625,504.5950927734375,512.3555297851562,516.8407592773438,524.8060913085938,531.9232788085938,542.0147705078125,543.2654418945312,545.03466796875,549.260986328125
sample_532b9399d31808d1,526.9404296875,523.1065063476562,517.8546752929688,505.82904052734375,501.5203857421875,486.69525146484375,474.78204345703125,463.30621337890625,455.02008056640625,445.8848571777344,439.67071533203125,431.7457275390625
sample_c7030e9a344b8591,411.3804016113281,416.619384765625,423.616943359375,431.81866455078125,441.3499755859375,450.9349365234375,462.10198974609375,470.4961853027344,482.2315368652344,484.33099365234375,491.3738708496094,497.0794677734375
sample_e92ffdec33367a48,402.84503173828125,401.65673828125,402.1288146972656,402.3139953613281,402.2739562988281,402.8382568359375,402.6169128417969,405.64569091796875,409.62066650390625,408.3902893066406,411.5487976074219,412.1169128417969
sample_39949397a21ed688,407.5740661621094,405.02984619140625,402.9410095214844,400.9536437988281,396.0802001953125,391.7784423828125,387.2455139160156,386.85369873046875,386.6710510253906,384.5867614746094,382.99798583984375,380.7364807128906
sample_c8c0c3a4f8ad1f2e,430.85882568359375,424.6695251464844,420.9397277832031,416.46356201171875,410.765380859375,406.6539001464844,402.2131652832031,399.75030517578125,399.54156494140625,397.6780090332031,397.634033203125,395.1341857910156
sample_9556d4354352ff49,379.1509704589844,382.3980407714844,387.7865905761719,393.9827880859375,399.7577209472656,406.12042236328125,413.6107177734375,419.0385437011719,427.0820617675781,429.7664489746094,435.8252868652344,440.095703125
sample_e13132c68584e4b9,375.2340087890625,386.76763916015625,400.0433349609375,412.65850830078125,425.81134033203125,438.34326171875,452.58392333984375,463.69964599609375,473.85162353515625,478.89697265625,486.573486328125,489.55511474609375
sample_73512a64fa422759,592.1929321289062,573.8627319335938,557.2549438476562,539.008056640625,527.9127197265625,506.6208801269531,492.1710205078125,478.12982177734375,464.89276123046875,454.71307373046875,446.0081787109375,438.5213623046875
sample_915ba8437c65ba3c,310.8341369628906,316.2320251464844,324.7220153808594,331.9190368652344,337.8254089355469,345.1829833984375,346.8633117675781,354.4351501464844,359.86724853515625,362.8373718261719,365.9745788574219,369.59344482421875
sample_7c08ef482923dfb4,637.8351440429688,633.4008178710938,629.125,620.2923583984375,618.2086791992188,604.7097778320312,595.9314575195312,585.2011108398438,577.2477416992188,572.8585815429688,568.4833984375,556.459716796875
sample_ef60d8a22f826076,399.9046325683594,399.531494140625,400.798828125,400.63116455078125,399.1529541015625,397.1015930175781,395.2542724609375,397.20416259765625,399.9811096191406,398.6834411621094,399.3141784667969,399.9848327636719
sample_262cf2867a449c0f,413.4862976074219,410.4367370605469,409.4060974121094,406.99456787109375,403.64886474609375,400.9048767089844,398.7825622558594,399.5876159667969,399.9969177246094,399.2157287597656,399.2022705078125,398.84100341796875
sample_1bc88549413a8f81,332.283447265625,334.6058654785156,339.3384704589844,344.2301940917969,349.7947082519531,353.4159240722656,358.80023193359375,363.709716796875,368.9064636230469,372.00408935546875,377.3204345703125,382.4914855957031
sample_7c0e525cc14dfe67,334.4112548828125,340.06024169921875,349.5001525878906,356.679931640625,361.6632385253906,367.8236999511719,371.1618347167969,377.0995788574219,382.1167297363281,382.6796875,387.9206848144531,388.3733215332031
sample_d2541875785c8d03,332.6203918457031,334.9056701660156,339.5815734863281,344.4781799316406,349.5415344238281,352.9302062988281,358.19769287109375,363.06903076171875,367.93359375,370.62628173828125,376.0540771484375,380.9091796875
sample_98ab92a5e34c3d65,301.4735412597656,307.9228820800781,317.9027404785156,327.3412170410156,336.0514831542969,346.8971862792969,353.7255554199219,362.3809509277344,371.0753479003906,376.9339904785156,382.3853454589844,387.9652099609375
sample_d99898e14a54f6e0,332.9256286621094,343.67169189453125,358.2934875488281,371.54315185546875,382.81134033203125,396.8313903808594,408.06646728515625,419.22845458984375,428.1575012207031,434.23321533203125,440.9869384765625,444.66748046875
sample_b132dfd2a6941e25,376.9599304199219,378.00848388671875,381.0435485839844,381.7834167480469,381.3182373046875,380.3120422363281,376.14703369140625,378.09442138671875,380.59637451171875,378.1897277832031,378.05706787109375,377.2205505371094
sample_64e9f7ddd3b1e6bd,442.57098388671875,453.59088134765625,463.41748046875,473.16900634765625,486.35968017578125,497.8849792480469,511.1136779785156,521.8826904296875,537.06640625,538.4465942382812,543.6945190429688,551.3937377929688
sample_e72410bfd80e52de,691.0582275390625,672.0608520507812,655.5609130859375,638.4056396484375,625.2380981445312,603.935791015625,588.5099487304688,572.4654541015625,557.8970947265625,548.6732177734375,538.2060546875,527.4142456054688
sample_776b78a26b85c64f,277.7918701171875,285.9803161621094,297.56988525390625,309.7391662597656,320.24664306640625,334.3062438964844,343.4720153808594,354.32672119140625,363.09039306640625,370.87127685546875,378.3235168457031,385.8398742675781
sample_9c7f594a238b2b83,474.4247741699219,463.9281005859375,457.3687744140625,448.5595703125,443.5940246582031,433.6546325683594,427.85284423828125,423.9977111816406,418.57977294921875,414.82073974609375,414.46044921875,410.29443359375
sample_2c50a618e6d2d34c,345.4944152832031,351.5674743652344,361.8201599121094,367.9863586425781,371.8760986328125,376.2784118652344,376.9971923828125,382.70294189453125,385.85101318359375,384.2066955566406,388.56512451171875,385.90789794921875
sample_fe4b61cb5ac4704f,469.06939697265625,462.0020751953125,457.7453918457031,453.091796875,446.89666748046875,440.0703430175781,433.2590637207031,427.8248596191406,427.6338195800781,425.6972351074219,422.29083251953125,418.8643798828125
sample_b4d26cb643c95114,358.3709716796875,360.839111328125,365.7657470703125,371.3463134765625,375.4885559082031,379.7490234375,385.3846435546875,389.9198913574219,394.205810546875,396.5361633300781,401.0540771484375,403.1609802246094
sample_0192d9231d54c3d0,434.801513671875,427.2135314941406,422.9251708984375,417.9252624511719,412.87078857421875,411.1116638183594,406.60223388671875,407.05877685546875,404.6955871582031,406.49774169921875,407.9480895996094,404.7713623046875
sample_9950d560042fea14,346.36474609375,350.1150817871094,357.34619140625,363.9093933105469,369.7366943359375,377.4036865234375,383.6763916015625,389.6622619628906,397.66986083984375,400.69354248046875,407.076171875,410.37005615234375
sample_c9dc36d51024553c,292.99945068359375,302.6121826171875,316.12628173828125,328.6827087402344,339.48541259765625,353.0855407714844,362.389892578125,373.3979187011719,380.9775390625,387.550537109375,394.9039001464844,400.11614990234375
sample_e20604aaba04aa81,386.5421142578125,384.7843933105469,385.36444091796875,383.95343017578125,387.48773193359375,390.0707702636719,392.8477783203125,397.185302734375,401.2917175292969,402.1021423339844,408.6795349121094,411.5810241699219
sample_f4c796a8d7934f4f,344.7402038574219,346.6485595703125,351.1684265136719,355.46990966796875,358.4036560058594,361.1296081542969,364.5448913574219,368.23175048828125,372.92169189453125,374.2694091796875,378.51300048828125,381.58258056640625
sample_a2bfa60f42682727,337.16204833984375,347.046875,359.5989685058594,369.97222900390625,379.48541259765625,386.7196044921875,395.1149597167969,402.8623046875,405.16204833984375,406.12982177734375,412.6485900878906,412.13433837890625
sample_6ccf6ff076cea761,347.7622985839844,370.3890686035156,393.46356201171875,418.10430908203125,444.32037353515625,469.8212890625,496.95660400390625,518.2557373046875,535.7423706054688,549.089111328125,558.0841064453125,567.1492919921875
sample_43622b1ab89dc487,415.6080017089844,412.5261535644531,409.29498291015625,406.61431884765625,401.6797790527344,396.01678466796875,391.0055236816406,389.170654296875,388.5968017578125,386.1527404785156,384.34295654296875,381.4634094238281
sample_3e0ca855ee405c48,374.77984619140625,382.1214904785156,390.65399169921875,392.4407958984375,394.9820556640625,395.71856689453125,388.853271484375,392.23175048828125,392.24163818359375,387.18804931640625,388.52117919921875,384.8276062011719
sample_eaf69f611357452d,467.6020202636719,457.3077392578125,452.4521179199219,443.72491455078125,442.49468994140625,434.855224609375,431.3327941894531,428.1095886230469,424.1068115234375,423.91058349609375,427.08148193359375,424.67071533203125
sample_f856e3c3be9274de,342.5959777832031,348.3202209472656,358.2088623046875,363.9198303222656,368.8822021484375,372.8729553222656,376.9833068847656,380.63177490234375,383.3022155761719,381.4267883300781,387.1578674316406,385.6012268066406
sample_f6c14a21c6ad281f,453.45062255859375,443.5144348144531,438.07733154296875,429.5103759765625,425.1069641113281,417.6977844238281,412.6995544433594,410.163818359375,405.9115905761719,404.1671447753906,404.3456115722656,401.50872802734375
sample_55562bcbd613da91,360.5516052246094,375.22601318359375,391.2381896972656,410.7431335449219,430.42669677734375,451.7242431640625,472.1829528808594,490.7098693847656,506.05517578125,518.0571899414062,526.736083984375,534.4070434570312
sample_faf86bc4e902c9a5,351.73358154296875,367.2576904296875,384.85015869140625,403.727783203125,421.81494140625,441.8658752441406,460.61114501953125,476.9505615234375,491.05950927734375,501.0018005371094,508.56292724609375,515.2999267578125
sample_20bf16f97908ce62,381.0445556640625,381.8089904785156,383.6391906738281,384.96014404296875,384.0579528808594,384.6756591796875,384.5514831542969,386.6787414550781,390.3518981933594,389.55621337890625,392.1934509277344,389.955322265625
sample_9f219059bf5de76d,442.7643127441406,457.62359619140625,472.43475341796875,479.1487731933594,486.98773193359375,491.0125732421875,493.087158203125,496.1029968261719,501.0080261230469,494.566650390625,496.2484130859375,489.756103515625
sample_5aa66ffb5c291b2a,319.3366394042969,322.1389465332031,329.3945617675781,336.56201171875,342.4989929199219,349.60552978515625,356.56060791015625,361.9063415527344,367.50396728515625,371.8599853515625,377.84295654296875,382.0382385253906
sample_a0f95b237cd56afb,293.7049865722656,303.81439208984375,318.2381896972656,327.5262451171875,336.610595703125,346.2332763671875,350.08843994140625,360.0962219238281,363.8561706542969,366.8091125488281,371.0196228027344,373.6307678222656
sample_d55708a69209aa77,276.59173583984375,283.6285095214844,294.6531066894531,305.2262878417969,314.0084228515625,325.23760986328125,332.7242736816406,342.31317138671875,347.3703308105469,353.48162841796875,359.88800048828125,365.2963562011719
sample_fc6f1357749359be,349.7308044433594,351.05877685546875,354.9058532714844,358.6427001953125,363.1438903808594,365.1326599121094,371.0093078613281,374.4012145996094,378.8240966796875,380.8014831542969,386.18658447265625,389.720703125
sample_16d5a7f81d91bb16,500.9216003417969,490.9043884277344,482.1329040527344,472.3531188964844,464.1560974121094,451.115478515625,441.6587829589844,434.6587219238281,429.206787109375,421.5472106933594,416.4984436035156,412.08599853515625
sample_0d65c21713925ab1,306.7221374511719,313.3578796386719,322.8887023925781,332.8782958984375,341.6576843261719,353.1452331542969,359.5916748046875,369.0928039550781,377.52435302734375,384.07781982421875,389.3553161621094,395.4642333984375
sample_b92a5747175a4fe8,279.0589904785156,286.7552490234375,298.61181640625,309.20208740234375,318.1589660644531,329.1311950683594,336.44677734375,346.20806884765625,350.5655517578125,356.1973571777344,362.5046081542969,366.9070739746094
sample_190258be90958f7a,344.54443359375,346.7224426269531,351.0363464355469,355.0233459472656,359.6849670410156,362.83233642578125,368.1335144042969,372.6961364746094,377.3891296386719,379.3507995605469,385.2250061035156,389.6890563964844
sample_7e318186d97b0185,471.77752685546875,461.7850646972656,452.035400390625,441.9063720703125,432.9680480957031,421.79266357421875,411.56109619140625,404.3807373046875,398.71221923828125,393.65118408203125,388.9834289550781,385.1963806152344
sample_9a5773aff7265c8e,679.3348388671875,678.345703125,671.4500122070312,657.6403198242188,655.5641479492188,635.849609375,621.0093994140625,606.7401123046875,590.9898071289062,578.9266967773438,573.893310546875,560.5895385742188
sample_f4f08c602a44a07c,351.6434631347656,354.8121337890625,361.4228515625,365.7771301269531,368.04229736328125,371.8183288574219,371.43896484375,375.62158203125,380.1873779296875,379.9989929199219,382.59075927734375,382.9169921875
sample_86a7758c23e522ce,399.6743469238281,398.38250732421875,398.1899719238281,397.64093017578125,395.2973937988281,391.68902587890625,389.044921875,390.13592529296875,390.8089599609375,389.24200439453125,389.66253662109375,386.98284912109375
sample_37a482ac0f9fd6c2,683.8926391601562,670.1984252929688,656.8688354492188,640.9467163085938,630.8920288085938,608.5137329101562,596.5481567382812,579.5739135742188,564.2461547851562,556.94140625,548.6883544921875,536.9525146484375
sample_e0299dd1e03ce535,344.1590270996094,347.22747802734375,352.35247802734375,357.8751525878906,364.49517822265625,369.4669494628906,375.330322265625,381.0487060546875,387.8163757324219,391.1529846191406,396.3796081542969,401.7645568847656
sample_483c9466f29fa3d2,389.6732482910156,387.95172119140625,387.95477294921875,389.30120849609375,390.692626953125,391.83050537109375,395.1636962890625,398.6706848144531,402.7366943359375,404.43359375,408.88104248046875,411.6378479003906
sample_d74c111861134a1c,302.2547607421875,309.7359924316406,321.70916748046875,331.06982421875,339.1087951660156,348.56829833984375,354.6084899902344,363.17755126953125,367.67620849609375,371.3863830566406,377.17596435546875,379.91290283203125
sample_bca766551d00436d,596.2831420898438,596.838134765625,593.1311645507812,584.8323974609375,584.437255859375,571.0689697265625,559.8006591796875,546.4486083984375,541.5914306640625,530.5534057617188,524.8421020507812,514.0658569335938
sample_5f5290dee25a0925,288.8112487792969,295.0401306152344,305.01385498046875,313.9940490722656,321.9825439453125,332.24371337890625,338.3154602050781,346.67584228515625,354.28363037109375,359.35870361328125,365.1821594238281,371.0233154296875
sample_ddfc6ea6a2069cdd,315.46209716796875,323.93408203125,337.1542053222656,346.8310852050781,355.2471618652344,364.4874267578125,370.875,379.3979187011719,383.31610107421875,386.80572509765625,392.32525634765625,393.1336975097656
sample_e09b3beba12b3852,458.5673828125,458.2320251464844,456.49847412109375,451.20794677734375,446.7634582519531,438.87017822265625,429.03497314453125,421.6655578613281,418.7237243652344,410.9396667480469,408.1490478515625,401.3595275878906
sample_b2b9502842964750,375.2812805175781,379.7899475097656,385.10980224609375,393.4465026855469,401.3494567871094,407.4863586425781,416.8675231933594,424.0995788574219,429.4659423828125,433.24114990234375,439.393310546875,443.6457214355469
sample_b754f51ccf229ea9,336.7673645019531,340.015869140625,347.3046569824219,352.7771301269531,357.1426696777344,363.2000427246094,364.8882141113281,370.57073974609375,376.86627197265625,379.2951354980469,382.03863525390625,385.2958679199219
sample_ddac8c3fee9b8eeb,425.141357421875,419.840087890625,417.7038269042969,414.5550842285156,411.7289123535156,409.07391357421875,407.4783630371094,406.04522705078125,407.7377624511719,407.4697570800781,410.4167175292969,408.9969482421875
sample_b78c84b2dac759d4,479.1133728027344,497.24810791015625,513.7131958007812,524.4067993164062,535.4398803710938,543.5474243164062,547.65380859375,556.781005859375,562.5523071289062,559.9942016601562,558.4374389648438,553.2382202148438
sample_053428706fbd3a9c,414.4346008300781,413.03045654296875,413.34051513671875,412.9873046875,411.6109924316406,413.5102844238281,413.6768493652344,417.7717590332031,418.584716796875,420.53570556640625,424.3772888183594,424.4916687011719
sample_3ed271ff95588f90,399.2956237792969,396.2288818359375,394.7740783691406,393.6889343261719,388.49554443359375,387.5352783203125,384.9833984375,385.26727294921875,387.88031005859375,387.1784362792969,388.1795349121094,387.5059509277344
sample_f3985543fc596605,442.89300537109375,436.2132263183594,430.1339416503906,424.17364501953125,416.9833068847656,409.8205261230469,402.6355285644531,397.7706298828125,395.7987365722656,392.2745361328125,389.3155822753906,386.8966979980469
sample_84fe38efd575e936,327.6273498535156,331.6933898925781,339.353271484375,345.950927734375,352.7807922363281,359.9744873046875,366.70709228515625,373.2012634277344,380.4659423828125,383.7212219238281,390.6627502441406,395.0898742675781
sample_be8e1731de1020be,413.83441162109375,423.0506591796875,430.5436706542969,433.1859436035156,434.72052001953125,431.4960632324219,424.9955749511719,424.7131042480469,423.2481689453125,416.4437561035156,418.4931335449219,411.62396240234375
sample_5211044bdee52ed5,423.37060546875,424.7674255371094,426.63043212890625,427.3248596191406,426.4776306152344,424.26312255859375,422.580810546875,421.3459167480469,425.1660461425781,420.3066101074219,424.38739013671875,419.3318176269531
sample_1f0ea31e9eb045c5,493.00103759765625,483.1729736328125,476.0777282714844,469.6849670410156,463.6138000488281,452.8631286621094,445.2894592285156,438.56719970703125,433.7272644042969,430.01654052734375,427.92156982421875,421.5184326171875
sample_325a956cd6df22dc,341.95941162109375,348.12127685546875,357.47186279296875,367.7375793457031,376.532470703125,387.3263854980469,397.1983947753906,405.9945068359375,415.07098388671875,420.3897705078125,427.4569091796875,432.6856384277344
sample_a0ef527622b97041,661.5474243164062,638.6756591796875,617.3921508789062,595.012939453125,581.4843139648438,556.1414184570312,538.2136840820312,520.9467163085938,502.7694091796875,491.11065673828125,479.4551696777344,470.9921569824219
sample_4e0bee521992db09,364.2224426269531,367.9835510253906,375.20806884765625,378.3065490722656,380.27392578125,383.1617736816406,380.3008728027344,384.12664794921875,388.0420837402344,386.1255798339844,387.6331481933594,385.90765380859375
sample_a8958c25e8d68f1a,329.0857238769531,332.21575927734375,339.7074890136719,345.7525329589844,349.3302001953125,355.3653869628906,359.43218994140625,363.6860046386719,369.8641052246094,371.1131591796875,376.35577392578125,378.6560974121094
sample_4b07c88807ea31fa,518.3285522460938,527.6153564453125,530.3493041992188,530.6649780273438,527.8695068359375,519.3763427734375,505.86407470703125,501.8410339355469,493.5654602050781,483.26715087890625,480.2842102050781,470.38623046875
sample_c247ce7ece49503c,398.94036865234375,398.4985046386719,399.4691162109375,399.1059265136719,397.170166015625,394.95965576171875,392.4411315917969,393.18170166015625,396.8778991699219,394.0586242675781,396.30267333984375,392.520263671875
sample_464220687157a8d2,328.6837463378906,345.02728271484375,363.73944091796875,382.76971435546875,401.7906494140625,422.1649475097656,440.449462890625,457.60137939453125,470.75146484375,481.26513671875,488.98162841796875,495.5194091796875
sample_ddc9b027a0ed8fa9,562.24462890625,544.2252197265625,528.5606689453125,512.4798583984375,502.5260009765625,483.48284912109375,470.11541748046875,456.7671203613281,444.47186279296875,437.50311279296875,430.12652587890625,422.6233215332031
sample_db069d5cba6b7e6a,347.17681884765625,348.602783203125,353.4876708984375,357.92413330078125,362.6943359375,366.13201904296875,372.03729248046875,375.43511962890625,380.71343994140625,383.18267822265625,387.8478088378906,391.0789794921875
sample_fd290f666192e984,353.5224609375,354.7584228515625,358.35223388671875,361.5478515625,363.2920227050781,364.4044189453125,366.51544189453125,369.3656311035156,373.31549072265625,373.975830078125,377.099365234375,380.07550048828125
sample_d8ce58cd69237648,362.20269775390625,369.39453125,380.0985107421875,384.59844970703125,388.5015563964844,392.94464111328125,389.88140869140625,395.5165100097656,398.65362548828125,395.68505859375,397.36505126953125,393.6341857910156
sample_39d259ff33c10233,609.3434448242188,590.2465209960938,573.7550048828125,555.3387451171875,545.0379028320312,522.20751953125,508.0817565917969,492.9908447265625,477.8992919921875,468.11346435546875,459.52935791015625,452.0785217285156
sample_3149fa22772963e9,360.5805358886719,362.548828125,368.8385314941406,373.626953125,382.160888671875,387.72772216796875,396.4140930175781,401.70294189453125,408.7078857421875,411.7664489746094,417.3133544921875,422.26226806640625
sample_ba5c66a36e6078a8,395.2032775878906,393.69793701171875,393.5868225097656,393.74737548828125,392.4576721191406,395.0194091796875,395.57086181640625,399.7420959472656,401.0393981933594,404.27337646484375,408.1117858886719,408.61181640625
sample_4ec0619c55ec93fb,411.8499450683594,414.93438720703125,418.4300537109375,419.388427734375,417.9414367675781,415.53326416015625,408.6477966308594,408.0317077636719,409.0226135253906,405.4171447753906,404.25872802734375,400.8282470703125
sample_51ef6bdafae8b44a,375.60467529296875,377.1784362792969,383.1933898925781,385.594482421875,386.2381896972656,387.66455078125,388.9562683105469,389.0503845214844,394.34637451171875,390.79302978515625,394.4796447753906,392.17657470703125
sample_f510286631ba1fde,348.9122009277344,351.15093994140625,357.2069091796875,363.2557678222656,367.33575439453125,372.0742492675781,376.902099609375,381.3436279296875,386.42596435546875,388.6938171386719,393.1017761230469,395.1041564941406
sample_8e918402212b44cf,521.9131469726562,506.0993347167969,491.616455078125,476.68707275390625,467.2766418457031,451.1794738769531,438.61346435546875,428.1129150390625,417.8448486328125,410.87725830078125,405.676025390625,398.8356628417969
sample_c468abd5d5de77b8,322.3690490722656,325.56280517578125,333.12408447265625,339.6368103027344,343.7990417480469,350.60552978515625,355.44061279296875,360.1063232421875,366.4833679199219,368.8045959472656,374.2356262207031,377.3475036621094
sample_ec3fdd9c7377399c,373.6820373535156,374.0406494140625,376.33807373046875,378.41497802734375,377.7222900390625,377.2530822753906,378.0717468261719,379.4202575683594,383.0503845214844,382.04364013671875,384.3551025390625,385.0921936035156
sample_024d90b2f33b09f8,672.0253295898438,662.2717895507812,652.4679565429688,635.8668212890625,629.8388671875,606.5859985351562,595.1775512695312,578.9400634765625,562.9075927734375,553.5390014648438,546.393310546875,534.9415283203125
sample_3639800ea3374fc2,478.3609619140625,476.3746032714844,475.9695739746094,474.2772216796875,471.9786071777344,468.73553466796875,464.4884033203125,462.25372314453125,464.4475402832031,462.58306884765625,462.89044189453125,458.951416015625
sample_6cb9ef5437f221ec,398.0914306640625,397.6117248535156,397.8957824707031,397.99139404296875,395.6804504394531,393.75830078125,391.8106994628906,392.718994140625,395.9361877441406,394.01312255859375,396.6664123535156,393.4884033203125
sample_673cff63fa819411,336.71820068359375,338.9990234375,344.08868408203125,349.1148681640625,352.8697204589844,356.5812683105469,360.7067565917969,365.02496337890625,370.1602783203125,372.14453125,376.9524841308594,380.32818603515625
sample_3a2f974f551d3966,300.975830078125,309.4153137207031,320.8753356933594,334.3674011230469,345.8219299316406,360.0010681152344,371.8905334472656,383.6419982910156,391.18145751953125,399.7585144042969,408.2510681152344,414.3369445800781
sample_057b88ef1b2908fb,447.79656982421875,450.6996765136719,456.67864990234375,460.0396728515625,471.7235107421875,476.5003662109375,487.95806884765625,495.1402282714844,505.3661804199219,506.381591796875,513.3455810546875,521.0892333984375
sample_2b8cf10087b3b49c,394.89813232421875,392.9697570800781,392.8090515136719,391.9207763671875,392.37188720703125,391.053466796875,392.18585205078125,395.2524719238281,396.9330749511719,397.05706787109375,399.4985656738281,401.9444885253906
sample_2c9f312e81825a21,459.94873046875,455.7352294921875,454.76727294921875,451.0026550292969,450.00848388671875,444.37542724609375,439.218994140625,438.2994689941406,437.5631408691406,436.11798095703125,438.6654052734375,432.84814453125
sample_8a4cc9a6ac7a430a,397.9338684082031,409.3726806640625,421.56988525390625,437.5415954589844,457.6739807128906,476.8666076660156,498.75860595703125,515.8657836914062,533.28955078125,541.4041748046875,553.3544311523438,565.636962890625
sample_834dfcff614ad36f,546.724365234375,548.1689453125,547.1517333984375,543.944580078125,539.708251953125,532.43505859375,524.5037841796875,517.9910278320312,513.5940551757812,506.7263488769531,505.953369140625,493.5228271484375
sample_3ab606a5ce3bfd72,284.52191162109375,290.3857116699219,299.763427734375,309.4315490722656,318.426025390625,330.0370178222656,337.2080993652344,346.479248046875,354.67840576171875,361.88201904296875,368.46307373046875,375.74114990234375
sample_a59f48b041317ba5,456.0794677734375,447.0409240722656,440.6608581542969,432.67608642578125,426.29449462890625,418.160400390625,411.3340759277344,407.31976318359375,403.4192199707031,399.6559753417969,397.6397705078125,394.4028625488281
sample_17cad294086c3b38,427.9751892089844,421.1578369140625,416.6340026855469,410.9176025390625,405.17742919921875,399.78887939453125,393.812744140625,391.41131591796875,389.6565856933594,388.386962890625,385.28466796875,383.97283935546875
sample_6cae9593eafb2b19,301.1445007324219,305.5986633300781,312.57513427734375,320.01666259765625,330.07476806640625,337.4626159667969,345.6973876953125,353.66229248046875,360.756591796875,367.1041259765625,373.9913635253906,381.80511474609375
sample_9c9530e5a2808d62,386.1146545410156,384.7586364746094,385.1356201171875,384.8963623046875,387.1436462402344,386.28277587890625,389.2989501953125,391.5853271484375,394.64031982421875,394.7673034667969,398.7483215332031,401.00262451171875
sample_75a8c395dc825fff,312.1817932128906,318.02825927734375,328.0835876464844,336.5480651855469,342.30743408203125,349.812744140625,355.0754699707031,361.8860168457031,365.8043212890625,367.9325866699219,373.1954345703125,375.25640869140625
sample_51a7cee141b79c48,346.51568603515625,354.94677734375,367.9598693847656,376.56658935546875,383.40936279296875,391.304443359375,396.1440734863281,403.2283935546875,408.6263122558594,409.7867736816406,415.3199768066406,414.47265625
sample_2a57cbcd17ce2be9,356.2971496582031,358.75262451171875,364.3598327636719,368.478759765625,371.0478515625,374.0335388183594,377.2339172363281,380.6758117675781,385.5409851074219,385.4132385253906,389.86016845703125,392.74847412109375
sample_adf0588e9eb9c475,392.9512023925781,390.50396728515625,389.3295593261719,389.06915283203125,386.9930114746094,387.42340087890625,386.96820068359375,387.17236328125,391.74847412109375,391.0495910644531,394.8359375,395.10540771484375
sample_2beb33f39ae44ec9,343.8194885253906,354.06817626953125,368.126953125,379.1875305175781,388.623291015625,398.6800537109375,406.04254150390625,415.7470703125,420.5936584472656,423.7362060546875,429.7254638671875,429.34991455078125
sample_6b13b089e59c70cf,301.58203125,308.4526062011719,318.45849609375,328.2093505859375,336.2142028808594,346.4345703125,352.41314697265625,361.19110107421875,367.63067626953125,371.98260498046875,378.2060241699219,382.9122619628906
sample_355c559ea2f9fdb6,523.6979370117188,506.24237060546875,493.44964599609375,478.99273681640625,470.16412353515625,459.263916015625,447.8618469238281,441.743408203125,429.0270080566406,428.8509521484375,422.1477355957031,414.383056640625
sample_6625184422a42f15,303.63885498046875,310.7638244628906,322.1255187988281,332.4331359863281,340.98358154296875,351.11358642578125,359.3044738769531,368.26568603515625,372.5221862792969,377.7138671875,384.379150390625,386.7437744140625
sample_1a32ddadc39ac9e3,404.84765625,404.2093505859375,402.3304748535156,400.6529235839844,394.81207275390625,391.0775146484375,384.4212951660156,383.6214904785156,383.24261474609375,381.2764892578125,380.42291259765625,375.2645568847656
sample_dcb2a7f6feb1514d,519.78759765625,513.6712646484375,509.2668151855469,504.5968017578125,499.8039245605469,491.98944091796875,484.69989013671875,480.18756103515625,476.62945556640625,473.45111083984375,470.7188415527344,464.0044860839844
sample_0e244d86a3a90a3a,507.9794921875,523.5211181640625,535.4346313476562,543.4132690429688,547.4246215820312,550.920166015625,550.258544921875,553.8860473632812,553.9821166992188,549.6240234375,548.01611328125,540.2371215820312
sample_a180e37e4b969dbc,453.3441162109375,447.2599792480469,443.231689453125,438.79461669921875,433.1845703125,426.69525146484375,420.04852294921875,417.0451965332031,415.7747802734375,413.2586975097656,409.8473815917969,407.3059387207031
sample_dde1b106bca7da5b,570.5724487304688,553.779541015625,539.5053100585938,523.3975830078125,514.1514282226562,495.0457458496094,482.0610656738281,470.7976379394531,459.1594543457031,450.35052490234375,444.19189453125,437.3973388671875
sample_80c8c13256dbac9f,340.75311279296875,362.4551086425781,384.296875,406.6575622558594,429.6194152832031,451.2310791015625,472.4248962402344,492.1709289550781,501.4974365234375,512.6372680664062,521.38623046875,526.7252197265625
sample_48f361218cd236d2,328.5907287597656,334.431640625,343.5132751464844,354.4315490722656,363.9886474609375,375.2023620605469,386.3587951660156,395.8453674316406,402.07318115234375,409.11767578125,417.3968200683594,422.7398681640625
sample_e17ce5b8a41633d5,322.94189453125,326.29571533203125,334.06170654296875,341.6867980957031,346.3494567871094,352.69305419921875,358.1854248046875,363.5470275878906,368.1297912597656,370.8062744140625,376.2563781738281,378.29132080078125
sample_e181b156986ad40e,592.4312133789062,576.44873046875,562.3670654296875,545.9273681640625,536.089599609375,515.856689453125,502.5604248046875,489.55694580078125,478.0574951171875,467.5186767578125,459.92864990234375,452.3992919921875
sample_2a8c6c68a0f2b5d6,329.20355224609375,339.5224609375,353.515625,365.724609375,376.223388671875,387.7469177246094,396.7469482421875,407.6352233886719,413.03179931640625,417.6511535644531,424.7007141113281,426.1213684082031
sample_0f60a898d717647b,372.48797607421875,377.277587890625,386.1392822265625,389.6629943847656,392.199951171875,393.6675109863281,395.31640625,395.77410888671875,399.1309814453125,394.95916748046875,400.2881774902344,396.002197265625
sample_f86ffe556c41e27a,401.5629577636719,413.3533020019531,426.79473876953125,432.3286437988281,437.7231140136719,442.1488037109375,440.64471435546875,444.91314697265625,448.2923278808594,442.8529052734375,445.5611572265625,438.79296875
sample_80f7725153a94cc3,339.9580383300781,344.15118408203125,352.2146301269531,358.86865234375,364.099609375,371.42919921875,376.3681640625,382.0182189941406,389.8195495605469,392.1736145019531,397.6212158203125,400.4268798828125
sample_6a44f896c147c19c,295.58392333984375,303.6166687011719,315.04229736328125,325.97064208984375,335.2339782714844,346.7512512207031,353.98236083984375,363.87249755859375,370.35943603515625,375.27703857421875,382.14508056640625,387.0716857910156
sample_1ef06e5fac29c8f4,653.2935791015625,645.1119995117188,637.0239868164062,622.9176025390625,618.5276489257812,598.1682739257812,588.2726440429688,573.7027587890625,560.4215698242188,552.6322631835938,546.7387084960938,535.206787109375
sample_106b25cf85416de9,364.1804504394531,366.13360595703125,370.8386535644531,375.2138671875,377.41302490234375,380.3673095703125,383.7680358886719,387.3741149902344,391.27313232421875,392.30755615234375,395.8424987792969,396.66845703125
sample_7c4cff2f60e09300,319.2915344238281,323.1109619140625,330.10980224609375,336.5535583496094,345.46807861328125,352.7550354003906,360.72943115234375,368.0792236328125,375.76312255859375,381.1527099609375,387.7342834472656,394.41973876953125
sample_980fc88cdd719a96,303.1953430175781,307.75677490234375,316.2771301269531,324.786376953125,330.98760986328125,340.32763671875,346.41571044921875,353.27923583984375,360.0559387207031,364.44036865234375,370.72808837890625,375.75286865234375
sample_610bec573d0a2bbb,333.9989929199219,336.0962829589844,342.602783203125,348.9005432128906,353.09527587890625,358.0870056152344,362.9509582519531,367.6487121582031,372.2491760253906,375.79949951171875,379.448974609375,382.57476806640625
sample_4928d4aec92587ee,515.0304565429688,501.197021484375,488.117431640625,475.17657470703125,464.94061279296875,451.1337890625,437.7894287109375,428.69256591796875,419.5172119140625,413.29119873046875,405.3456115722656,399.2726745605469
sample_7d89bae9830506a9,488.36444091796875,504.44891357421875,519.8511962890625,530.7608642578125,542.6264038085938,551.3389282226562,556.7262573242188,568.072509765625,573.7562255859375,573.2021484375,572.0841064453125,567.4596557617188
sample_0701d6d3791ddf4c,362.1926574707031,381.7921142578125,402.35205078125,422.4333801269531,441.46783447265625,460.9046936035156,478.3394775390625,495.23193359375,505.235107421875,514.0882568359375,519.7537231445312,523.40771484375
sample_905c753e9d288446,428.75628662109375,420.3287353515625,414.7860107421875,407.6103820800781,402.6888122558594,396.6995544433594,392.0999450683594,389.09942626953125,385.74884033203125,384.9781188964844,384.9467468261719,382.5596923828125
sample_ebfd8367709aa78d,339.60992431640625,360.2315673828125,380.1292724609375,403.2430725097656,427.2184753417969,449.51861572265625,473.2825927734375,493.93701171875,504.9963684082031,518.548828125,527.1883544921875,534.1668090820312
sample_0487ac25dfc07464,294.0506591796875,302.7978820800781,314.7923889160156,326.987548828125,337.4220275878906,350.79437255859375,359.7216796875,370.5606384277344,378.93853759765625,385.455322265625,392.4074401855469,398.7301330566406
sample_2e1f57cae83a861f,493.854248046875,484.3349304199219,476.0777282714844,467.0728759765625,458.5691833496094,447.57196044921875,436.8541259765625,429.692626953125,425.14599609375,420.8659362792969,413.5337829589844,408.74896240234375
sample_387acb80a0fac971,343.25341796875,348.4247741699219,357.3752746582031,362.2581481933594,365.4751892089844,369.4498596191406,368.7669372558594,373.65887451171875,377.8912048339844,375.92779541015625,379.07794189453125,377.5793151855469
sample_d0b8861e8d596e10,321.8349304199219,325.7019958496094,333.4156494140625,341.28155517578125,347.66827392578125,356.5246276855469,363.35845947265625,369.9809265136719,377.1622619628906,381.6847839355469,388.5726318359375,393.0879211425781
sample_72b9edce783a8f95,681.6414184570312,666.7744140625,656.896484375,644.8233032226562,636.7303466796875,619.1866455078125,609.2415771484375,594.95361328125,583.50634765625,579.882080078125,572.751953125,560.7155151367188
sample_2c0ad7178894e6fe,701.7229614257812,681.0504760742188,662.8656005859375,643.5112915039062,631.2867431640625,606.9400634765625,590.9950561523438,575.265380859375,558.6260986328125,545.9317626953125,536.4710693359375,526.757080078125
sample_6db8483233784627,394.277099609375,390.492431640625,387.8984375,386.1423645019531,383.9450988769531,383.4580993652344,382.6040344238281,384.1571044921875,386.6162109375,386.1402893066406,388.9614562988281,390.8427429199219
sample_c0f8e3e375c2e641,300.866455078125,307.3886413574219,318.1391296386719,327.589599609375,335.3829650878906,345.5172424316406,352.21649169921875,360.2860412597656,366.5807800292969,371.1905517578125,377.52935791015625,381.9677734375
sample_138bb9258563d8ad,471.3822326660156,458.813232421875,449.97906494140625,439.69024658203125,433.4799499511719,423.3951110839844,416.49835205078125,410.80108642578125,404.358642578125,401.91455078125,400.4197998046875,395.136962890625
sample_006150d41f82d9a6,334.138916015625,342.55029296875,354.93182373046875,363.9464111328125,371.09661865234375,380.2217712402344,384.8316345214844,392.892822265625,398.973388671875,400.3985290527344,406.2598876953125,406.5817565917969
sample_fa5c44cb76ab27b6,721.3309936523438,712.3118896484375,702.9404907226562,686.0986328125,682.1895751953125,658.7610473632812,648.5779418945312,631.1163330078125,614.2503051757812,605.3864135742188,598.81201171875,587.1610107421875
sample_dae086ac862e4c40,381.42742919921875,384.8109436035156,391.59674072265625,394.8517150878906,396.173583984375,398.6195373535156,396.97308349609375,400.3114013671875,404.8197326660156,402.3968505859375,404.7440185546875,402.2281799316406
sample_601e73d719bf0a61,436.851806640625,441.52484130859375,445.61102294921875,448.0174560546875,446.4046936035156,446.1162109375,439.448486328125,440.4673156738281,440.3534851074219,436.9413757324219,436.8633728027344,430.9978332519531
sample_7cfd906bf379cd09,558.896484375,539.470703125,523.0599365234375,507.3548583984375,497.1625671386719,480.1758728027344,467.25897216796875,454.5840759277344,442.57598876953125,437.0871887207031,431.09649658203125,421.8460388183594
sample_a52d052a86112cc5,317.2187194824219,324.3694152832031,335.3198547363281,345.7718505859375,354.0084228515625,364.3695068359375,372.3672180175781,381.126708984375,386.92132568359375,391.6618957519531,398.5947265625,401.5210266113281
sample_2b1bb45a304e77dd,320.3294677734375,325.91339111328125,335.26348876953125,345.44000244140625,353.1822509765625,363.54888916015625,372.2080993652344,380.76739501953125,386.5352478027344,392.61865234375,399.04437255859375,403.0239562988281
sample_86a202f1bb562994,461.134033203125,453.8101806640625,448.59246826171875,443.4385681152344,436.4962463378906,431.3882751464844,421.84478759765625,418.3536682128906,416.7152099609375,415.5655517578125,411.48870849609375,407.3944091796875
sample_9b99ef83f613ab6c,410.8797302246094,418.32708740234375,424.38800048828125,433.3976745605469,445.3946228027344,454.4820251464844,466.27923583984375,478.03857421875,487.76727294921875,491.80572509765625,499.75018310546875,507.07232666015625
sample_bf5375d325366e88,296.5321960449219,305.7892761230469,318.6815185546875,331.79803466796875,342.87261962890625,357.09344482421875,367.7023010253906,378.87249755859375,387.673828125,395.0461730957031,403.0293273925781,409.0025329589844
sample_1814765fa8415fbd,388.8321228027344,386.8172607421875,385.6840515136719,384.7513122558594,383.1027526855469,380.3486328125,379.7519836425781,382.4477844238281,383.1104736328125,382.59295654296875,383.6122741699219,384.7991638183594
sample_167e36dca452de77,386.5541687011719,383.8898010253906,381.62127685546875,379.804443359375,375.2611389160156,372.8818054199219,370.7225646972656,370.36895751953125,371.1260070800781,370.2790222167969,370.8551025390625,369.92559814453125
sample_c253abba089b864c,588.9193725585938,576.8978881835938,567.2302856445312,556.0555419921875,547.4434814453125,531.3124389648438,521.01708984375,509.0248107910156,499.7361755371094,494.31689453125,487.67333984375,476.82073974609375
sample_a14aff43cf4458bf,383.9247131347656,385.01348876953125,387.8171691894531,390.41912841796875,393.238525390625,395.1849670410156,399.3634338378906,402.37408447265625,406.7623291015625,407.87353515625,411.6455078125,415.3650207519531
sample_3ad835bb22a1b36b,529.2368774414062,531.0238037109375,529.8741455078125,525.1925659179688,522.6820068359375,512.9312744140625,504.2206115722656,495.8350524902344,491.9872131347656,485.3866882324219,484.63623046875,477.4931335449219
sample_cce7ffbc2ccd7b28,353.7990417480469,356.3182373046875,361.8805847167969,367.1400451660156,370.6231384277344,374.16241455078125,378.51434326171875,382.8758239746094,386.808837890625,387.9625549316406,391.7131042480469,393.4967041015625
sample_b15f890e66f95fdf,347.0224304199219,349.33154296875,355.76959228515625,360.6194763183594,363.5574951171875,368.660888671875,372.4069519042969,375.7334289550781,382.4530944824219,383.1202087402344,388.3235168457031,389.88336181640625
sample_ceaf7725c5ca4c30,388.45465087890625,390.3377380371094,395.2142333984375,397.189453125,397.91937255859375,398.124755859375,398.28955078125,397.4910583496094,402.3176574707031,398.3736877441406,402.45159912109375,398.7078857421875
sample_bd8a3663305d6be4,640.6787109375,624.1309814453125,611.9507446289062,598.4822387695312,588.6781005859375,571.9508666992188,558.6652221679688,547.1875,535.5346069335938,528.7645263671875,521.370361328125,510.1700744628906
sample_ca61f234310eb7be,321.04693603515625,325.8334655761719,334.6245422363281,342.9932556152344,349.01904296875,357.8236999511719,364.0851745605469,370.46905517578125,377.1058349609375,380.71246337890625,386.97369384765625,390.64312744140625
sample_c40f794353a39c8b,529.0350952148438,514.3634643554688,503.42303466796875,491.3338317871094,483.01617431640625,467.5392761230469,457.07403564453125,448.34344482421875,440.1050109863281,434.6342468261719,430.4763488769531,424.3772277832031
sample_aa94404623b7f81f,276.4713134765625,285.33502197265625,298.0289306640625,308.60772705078125,317.7970886230469,329.34759521484375,335.1246643066406,345.57757568359375,351.05572509765625,355.7328186035156,361.8455810546875,367.0155029296875
sample_432d76cde8e5238b,365.26837158203125,366.33502197265625,369.2895812988281,371.90289306640625,373.6276550292969,374.55975341796875,375.29083251953125,377.9902038574219,382.49664306640625,382.41436767578125,385.42156982421875,387.5645446777344
sample_97c7d92990651cc9,471.0210876464844,479.9643249511719,485.9997253417969,492.9932556152344,503.9886474609375,510.28326416015625,521.4047241210938,532.1436767578125,542.3724975585938,544.2304077148438,548.61328125,555.1336669921875
sample_19aeb329e6c258af,381.3338317871094,396.4131164550781,413.26715087890625,427.34716796875,443.12664794921875,456.78753662109375,472.50762939453125,484.6318664550781,495.107421875,499.7579345703125,506.110595703125,508.0992736816406
sample_de0f6dbf948d9a51,376.7528381347656,377.97711181640625,381.5816955566406,383.54803466796875,384.1372985839844,385.3320617675781,382.9351501464844,385.90460205078125,389.5134582519531,388.48980712890625,390.3396301269531,390.1798095703125
sample_21364fa408a7bffa,373.7091979980469,375.1876525878906,380.74169921875,384.37109375,385.42242431640625,388.2742919921875,389.8935241699219,391.8859558105469,397.8138122558594,396.0572204589844,399.962646484375,399.0887451171875
sample_238a8360aae40773,282.2578430175781,288.68212890625,299.041259765625,310.9775085449219,322.6206970214844,336.1470031738281,348.258544921875,358.81488037109375,365.25311279296875,374.659912109375,383.3597412109375,391.4525146484375
sample_e8f5c2ed867d2a23,430.6866455078125,435.67266845703125,441.10284423828125,445.941650390625,453.65509033203125,460.44805908203125,467.9357604980469,475.330078125,485.66552734375,487.0574951171875,491.6212158203125,497.5359802246094
sample_b9f45edde8cae036,436.6312561035156,429.2324523925781,422.4531555175781,415.26397705078125,407.81402587890625,399.5421142578125,391.54754638671875,385.3163757324219,382.76409912109375,379.51556396484375,376.41802978515625,373.6236572265625
sample_9f44935ddce09d73,291.1285705566406,295.4168395996094,302.8600158691406,310.09124755859375,318.6434326171875,326.50396728515625,332.9344787597656,341.09619140625,347.81085205078125,353.8684387207031,359.81201171875,367.41845703125
sample_f169e5455b321944,580.14208984375,560.0869140625,542.6152954101562,525.0484008789062,514.036865234375,494.8099670410156,480.1360778808594,466.18743896484375,452.8992919921875,445.505126953125,438.0859069824219,429.188232421875
sample_4fa363d0327820a0,372.6834411621094,372.3896484375,373.60296630859375,374.649169921875,377.105712890625,378.2120666503906,382.0982666015625,384.7961120605469,388.8131103515625,389.6254577636719,394.25262451171875,396.5519714355469
sample_5f8449481531719b,345.03314208984375,349.48785400390625,358.2359924316406,364.5884094238281,368.3874816894531,373.0364990234375,376.7391052246094,381.3843078613281,384.9096374511719,384.99700927734375,390.0024108886719,389.2132568359375
sample_5a069e838bd64566,375.5269470214844,374.96795654296875,375.3720397949219,376.1842041015625,375.3171081542969,374.9183349609375,375.0576477050781,377.6634826660156,380.34063720703125,380.6973571777344,383.2187194824219,385.0711364746094
sample_91ac5ae1d521e8d7,390.4335021972656,390.11395263671875,389.8807678222656,390.85791015625,388.3489685058594,389.0010070800781,388.19012451171875,391.3045959472656,392.92498779296875,394.2103576660156,396.92572021484375,395.1067199707031
sample_d775ae96351089ab,369.3281555175781,369.5378112792969,371.3587951660156,372.23583984375,371.87628173828125,371.284423828125,370.43133544921875,372.728515625,375.05596923828125,374.3619689941406,377.0208435058594,376.9212951660156
sample_2a9e660bfe2081e3,457.97833251953125,457.96636962890625,456.9919738769531,450.33026123046875,447.4449462890625,437.23431396484375,427.396240234375,419.6384582519531,417.12066650390625,407.23779296875,404.1252136230469,398.9424743652344
sample_c347227857bffe62,324.4883728027344,328.20037841796875,336.2629699707031,344.5710754394531,350.099609375,358.400634765625,365.49237060546875,371.7673645019531,377.41607666015625,381.96905517578125,388.20159912109375,391.97882080078125
sample_6cbea264abb5992a,329.029052734375,342.731201171875,359.0163269042969,375.4125061035156,391.30096435546875,408.2914733886719,423.79351806640625,438.4352722167969,449.1030578613281,457.89300537109375,465.97808837890625,471.20318603515625
sample_140455841adddabe,392.3006591796875,402.02520751953125,414.09954833984375,418.51739501953125,422.54669189453125,425.9719543457031,423.42413330078125,426.99786376953125,428.7197570800781,423.6087646484375,427.21795654296875,420.2171325683594
sample_3a089351b1094025,383.235595703125,381.5007019042969,382.2848205566406,382.1813659667969,384.0958251953125,384.8563232421875,387.5793151855469,389.6116638183594,394.79498291015625,394.4765319824219,399.5504455566406,401.53570556640625
sample_5490da08da79dd70,401.33197021484375,418.6923522949219,435.6562194824219,452.711669921875,471.6654357910156,488.61785888671875,509.12860107421875,523.2861328125,538.35888671875,544.7783203125,551.251953125,555.7486572265625
sample_6c943e256f50e3c7,428.46942138671875,435.0196838378906,443.1806945800781,450.3823547363281,456.8822021484375,461.9063720703125,468.5091857910156,474.5165100097656,480.85638427734375,479.56524658203125,483.9683837890625,481.70709228515625
sample_9e2cdc941fb1efe8,474.12823486328125,470.187255859375,465.305908203125,457.291748046875,451.33563232421875,441.1548156738281,431.17822265625,423.16046142578125,420.4158630371094,415.7181396484375,410.3694763183594,405.6203918457031
sample_972c29ef5844746f,424.9455871582031,417.727294921875,413.9254455566406,407.98333740234375,403.2960510253906,399.30560302734375,394.9104309082031,393.638427734375,392.3984375,391.65032958984375,391.8288269042969,390.5234680175781
sample_f23cd37de0d6bc88,374.62255859375,374.82952880859375,376.1640625,377.8750305175781,377.58319091796875,378.4303894042969,379.7049255371094,382.888916015625,385.3456726074219,386.88287353515625,389.9012451171875,390.0769958496094
sample_838b8a7043220679,410.442626953125,407.9253234863281,405.1563415527344,402.9288330078125,397.8832702636719,392.46600341796875,387.393310546875,385.97064208984375,385.3408203125,382.9862976074219,381.4145202636719,378.0173034667969
sample_411879697ac2cf69,342.2085266113281,346.0712585449219,354.1451721191406,361.49688720703125,366.5121765136719,372.87115478515625,378.8591003417969,384.1842956542969,389.3499450683594,391.132080078125,396.98077392578125,398.54052734375
sample_d49cebb3df761e85,495.1820068359375,486.5694580078125,480.5919189453125,474.29705810546875,468.7080993652344,458.8728332519531,452.19891357421875,446.4045104980469,442.11334228515625,436.9557800292969,436.38800048828125,429.6256103515625
sample_8dc0aee597caa5f1,347.7135314941406,349.9683837890625,356.074951171875,362.1152648925781,365.8106689453125,371.03289794921875,376.5939025878906,381.05548095703125,385.9747619628906,388.0837707519531,393.3411865234375,396.01959228515625
sample_3e8f9d2376e12973,388.0904846191406,394.8334655761719,403.6523132324219,415.2500915527344,424.9764709472656,437.63336181640625,449.0632019042969,459.78094482421875,471.0513916015625,476.4884033203125,483.29437255859375,488.1246032714844
sample_59e82f87cf8a9ce7,398.9431457519531,402.9216613769531,409.9998474121094,413.14971923828125,415.15533447265625,415.9629821777344,417.6482238769531,418.03173828125,421.8674621582031,418.5138244628906,422.7378234863281,419.43572998046875
sample_97b6f461b910aa0f,424.404296875,430.3652648925781,437.9858093261719,444.44769287109375,449.9501037597656,457.4881591796875,463.9651794433594,468.7673645019531,479.3053894042969,478.4491271972656,482.88446044921875,483.5379333496094
sample_109c5b51e664ef20,408.4335021972656,405.14239501953125,403.2603759765625,402.019775390625,396.55511474609375,393.39849853515625,388.9372863769531,387.79437255859375,389.7539978027344,388.4333190917969,387.05609130859375,384.8039245605469
sample_9e7d4f3e33f30661,310.45281982421875,314.2723083496094,322.228271484375,329.9428405761719,335.49951171875,344.1939392089844,349.95257568359375,356.2012634277344,362.967041015625,367.1371765136719,373.2855224609375,377.9233093261719
sample_301ff4407fa726b4,289.8060607910156,296.7108459472656,307.06915283203125,319.4158020019531,330.4083251953125,344.26312255859375,354.99078369140625,366.099609375,374.248779296875,383.6356201171875,391.8685607910156,399.6739501953125
sample_2c518b70331eb159,345.758544921875,347.3511657714844,352.55029296875,357.0400695800781,360.994384765625,365.17578125,370.6398010253906,374.1944580078125,379.8609313964844,382.0145263671875,387.14111328125,390.18939208984375
sample_87b97d8b96281848,638.828125,615.1384887695312,593.6695556640625,572.9548950195312,559.1340942382812,540.1018676757812,519.5344848632812,505.5467529296875,486.3594055175781,480.9250183105469,466.10711669921875,457.0986328125
sample_4c6bef5546e7e2ba,519.5678100585938,505.6811828613281,496.1453552246094,485.7475280761719,478.2042236328125,466.1945495605469,458.4019775390625,453.72650146484375,445.6754150390625,439.4242858886719,437.51080322265625,429.7574157714844
sample_4efdff0ce346b4ea,383.5886535644531,390.0939636230469,400.02880859375,404.0855712890625,407.50103759765625,410.7489318847656,408.9134521484375,412.98431396484375,416.7122497558594,413.0057678222656,414.9732666015625,410.27655029296875
sample_740acd6fff6ce7bc,385.9191589355469,390.03033447265625,397.25,400.34002685546875,401.9429931640625,402.231689453125,403.7821044921875,402.8690185546875,406.2958984375,402.525146484375,407.66009521484375,403.4786682128906
sample_34328f98af596413,415.19085693359375,411.53802490234375,410.183837890625,408.34173583984375,404.1800231933594,401.295166015625,396.97076416015625,395.6757507324219,398.71441650390625,397.3691711425781,397.4809875488281,396.3155212402344
sample_9e3f72523fcbc460,354.4501953125,373.4000549316406,392.43463134765625,412.4817810058594,433.34210205078125,452.6056213378906,473.2683410644531,490.75732421875,501.0355529785156,511.3360595703125,519.3102416992188,524.0713500976562
sample_d3b1a9c04ea5007a,368.0016784667969,369.1583251953125,374.4916687011719,377.2386474609375,378.01593017578125,379.80438232421875,381.5615234375,382.36224365234375,387.5231628417969,385.39093017578125,388.6951904296875,387.3285827636719
sample_750781d675673104,583.8763427734375,570.0347290039062,561.3407592773438,550.1289672851562,542.6553344726562,528.5762939453125,517.8748168945312,508.40447998046875,499.384765625,495.03265380859375,488.5054931640625,478.5967102050781
sample_aba9c9351c0b7284,335.5406494140625,337.1668395996094,342.9463195800781,346.5939025878906,353.07928466796875,355.5089111328125,359.2381286621094,364.5944519042969,368.4617919921875,371.6124572753906,373.0695495605469,377.3294677734375
sample_60f77d0892f88082,346.7705993652344,349.7440490722656,356.45733642578125,361.02471923828125,365.04229736328125,369.7070617675781,373.4153747558594,377.74700927734375,383.9226989746094,384.5118408203125,389.6945495605469,391.9091796875
sample_6c3ba0f380d39cab,487.29376220703125,478.16644287109375,471.5780334472656,463.8587341308594,456.8388671875,448.71539306640625,438.15557861328125,432.753662109375,429.17193603515625,427.1239013671875,420.9754638671875,416.628173828125
sample_635191c771332919,344.2325134277344,347.29364013671875,354.6031799316406,361.3722839355469,365.70526123046875,371.51007080078125,377.0612487792969,382.0826110839844,387.1113586425781,388.8028869628906,394.4034729003906,396.3494567871094
sample_20d30a4b8fde04ba,350.2187194824219,359.5760803222656,371.70916748046875,383.9794921875,395.7474365234375,408.6958923339844,422.0593566894531,432.7301330566406,443.5198059082031,449.254150390625,457.89154052734375,461.6700439453125
sample_bf10397e772154b6,569.931640625,553.188720703125,538.36669921875,522.9766235351562,513.3643188476562,494.44329833984375,481.2926330566406,468.9366149902344,456.45880126953125,447.7664794921875,440.6530456542969,433.06488037109375
sample_0d2dd8bbb70258a2,538.5443725585938,530.5827026367188,519.7313842773438,504.916015625,493.43133544921875,475.6844787597656,460.2415771484375,448.8485107421875,435.7037048339844,431.2979736328125,420.1954345703125,413.4921569824219
sample_1e8fd242c06cb271,348.7519836425781,358.3222961425781,370.9037780761719,383.30206298828125,395.1351623535156,408.1013488769531,421.264404296875,432.0589599609375,442.5675354003906,448.39794921875,456.8614807128906,460.2252502441406
sample_9856b2d4f60bcbdf,354.406982421875,355.7471618652344,360.63031005859375,364.93280029296875,366.2972106933594,369.1478576660156,372.0832214355469,374.6334228515625,379.51446533203125,379.70794677734375,383.309814453125,384.66973876953125
sample_a0862d37cc1f5d93,301.9814147949219,310.533447265625,322.5980529785156,334.0206298828125,343.7469177246094,355.89288330078125,363.7760314941406,374.1436767578125,381.0491943359375,386.37225341796875,393.04876708984375,398.06842041015625
sample_00175aa9e4ab085c,573.438720703125,562.062255859375,556.5498657226562,548.9325561523438,543.6011352539062,534.6484985351562,525.709228515625,522.4146728515625,514.477783203125,512.5762939453125,509.7298889160156,503.2402038574219
sample_52cd3c7a936dedcd,471.3901062011719,464.6425476074219,456.18975830078125,447.1486511230469,438.47039794921875,427.1859130859375,417.1290283203125,409.28924560546875,404.0830383300781,400.52093505859375,391.7069091796875,386.91229248046875
sample_512598150a3cdb58,364.2832946777344,366.28411865234375,371.15802001953125,375.3955078125,378.42242431640625,382.514404296875,387.2227783203125,390.69952392578125,396.36419677734375,397.4149475097656,403.0664367675781,405.7187805175781
sample_2a477bb7e5c2b647,406.5766906738281,410.72479248046875,415.0821533203125,421.3801574707031,425.9612121582031,429.045654296875,433.90631103515625,438.767333984375,443.872802734375,444.84979248046875,448.5359802246094,449.96600341796875
sample_e256425136a93729,517.4255981445312,502.6791076660156,490.33929443359375,477.03546142578125,467.915283203125,453.28155517578125,441.71826171875,433.0281677246094,424.018310546875,417.77130126953125,412.93218994140625,406.16033935546875
sample_e5a5459d1cd5b807,385.6337585449219,390.18731689453125,397.54119873046875,403.0339660644531,407.293212890625,413.072998046875,413.6288146972656,419.8724365234375,425.7122497558594,427.3609619140625,428.0417175292969,428.1041564941406
sample_3f8ff6b60a446a59,336.33197021484375,344.72705078125,356.4599304199219,362.61578369140625,367.69622802734375,373.7652893066406,371.8258056640625,379.50634765625,382.8064880371094,381.2013244628906,383.59735107421875,381.7916564941406
sample_a86dd350c2e56bb6,369.57830810546875,377.61578369140625,386.5971374511719,398.936767578125,411.6338806152344,423.2552185058594,435.7579345703125,447.2792663574219,455.04266357421875,461.27166748046875,468.251953125,472.8992919921875
sample_503507c5f85ccc95,418.59381103515625,413.8741455078125,410.8427429199219,407.2740478515625,402.8348388671875,401.3298645019531,397.7112121582031,396.29266357421875,397.794189453125,397.14227294921875,399.14617919921875,397.7358093261719
sample_7bf43c34e5e861f1,326.748046875,329.9457092285156,335.2554016113281,340.9249267578125,347.2171630859375,351.7149658203125,356.9955749511719,363.0012512207031,368.4942626953125,372.2171325683594,377.2749328613281,382.79296875
sample_131b96b9b0e8678d,390.96356201171875,408.6923522949219,426.1285095214844,444.00115966796875,463.9908447265625,482.00750732421875,503.6810302734375,518.791259765625,533.9466552734375,541.7452392578125,548.796142578125,553.9655151367188
sample_e4c8bcf01721bd11,454.0517272949219,443.7276306152344,438.4940490722656,429.17974853515625,424.0942687988281,418.5245056152344,411.0035705566406,410.0214538574219,404.5146484375,403.1273193359375,400.0885314941406,397.4002685546875
sample_8067d7ef333d9e34,312.46893310546875,317.74163818359375,326.74981689453125,334.8944396972656,340.9881286621094,348.9604797363281,353.7504577636719,360.27923583984375,366.4073486328125,369.2047119140625,374.8182067871094,377.756103515625
sample_d6e3389b87414450,371.0984802246094,370.15838623046875,371.0107421875,371.4214782714844,373.90997314453125,374.80029296875,377.356201171875,381.0257873535156,385.5804748535156,385.0769958496094,389.5209655761719,392.1513977050781
sample_8145721ec909d03a,465.6031494140625,474.540283203125,482.3465881347656,490.95172119140625,509.758544921875,520.485595703125,539.373046875,552.8792724609375,568.613037109375,571.6701049804688,582.15478515625,594.329833984375
sample_6563c8db71a6bfca,449.5111389160156,445.08050537109375,439.8017272949219,434.63006591796875,427.7537536621094,420.1627197265625,412.1377868652344,407.8113098144531,405.3550720214844,403.80291748046875,397.53643798828125,392.948974609375
sample_07c3e2f527bbb2a9,418.3028564453125,415.57354736328125,412.8785095214844,409.4988098144531,405.75201416015625,401.64410400390625,394.96929931640625,393.9231872558594,394.46337890625,392.0001525878906,388.76788330078125,387.3775329589844
sample_1accdc36183947f1,511.06195068359375,500.98760986328125,496.9389343261719,489.4535217285156,485.1515808105469,478.7950134277344,471.49322509765625,471.33331298828125,465.3518981933594,463.6384582519531,462.2554931640625,457.78564453125
sample_60abd637c7d585ef,346.3129577636719,350.990966796875,358.41656494140625,362.6541442871094,365.4057312011719,368.69610595703125,365.4696960449219,371.3707275390625,373.8587341308594,373.1168212890625,374.59075927734375,374.0286865234375
sample_48209b16b2538ff2,603.2659301757812,585.8029174804688,570.0330810546875,552.7113037109375,541.77587890625,520.258544921875,505.56298828125,492.6857604980469,479.4827575683594,468.4565124511719,459.7802734375,453.073974609375
sample_cbd12f355713143e,464.4773254394531,472.8183288574219,478.2217102050781,487.0758972167969,497.5760498046875,503.70452880859375,514.9584350585938,524.1978759765625,532.3812255859375,534.3829956054688,540.08056640625,545.52490234375
sample_767dffe6cfdd40fd,308.6679382324219,314.9643249511719,325.62530517578125,333.8621826171875,340.8077087402344,349.91302490234375,355.4228515625,362.6826171875,369.1404724121094,372.3674621582031,378.06292724609375,381.63922119140625
sample_0ab6cc9a73db066b,343.9893493652344,345.7913513183594,349.3000183105469,352.7501525878906,357.46270751953125,359.11199951171875,363.3468017578125,367.39276123046875,371.8886413574219,373.8136291503906,378.300537109375,382.9156799316406
sample_b38edb33a1f0bba5,290.98602294921875,297.9056701660156,308.97259521484375,319.29241943359375,327.7083740234375,338.4935302734375,345.9655456542969,354.9368896484375,360.1729431152344,365.6098937988281,372.1097412109375,376.4648742675781
sample_120269091eda1dff,302.9133605957031,308.8547668457031,318.34686279296875,328.4069519042969,336.9511413574219,348.6570739746094,355.7882995605469,365.00128173828125,373.4766540527344,380.6618957519531,386.3553161621094,392.90838623046875
sample_7c252b27597100a5,448.59210205078125,452.1416015625,457.672119140625,461.71807861328125,469.6297302246094,475.0997619628906,482.7445983886719,489.13006591796875,498.85101318359375,499.3123779296875,503.74755859375,507.76324462890625
sample_5b220b28a1cd89b5,302.43438720703125,311.9980163574219,325.26531982421875,336.6165771484375,346.3601989746094,357.778564453125,364.8555908203125,375.37078857421875,380.54595947265625,384.7882080078125,391.42596435546875,394.56939697265625
sample_36a1f3582c57ae8c,410.75225830078125,421.6517639160156,432.51666259765625,436.62542724609375,440.35968017578125,442.4600830078125,438.06707763671875,438.770751953125,439.3792419433594,433.7215270996094,436.91009521484375,428.887939453125
sample_4113f8d032f705ba,376.9504699707031,378.74078369140625,383.4988708496094,386.131591796875,385.7472839355469,386.47369384765625,382.8487243652344,385.530029296875,388.611083984375,386.16485595703125,387.5852355957031,384.78619384765625
sample_9ef006b7fb4750d3,392.20391845703125,393.42156982421875,396.7485046386719,397.940673828125,397.52783203125,395.5859069824219,394.4692687988281,395.087646484375,399.0731506347656,394.6065368652344,397.65765380859375,395.0295104980469
sample_d0fa99ecbd5ade04,432.5162658691406,425.635498046875,422.3007507324219,417.1740417480469,411.9777526855469,407.0830993652344,402.115478515625,399.757080078125,399.0220642089844,397.3643798828125,397.5054931640625,394.8023681640625
sample_0145e429c1aafaa6,541.8522338867188,525.2293090820312,510.1443176269531,496.274169921875,485.3516540527344,470.998291015625,457.32757568359375,445.6383361816406,435.6452941894531,430.6449890136719,423.13714599609375,414.83697509765625
sample_a3989dfc8a33d02e,344.9298400878906,346.16741943359375,351.953125,355.9987487792969,360.3882141113281,364.25848388671875,369.14886474609375,372.67242431640625,377.71343994140625,379.792724609375,383.1503601074219,386.5799560546875
sample_1630a12c8eb6a4bd,363.6076354980469,365.5281677246094,369.5888977050781,372.0733337402344,372.25640869140625,372.8512268066406,370.81524658203125,373.86224365234375,376.473876953125,375.0877380371094,377.05364990234375,377.41510009765625
sample_d44a561cd0f20116,421.7987976074219,418.3218688964844,418.919677734375,415.35748291015625,417.63671875,420.10272216796875,419.6697692871094,423.42236328125,427.4085998535156,428.3893737792969,433.3363342285156,434.27716064453125
sample_d4d5345c7c3d517d,354.7456970214844,356.3494873046875,361.8179626464844,366.4537658691406,368.0881652832031,371.54541015625,374.5937194824219,377.5758056640625,382.69500732421875,382.593505859375,386.6777648925781,388.00091552734375
sample_eb545283a2d53339,295.4127197265625,298.8271179199219,307.11688232421875,314.8763427734375,324.01849365234375,332.7027587890625,341.7950744628906,348.56396484375,354.90625,361.31207275390625,368.15301513671875,374.97235107421875
sample_bb8f9c5698f857d1,339.900634765625,345.8363952636719,355.8057556152344,363.489990234375,369.4447937011719,377.6060485839844,381.6026611328125,388.2250061035156,395.4507141113281,397.7003173828125,401.5726318359375,403.31195068359375
sample_38011d2755f346d7,299.6092529296875,305.3099060058594,315.055419921875,323.58880615234375,330.9384460449219,340.8048095703125,347.0838928222656,354.4961853027344,362.19036865234375,366.8232421875,372.7333984375,377.8038330078125
sample_7da89e4305a8bd85,322.9354248046875,326.81005859375,334.3603515625,340.0335693359375,345.5055847167969,351.9076232910156,355.19512939453125,360.98431396484375,367.65582275390625,370.3643493652344,374.4781188964844,378.4023742675781
sample_4de8f68719aa8695,363.9682922363281,388.015625,412.01983642578125,436.72528076171875,462.1212158203125,487.2030029296875,512.0989379882812,532.8692626953125,549.341064453125,561.4652099609375,567.8508911132812,574.5972900390625
sample_335ee27af82e9e31,318.1347961425781,321.170166015625,327.3734436035156,332.4124450683594,340.1548156738281,345.802490234375,350.89239501953125,357.3029479980469,364.0365295410156,368.94842529296875,373.69366455078125,380.317138671875
sample_6ae43d0e2f42223e,356.4937744140625,357.7201232910156,362.3697204589844,366.2795715332031,368.181396484375,371.32110595703125,374.63690185546875,377.53851318359375,382.6391906738281,383.5658264160156,387.63006591796875,389.77947998046875
sample_989839b44079ae29,341.7610168457031,342.7088623046875,345.3350830078125,348.5096435546875,354.16680908203125,356.6524353027344,363.8154296875,367.08428955078125,372.0258483886719,374.30755615234375,380.67156982421875,384.91436767578125
sample_b6b57ad66c560d0e,369.87115478515625,369.12786865234375,371.1864929199219,371.53985595703125,373.9380187988281,373.93756103515625,375.1260986328125,376.98468017578125,381.4142761230469,380.3677673339844,384.7359619140625,386.34765625
sample_cdfe3240d847b232,399.9287109375,399.68414306640625,400.8822937011719,400.82666015625,397.41162109375,396.2333679199219,390.3155517578125,391.8825378417969,393.5570068359375,391.1210632324219,391.2356262207031,387.6831359863281
sample_fcf760c74e122057,393.0504455566406,407.95233154296875,424.656494140625,436.8681335449219,449.92645263671875,459.70306396484375,470.3316955566406,480.67254638671875,486.64337158203125,488.5208740234375,492.44805908203125,490.28271484375
sample_d0faeadf3f1bf746,378.922119140625,378.2256164550781,378.9133605957031,378.59051513671875,381.999267578125,382.8482666015625,387.5710144042969,390.88299560546875,394.2624206542969,395.0128479003906,400.7842102050781,404.8295593261719
sample_05d797ebc14c2dfd,507.2150573730469,490.56427001953125,476.58856201171875,462.587890625,454.21429443359375,440.5691223144531,430.0585021972656,420.567138671875,410.3307189941406,406.54779052734375,402.23785400390625,394.27398681640625
sample_5d463f8fa320fa43,353.1654968261719,356.2294921875,361.5122375488281,366.8751525878906,373.38262939453125,378.5909729003906,384.9997863769531,390.76055908203125,398.23828125,401.27081298828125,406.45733642578125,411.9304504394531
sample_ae90bbedd895d282,441.312744140625,448.7074890136719,453.54315185546875,454.4988708496094,453.1690673828125,446.6529541015625,436.58660888671875,434.1418762207031,430.3104248046875,423.41705322265625,423.57916259765625,415.9581298828125
sample_9bd90b61474ed034,491.8813781738281,491.1348876953125,488.137451171875,480.3032531738281,476.60308837890625,466.4495544433594,455.7057189941406,445.5469055175781,442.0903625488281,431.6972351074219,428.04833984375,420.39508056640625
sample_463fa22c62e7c1d4,337.0235595703125,338.84039306640625,344.5434875488281,350.2305908203125,354.68548583984375,359.3174133300781,364.9425354003906,368.9198913574219,374.20361328125,377.537841796875,382.3981628417969,385.68646240234375
sample_8c4cfe9e2a70a7d7,370.1804504394531,374.1168212890625,381.4442138671875,384.984375,387.1741027832031,390.5052185058594,387.72906494140625,391.9775085449219,395.8381652832031,394.4912414550781,395.7347412109375,394.1423034667969
sample_9d552e2319e9d5d4,425.30718994140625,421.6712646484375,420.7742004394531,417.97802734375,413.7674560546875,410.3340759277344,406.6806640625,406.67236328125,407.0804748535156,405.8094177246094,404.7462158203125,404.0531005859375
sample_be62b2f3cb180320,339.9967346191406,346.42889404296875,357.5702819824219,364.29241943359375,369.3327941894531,375.35009765625,377.9778137207031,384.1809387207031,388.2099609375,388.4092712402344,392.7528381347656,392.317138671875
sample_2a7111f647bacbee,571.8447265625,553.7499389648438,541.1161499023438,527.7612915039062,519.689208984375,504.6676025390625,495.79071044921875,488.7502136230469,477.0291748046875,471.81988525390625,468.7767028808594,458.6083984375
sample_9620886a808351b0,350.6753234863281,352.4439392089844,356.0639953613281,359.7131652832031,363.56585693359375,365.2566833496094,368.1640625,372.0164794921875,376.75360107421875,378.4488525390625,381.8756408691406,386.0286865234375
sample_8799aa2c0ba2fc26,418.6589660644531,414.0328674316406,412.2945861816406,408.9855041503906,405.3637390136719,402.1201171875,397.4295349121094,395.55029296875,398.2388610839844,397.1959533691406,397.6446228027344,396.8184509277344
sample_07d8aa6acbff0ba0,399.8297424316406,399.3458557128906,399.648193359375,398.90802001953125,395.6546630859375,392.0118103027344,387.9891357421875,387.747802734375,389.4534606933594,386.519775390625,386.6956481933594,382.5475769042969
sample_5c5f6c30d945f94c,341.0879211425781,342.5338134765625,346.2878723144531,349.5352478027344,354.15325927734375,355.5746154785156,359.5434265136719,363.36053466796875,367.74114990234375,369.8387756347656,373.87255859375,378.4166564941406
sample_4488fe3def72a5c6,442.168212890625,436.3260192871094,430.9816589355469,425.8192138671875,419.2154541015625,412.318359375,404.812744140625,400.7740173339844,399.5340576171875,397.20330810546875,391.9197998046875,389.3376159667969
sample_90abda5a4c18c872,310.8465576171875,320.1668701171875,332.4588928222656,347.2109375,360.17266845703125,376.4083251953125,389.790283203125,402.9436950683594,413.7540283203125,423.43243408203125,432.3155517578125,439.438232421875
sample_6e1b1f11ada6855e,376.3448181152344,377.4960632324219,381.2864990234375,383.54803466796875,383.34967041015625,384.3658142089844,385.60186767578125,386.4978332519531,391.5465393066406,389.45166015625,392.6837158203125,393.4277038574219
sample_f9260c80e1380570,333.7781066894531,355.6318664550781,378.2418518066406,399.63336181640625,420.5195617675781,441.06573486328125,459.30072021484375,477.33026123046875,486.208984375,495.56634521484375,502.9798583984375,506.39862060546875
sample_2df388bc0459a86e,322.5269470214844,326.3015441894531,332.5469665527344,338.4041748046875,349.45538330078125,355.7915344238281,366.17572021484375,373.625,381.511474609375,386.776611328125,394.5664367675781,403.2505798339844
sample_98253e5d855ef85f,341.7769775390625,350.7528381347656,363.8208312988281,374.42626953125,383.37237548828125,393.388916015625,400.86529541015625,410.2894287109375,415.8041076660156,419.264892578125,425.360595703125,425.90771484375
sample_abd132d5d5f21003,435.35845947265625,431.6455078125,429.5174865722656,426.9701843261719,421.6676330566406,416.27996826171875,411.4379577636719,407.3130187988281,409.2659912109375,407.76617431640625,405.25286865234375,400.6570739746094
sample_a4c0090ee7de8010,372.5592041015625,391.47021484375,411.351806640625,429.53179931640625,448.04205322265625,465.9521484375,482.37701416015625,497.97430419921875,508.5518798828125,515.7296752929688,520.6229858398438,522.970703125
sample_94ca88ae1ceb865d,484.8707580566406,472.28643798828125,463.423828125,453.0047607421875,445.4551086425781,437.49542236328125,426.2933349609375,421.9434509277344,414.75994873046875,414.42230224609375,407.91717529296875,402.9168395996094
sample_000c67133c77da57,344.138916015625,350.2796630859375,360.57012939453125,366.6391906738281,371.0448913574219,375.7537841796875,376.8005676269531,382.6046447753906,386.0733642578125,384.7664489746094,388.9661865234375,386.96209716796875
sample_fa155354b2ec7423,266.4565124511719,275.3222961425781,288.2371520996094,299.5085144042969,309.8847961425781,322.49713134765625,329.9183349609375,341.0386047363281,346.8951721191406,353.4397888183594,359.74310302734375,366.510009765625
sample_a58985a4fcedf311,425.929931640625,420.0852966308594,415.92584228515625,410.62042236328125,405.2590637207031,400.5998229980469,395.40557861328125,392.6858825683594,391.29864501953125,389.8444519042969,389.10443115234375,387.55255126953125
sample_42f71726a354e621,405.2266540527344,403.2164306640625,401.63555908203125,399.7967834472656,395.4866943359375,392.2276611328125,388.458984375,388.6384582519531,389.2859802246094,386.86309814453125,386.2384948730469,384.413330078125
sample_da6e107b7dc86189,345.8694152832031,349.2578125,356.2422790527344,360.4630126953125,364.1675109863281,368.18243408203125,371.013671875,375.5809020996094,380.8999328613281,380.588134765625,385.8085021972656,387.66064453125
sample_9406b08fdae9a953,409.107177734375,404.88275146484375,402.87054443359375,401.2579040527344,400.53582763671875,400.5431823730469,400.5789489746094,402.7198181152344,405.5597839355469,406.2541809082031,410.17498779296875,412.6549377441406
sample_809280b0a9b8de31,430.9616394042969,426.6446228027344,423.7808837890625,420.2254333496094,414.17291259765625,408.1930847167969,402.9217529296875,400.66217041015625,400.33111572265625,397.5774230957031,394.84649658203125,392.6609802246094
sample_f9601acd3b68e929,503.574951171875,493.9212646484375,485.2999572753906,477.1474609375,467.7567138671875,456.075927734375,445.4970703125,437.9807434082031,432.8987121582031,427.6822509765625,421.1327209472656,415.4171447753906
sample_1cd342f670b49303,541.8677978515625,534.927978515625,527.4057006835938,515.41357421875,508.3710632324219,491.8631286621094,480.13873291015625,470.1163330078125,460.20458984375,454.458740234375,446.66009521484375,438.1996154785156
sample_673a6cf4730ab60f,583.7781372070312,587.935791015625,585.861328125,579.9832153320312,578.4505615234375,565.484130859375,554.0003051757812,544.1435546875,535.5968017578125,524.6520385742188,520.1883544921875,509.5867919921875
sample_931ed3745bd71e67,379.86297607421875,382.07183837890625,387.9294738769531,391.4376220703125,393.301025390625,395.2998046875,398.1181335449219,399.650390625,404.14837646484375,402.824951171875,406.17510986328125,405.65716552734375
sample_96b9983e46592722,382.65325927734375,383.1186828613281,384.2868957519531,385.9375305175781,385.2329406738281,385.9013977050781,387.02569580078125,390.8800048828125,392.4913024902344,393.947021484375,397.2882995605469,396.7237243652344
sample_fb419ace0379f32a,339.7630310058594,343.7342529296875,352.3190612792969,358.22430419921875,362.2121276855469,368.35443115234375,371.35552978515625,376.0792236328125,382.3564758300781,383.2586669921875,387.56512451171875,388.9608154296875
sample_d573821d42bc8ac7,354.3575439453125,354.38311767578125,358.1009521484375,359.1376647949219,364.77301025390625,365.1153564453125,367.0830383300781,370.8588562011719,374.9309997558594,377.93768310546875,379.8299255371094,383.3947448730469
sample_f727cf2795c9509e,345.8614501953125,346.97076416015625,349.57830810546875,351.5406494140625,356.0556945800781,357.0481872558594,362.9659729003906,366.3351135253906,370.43585205078125,371.6534118652344,376.86834716796875,381.6961975097656
sample_3db980bcf29b2673,461.7073059082031,451.52301025390625,444.5075378417969,437.8160400390625,433.43182373046875,427.5245056152344,423.2170104980469,418.7841796875,415.3606262207031,416.7026062011719,417.4949035644531,412.84051513671875
sample_f13d4bcf2af616b3,425.197265625,433.8568420410156,443.7220153808594,455.5646057128906,471.2091369628906,485.2649230957031,501.5237731933594,514.723388671875,530.4546508789062,534.193359375,542.84912109375,552.77392578125
sample_1529cfcba486f3d8,338.1613464355469,358.3973388671875,379.5194091796875,397.73980712890625,415.9432373046875,431.3338623046875,444.6266784667969,460.20819091796875,463.3653869628906,469.970703125,475.4798583984375,474.53240966796875
sample_8efface64348ef04,543.8976440429688,541.843017578125,545.1668701171875,541.2427368164062,548.8220825195312,551.2835693359375,555.1749877929688,558.398681640625,564.365966796875,569.6110229492188,572.53662109375,576.9505615234375
sample_c6edd7a79b0b820c,317.1929016113281,322.8334655761719,331.4578552246094,341.1835632324219,349.7884216308594,359.0194091796875,368.18157958984375,376.3436584472656,381.7391662597656,386.3951416015625,392.8650207519531,396.63726806640625
sample_f4631c0f7244ed21,487.4036560058594,477.6014404296875,467.52197265625,457.17974853515625,447.4059753417969,435.6941833496094,423.87353515625,415.2892150878906,409.5647277832031,405.963134765625,396.7802429199219,391.9220275878906
sample_0b255c3e97d8af99,390.3646545410156,393.274658203125,397.8187561035156,399.06585693359375,398.57574462890625,397.23602294921875,394.24481201171875,394.4062805175781,398.0893859863281,392.4270935058594,394.5706481933594,391.5944519042969
sample_04afcba7523258c4,396.1290283203125,402.64691162109375,411.0272216796875,421.9109802246094,430.932373046875,442.73974609375,454.2514343261719,463.9843444824219,475.1598815917969,479.65313720703125,487.3067321777344,490.79473876953125
sample_b1ac813cf6be3a24,326.63970947265625,330.9273376464844,338.5826110839844,346.38116455078125,352.73114013671875,359.56597900390625,366.4254150390625,372.50634765625,377.21868896484375,379.2256164550781,385.3217468261719,387.7044677734375
sample_03a476e3fc777e0b,517.3434448242188,502.1481628417969,488.8948059082031,475.6717529296875,466.1651611328125,452.8189392089844,439.1115417480469,430.8891906738281,420.52374267578125,415.62744140625,407.5134582519531,400.4967041015625
sample_2f2693c39d9bb0c6,463.85675048828125,460.778076171875,457.7628173828125,450.9701843261719,445.5176086425781,435.41253662109375,426.75714111328125,420.5163879394531,416.25311279296875,412.9450378417969,408.88360595703125,401.61651611328125
sample_6d3d21897de539bb,421.6606140136719,428.89794921875,438.3617858886719,445.4657897949219,450.9014587402344,456.688720703125,462.9681091308594,467.7470397949219,474.5505065917969,473.52880859375,477.393310546875,474.5392150878906
sample_d05d689248b262b5,432.2199401855469,427.2641296386719,423.16943359375,419.74560546875,414.09130859375,410.17242431640625,403.7167053222656,401.4519958496094,400.8343811035156,399.6034240722656,397.1159362792969,394.10577392578125
sample_ad319c451660326c,374.49285888671875,399.79351806640625,425.4096984863281,448.3462219238281,472.77203369140625,495.3525390625,518.81298828125,537.3505859375,552.1480102539062,560.9141845703125,566.953369140625,571.27001953125
sample_21514694c556fa47,326.4622802734375,328.65521240234375,335.4083251953125,341.4624328613281,345.99212646484375,352.01708984375,357.89239501953125,362.2148132324219,367.843505859375,371.2691345214844,376.4635314941406,379.9608154296875
sample_22778f9d02fa9083,500.1551513671875,487.7554931640625,476.2846374511719,464.96282958984375,455.5042724609375,443.0292053222656,430.9388427734375,423.0383605957031,415.4910888671875,409.7173156738281,403.03289794921875,397.15252685546875
sample_1c5e062a2751041d,404.5049743652344,406.0040283203125,408.5542907714844,408.759033203125,405.36181640625,404.9916687011719,396.2766418457031,397.20819091796875,398.2537841796875,395.28045654296875,394.03436279296875,390.1398620605469
sample_cbb8ea5740735914,314.179931640625,320.5911865234375,330.5418395996094,340.1432189941406,347.9328918457031,356.36773681640625,363.92218017578125,371.6724853515625,375.938720703125,378.6794128417969,385.2484130859375,386.9729919433594
sample_56155ef6642d9aaa,399.0390930175781,399.5127868652344,401.4704284667969,401.3118591308594,398.8924560546875,396.3081359863281,391.7814636230469,391.2346496582031,394.5888366699219,390.60693359375,390.9064025878906,386.87615966796875
sample_0b65c2e07df23774,500.6112060546875,486.0821533203125,474.83935546875,463.08544921875,456.4160461425781,444.3501892089844,436.0281066894531,428.4654846191406,419.8424987792969,416.7449951171875,414.01434326171875,406.42755126953125
sample_f02ffa8842304dc5,400.65435791015625,399.2276611328125,399.1252136230469,398.9005126953125,398.6518249511719,397.8929748535156,398.46343994140625,401.0978088378906,403.3534240722656,403.2138977050781,405.1915283203125,407.0164794921875
sample_b0ede85fbcd769a3,414.6441650390625,408.4797058105469,403.7035827636719,398.1409912109375,392.4526672363281,386.3262634277344,380.6830749511719,376.2960510253906,375.2325134277344,373.191162109375,371.71575927734375,369.7229919433594
sample_6b41b7734ea60c98,503.7350158691406,491.64886474609375,484.1462707519531,476.03863525390625,469.06842041015625,460.0504150390625,453.55010986328125,449.5332946777344,443.28912353515625,441.3771057128906,439.9577941894531,433.13177490234375
sample_fe768ef94e657eec,264.1748352050781,272.1029052734375,283.50042724609375,295.24322509765625,305.04644775390625,318.1567077636719,326.1246643066406,337.00469970703125,343.30303955078125,350.5282287597656,357.587646484375,364.78887939453125
sample_3a7db4d22f77e915,442.521728515625,433.52716064453125,428.2024841308594,421.6018981933594,417.2762451171875,413.4563903808594,409.93402099609375,408.7740173339844,405.8627014160156,407.20501708984375,408.27227783203125,404.3052978515625
sample_1099448f0650dc86,596.8596801757812,583.4569702148438,574.95166015625,565.95556640625,560.8058471679688,547.0899658203125,539.257080078125,531.3298950195312,521.8185424804688,518.0394287109375,518.4321899414062,507.97625732421875
sample_28c4a12ada920b1b,350.30718994140625,350.3703918457031,352.9010009765625,354.82025146484375,358.89202880859375,359.98651123046875,364.7413635253906,366.7791748046875,371.5693054199219,372.455078125,377.7460021972656,380.949951171875
sample_324d637a09f39e00,340.294921875,346.9557189941406,356.83367919921875,366.2343444824219,373.4579772949219,380.4996337890625,388.4312438964844,395.5809326171875,399.34222412109375,401.18377685546875,407.98516845703125,408.69732666015625
sample_9c24ab628efea2c6,434.2410583496094,425.6485595703125,422.16131591796875,413.88336181640625,410.16424560546875,405.97796630859375,400.0456237792969,400.2689208984375,396.2867736816406,395.6452331542969,394.2038269042969,393.0283508300781
sample_e4b7c5cf535eab93,366.28729248046875,365.2629089355469,364.857666015625,364.9664306640625,366.509765625,366.6601257324219,369.5081481933594,372.2076110839844,375.66839599609375,375.6373291015625,380.4017028808594,383.571044921875
sample_ecd66319b56a0563,631.3604125976562,621.33544921875,612.1342163085938,598.9990844726562,592.3137817382812,571.77685546875,562.6406860351562,547.8248291015625,535.6364135742188,527.6133422851562,522.2183837890625,511.26617431640625
sample_b939e8aaf77d0f7e,494.2535095214844,488.65081787109375,484.2046813964844,477.9359130859375,471.7476806640625,459.60772705078125,452.5491638183594,444.9739990234375,440.3974304199219,435.80657958984375,432.8305969238281,423.6791687011719
sample_33411ecceb5f39c3,478.2012634277344,466.197021484375,458.2014465332031,447.814453125,442.0177001953125,432.5446472167969,426.17626953125,422.3570251464844,415.7490539550781,412.5539855957031,411.5152282714844,407.577880859375
sample_bdf7d0eb3ae885d7,303.6483459472656,308.364990234375,316.9715270996094,325.7533264160156,332.38140869140625,342.423095703125,348.7992858886719,356.2250061035156,363.4507141113281,368.55987548828125,375.12298583984375,380.750244140625
sample_0c597872cc196b00,304.7921142578125,310.6051330566406,319.7638244628906,327.2581481933594,334.3946228027344,342.2419128417969,346.1744384765625,353.7978820800781,360.0038757324219,363.076416015625,367.7342834472656,371.69927978515625
sample_ef29440c1bb48328,526.6324462890625,511.5938415527344,499.172607421875,485.6717529296875,477.59039306640625,461.9095153808594,450.71826171875,440.9841003417969,431.4217834472656,424.8995666503906,420.5311279296875,413.38372802734375
sample_dabd7d5c7169ab37,354.04754638671875,355.6717529296875,360.44598388671875,364.6761474609375,369.57244873046875,374.330810546875,380.376220703125,384.14361572265625,389.5843505859375,391.35247802734375,396.7877502441406,399.4947509765625
sample_c6e5f1c7552980e2,289.1443786621094,297.5100402832031,309.5284729003906,320.89642333984375,330.9967956542969,343.8515319824219,352.08843994140625,362.33349609375,370.9949645996094,377.8037414550781,384.1203308105469,389.84375
sample_9b66c43b40e14881,346.5077209472656,353.29803466796875,363.7085266113281,373.3250732421875,381.3642272949219,391.0212097167969,399.4661865234375,407.47247314453125,415.9234924316406,419.47821044921875,425.7926025390625,429.02264404296875
sample_4b4aed52576e68a7,510.97381591796875,501.8999328613281,496.5364990234375,490.52044677734375,484.06439208984375,475.8983459472656,467.5113220214844,462.0214538574219,458.8595275878906,455.751220703125,452.84295654296875,446.3466796875
sample_db6f08ada19b475f,313.5650329589844,320.84259033203125,332.2229919433594,340.33392333984375,347.4083251953125,356.05462646484375,359.98492431640625,367.9606018066406,373.73699951171875,376.2513122558594,381.009033203125,383.1957092285156
sample_afd64f03e8b87042,391.59991455078125,393.9697265625,398.7203369140625,404.1888427734375,411.07928466796875,416.2268371582031,424.7585144042969,429.26226806640625,436.01593017578125,438.2691345214844,444.78375244140625,448.04345703125
sample_1d4360c32b3781b3,354.8385925292969,354.0538330078125,356.40167236328125,356.43011474609375,359.390380859375,360.4820556640625,362.5361633300781,363.9012145996094,369.3350830078125,369.4417724609375,374.90545654296875,377.1778564453125
sample_2fe476e43f376055,444.1478271484375,436.13238525390625,429.3834533691406,422.46197509765625,415.35125732421875,408.33544921875,400.1458740234375,396.1197509765625,393.31072998046875,390.69921875,386.49578857421875,383.7340393066406
sample_756f793454b5f99d,338.2727966308594,343.7872314453125,353.8199157714844,359.6718444824219,364.0382995605469,369.10028076171875,370.12689208984375,376.0622863769531,379.35211181640625,378.9605712890625,382.75372314453125,381.6012268066406
sample_0a1f69574827dd37,294.94500732421875,303.5609436035156,315.2789611816406,324.4504699707031,332.2841796875,341.13909912109375,343.6000671386719,353.4182434082031,357.728271484375,360.35870361328125,364.5655517578125,367.08209228515625
sample_90ed70403df21555,307.09515380859375,312.1138916015625,321.1522521972656,330.1916198730469,337.23797607421875,347.4486083984375,354.4771728515625,361.8351745605469,369.24462890625,374.3674621582031,381.1406555175781,386.5262451171875
sample_7b65426c519a90c3,338.38916015625,341.22955322265625,348.1584167480469,355.2396545410156,360.8238525390625,367.5927429199219,374.48944091796875,379.8622741699219,385.38140869140625,388.9102783203125,395.1185607910156,398.59539794921875
sample_a7b5f8c958fccd8a,438.3711242675781,438.3377380371094,437.7447814941406,434.3567199707031,429.2055358886719,423.8802185058594,414.8802185058594,410.6689453125,408.3218078613281,404.49407958984375,402.0881042480469,395.26910400390625
sample_22c54731c4ce5a99,334.3787536621094,336.8992004394531,343.64471435546875,350.1819763183594,353.5673828125,358.6164855957031,363.0220947265625,367.3605651855469,372.19708251953125,374.0456237792969,378.96087646484375,380.35333251953125
sample_e1add3c8e4cf1008,328.12872314453125,334.28619384765625,345.3477478027344,353.2343444824219,359.31402587890625,366.8382568359375,371.9053649902344,378.49957275390625,382.849853515625,385.11627197265625,390.45867919921875,391.20025634765625
sample_7192d503e37a8b3c,348.2193603515625,360.6008605957031,375.2110595703125,387.2302551269531,398.73736572265625,406.7900695800781,416.236572265625,425.66912841796875,427.38104248046875,428.89556884765625,435.0903015136719,434.79150390625
sample_497f3c3cfb0da01d,660.060791015625,635.7547607421875,613.1693725585938,590.714599609375,576.3834228515625,555.6453247070312,533.8397827148438,518.384033203125,498.179443359375,491.526611328125,475.14422607421875,466.66162109375
sample_7c4c3d686d11b9b7,441.574951171875,435.2259521484375,431.9816589355469,428.3897705078125,423.66607666015625,417.7001037597656,413.3777770996094,409.7706298828125,409.66412353515625,408.2637939453125,407.6309509277344,405.10577392578125
sample_7360e49ae9736ee3,364.9335021972656,366.29876708984375,370.2377624511719,374.09771728515625,375.1687316894531,377.5436096191406,379.80279541015625,382.59613037109375,386.84747314453125,386.9515380859375,390.7263488769531,390.9922180175781
sample_bd63b4e76b793ae5,349.84014892578125,357.3484191894531,367.166259765625,379.605712890625,392.758544921875,406.83392333984375,421.83746337890625,434.0284423828125,445.676025390625,453.21429443359375,463.4303894042969,471.33367919921875
sample_07d6526d36f2b744,340.233154296875,343.0410461425781,348.9500427246094,354.91705322265625,359.2171630859375,364.2110290527344,369.5757751464844,374.2419128417969,378.872802734375,380.57769775390625,384.91009521484375,387.5198974609375
sample_a341a152890dc1f5,353.5451354980469,357.704345703125,366.1664123535156,371.60455322265625,374.87457275390625,379.7009582519531,382.14630126953125,386.5165100097656,391.98883056640625,391.3454284667969,395.876953125,395.35400390625
sample_e2092f8cc17ad5b7,369.994873046875,380.2645263671875,392.29296875,404.58349609375,415.6729431152344,426.4812927246094,439.1039733886719,449.25555419921875,455.7302551269531,460.3790283203125,467.6167907714844,469.2872619628906
sample_1d4c409519fabf1f,387.95880126953125,389.8441162109375,394.1031188964844,395.47857666015625,395.0721740722656,393.28558349609375,390.9686279296875,391.3122253417969,394.6759033203125,389.6658630371094,391.6778564453125,387.5061950683594
sample_0dbfc03fec463143,491.5152587890625,479.0092468261719,470.3960266113281,460.10394287109375,452.9801940917969,442.9659423828125,433.2933349609375,428.7536315917969,421.2610168457031,418.3547668457031,412.6539306640625,407.0298156738281
sample_d77413f941232bd5,472.916015625,468.9212646484375,469.8428649902344,464.1002502441406,472.28369140625,474.8984680175781,479.00042724609375,484.3792724609375,488.949951171875,491.4002380371094,497.1976318359375,500.9564208984375
sample_3daf83a405a1cffb,295.0768737792969,299.3368835449219,306.6724853515625,313.82672119140625,322.2871398925781,330.0699157714844,336.06414794921875,344.02838134765625,350.663330078125,356.9325866699219,362.3031921386719,369.5863037109375
sample_eef3cd35d5c19b67,440.7577209472656,448.8078918457031,455.2096252441406,458.2427978515625,458.5694580078125,456.948974609375,451.1349792480469,450.8690185546875,450.778564453125,445.36492919921875,445.7449035644531,439.3129577636719
sample_7cc8ef15939531fd,429.26318359375,421.5398864746094,416.591552734375,410.0732727050781,406.50787353515625,403.3500061035156,399.9466552734375,397.0791015625,396.05572509765625,396.3626708984375,399.34075927734375,399.10577392578125
sample_c71358926ef4fbfe,427.63385009765625,429.4931945800781,433.8035583496094,436.5476379394531,441.65960693359375,445.2821960449219,450.58258056640625,454.9164733886719,462.112548828125,463.50677490234375,467.1234130859375,470.19134521484375
sample_295f10ed97563e6c,502.2150573730469,487.73895263671875,477.7282409667969,466.0523681640625,461.06634521484375,450.4918212890625,443.6697692871094,437.91973876953125,429.52789306640625,428.6356506347656,428.2228088378906,423.6405334472656
sample_b5a1d81f98282301,630.5261840820312,607.4390869140625,586.6142578125,566.2694091796875,552.759521484375,534.2434692382812,513.8372192382812,500.3433837890625,481.74981689453125,476.50030517578125,461.84918212890625,453.09539794921875
sample_d6507250ded80bae,355.8602600097656,375.0286865234375,395.46331787109375,412.7801513671875,430.3923034667969,445.9600524902344,459.71722412109375,474.4183349609375,481.6690979003906,487.89105224609375,493.5399169921875,493.31097412109375
sample_b5a87c1060c235fa,397.8499755859375,402.13372802734375,408.64471435546875,416.3888244628906,421.9242248535156,430.4991149902344,437.6624755859375,444.0826110839844,453.6611633300781,455.81304931640625,461.0160827636719,463.6470031738281
sample_9a96ed6c4a4210de,360.75518798828125,366.3833312988281,376.4723815917969,383.9609680175781,389.319580078125,397.2005920410156,402.69189453125,408.655517578125,416.5505065917969,417.8684387207031,423.0576171875,424.03436279296875
sample_e10d35fdf0fbb22f,395.599609375,395.0234680175781,394.8619384765625,394.1120910644531,389.609619140625,388.1385803222656,381.859375,383.0808410644531,383.6907653808594,381.9730224609375,381.7287902832031,378.0902099609375
sample_33eb19f84d1859cd,391.2429504394531,391.4736022949219,393.2668762207031,394.3155822753906,393.130615234375,392.21722412109375,391.3512268066406,392.6800231933594,396.3958740234375,394.4244689941406,396.2459411621094,394.2049560546875
sample_5be3e322cf9766dd,298.6349792480469,303.2510070800781,312.158935546875,320.5960693359375,329.4316101074219,339.3531799316406,347.4771728515625,355.5470275878906,361.7456970214844,368.3033142089844,374.6256408691406,380.85870361328125
sample_16178464001d5f10,340.2205810546875,345.2767333984375,354.75006103515625,361.0432434082031,365.48785400390625,371.880859375,375.0418395996094,380.32330322265625,386.52020263671875,386.9119567871094,391.87298583984375,392.4578857421875
sample_e903631cc0b28436,363.27008056640625,368.84466552734375,378.750732421875,383.0851745605469,386.2694091796875,390.1161193847656,388.3959655761719,392.8453063964844,396.36517333984375,393.6158447265625,395.5960388183594,392.63677978515625
sample_b496477b65018c88,378.9119873046875,401.24810791015625,423.68621826171875,444.7075500488281,467.1946716308594,487.8097839355469,509.3175048828125,526.93701171875,540.1915893554688,548.84521484375,554.7996826171875,558.5057373046875
sample_c3e299abfe58be1e,375.07122802734375,376.2604064941406,379.6993713378906,382.4691162109375,384.9591369628906,386.6575927734375,389.5977478027344,392.5401916503906,397.3111267089844,397.8475341796875,401.34912109375,403.8659973144531
sample_a2bdbbb39d5707d3,464.3915710449219,457.9852294921875,455.05072021484375,449.4962158203125,446.3655090332031,442.1912841796875,439.28851318359375,438.285888671875,436.063232421875,434.8616943359375,437.9688415527344,432.7436218261719
sample_a2cb229a63e2cb06,665.5623779296875,646.1034545898438,626.5883178710938,603.9742431640625,590.3115234375,564.4598388671875,546.4426879882812,526.533203125,509.5458984375,498.75689697265625,485.04705810546875,478.20709228515625
sample_a2d96e44b3bd84bf,290.9496154785156,300.2944641113281,313.2096252441406,324.49237060546875,334.27252197265625,345.70379638671875,352.38275146484375,363.1843566894531,368.0491943359375,372.5923767089844,379.07879638671875,382.95867919921875
sample_a6319e05c5d46c78,584.1495361328125,566.8668823242188,550.810791015625,533.7113037109375,522.3258056640625,502.4159851074219,487.81268310546875,474.6349182128906,462.1790466308594,451.84814453125,443.1512756347656,435.73956298828125
sample_fbc28dd746f19561,392.29376220703125,390.74591064453125,390.1978759765625,390.7060546875,390.87823486328125,391.9057312011719,392.2444763183594,396.03466796875,400.2012634277344,399.8216552734375,403.286376953125,405.3446350097656
sample_d535b1da8f291d4e,355.7951965332031,357.48114013671875,360.43084716796875,363.4356384277344,368.2873229980469,370.0968017578125,376.8712158203125,380.6063232421875,384.8387451171875,386.9436340332031,392.3513488769531,397.63677978515625
sample_b268e77ff101f9de,463.4349670410156,454.1901550292969,447.2302551269531,437.67572021484375,430.4440002441406,419.9932556152344,412.085693359375,406.868896484375,402.48651123046875,397.609375,394.88623046875,391.7980041503906
sample_c8d225bb6ce50823,335.241455078125,337.3406677246094,341.48419189453125,345.54803466796875,350.9850158691406,353.2226257324219,357.5714111328125,362.39105224609375,366.96722412109375,369.7268981933594,374.0426025390625,379.38433837890625
sample_cf39d45233e541b4,463.0052795410156,456.85369873046875,451.49560546875,445.2405700683594,438.37158203125,429.09405517578125,421.35382080078125,415.24517822265625,412.74884033203125,409.1185302734375,404.9145202636719,401.1762390136719
sample_b67114d28185e620,476.53924560546875,464.77471923828125,454.97918701171875,444.285400390625,436.27972412109375,425.41094970703125,415.9013366699219,409.3908996582031,402.87060546875,398.2716979980469,394.8818359375,390.0872802734375
sample_4c5d1662165419d2,499.404296875,497.1268615722656,495.1545104980469,493.20281982421875,489.3939514160156,483.7929992675781,478.143798828125,473.3520202636719,473.24481201171875,470.33978271484375,471.26123046875,462.54473876953125
sample_8717b52820b320d0,526.00732421875,509.9328918457031,496.2279052734375,482.9854736328125,472.7647399902344,460.0000915527344,446.8618469238281,436.9468078613281,426.7298278808594,423.379638671875,415.9745788574219,407.83111572265625
sample_7f85c8d85b38e38f,480.83929443359375,469.133056640625,462.64605712890625,452.500732421875,448.35577392578125,441.00115966796875,435.8263244628906,434.18414306640625,428.02880859375,426.00439453125,426.58587646484375,422.6256103515625
sample_11be10f6d7bab91e,396.77508544921875,401.44403076171875,409.3194580078125,413.6956787109375,415.01190185546875,418.6134338378906,417.6343078613281,421.08599853515625,425.5051574707031,423.19482421875,425.2373962402344,422.36309814453125
sample_ed462dff4a31def3,406.376220703125,408.8822937011719,412.32562255859375,412.8094177246094,411.541015625,407.96795654296875,402.7872314453125,401.9094543457031,403.73480224609375,398.86260986328125,400.0562438964844,394.6647033691406
sample_bacd21983a551e04,297.8960266113281,306.4075927734375,317.7508544921875,328.987548828125,339.08447265625,348.74334716796875,357.79412841796875,367.15045166015625,370.71087646484375,374.5093078613281,381.5284423828125,383.51910400390625
sample_3b65d0dd2a60d491,380.2802734375,393.21502685546875,407.5997314453125,420.8334655761719,433.862548828125,444.8410949707031,457.9131774902344,468.781005859375,475.1509704589844,478.7531433105469,485.2024841308594,485.5583801269531
sample_a68bc5135a5451b2,383.9685974121094,391.26312255859375,399.38824462890625,410.2827453613281,421.62017822265625,433.6412658691406,447.5360412597656,458.6318054199219,468.9494323730469,474.164306640625,484.1742248535156,490.1213684082031
sample_ec6bf97e2b77f4c7,388.2073059082031,389.52996826171875,392.7064514160156,394.8989562988281,395.76361083984375,396.2910461425781,397.87103271484375,400.81475830078125,403.6734313964844,403.73846435546875,407.43505859375,405.77532958984375
sample_4adec665eed70114,455.2900390625,446.7166442871094,438.7721252441406,430.8829650878906,422.91943359375,415.0777282714844,405.3437805175781,400.2384033203125,396.876953125,393.3804931640625,388.0655822753906,385.4067687988281
sample_f96367f220061b17,403.0177001953125,401.833251953125,402.1356201171875,403.97943115234375,403.904541015625,405.8456726074219,407.77947998046875,411.1556396484375,415.1108703613281,416.6220703125,420.0794677734375,420.80633544921875
sample_caf4021378db9e62,334.4105224609375,339.9208068847656,349.06915283203125,357.59686279296875,364.7569885253906,374.1513366699219,380.2539978027344,387.64532470703125,396.1925354003906,400.41943359375,405.2007141113281,409.195068359375
sample_62eb47ea69d00d99,439.52630615234375,430.1839599609375,423.86883544921875,418.09747314453125,413.1571350097656,410.3816223144531,407.48773193359375,406.2282409667969,403.63818359375,406.2448425292969,407.5655822753906,405.636474609375
sample_a79677cf53c5378f,377.7012634277344,390.9017639160156,404.2381896972656,419.5770263671875,435.662841796875,448.31341552734375,462.5102233886719,476.4691467285156,481.9361572265625,488.1117248535156,494.3632507324219,496.7733154296875
sample_4f9ed1fcfe97e865,289.213623046875,296.6924743652344,308.06982421875,318.8379821777344,328.6212158203125,341.04852294921875,349.6072082519531,359.2046813964844,368.2032470703125,374.9563293457031,381.4560241699219,387.40155029296875
sample_2cf96f43d079dabb,426.8907165527344,437.51971435546875,448.9609069824219,453.66656494140625,457.8345947265625,459.05462646484375,459.8607482910156,460.8995666503906,461.66986083984375,456.036865234375,460.51434326171875,453.633544921875
sample_8c022faf3fe1f126,445.1949462890625,439.287841796875,436.3704528808594,430.8272705078125,426.7344970703125,421.1912841796875,416.6148376464844,414.74688720703125,413.9906005859375,411.0541076660156,410.82574462890625,408.9953918457031
sample_e1f3bb69a997217a,463.2789611816406,454.45220947265625,446.2444152832031,437.66802978515625,429.69439697265625,420.6722412109375,410.1122131347656,403.96380615234375,400.7337951660156,396.6890563964844,389.6768798828125,386.9658508300781
sample_af57a3baf702bc8c,377.1857604980469,377.991943359375,381.2677917480469,384.83203125,391.59674072265625,395.6080322265625,404.5909729003906,409.2181701660156,415.06048583984375,416.2606506347656,423.51519775390625,427.3546447753906
sample_9e37716ec69721aa,395.5088195800781,395.3114318847656,396.6645202636719,396.5923156738281,393.3123474121094,392.39208984375,386.11334228515625,387.4520263671875,388.2109069824219,385.9845886230469,385.98638916015625,382.4471740722656
sample_47ff65de2bb20a05,347.3208923339844,351.3288879394531,358.24188232421875,365.3968811035156,372.186767578125,380.08575439453125,388.55511474609375,395.3639831542969,403.0125732421875,406.59295654296875,414.6803894042969,419.03240966796875
sample_d687856425f066dc,368.7776184082031,369.9084167480469,374.2239990234375,377.47796630859375,377.9436950683594,380.1302490234375,381.8878479003906,383.5910339355469,389.248779296875,387.9108581542969,391.7864074707031,392.6597595214844
sample_2d1e76c9e0e9d68d,489.592529296875,499.0548095703125,504.5714416503906,507.9794921875,506.4513854980469,502.68511962890625,495.3134765625,493.0063171386719,490.1761169433594,483.00238037109375,482.1737976074219,474.9156494140625
sample_a6776959308ec6b9,353.37890625,356.4861145019531,362.43621826171875,368.0162658691406,373.0047912597656,379.02984619140625,381.90631103515625,387.83514404296875,394.8163757324219,397.6070861816406,400.79302978515625,404.5173034667969
sample_e4992f6744e74925,477.6675109863281,502.3175964355469,523.6322021484375,538.52685546875,553.9945068359375,565.4755249023438,574.8233032226562,586.46240234375,594.4652099609375,591.4041748046875,590.6370849609375,586.9888916015625
sample_74f18ff1f4292b5e,493.70257568359375,512.3436889648438,528.6304931640625,537.746337890625,546.8651123046875,552.5552978515625,553.413818359375,558.9979248046875,561.0773315429688,556.3202514648438,554.8040771484375,547.470703125
sample_d29a55151f850b82,446.481201171875,439.4903869628906,433.50897216796875,427.2563171386719,420.37713623046875,413.19256591796875,405.01068115234375,400.81805419921875,399.09808349609375,396.0544128417969,390.9145202636719,388.73077392578125
sample_664648f19c3c3ccd,332.1441345214844,335.6255798339844,343.5827331542969,350.0670471191406,354.5369873046875,359.762939453125,364.44482421875,368.93682861328125,373.510498046875,374.4909362792969,379.541259765625,380.3785095214844
sample_eb6bdcb1f45136d0,352.7013854980469,362.7552490234375,375.2646789550781,390.5585021972656,404.0231628417969,420.1365661621094,433.9591064453125,448.2623596191406,459.343994140625,468.38385009765625,475.9021301269531,482.10382080078125
sample_e64e92f3270dc8e3,394.1988830566406,395.14495849609375,397.1297302246094,398.5635681152344,398.6191711425781,398.57086181640625,399.71331787109375,402.7961120605469,404.98583984375,405.29229736328125,409.4235534667969,407.6051025390625
sample_ae630b349e9c4659,344.9971923828125,346.6983337402344,350.3085632324219,353.3283996582031,359.01263427734375,361.1016540527344,367.9019470214844,371.8961486816406,376.54534912109375,378.6732177734375,384.5576171875,389.385009765625
sample_36bb2b7fc0dbc7a5,422.6369934082031,421.59332275390625,421.5412292480469,419.06768798828125,416.9638977050781,411.64495849609375,406.6446228027344,403.8977966308594,405.0880126953125,401.5545349121094,400.3235168457031,396.6208801269531
sample_26a64e1a574a768f,392.429931640625,402.6221923828125,415.544189453125,422.022216796875,427.87261962890625,431.8831787109375,433.9125061035156,437.5809326171875,440.0949401855469,436.3728332519531,440.33941650390625,434.0970153808594
sample_0ad1691874d06842,506.01568603515625,494.1777648925781,485.0903015136719,473.72332763671875,466.24224853515625,453.6334228515625,444.7855529785156,438.72650146484375,432.2220153808594,425.82806396484375,423.10357666015625,418.75482177734375
sample_de1dd493ab858862,354.015625,358.9429931640625,366.88885498046875,372.1916198730469,376.57501220703125,379.8583984375,384.0473327636719,387.01141357421875,390.4898986816406,389.3575744628906,394.5267028808594,393.57672119140625
sample_673731f1eaac47f0,478.4358215332031,465.41021728515625,456.2290954589844,445.0950927734375,437.8671569824219,430.1391906738281,419.5527038574219,415.662109375,407.8141784667969,407.810546875,402.0010986328125,396.5843505859375
sample_638aec18759818d8,301.5267333984375,312.3006591796875,326.9046936035156,339.2786560058594,350.2112121582031,363.17791748046875,371.5587158203125,382.7674255371094,389.27252197265625,394.3304443359375,401.17333984375,405.1723327636719
sample_c27696cccd07518e,393.58160400390625,414.7976379394531,435.6315612792969,448.64947509765625,462.593017578125,471.39715576171875,476.4701232910156,486.18780517578125,485.9209289550781,484.27984619140625,487.3756103515625,480.8927917480469
sample_894bec9b10541efa,343.0659484863281,349.4268493652344,359.2227478027344,365.5315246582031,370.50103759765625,376.2291564941406,377.2245788574219,383.6487121582031,388.86724853515625,388.3798828125,391.7413635253906,391.65350341796875
sample_2d837ea29cf03905,328.4381103515625,348.7796936035156,368.3233642578125,392.58984375,417.6933898925781,441.7587585449219,466.6034240722656,488.9234619140625,500.6861267089844,515.6838989257812,525.8402709960938,535.0492553710938
sample_295080834a3b5591,445.1330261230469,436.86383056640625,431.2584228515625,422.77569580078125,416.60113525390625,407.68988037109375,400.8515625,396.6485595703125,393.3150634765625,389.6836853027344,387.8491516113281,385.4564208984375
sample_13f343e1be725868,448.6755676269531,460.1785888671875,472.0164794921875,478.5181884765625,484.9228210449219,489.7019958496094,489.9571228027344,495.2894287109375,500.08624267578125,496.11627197265625,496.33941650390625,490.76324462890625
sample_fd44a50e26b36d62,562.5236206054688,553.9718017578125,543.1480712890625,526.0974731445312,515.1561279296875,495.4601745605469,479.4479064941406,465.8688659667969,450.4217834472656,444.62744140625,433.2802429199219,426.8317565917969
sample_cca0aca4d68c78da,343.6372985839844,346.51483154296875,352.78363037109375,358.0081787109375,361.1515197753906,365.7563171386719,369.3218994140625,373.2046203613281,379.2513427734375,379.692138671875,384.78155517578125,386.383056640625
sample_fdd310d01fe38464,553.8751831054688,535.2362060546875,519.6155395507812,504.21453857421875,495.1128845214844,478.57342529296875,467.0080261230469,455.6145935058594,443.46533203125,438.2864074707031,433.56292724609375,424.9525451660156
sample_9bd843d7b3419917,411.6446838378906,407.7544860839844,406.718505859375,404.05224609375,400.1017150878906,398.36749267578125,393.45751953125,394.3723449707031,395.44000244140625,394.629150390625,395.3566589355469,393.37103271484375
sample_2828b78d4566b2fc,418.4508972167969,421.2210998535156,427.3323059082031,432.4710998535156,433.7450256347656,438.3921813964844,442.0052795410156,445.5673522949219,451.3305358886719,450.05267333984375,454.0125732421875,452.4715270996094
sample_7b5fa43dd86dfb7b,322.66583251953125,327.7289123535156,336.1523742675781,344.3238830566406,350.09405517578125,357.9969482421875,363.12139892578125,369.38092041015625,375.8607177734375,378.6449279785156,384.57879638671875,387.4791564941406
sample_48bd13791d590235,329.6527099609375,331.6794738769531,337.5851745605469,343.25537109375,348.37933349609375,353.8468933105469,359.9509582519531,364.2927551269531,370.2469787597656,373.6833801269531,379.19720458984375,383.37786865234375
sample_ad276ba82ef6f516,341.18231201171875,350.89141845703125,364.2931213378906,376.1455993652344,386.5604248046875,398.2666931152344,408.2294616699219,418.4521484375,425.68255615234375,431.01507568359375,437.7546081542969,439.1768798828125
sample_f8957f65679125af,582.9612426757812,569.1990966796875,558.7846069335938,546.7725219726562,539.6294555664062,522.432861328125,512.5552978515625,502.81121826171875,494.30023193359375,484.5545654296875,481.6141662597656,473.7122802734375
sample_767f2a7538d90fa3,310.3476257324219,320.7483825683594,335.4603271484375,347.1463928222656,357.6861267089844,369.15240478515625,377.4164123535156,387.68267822265625,392.8821105957031,397.49517822265625,404.1618347167969,405.8992919921875
sample_3f829d4bed4db2e0,314.9780578613281,318.47265625,325.4569396972656,332.1898498535156,341.093017578125,348.5276794433594,357.17572021484375,363.8182067871094,371.3140869140625,376.6327819824219,384.00372314453125,390.9749450683594
sample_2fe779a4788ee848,454.1504211425781,477.3134765625,498.18743896484375,512.0881958007812,527.618896484375,538.0111083984375,545.574951171875,556.34375,563.4826049804688,560.189453125,559.3385009765625,554.8836669921875
sample_aeb337616a70f9c8,340.7150573730469,347.7978820800781,358.76446533203125,368.2016906738281,375.78338623046875,384.343994140625,391.64471435546875,399.47247314453125,404.2315368652344,407.73480224609375,413.5355224609375,414.13824462890625
sample_b3713c89926bc4a8,422.5208435058594,416.0918273925781,411.4810791015625,407.89300537109375,402.6026916503906,399.6539001464844,396.9984130859375,394.31640625,394.66192626953125,394.6554260253906,395.7263488769531,393.5751037597656
sample_f10a163fe8503ab2,299.6512756347656,306.6584167480469,316.4583740234375,326.8952331542969,335.3829650878906,346.50933837890625,353.3769226074219,362.5639953613281,369.6740417480469,374.83001708984375,381.57086181640625,387.29766845703125
sample_f04305d2922dbc37,471.521728515625,460.16058349609375,450.007080078125,439.7733154296875,432.19256591796875,421.0231018066406,411.5973205566406,404.102783203125,398.1178894042969,393.8834533691406,389.79791259765625,384.58697509765625
sample_c05e56351d201561,524.6349487304688,514.4223022460938,505.7444763183594,496.1390075683594,487.1566162109375,475.66253662109375,463.5332946777344,454.99090576171875,449.0570983886719,446.4344482421875,437.8456115722656,431.41973876953125
sample_7873455f9268567a,353.4529113769531,361.67169189453125,374.0154113769531,382.03753662109375,388.2841796875,394.2868347167969,398.4842834472656,405.0046691894531,407.5916748046875,407.7799987792969,412.4825134277344,409.8684387207031
sample_a0c7e02f9f9e860b,281.82232666015625,288.8908996582031,299.36114501953125,310.7549133300781,319.958251953125,332.89898681640625,341.1524658203125,351.2114562988281,358.71087646484375,365.7847900390625,373.1927490234375,380.4022216796875
sample_066c5a22276e3511,436.02813720703125,431.3695373535156,426.60711669921875,422.22503662109375,415.0223693847656,407.60467529296875,400.7403259277344,396.5943603515625,395.45050048828125,392.9207458496094,388.79656982421875,385.5848388671875
sample_8811526c3b59e7ae,334.0937805175781,342.60186767578125,354.1809387207031,367.1028747558594,378.9719543457031,392.959716796875,404.04254150390625,416.0250549316406,426.5263366699219,434.7342224121094,440.927734375,447.3369445800781
sample_096a509ade4dc0d4,459.56658935546875,451.19842529296875,444.8697509765625,437.9498596191406,431.26409912109375,423.3688659667969,414.19049072265625,409.8824768066406,407.1610412597656,403.5553894042969,398.501953125,394.8470153808594
sample_1f4224ac4141080d,631.038818359375,614.06494140625,600.0614624023438,585.0515747070312,575.5523681640625,555.5101318359375,543.1490478515625,529.3603515625,516.4566040039062,506.8704833984375,500.407470703125,491.39862060546875
sample_489bd7bc5e73cc9d,430.454345703125,422.92779541015625,418.2168884277344,411.1398010253906,405.9017028808594,400.7585144042969,395.2645568847656,393.3977355957031,390.3160705566406,388.99365234375,389.07220458984375,388.3343505859375
sample_68eb9c8fb82be7ca,372.8747863769531,375.0679931640625,379.6934509277344,381.189453125,381.4505310058594,380.98797607421875,376.8835754394531,379.0707092285156,381.7401428222656,379.0267028808594,379.2846374511719,378.2732849121094
sample_d4b4978393b04209,414.24853515625,410.6724853515625,408.62103271484375,407.77117919921875,403.79229736328125,401.9644775390625,401.2400207519531,399.760498046875,403.069580078125,403.12646484375,405.0417175292969,404.6024475097656
sample_1e7da629c8cb986e,448.2785339355469,454.9804992675781,458.9455871582031,458.9444274902344,457.26837158203125,448.41107177734375,441.2615661621094,436.4944152832031,432.9307556152344,424.6678466796875,426.8426818847656,419.3777770996094
sample_a2ec7fa119e36bc4,401.826171875,402.3865051269531,402.7247619628906,403.8283386230469,403.06329345703125,403.6047668457031,404.1214294433594,407.83636474609375,408.868896484375,410.83807373046875,414.5369567871094,413.4751892089844
sample_81cbbd11fc479d2f,307.5954895019531,314.8938293457031,325.8200378417969,334.8214416503906,342.48333740234375,351.7987060546875,356.680908203125,365.1436462402344,370.88232421875,374.00689697265625,379.4039001464844,382.470703125
sample_e7c5342d0e86a52e,472.5597839355469,466.41009521484375,460.0790100097656,454.2325134277344,445.49017333984375,435.7299499511719,427.0999450683594,421.0146789550781,417.70550537109375,414.88287353515625,409.0885314941406,403.23565673828125
sample_f612c88bd90c36b4,473.31317138671875,465.968017578125,461.1340637207031,455.28131103515625,449.3462219238281,440.6679382324219,432.9925842285156,429.28924560546875,427.29547119140625,422.48248291015625,418.3456115722656,415.0645446777344
sample_f580b91fd470732c,508.8828125,500.32220458984375,495.8836364746094,489.52850341796875,486.55859375,477.8205261230469,472.5323486328125,468.38079833984375,464.29766845703125,462.40618896484375,465.2638854980469,457.8947448730469
sample_0534a8b83647fb15,363.6026611328125,363.0911560058594,364.2956237792969,365.3991394042969,367.6200256347656,369.302490234375,372.8416442871094,376.6206970214844,380.19976806640625,381.6263122558594,386.51898193359375,388.28759765625
sample_926a13a9467b51ab,329.3962707519531,331.778564453125,338.17230224609375,343.16485595703125,349.3236083984375,353.2523498535156,357.39306640625,363.33685302734375,367.0495910644531,369.57769775390625,372.0509948730469,376.1312561035156
sample_358d2a03d53d424d,389.59619140625,388.9472351074219,390.0699157714844,390.00628662109375,391.4868469238281,392.6452941894531,394.57586669921875,398.40289306640625,401.0360412597656,402.28411865234375,406.89453125,408.5343933105469
sample_0ba550006d6a3851,450.2604675292969,447.3260192871094,443.85125732421875,438.32562255859375,432.7145080566406,424.4173889160156,416.6581726074219,410.8858947753906,408.7660827636719,406.0541076660156,401.8919982910156,395.195556640625
sample_8cdd79b801a9d801,345.75823974609375,358.9491882324219,373.12615966796875,392.6673583984375,413.0881042480469,434.771728515625,456.80908203125,476.3878173828125,490.3653869628906,503.6257019042969,515.736083984375,526.2940673828125
sample_b146a6381d04ee5d,328.0873718261719,331.3614807128906,337.665283203125,343.3218994140625,349.7361755371094,355.7532653808594,360.02630615234375,366.2792053222656,373.08642578125,377.4544982910156,381.5889892578125,387.04083251953125
sample_08d621943afe6e9d,443.48394775390625,435.4308776855469,429.9808654785156,423.26397705078125,417.2767639160156,410.89044189453125,403.43048095703125,400.3875732421875,397.8486328125,395.4183349609375,392.07000732421875,388.7301330566406
sample_792fc11ec1a53ceb,386.71331787109375,392.86151123046875,401.5704040527344,404.0851745605469,405.99420166015625,405.6389465332031,404.01788330078125,404.2351379394531,405.416259765625,399.73309326171875,404.6331481933594,397.63330078125
sample_24c934195db96a20,369.0564880371094,367.9878234863281,367.83349609375,367.8178405761719,368.9364013671875,368.1899108886719,370.98095703125,373.81988525390625,375.7881164550781,376.1734313964844,380.02392578125,383.06573486328125
sample_a31427c8151f5923,321.3110656738281,326.8097229003906,335.48614501953125,341.94403076171875,346.9566955566406,353.1288757324219,353.2300720214844,360.4216003417969,364.9508056640625,366.5341796875,368.9392395019531,370.9317626953125
sample_bb64cdbcc51ea771,371.45611572265625,371.06597900390625,374.29864501953125,375.6871643066406,378.4864807128906,379.7281494140625,381.1652526855469,383.71221923828125,388.9001159667969,390.8563232421875,392.6806335449219,393.9683532714844
sample_36ce55e225a328e3,320.29217529296875,326.9172058105469,337.9313049316406,345.14361572265625,351.2329406738281,357.7142333984375,360.6737976074219,368.07586669921875,371.2554931640625,372.3208312988281,377.0399475097656,377.4811096191406
sample_cfc68f42fcf3722e,362.00152587890625,362.01654052734375,363.1324157714844,364.2958068847656,367.67724609375,368.6796875,374.2991638183594,377.2520446777344,380.9147644042969,382.49151611328125,388.25372314453125,391.8679504394531
sample_cfbab6f03f703288,444.97821044921875,455.23907470703125,464.4867858886719,472.78839111328125,484.3840026855469,494.6351623535156,505.6156005859375,514.7708129882812,529.2379150390625,529.164306640625,533.8394165039062,540.1246337890625
sample_4da1b9cef7f3c28e,598.4324951171875,590.7523193359375,582.7879638671875,567.653076171875,561.5398559570312,540.8120727539062,529.7021484375,514.4315795898438,500.2828063964844,492.38104248046875,485.48785400390625,476.1538391113281
sample_3bcafe95801dcd65,585.3665771484375,568.8517456054688,554.0613403320312,536.7451171875,526.0515747070312,504.9709777832031,490.3831787109375,476.6722106933594,463.8731689453125,454.27960205078125,445.0611572265625,439.4031982421875
sample_35af6633c86c708a,616.3388671875,599.956298828125,587.5615234375,575.15966796875,565.5528564453125,549.8681640625,536.7545166015625,527.6552734375,516.228759765625,509.6760559082031,503.1424255371094,492.61163330078125
sample_9828d3eb71753a82,392.6830139160156,406.25494384765625,421.462158203125,427.84234619140625,435.7621765136719,441.4004211425781,440.57940673828125,446.29962158203125,448.7174072265625,443.9670715332031,446.84735107421875,439.75738525390625
sample_c4e7506826102ae7,348.9837951660156,359.7463073730469,373.2933654785156,385.88995361328125,397.64862060546875,409.4417419433594,421.3439636230469,432.2386169433594,439.01873779296875,444.3581237792969,451.86767578125,452.8947448730469
sample_af8100a241fadaad,521.6397094726562,526.8174438476562,530.2349243164062,533.5531616210938,538.5233154296875,542.226806640625,548.3484497070312,554.0520629882812,560.9432983398438,562.3453979492188,563.509033203125,565.8543090820312
sample_9c9796ec38500d4d,416.0675354003906,411.0361328125,408.3498840332031,406.266357421875,401.1602478027344,399.31402587890625,395.92047119140625,395.9469299316406,395.764892578125,396.1448059082031,397.5845642089844,394.9017333984375
sample_7a5291e5a88ac466,356.7187805175781,367.99151611328125,382.7657775878906,397.1302490234375,408.6491394042969,423.80767822265625,436.5742492675781,448.02166748046875,458.8429260253906,464.9921875,471.5611267089844,475.10772705078125
sample_5ae91582f0cd3e6e,343.0792541503906,348.6329650878906,357.4857482910156,365.4396057128906,372.7068176269531,381.4565124511719,387.06707763671875,394.7470397949219,403.1968994140625,406.975830078125,411.66802978515625,415.30804443359375
sample_35741a5551462abc,320.0970153808594,324.06591796875,331.82568359375,337.6783447265625,343.1994323730469,349.8583984375,353.24395751953125,359.0758361816406,365.9031066894531,368.6121520996094,372.6905517578125,376.65155029296875
sample_35d2cae9b37bb1e5,380.1797180175781,389.9420166015625,401.1828918457031,404.72381591796875,408.5340270996094,411.0704650878906,406.65277099609375,409.20465087890625,409.03436279296875,404.187744140625,408.04791259765625,400.7491149902344
sample_0a13ca03eb6ccdf1,417.835693359375,410.5887145996094,406.8143310546875,401.1486511230469,396.3147888183594,393.5043640136719,388.8476867675781,389.1536865234375,386.57086181640625,387.6138916015625,388.277587890625,385.4111328125
sample_5fe7941bd696b993,383.4977722167969,384.9525146484375,389.0193786621094,391.37896728515625,390.9718017578125,391.4715881347656,391.75250244140625,392.63427734375,397.5964050292969,394.21685791015625,397.5655822753906,395.63848876953125
sample_903f858bd3a84dd2,290.0636291503906,294.8746337890625,303.4853515625,312.8194580078125,320.3003234863281,330.993896484375,337.71844482421875,346.07244873046875,352.7456970214844,358.9393615722656,365.67950439453125,372.13629150390625
sample_93257564b0c5d44e,310.29901123046875,315.73956298828125,325.20806884765625,333.9109802246094,340.719482421875,350.2546691894531,356.87884521484375,363.7402648925781,371.29449462890625,375.48358154296875,381.9012451171875,386.694091796875
sample_4a3f89a3171077ee,304.744140625,311.6166687011719,322.5283508300781,330.4988708496094,337.6830139160156,346.35980224609375,350.4228515625,358.2995910644531,364.53961181640625,367.3154602050781,372.09295654296875,375.1957092285156
sample_ae253f625a312e89,403.8000793457031,415.00628662109375,429.0437316894531,440.5101013183594,450.7611389160156,462.5657653808594,472.6925964355469,481.8216552734375,492.86688232421875,494.8105163574219,498.72454833984375,499.7320556640625
sample_8c203a1ae62fffb7,383.1300964355469,387.7490539550781,395.513671875,401.3154296875,405.88116455078125,408.5356140136719,414.20355224609375,417.533447265625,421.3131103515625,420.8133544921875,425.550537109375,424.8536682128906
sample_fbba29fc9f93afb2,358.3355712890625,363.1348876953125,371.7361755371094,376.5057373046875,380.12493896484375,384.8298034667969,383.9858703613281,389.3978576660156,394.14068603515625,393.53955078125,395.58984375,394.8007507324219
sample_d7044c2847cbb7ca,475.6876220703125,491.06512451171875,503.4618835449219,510.2552490234375,517.54931640625,523.7882690429688,526.1860961914062,530.3470458984375,539.40283203125,534.2061157226562,533.5955810546875,530.91943359375
sample_e9c5e7b60c4642e8,409.1390380859375,408.5353088378906,409.0411682128906,406.4713439941406,405.1959533691406,400.1668395996094,394.9793701171875,393.5113525390625,396.6988830566406,393.25897216796875,392.40545654296875,390.1311950683594
sample_a0cdde9bcec8d32b,381.43438720703125,384.9056701660156,390.54132080078125,391.8928527832031,391.88568115234375,392.4754943847656,385.4164123535156,388.3215637207031,390.1598815917969,386.45648193359375,386.3421936035156,383.7388916015625
sample_c3199912b3ff4df8,325.44732666015625,332.74871826171875,343.2369079589844,351.7803039550781,359.1209411621094,364.98779296875,371.69903564453125,378.05889892578125,380.4962463378906,380.7523193359375,386.83587646484375,387.03369140625
sample_76818792c67c795d,427.0569763183594,423.1829833984375,420.5379333496094,417.5562744140625,412.48895263671875,409.00885009765625,401.68890380859375,400.933349609375,401.4449462890625,399.5565185546875,396.6932373046875,394.49053955078125
sample_fa12e960c3788790,315.9119873046875,336.2652893066406,356.2411804199219,375.8882141113281,396.0932922363281,412.2432861328125,428.19720458984375,445.3336181640625,447.75579833984375,455.58587646484375,462.59295654296875,463.7486267089844
sample_ce5869f56a9b281c,367.7510986328125,372.71258544921875,381.16693115234375,385.01824951171875,387.1685485839844,390.16357421875,387.6343078613281,391.8453063964844,395.5799865722656,392.9868469238281,394.8062744140625,392.3908386230469
sample_f6d104569e503ce6,677.6446533203125,663.3713989257812,653.2298583984375,639.732177734375,633.3304443359375,613.6571655273438,604.661376953125,589.5299072265625,577.3110961914062,571.0987548828125,567.027587890625,556.1603393554688
sample_3758900b4cb88d15,424.6390075683594,421.68218994140625,418.97589111328125,416.4248046875,410.4801025390625,405.0216064453125,399.27752685546875,396.6214904785156,396.04583740234375,394.92047119140625,392.17822265625,387.4085388183594
sample_adca702317b4ca73,313.7998352050781,319.6575622558594,328.9162292480469,339.44000244140625,347.8760986328125,358.9956970214844,367.5024108886719,376.23858642578125,384.277099609375,390.20611572265625,397.7864074707031,403.6307678222656
sample_28ff2b0cac264234,382.819091796875,384.6673583984375,388.9776916503906,392.1807861328125,392.9502868652344,395.3624572753906,393.6716613769531,397.11309814453125,401.1761169433594,400.8978576660156,402.59051513671875,402.62005615234375
sample_f0c72af2ed7ffa28,349.6201171875,372.9220886230469,395.79693603515625,422.220458984375,449.0208740234375,475.95501708984375,501.90228271484375,525.5709838867188,541.9332275390625,556.9122314453125,564.39501953125,574.257080078125
sample_7ea1ea98e4fc3948,316.4331359863281,320.8814392089844,328.9161071777344,336.2904357910156,341.6936340332031,349.06201171875,353.528564453125,359.51312255859375,365.7696533203125,368.2776184082031,373.8906555175781,376.6489562988281
sample_30215207bebd9b78,302.00579833984375,308.5616149902344,318.166259765625,330.0766906738281,340.27044677734375,352.4600830078125,363.7773132324219,374.1131591796875,379.81280517578125,387.8367919921875,395.4621887207031,401.34735107421875
sample_e7dc2f7966640d85,524.7229614257812,508.7623291015625,494.5611572265625,480.49755859375,471.3146667480469,455.2797546386719,443.1839599609375,432.0552673339844,421.83831787109375,415.2047424316406,409.1548156738281,401.6122741699219
sample_046b0c7e6d87d04c,384.4461669921875,385.4204406738281,387.6706237792969,389.6592712402344,393.4991760253906,395.5056457519531,401.03985595703125,404.08935546875,408.5378112792969,409.86053466796875,414.5346374511719,419.1971740722656
sample_b12a3d75f6bb1cba,380.93365478515625,379.85455322265625,380.13909912109375,380.81805419921875,380.6457214355469,381.16650390625,383.728515625,387.01116943359375,390.0519104003906,390.7941589355469,394.57684326171875,397.7098388671875
sample_41c003acdcaac005,471.2743835449219,463.5416259765625,456.8143310546875,449.4789123535156,441.9452819824219,431.8886413574219,423.31597900390625,417.46551513671875,414.26953125,408.94024658203125,404.7599182128906,401.9606628417969
sample_798ec5ba1f89b0f0,603.1692504882812,593.3099975585938,585.689697265625,573.3297119140625,568.1140747070312,550.9853515625,542.4427490234375,527.5671997070312,520.1634521484375,515.9111328125,509.42071533203125,500.31195068359375
sample_3d91e39d784ae1e6,338.11328125,338.82879638671875,342.7710266113281,345.2432556152344,351.47955322265625,354.2232360839844,359.8823547363281,363.4283447265625,368.57464599609375,371.8413391113281,376.77935791015625,381.136474609375
sample_df26e7789d5d7644,432.0798645019531,427.5987243652344,423.3363952636719,420.2171630859375,413.47906494140625,408.0897521972656,401.18115234375,397.5536804199219,397.86151123046875,396.5635681152344,392.23297119140625,388.7746276855469
sample_104f9f78f01bed22,436.038818359375,431.1537170410156,431.5371398925781,425.92645263671875,431.2798767089844,433.2842102050781,435.49261474609375,439.2062683105469,442.7481689453125,444.070068359375,451.1749572753906,453.2411804199219
sample_9576bc5f3c045801,442.5679626464844,435.0918273925781,431.606201171875,425.3720397949219,420.364990234375,415.76031494140625,408.47802734375,408.1197814941406,405.1056213378906,403.490966796875,402.009033203125,398.195556640625
sample_10b3d65b3a9302ad,406.42303466796875,402.4805908203125,400.4404296875,399.3578796386719,394.6483459472656,394.295166015625,391.84527587890625,392.5435485839844,393.26104736328125,394.5545349121094,396.35467529296875,394.3122863769531
sample_ebb9617dfd764857,336.2554931640625,337.7428894042969,340.7506408691406,343.615234375,349.9436950683594,351.489501953125,358.4737243652344,361.97412109375,366.99871826171875,368.7754821777344,375.0757141113281,380.7742919921875
sample_cd7d96c4274c5ee6,353.2413330078125,357.1819763183594,364.5689697265625,369.2404479980469,371.8177795410156,376.1459655761719,377.7500915527344,381.6758117675781,387.872802734375,386.2242126464844,391.1349182128906,390.85693359375
sample_bb57fbbe20855315,343.48004150390625,344.8437194824219,350.4080505371094,354.99066162109375,359.0445556640625,362.36181640625,365.7095031738281,370.05548095703125,374.16680908203125,377.42877197265625,379.4259948730469,382.69232177734375
sample_49f89367ef597992,362.71453857421875,364.8313903808594,371.5477294921875,375.3636474609375,376.6231384277344,379.2736511230469,381.3566589355469,382.59954833984375,388.14404296875,385.5528259277344,389.6031188964844,388.3372802734375
sample_31abf37cb898b4c5,309.3342590332031,313.34161376953125,321.45745849609375,330.1331787109375,336.7686462402344,345.3847961425781,352.5007629394531,359.3775329589844,364.7110595703125,369.9325866699219,376.00372314453125,380.198974609375
sample_da90c77eed48e6fd,369.098876953125,375.924072265625,384.0272216796875,394.94403076171875,405.638916015625,416.35980224609375,428.5903625488281,439.0724792480469,446.6132507324219,451.7692565917969,459.9833984375,465.01617431640625
sample_e4e44cde4e871af3,374.11541748046875,375.98968505859375,379.9739685058594,383.7755432128906,385.5283203125,387.6080322265625,390.576904296875,394.206298828125,397.4314880371094,398.16119384765625,401.6932067871094,402.1019592285156
sample_688e2386b9a45c88,323.9606628417969,332.5035095214844,344.79266357421875,355.3182067871094,364.2968444824219,375.6114196777344,381.91961669921875,392.10638427734375,398.9559631347656,404.09674072265625,408.66009521484375,412.2395324707031
sample_b962553a6f9b045f,535.87451171875,522.4590454101562,509.062255859375,494.13543701171875,483.05316162109375,465.7441711425781,451.683349609375,440.5230712890625,431.1311340332031,422.5565185546875,413.3226623535156,408.94476318359375
sample_d46e981f14b137ad,461.41558837890625,488.2295837402344,511.52252197265625,525.5123291015625,541.871337890625,551.0736083984375,556.2864379882812,566.025146484375,569.6690673828125,564.2448120117188,564.7272338867188,557.3265380859375
sample_a6a8ef9c852550f5,355.89239501953125,356.6889953613281,359.51593017578125,361.5367126464844,364.91973876953125,365.72784423828125,367.5084228515625,370.19189453125,375.0205078125,375.98712158203125,379.73870849609375,382.43768310546875
sample_b92b88a27c3cece3,537.64453125,525.3290405273438,517.340576171875,507.6249084472656,502.5058288574219,489.0486145019531,481.34637451171875,474.516357421875,467.8597106933594,462.1191101074219,462.15655517578125,454.5288391113281
sample_ae55ae0b9a8009e3,491.907958984375,488.58905029296875,485.8962707519531,483.4913330078125,479.136962890625,474.03131103515625,468.85223388671875,462.49945068359375,463.3158874511719,460.7263488769531,460.842529296875,452.7416687011719
sample_01d013ab2939d446,306.12152099609375,312.56781005859375,322.4583740234375,332.3000793457031,339.84521484375,350.35980224609375,357.234619140625,365.38433837890625,372.5308837890625,376.566650390625,383.4754638671875,387.9122619628906
sample_cadc2b21fa8d3bcc,420.4853820800781,429.77349853515625,437.2380676269531,440.15289306640625,441.7580261230469,441.10028076171875,433.3568420410156,432.80462646484375,432.6429443359375,427.4991455078125,427.05584716796875,421.7746887207031
sample_4f7210f3881813ce,505.4773254394531,491.97967529296875,484.201171875,474.22735595703125,468.74249267578125,459.63525390625,454.62255859375,451.5909423828125,444.0982971191406,442.8416442871094,442.91009521484375,436.1885986328125
sample_50e131cae783c633,512.6334838867188,499.6062316894531,487.2567443847656,473.7555847167969,464.2412109375,450.3994445800781,436.55657958984375,427.6824035644531,419.50848388671875,413.4505615234375,404.4710693359375,400.2694396972656
sample_665b5ef10abdccb1,356.818603515625,371.5410461425781,389.12835693359375,404.86004638671875,418.9142761230469,434.43310546875,448.22174072265625,460.960693359375,469.9078674316406,475.79779052734375,482.1883544921875,484.54278564453125
sample_6219e0573ce98423,330.77545166015625,339.735107421875,352.0143737792969,365.987548828125,379.6850891113281,394.9201965332031,409.5671081542969,422.4216613769531,433.7540283203125,442.2886047363281,451.2378234863281,458.883056640625
sample_9c6ed4bbfb73719a,380.6295166015625,381.1983337402344,384.10552978515625,386.03082275390625,385.92718505859375,386.45947265625,388.1038818359375,389.3418884277344,393.736083984375,392.49462890625,395.0665588378906,396.6378479003906
sample_2adc723943226fa4,400.3078308105469,403.2725830078125,408.82568359375,411.619873046875,411.8448791503906,413.8475341796875,412.05670166015625,413.6639404296875,418.1072082519531,415.5477600097656,417.5874328613281,415.28759765625
sample_4e5e59e16bf44378,348.64447021484375,351.0323181152344,356.9290771484375,362.8672790527344,367.1950988769531,372.15692138671875,377.9286193847656,382.3402099609375,387.3739013671875,388.95379638671875,394.0178527832031,396.65869140625
sample_d048306211dc4a00,308.84588623046875,314.1138916015625,323.0966796875,332.3569641113281,339.7818298339844,350.3786926269531,357.5036926269531,365.3063659667969,373.2901611328125,378.70709228515625,385.7810974121094,391.35772705078125
sample_335da5f7264c6c07,335.4143371582031,340.0917053222656,347.6099853515625,355.7856140136719,365.5937805175781,374.50091552734375,384.4952697753906,392.45550537109375,401.2923278808594,406.40728759765625,414.4039001464844,420.5798034667969
sample_3b600179e319d7c6,423.23931884765625,419.55401611328125,416.9753723144531,412.70465087890625,409.7139892578125,404.6240539550781,400.1617431640625,400.16387939453125,398.9937744140625,397.3103942871094,394.6631774902344,394.04443359375
sample_0b98d6f07e5e568f,269.7261047363281,277.9258117675781,290.4313659667969,302.58270263671875,312.5720520019531,324.67828369140625,334.3646545410156,344.99114990234375,348.79974365234375,355.8800354003906,363.0426025390625,367.62298583984375
sample_c6a09cabb528a8be,357.5721130371094,359.9012756347656,365.5335998535156,369.181396484375,370.7384338378906,372.8760986328125,374.73455810546875,377.25885009765625,381.92388916015625,380.7469482421875,384.5792541503906,385.19781494140625
sample_98a2edb01cd9c22f,300.0020446777344,302.3546142578125,309.2552490234375,313.7178955078125,323.4173583984375,328.8851623535156,337.2843933105469,342.9131164550781,349.6807556152344,355.06793212890625,361.166259765625,369.03564453125
sample_d8e1199dfc6cbcf5,467.8966369628906,462.74737548828125,456.6279602050781,449.3070983886719,441.79681396484375,432.0861511230469,422.88519287109375,416.106201171875,413.40179443359375,410.28668212890625,403.411865234375,398.73468017578125
sample_dcf87d17ee3de1a0,528.0086669921875,522.5144653320312,517.788330078125,506.8446044921875,501.0036315917969,484.6551818847656,474.82373046875,464.89263916015625,455.1329345703125,448.92132568359375,444.6468505859375,436.35772705078125
sample_329178fb9a52a8e5,348.4170227050781,367.3636169433594,388.4352722167969,407.44952392578125,426.2924499511719,445.6724853515625,462.84014892578125,479.0997314453125,490.3392639160156,498.5926513671875,504.81378173828125,508.74212646484375
sample_bca109ac2cab2131,326.44989013671875,330.6226501464844,337.4501037597656,344.3636474609375,352.8806457519531,360.41644287109375,368.131103515625,375.53009033203125,383.4117126464844,388.3606872558594,394.7881774902344,401.3087158203125
sample_672b07ab9fc5709c,351.7399597167969,353.07281494140625,358.2377624511719,362.4118347167969,366.2067565917969,369.697998046875,374.8210754394531,377.7978515625,383.0420837402344,384.8690185546875,388.6145935058594,391.3314208984375
sample_cb6ffa02bba9e86a,517.7772216796875,529.4041748046875,536.0166015625,540.6915893554688,539.8964233398438,537.1592407226562,531.0431518554688,530.5740966796875,527.3641967773438,520.044189453125,518.802978515625,509.41705322265625
sample_effadd624ddf8df1,331.06494140625,335.13726806640625,343.59674072265625,351.0013122558594,356.2562255859375,362.5452880859375,367.9302673339844,373.32330322265625,377.9236755371094,379.9119567871094,385.1963195800781,386.5960388183594
sample_a5699d864d459944,456.7664794921875,447.9597473144531,442.28619384765625,435.59423828125,429.4014587402344,422.0794982910156,415.06500244140625,411.96722412109375,408.2564697265625,405.6229248046875,402.8906555175781,398.28857421875
sample_7a10f979b444f551,465.9877624511719,459.93572998046875,454.099853515625,447.15789794921875,439.6777038574219,429.7092590332031,421.23382568359375,414.77740478515625,411.35626220703125,407.947021484375,402.9268798828125,398.5126037597656
sample_e97bdfa1e3a6c80d,356.56201171875,356.6221008300781,358.82867431640625,361.4460144042969,367.1006774902344,369.8828430175781,377.5950012207031,381.3520812988281,386.9906005859375,388.7738037109375,395.3513488769531,399.5263977050781
sample_a4f558c221e3f4f4,357.41534423828125,359.06976318359375,364.936279296875,368.75982666015625,370.0164489746094,372.7314147949219,374.75689697265625,376.4757995605469,381.72430419921875,379.9670715332031,383.8517761230469,383.1019592285156
sample_c337b1026b9c53df,365.46856689453125,370.2669372558594,377.9307861328125,380.76177978515625,382.72454833984375,385.0346984863281,380.7067565917969,384.47918701171875,387.4910888671875,384.345703125,385.5284729003906,382.7562561035156
sample_fdeac9e312952423,669.3158569335938,656.1327514648438,649.9939575195312,640.7168579101562,636.3193359375,621.8436889648438,614.1665649414062,604.6044921875,595.95947265625,591.6268920898438,591.6654052734375,580.3080444335938
sample_d085a77acd9b8018,291.5520935058594,300.8254089355469,313.7095642089844,325.8230285644531,336.0601501464844,347.1998596191406,356.55157470703125,366.9368896484375,370.19671630859375,376.1399841308594,383.2042541503906,385.4022216796875
sample_8841997ff19c4252,374.1993408203125,378.6510314941406,387.0413818359375,393.29888916015625,397.58111572265625,402.1890869140625,407.0961608886719,411.85888671875,416.3315124511719,416.4267883300781,421.9154052734375,420.65673828125
sample_7959037a130c68ab,525.9269409179688,507.0869445800781,492.56011962890625,476.8096923828125,468.1630859375,454.7071533203125,443.2926330566406,434.9230651855469,421.55206298828125,419.3330078125,412.99932861328125,404.2811279296875
sample_47e5a51b8ae26e51,631.1737060546875,616.309814453125,606.95166015625,595.574951171875,588.0425415039062,572.9307250976562,561.9291381835938,550.8485107421875,540.7969360351562,536.469482421875,530.7095947265625,519.4895629882812
sample_7d907ae1870f6da0,466.3939514160156,467.898681640625,472.7931823730469,473.7212829589844,484.4003601074219,487.10650634765625,496.7555847167969,502.84869384765625,511.3717041015625,511.6938171386719,517.448974609375,525.2661743164062
sample_b433714127d253aa,426.6759948730469,420.0598449707031,417.3285217285156,412.0748596191406,408.0091857910156,405.1213684082031,400.3735656738281,400.4757080078125,399.28558349609375,399.07135009765625,399.861083984375,397.46405029296875
sample_2efa57daf47f758c,317.5008850097656,324.9426574707031,336.5427551269531,343.5408020019531,349.7083740234375,356.7318420410156,358.5036926269531,366.2589111328125,370.6481018066406,371.38836669921875,375.087646484375,376.09051513671875
sample_8eb3d36008b21be9,317.61553955078125,321.2561950683594,327.2902526855469,333.83441162109375,341.3677062988281,347.17938232421875,353.8645935058594,360.62158203125,366.7035217285156,371.431884765625,377.6512451171875,383.7586975097656
sample_6dcab0eff40f29eb,627.07080078125,614.5206298828125,606.59130859375,597.0474853515625,590.1439208984375,574.7847900390625,566.5067749023438,555.8587036132812,547.1200561523438,540.4519653320312,538.8279418945312,528.146728515625
sample_91823126232ca85e,402.17791748046875,399.15631103515625,397.3783264160156,395.2425537109375,390.9268798828125,388.0471496582031,383.98193359375,384.3011474609375,385.1032409667969,383.8232421875,382.6488342285156,381.9830627441406
sample_55d553e12721b183,352.9309387207031,353.8388366699219,356.4641418457031,358.93121337890625,363.1822814941406,363.96551513671875,369.09564208984375,371.75714111328125,376.0513916015625,377.5225830078125,382.3595275878906,386.503173828125
sample_f7f1e98650cb6033,463.7289733886719,464.6125183105469,464.58221435546875,462.2752685546875,459.0115966796875,452.16473388671875,445.30438232421875,438.731689453125,438.75341796875,434.08489990234375,433.962890625,429.2335510253906
sample_7037eb5425f2a758,343.0235595703125,345.2002258300781,351.02630615234375,355.4041748046875,359.0666198730469,363.28399658203125,367.08612060546875,370.9300537109375,377.083251953125,378.6644287109375,383.0602722167969,386.0783386230469
sample_e0a4c752280cf463,351.02386474609375,353.6679382324219,359.42913818359375,365.4624328613281,369.64520263671875,374.4669494628906,379.83935546875,384.6249694824219,389.27410888671875,390.90179443359375,395.47900390625,397.7703857421875
sample_a8e3977ee70a27ef,393.1349182128906,390.4305419921875,388.308349609375,389.5068664550781,389.4712219238281,390.27081298828125,392.6502990722656,394.380859375,398.69390869140625,400.3512268066406,404.5653381347656,407.76165771484375
sample_b24c6e71396c1d55,349.93927001953125,351.417236328125,354.7200622558594,357.75408935546875,362.0187072753906,363.1381530761719,366.5908203125,370.08258056640625,374.8203430175781,376.3821716308594,380.31292724609375,384.8349914550781
sample_10a6eccde63c5871,345.7658996582031,354.6163330078125,367.9876403808594,377.75689697265625,385.8847961425781,395.64483642578125,402.43707275390625,410.8216552734375,416.8084716796875,419.665283203125,425.0735168457031,425.5765380859375
sample_f86b3ad90124904d,288.8166198730469,296.2008972167969,307.5144348144531,318.3424072265625,326.9212646484375,337.1056823730469,344.97393798828125,354.30975341796875,357.821533203125,362.9218444824219,369.43304443359375,372.6875915527344
sample_3a57419ff3f95fbd,325.3171691894531,345.3766784667969,366.43475341796875,389.71405029296875,414.0684509277344,439.1642150878906,463.04974365234375,484.44891357421875,500.0787353515625,513.9715576171875,523.34912109375,532.6038208007812
sample_483ffac577acad13,315.4903869628906,320.40765380859375,328.9367980957031,337.0259094238281,345.3753356933594,354.6297607421875,362.4506530761719,370.45550537109375,378.394287109375,383.471435546875,390.7333984375,396.1924743652344
sample_b3a5d9a61a44f2f7,422.9349670410156,434.9186096191406,448.9886779785156,458.49395751953125,468.036376953125,476.95361328125,483.6938781738281,491.984375,500.88427734375,500.10015869140625,502.00726318359375,499.9090270996094
sample_104c6c181bd08948,368.656494140625,368.73358154296875,370.56427001953125,372.47637939453125,372.35821533203125,372.77142333984375,374.7704772949219,376.8711242675781,379.9256591796875,380.93487548828125,384.02923583984375,384.8542785644531
sample_137061af026b4b19,444.7634582519531,461.74053955078125,477.018798828125,485.1914978027344,494.3891906738281,495.8410949707031,498.915771484375,501.5572509765625,499.35943603515625,494.71051025390625,499.07440185546875,490.0330505371094
sample_745f18112cf3bf92,343.3020935058594,345.2498779296875,348.331298828125,351.7557678222656,358.3937683105469,362.000732421875,371.3050842285156,375.40802001953125,380.6613464355469,383.1185302734375,390.59295654296875,397.0189208984375
sample_090065b7061c78c3,328.0299987792969,330.65789794921875,337.3180236816406,344.1650390625,349.84869384765625,356.621337890625,363.55218505859375,368.7232971191406,374.8326110839844,378.832275390625,385.1724548339844,389.5947265625
sample_d09925649915a2d9,376.43853759765625,377.4001159667969,381.5955810546875,384.3539733886719,383.97320556640625,385.3320617675781,386.0760803222656,386.88934326171875,392.5318908691406,390.20556640625,393.1956481933594,392.35894775390625
sample_b77334875c381cc2,365.2896728515625,366.8728942871094,372.4425354003906,377.2382507324219,383.57904052734375,388.5010070800781,395.85748291015625,400.3673400878906,406.54852294921875,409.5655517578125,415.0116882324219,419.0453796386719
sample_0cc42b419bb817fd,426.00506591796875,428.0069580078125,428.92266845703125,428.503173828125,424.9558410644531,419.81646728515625,414.24871826171875,409.81134033203125,410.9770202636719,404.7017517089844,406.6961975097656,400.93621826171875
sample_9967c6028ee1d75d,445.8778076171875,443.0054016113281,441.174072265625,438.0325622558594,433.51812744140625,427.419189453125,421.4867858886719,417.8316650390625,419.51324462890625,416.0382995605469,413.7139892578125,408.54669189453125
sample_ea237325b4b31526,329.731201171875,335.2734680175781,345.2502746582031,352.1759033203125,357.225830078125,364.0224609375,367.1883544921875,373.3334655761719,378.61346435546875,379.5254211425781,384.53729248046875,385.3164978027344
sample_23d1f57b73eb15f3,465.1810607910156,460.90814208984375,456.5105285644531,448.50628662109375,440.35992431640625,429.0703430175781,418.9117126464844,411.9129943847656,406.2564697265625,403.25897216796875,398.0885314941406,391.5694274902344
sample_6161717a00e5b913,455.5398864746094,449.4859313964844,443.4815979003906,436.9510498046875,429.1961975097656,420.58526611328125,412.59088134765625,406.5367126464844,404.4516906738281,400.55877685546875,395.5973815917969,392.8437805175781
sample_9de55da5d02b57c0,363.9279479980469,365.0374450683594,368.0863037109375,370.2620544433594,374.11993408203125,375.02996826171875,378.6939697265625,381.9469909667969,386.2509460449219,387.53558349609375,391.47039794921875,395.17071533203125
sample_915bf0a3e0f7afed,511.26190185546875,509.6722717285156,511.0147399902344,509.1800842285156,508.5069885253906,505.94189453125,503.6168212890625,503.2571105957031,505.7649841308594,504.6409912109375,505.3537902832031,501.6894226074219
sample_0222822e56381136,552.4727172851562,536.6151733398438,521.3111572265625,505.41448974609375,494.30145263671875,477.1952819824219,462.86444091796875,450.7027282714844,440.3568420410156,432.0142822265625,423.6530456542969,417.1752624511719
sample_23849ce4423098e9,629.2216796875,614.9453125,605.7014770507812,595.806396484375,590.0303955078125,574.8322143554688,565.9459838867188,556.4010620117188,546.0853881835938,541.0447998046875,540.5169677734375,529.53857421875
sample_eddb0032ca07c2dc,324.39202880859375,335.34088134765625,350.6553039550781,360.75848388671875,369.69879150390625,379.4909973144531,384.6673583984375,393.5572509765625,398.54376220703125,400.69635009765625,405.6238708496094,405.7953796386719
sample_125259a4003fed85,414.8348388671875,409.9508361816406,408.6625671386719,404.4480285644531,401.7167663574219,397.6319885253906,394.295654296875,392.4791259765625,394.06640625,393.2601013183594,394.0518798828125,393.73516845703125
sample_c40f96587cc49198,407.9089660644531,412.9749755859375,420.88885498046875,426.05938720703125,430.1624450683594,432.6802673339844,437.4001770019531,441.889404296875,445.2881774902344,443.6695251464844,448.2842102050781,446.41082763671875
sample_490b6150cac46a5f,470.3694763183594,466.4305419921875,466.28082275390625,462.94439697265625,463.00518798828125,462.45745849609375,463.3280029296875,464.22320556640625,465.5825500488281,467.35333251953125,471.9670104980469,470.0691833496094
sample_ee20efb7d0b29993,356.6983947753906,359.0765686035156,366.05474853515625,370.2811584472656,372.23590087890625,375.3301696777344,377.978759765625,380.004638671875,384.6635437011719,382.9713134765625,386.89019775390625,386.41796875
sample_e3996c4327e73e77,336.2016906738281,342.5760803222656,352.68115234375,360.0194396972656,366.1077575683594,371.3786926269531,377.0754699707031,382.1300964355469,385.3596496582031,384.8373718261719,390.50726318359375,390.4830627441406
sample_4b3ec08a77b1b717,359.58392333984375,362.7289123535156,369.9161071777344,374.6122131347656,376.59881591796875,379.4797058105469,381.8755798339844,384.37750244140625,388.6092834472656,386.53106689453125,391.12652587890625,389.3340148925781
sample_7f035344f012f4de,360.5664978027344,361.6105041503906,365.914794921875,369.5563049316406,370.9624328613281,373.62628173828125,376.51690673828125,379.2605285644531,384.05731201171875,384.51129150390625,388.5450439453125,390.7259216308594
sample_a97ec004caaa472e,359.1333312988281,364.2127685546875,373.6389465332031,380.6218566894531,385.7630920410156,391.604248046875,397.00982666015625,402.4317626953125,407.0169372558594,407.96563720703125,413.513427734375,412.8736267089844
sample_f305f3fe8a8e29f7,326.677734375,329.31475830078125,335.2554016113281,339.6436767578125,346.1294860839844,350.64019775390625,355.6343078613281,360.7232666015625,367.2469787597656,370.6833801269531,375.0116882324219,380.4056091308594
sample_ae2a64519c36fae2,442.0126037597656,435.8847961425781,431.73150634765625,425.6700134277344,419.28387451171875,411.6314392089844,406.07635498046875,402.9638366699219,401.28460693359375,397.0976257324219,394.6742248535156,392.8643798828125
sample_d3f0ff56123e3c32,525.164794921875,520.5234375,514.538818359375,501.32421875,496.4602966308594,480.4454345703125,468.00225830078125,456.42144775390625,446.3867492675781,438.07391357421875,431.4498596191406,423.8057861328125
sample_481045ef4b2b31a0,484.3325500488281,475.35833740234375,468.6197204589844,461.65228271484375,454.5889892578125,447.9269104003906,436.0481872558594,431.74688720703125,428.4669189453125,425.73565673828125,419.48431396484375,414.5165100097656
sample_0b76112250c1d469,334.7829284667969,340.4226989746094,350.805908203125,357.9363708496094,363.1634826660156,369.9732360839844,374.0851745605469,379.9944763183594,385.060302734375,386.34515380859375,391.6927795410156,392.48175048828125
sample_96a12eb96d970bd7,357.47332763671875,379.81549072265625,402.46356201171875,426.2446594238281,450.61993408203125,475.26629638671875,499.4404296875,519.852294921875,536.061279296875,548.6265258789062,555.5523071289062,562.6025390625
sample_455f91b53c6e0cea,345.124267578125,370.30999755859375,394.5752258300781,423.2381591796875,452.42230224609375,481.86798095703125,510.3809509277344,535.947265625,554.0957641601562,570.8373413085938,578.7943115234375,589.9102783203125
sample_a4384edeb9bd0772,371.91815185546875,374.40704345703125,379.8323669433594,382.470703125,383.8040771484375,386.16546630859375,383.6619567871094,387.00799560546875,390.945068359375,389.56158447265625,391.328369140625,390.43896484375
sample_c208709a1a405190,455.6520080566406,447.6120910644531,440.327880859375,431.8418273925781,423.7820739746094,414.4576721191406,405.79010009765625,400.0485534667969,396.1285705566406,391.66473388671875,387.9577941894531,385.129150390625
sample_439c69d928b6fb95,403.81610107421875,416.5482177734375,428.2649230957031,442.4181823730469,459.8990173339844,475.7250061035156,495.13507080078125,510.3674621582031,526.3091430664062,532.7977905273438,541.77490234375,551.869384765625
sample_dd201bdd665568d9,325.5415344238281,333.1579284667969,344.4734191894531,351.7311096191406,358.5837097167969,363.5664978027344,368.62786865234375,373.4012756347656,375.9518127441406,374.9569091796875,380.4171447753906,379.4262390136719
sample_6d0e346ea686e35b,445.5513000488281,437.1708984375,432.77239990234375,424.023681640625,420.0015563964844,411.62481689453125,405.37744140625,402.15704345703125,398.70550537109375,395.8309020996094,395.2616882324219,393.56292724609375
sample_b50730580e630d11,382.2305603027344,406.6806945800781,430.7979736328125,454.7091369628906,479.24639892578125,502.7896423339844,526.1351318359375,545.9268798828125,561.3497314453125,571.43408203125,576.198974609375,581.6031494140625
sample_333bcf9347953bc2,553.421142578125,539.8895874023438,524.6456909179688,506.98626708984375,494.902587890625,474.83294677734375,460.077880859375,444.32305908203125,432.860107421875,425.80633544921875,413.8809814453125,409.50970458984375
sample_76700a378b813348,462.3135986328125,469.5296325683594,475.12408447265625,480.1985168457031,490.9561767578125,497.4212951660156,508.64306640625,518.6453247070312,531.3834228515625,532.92724609375,537.6556396484375,545.635986328125
sample_e780dce701d01ef8,321.26446533203125,327.06231689453125,337.19482421875,344.59765625,349.8198547363281,356.2005920410156,360.0628662109375,366.4216003417969,370.0125732421875,371.1493225097656,375.5911865234375,376.53857421875
sample_7c2eddbb4d5c9cbc,352.0724182128906,356.2095031738281,364.7084045410156,368.76177978515625,370.72454833984375,374.15081787109375,372.9913635253906,376.82159423828125,381.053955078125,378.1688232421875,381.0995788574219,379.13970947265625
sample_e939e0095fb308b4,284.87103271484375,292.2607421875,302.81964111328125,313.9783020019531,323.0084228515625,335.35369873046875,342.8846740722656,352.831787109375,359.7130432128906,365.8091125488281,373.03729248046875,379.3486328125
sample_8357d056561184c0,461.78399658203125,452.4033508300781,444.4662780761719,436.2708740234375,428.8190612792969,419.3987121582031,410.6658935546875,404.77398681640625,400.9854431152344,396.59722900390625,392.8323669433594,388.632080078125
sample_b99bc318eaa5b6f2,383.6606140136719,391.33502197265625,402.4731750488281,410.3424072265625,416.93341064453125,425.0959777832031,428.4939880371094,436.5334777832031,442.73699951171875,444.41943359375,445.9136047363281,444.8116149902344
sample_791ccb4f8457a713,386.9527893066406,386.9349365234375,388.3717956542969,388.27386474609375,387.63885498046875,385.2060852050781,383.9363098144531,385.3312683105469,389.3727722167969,387.281494140625,388.4326171875,388.5697326660156
sample_d03044313f2987e9,400.84405517578125,395.1898193359375,392.05084228515625,388.5050964355469,384.6721496582031,382.4696960449219,379.93017578125,379.6248779296875,380.7193603515625,380.3242492675781,381.7554931640625,381.6518859863281
sample_bc21a422eb36c5a9,364.04656982421875,368.625244140625,376.7778625488281,380.7783203125,383.0058288574219,386.2334899902344,384.7012634277344,388.77410888671875,393.4031982421875,390.50677490234375,393.3959655761719,390.80657958984375
sample_74baab7fe36958b7,340.5018615722656,341.8576965332031,347.2170715332031,351.96588134765625,354.7318420410156,358.638427734375,362.9438171386719,365.9876708984375,371.24163818359375,373.18096923828125,377.4767761230469,380.0809326171875
sample_5f3291d3ac835979,583.66796875,575.0612182617188,564.5511474609375,548.1063232421875,539.70703125,519.7100219726562,505.4996643066406,491.2281799316406,476.40655517578125,469.3465881347656,458.5311279296875,449.940185546875
sample_3e34eb6e3686f3fc,279.0450744628906,286.28857421875,297.0694274902344,309.03594970703125,319.4960021972656,333.5445556640625,342.7676086425781,353.6724853515625,362.5980224609375,371.3756408691406,378.79083251953125,386.8411560058594
sample_79d43dc98be67466,398.7887268066406,397.8400573730469,398.24700927734375,398.73577880859375,397.6935729980469,397.1949462890625,397.1761779785156,399.1685791015625,402.7019958496094,402.090087890625,404.4522399902344,404.3426513671875
sample_c4b925abd66d0ec0,351.46856689453125,360.6163330078125,372.8486022949219,383.42626953125,392.4848937988281,401.3554992675781,409.37432861328125,418.0555419921875,421.9104309082031,425.0413818359375,430.9657287597656,430.24407958984375
sample_4cd6f5644c05e617,347.55548095703125,369.7921142578125,392.5190124511719,417.17852783203125,442.82012939453125,468.41583251953125,493.8323974609375,515.503173828125,532.25,545.6575927734375,553.7731323242188,562.7077026367188
sample_8a65b91bbcc23acc,636.8263549804688,619.5897216796875,607.0056762695312,594.712890625,585.1900024414062,568.2305297851562,556.7907104492188,547.3773193359375,535.9337768554688,527.7246704101562,523.5258178710938,511.8356628417969
sample_c3a270b752b820d9,354.0787353515625,356.3201599121094,361.2484436035156,365.16424560546875,368.3038024902344,371.7004089355469,375.2855224609375,379.2249755859375,384.74053955078125,385.1671142578125,390.31512451171875,393.3585510253906
sample_08734fcb2c46affd,369.4150085449219,387.0465393066406,404.3780212402344,425.174560546875,447.64111328125,469.2159729003906,494.250244140625,512.6556396484375,528.7188110351562,540.902587890625,550.1954345703125,558.2843017578125
sample_9b5fcb93cc7001cc,285.6956787109375,294.36492919921875,306.5704040527344,318.0125427246094,327.6845703125,339.1408996582031,346.5528564453125,357.1911315917969,361.75421142578125,366.9806213378906,373.73162841796875,378.0148620605469
sample_dda047e9691cfb34,355.95062255859375,363.95953369140625,376.0154113769531,382.748046875,387.99627685546875,393.26922607421875,394.23590087890625,400.64532470703125,403.4051818847656,401.877197265625,405.8606262207031,402.43011474609375
sample_dab95214b79a5a0a,401.1289367675781,398.2321472167969,396.8989562988281,395.30023193359375,392.0393981933594,391.8994140625,390.1033935546875,389.2638854980469,393.5744323730469,392.297119140625,395.1604309082031,394.524169921875
sample_154a4300541c1efc,305.4476623535156,310.6649475097656,320.1941833496094,329.3904113769531,336.6196594238281,345.4820251464844,353.1285400390625,360.4961853027344,365.3465576171875,369.4957275390625,375.87738037109375,379.1957092285156
sample_766ce8b800285c5d,444.1953430175781,441.342529296875,439.514404296875,435.8465881347656,431.50872802734375,425.00579833984375,419.28594970703125,415.6893005371094,415.59246826171875,413.6223449707031,410.2859802246094,404.881103515625
sample_34c83e35d6a61aca,299.1540832519531,305.33001708984375,316.09747314453125,325.6722412109375,333.12042236328125,342.4011535644531,349.8148193359375,357.81146240234375,361.9365539550781,366.48699951171875,372.67333984375,375.63726806640625
sample_2fc06e7d4426fdb1,545.4750366210938,544.4677124023438,542.1405029296875,536.241455078125,532.6091918945312,522.2611083984375,514.0223388671875,506.7231750488281,500.9862365722656,494.2344055175781,493.3738708496094,480.94830322265625
sample_28fdb43350e0b140,555.0877685546875,542.1412963867188,531.0904541015625,518.9216918945312,508.654296875,495.07843017578125,481.484130859375,472.00445556640625,464.05078125,458.8179016113281,450.8597412109375,444.2674865722656
sample_dccc125f054c795e,326.1325988769531,337.02728271484375,351.2944030761719,358.3367004394531,365.7733154296875,372.0010681152344,370.9474182128906,378.9843444824219,381.4289245605469,379.3154602050781,382.2069091796875,379.7005920410156
sample_d4bbf4d48e6c9b9e,339.99774169921875,348.3346862792969,359.6266174316406,365.0206298828125,369.83355712890625,374.6570739746094,371.81317138671875,378.42498779296875,381.3162841796875,378.4042053222656,380.91229248046875,377.7406921386719
sample_08f1b47912840523,344.74163818359375,345.1145324707031,347.09100341796875,348.6947937011719,353.04345703125,354.3768005371094,360.0593566894531,362.7757873535156,367.3924865722656,368.36492919921875,374.02581787109375,378.1152038574219
sample_1edca7a7d6a232d1,513.508056640625,512.2072143554688,511.6394348144531,510.7686462402344,508.36114501953125,509.7944641113281,506.7116394042969,507.5681457519531,510.0185241699219,512.7654418945312,512.282470703125,514.99609375
sample_bbec8bc6a384056b,306.6412353515625,316.1259460449219,329.87652587890625,341.343994140625,351.33538818359375,362.9360046386719,370.9532470703125,381.3165588378906,386.89080810546875,391.855712890625,398.5514221191406,401.0677795410156
sample_2684a647715ff2a0,535.451904296875,530.027587890625,523.3197021484375,509.06719970703125,502.0279235839844,483.92999267578125,470.7635803222656,458.8824462890625,445.4150390625,438.53167724609375,431.4869384765625,424.20220947265625
sample_44fbbefedc5cdcce,296.12872314453125,305.46295166015625,317.7789001464844,330.02947998046875,340.5350646972656,351.6211242675781,361.2838134765625,371.984375,375.2964782714844,380.5680847167969,387.934814453125,390.069091796875
sample_e50392c63e2b0401,521.7026977539062,509.22247314453125,499.0903015136719,488.2523498535156,480.54229736328125,466.2693176269531,456.4647216796875,448.7875061035156,441.13311767578125,433.173095703125,429.66717529296875,423.6496276855469
sample_0c0d4c674eca046f,315.3476257324219,330.34295654296875,345.4053955078125,363.586669921875,380.4642028808594,396.1024169921875,412.5425720214844,428.370849609375,432.4067687988281,441.12530517578125,450.11590576171875,454.09344482421875
sample_0cbf4bcade72f98e,434.7179870605469,430.7973937988281,428.17022705078125,423.3911437988281,416.47625732421875,409.007080078125,401.2662048339844,396.9638671875,395.76824951171875,393.7161560058594,390.35003662109375,385.7772216796875
sample_6fade424daa089d7,487.1537170410156,491.277587890625,495.40252685546875,497.2485046386719,494.92926025390625,495.8967590332031,491.1960754394531,488.1274719238281,494.1972961425781,490.7619323730469,489.54736328125,486.6770935058594
sample_c3176e918f18b8f7,477.6783447265625,472.44122314453125,470.0583190917969,467.1837158203125,463.17291259765625,459.4873046875,455.6708068847656,453.2452087402344,453.1477966308594,452.4265441894531,454.7047119140625,448.35107421875
sample_a1b22f5b8dc89ca0,528.7193603515625,516.962158203125,507.4796447753906,496.6910400390625,489.0679016113281,473.99755859375,464.5442810058594,456.25531005859375,448.87713623046875,439.9927978515625,436.01434326171875,430.5928039550781
sample_f34c8b6c706683f7,385.00152587890625,383.9132080078125,384.7225036621094,385.7066345214844,387.4469909667969,388.5419616699219,391.7202453613281,394.8774719238281,399.4931640625,399.7333984375,404.2551574707031,405.9293212890625
sample_0a8351bf76521726,613.070556640625,607.828369140625,602.4100952148438,592.9939575195312,589.8358764648438,574.103759765625,566.1697998046875,555.0112915039062,546.2651977539062,538.8362426757812,536.4843139648438,524.9652099609375
sample_a106b76743a5d564,382.00018310546875,381.7867431640625,381.8233337402344,383.32061767578125,382.19287109375,383.47882080078125,384.43426513671875,389.0888977050781,390.1361083984375,392.4611511230469,395.73541259765625,396.5855712890625
sample_389021763f8579e8,288.58526611328125,297.8192138671875,310.1257629394531,323.34320068359375,334.97247314453125,349.5560607910156,360.0328369140625,371.777587890625,381.0230712890625,388.56610107421875,396.1371154785156,403.446044921875
sample_a7f4b3b87dcaf775,294.86810302734375,300.50299072265625,309.8328857421875,319.7787170410156,327.5446472167969,338.9622497558594,346.18157958984375,354.8182373046875,362.33349609375,368.55450439453125,375.5531921386719,382.0213623046875
sample_f637260a270594c7,398.236083984375,395.7746276855469,394.2395324707031,391.7054443359375,388.9803466796875,386.18634033203125,381.81182861328125,383.2198181152344,383.7724304199219,382.4228515625,381.6934509277344,381.411376953125
sample_c96634d6492b7628,590.3201293945312,581.9487915039062,578.176025390625,571.3724365234375,568.6969604492188,560.1943359375,554.2633056640625,546.8994140625,542.7445068359375,542.837646484375,543.1260986328125,534.3950805664062
sample_c3552eda72b8d776,402.8236389160156,404.1435241699219,405.8398742675781,407.75390625,407.3763122558594,407.5862121582031,407.9727478027344,410.6300048828125,413.7591552734375,413.2013244628906,416.5950622558594,414.1546325683594
sample_3b7f5c72b1a9196e,370.0824890136719,371.9711608886719,377.31121826171875,381.55316162109375,382.72576904296875,385.22503662109375,387.5337219238281,389.9859619140625,394.8240966796875,393.3570251464844,397.8217468261719,397.2262268066406
sample_a4e03a34f5719502,455.9440612792969,455.7717590332031,455.6386413574219,457.0818786621094,455.00299072265625,453.6530456542969,453.4858703613281,452.3079833984375,456.2751770019531,454.7890930175781,459.2355651855469,452.8473205566406
sample_94c5c430dc54bb42,345.6931457519531,350.18438720703125,357.7976379394531,366.42230224609375,373.1497802734375,382.095458984375,390.37109375,397.8487243652344,404.9539794921875,409.74017333984375,416.5063781738281,420.30804443359375
sample_e0b4e053dea220eb,319.5626525878906,326.703125,337.5836486816406,348.63958740234375,357.158447265625,367.82421875,376.97393798828125,386.35723876953125,391.41802978515625,397.10552978515625,404.23516845703125,407.46356201171875
sample_6eaabe8eb46a6c1f,469.4247741699219,457.28643798828125,448.78497314453125,438.500732421875,431.5428161621094,424.2315673828125,414.06048583984375,410.17059326171875,403.35211181640625,403.5296630859375,397.7669982910156,392.9691162109375
sample_78f6c1a99b183bd5,558.7838745117188,541.2017822265625,526.7828979492188,512.6290283203125,504.91424560546875,488.0968017578125,477.5772399902344,465.8722229003906,454.44573974609375,449.02105712890625,445.2625732421875,435.16943359375
sample_860f9c8a88440089,481.9114074707031,470.5464172363281,463.563232421875,454.4273376464844,448.0562438964844,439.4479675292969,430.6393737792969,427.1502685546875,420.9377136230469,418.16912841796875,413.4012451171875,408.3551330566406
sample_0b95bfa1cfd35a5c,361.96612548828125,363.0410461425781,368.4708251953125,371.271728515625,372.4284973144531,374.2074279785156,375.3941650390625,377.10968017578125,382.05950927734375,380.2098083496094,382.7760314941406,382.60552978515625
sample_7ed991b4b98e972d,353.22381591796875,358.0741882324219,367.2361145019531,373.233154296875,376.9501037597656,382.7519836425781,384.93994140625,390.14361572265625,396.1525573730469,396.0645446777344,400.10400390625,400.18353271484375
sample_7f07c785fa8b6487,394.2844543457031,397.00787353515625,400.4708251953125,403.6767578125,405.66619873046875,406.3004455566406,407.6173400878906,410.6639404296875,413.7351989746094,413.61358642578125,417.2009582519531,415.8130798339844
sample_34a299966aade711,362.51568603515625,368.9106750488281,379.0286560058594,383.8871765136719,387.1634826660156,391.3896484375,389.64984130859375,394.9063415527344,398.9822998046875,396.3332824707031,398.826171875,395.8284912109375
sample_a8fc7344f4263db2,409.1248474121094,406.1797180175781,404.2603759765625,401.9038391113281,397.630126953125,393.9644775390625,389.0000305175781,388.7113342285156,389.3445739746094,387.4316101074219,385.59075927734375,384.2493591308594
sample_964d91b324363aa4,367.71466064453125,368.03607177734375,370.65643310546875,372.6646423339844,374.80999755859375,375.7074890136719,378.9951477050781,381.6579895019531,385.37408447265625,386.2713928222656,389.56976318359375,391.5645446777344
sample_0566bc2fe9d9a890,437.6150817871094,431.2984924316406,427.217529296875,421.7196044921875,416.4090881347656,410.15301513671875,404.4418029785156,401.55029296875,399.729248046875,396.6590881347656,395.28155517578125,393.6112976074219
sample_79db50ab81c1a586,438.19122314453125,429.5866394042969,424.5362548828125,417.69342041015625,411.9452819824219,407.8411865234375,400.8140563964844,399.2350158691406,395.8442687988281,396.6435546875,394.5633544921875,390.504150390625
sample_cb7687ec8e9f2476,573.40234375,578.0699462890625,574.8477172851562,564.48681640625,562.5718994140625,547.1536254882812,530.9861450195312,519.3028564453125,506.9309997558594,491.4790954589844,487.3040771484375,477.1272277832031
sample_98dc465dd158c26c,338.8927917480469,344.433349609375,354.4725036621094,361.24200439453125,366.132080078125,372.91912841796875,375.9651794433594,381.95379638671875,387.5635681152344,388.2134704589844,392.8906555175781,393.2616271972656
sample_54d2841db9017c46,325.23797607421875,327.8103332519531,332.8314514160156,336.7918701171875,344.9198913574219,348.3976745605469,355.61199951171875,360.86566162109375,366.872802734375,370.3194274902344,376.6552429199219,383.2648620605469
sample_6aed9596cc2482c9,642.1422119140625,626.429443359375,615.31201171875,602.4330444335938,597.05419921875,578.9113159179688,569.279052734375,557.160400390625,544.7189331054688,538.0433959960938,536.30322265625,526.2720336914062
sample_cba431b52f801786,471.7126159667969,488.22265625,502.0181579589844,509.570556640625,516.775390625,521.9967651367188,524.184814453125,528.0453491210938,534.797607421875,528.921875,529.0205078125,524.9743041992188
sample_d2653d9bec195d7f,411.3150329589844,406.9602966308594,405.8642272949219,402.3576965332031,399.18280029296875,394.5334777832031,390.85772705078125,388.85540771484375,390.613037109375,389.68988037109375,389.4560241699219,388.40203857421875
sample_034d4692ddca0767,424.0938415527344,422.23388671875,422.6274108886719,421.0310974121094,418.6471252441406,415.0975341796875,411.78546142578125,412.53167724609375,413.1522521972656,411.596923828125,411.18682861328125,409.755126953125
sample_f4e48fb1efcacc46,361.24169921875,361.49884033203125,363.7190856933594,365.10479736328125,366.38336181640625,365.5579528808594,366.06060791015625,368.5266418457031,371.3996276855469,370.4790954589844,373.8167724609375,375.2713317871094
sample_e7aa6c3e98367a62,473.7016906738281,460.2760925292969,451.200927734375,441.1112365722656,435.94219970703125,427.76715087890625,422.7745666503906,417.8858337402344,411.3022155761719,412.1535949707031,411.856201171875,406.79864501953125
sample_3ae1cbee05561c5c,334.4093933105469,340.6764831542969,351.16693115234375,359.8952331542969,366.545166015625,375.78900146484375,382.04766845703125,388.919921875,396.6871032714844,399.51129150390625,405.67950439453125,407.8612976074219
sample_a258e077f465a0e5,368.0181884765625,368.09796142578125,370.35894775390625,372.71197509765625,374.6496276855469,375.96856689453125,379.85009765625,381.75628662109375,386.31170654296875,387.19342041015625,391.3645935058594,392.67559814453125
sample_b5c6dac1fce28236,383.3569641113281,392.1703186035156,402.988037109375,406.7810974121094,410.4209899902344,412.9288330078125,410.29150390625,412.9944763183594,415.0072326660156,409.187744140625,413.6406555175781,406.9150390625
sample_a70d85722b0c1ce4,556.8186645507812,545.4800415039062,536.9246826171875,527.1797485351562,519.4688110351562,504.6194152832031,496.4175109863281,486.2383728027344,478.51702880859375,471.2838439941406,468.0196533203125,459.0350036621094
sample_5c151f1cec45e181,338.69921875,340.6312255859375,346.63043212890625,351.09832763671875,355.2447814941406,359.91436767578125,362.3050842285156,367.119873046875,372.90863037109375,376.2242126464844,378.5213928222656,382.439208984375
sample_97bf28b3ece47bf3,450.65093994140625,461.58587646484375,470.5833740234375,482.9452209472656,502.0601501464844,515.1840209960938,535.1376342773438,549.547119140625,565.4329223632812,570.0077514648438,580.6741943359375,591.2096557617188
sample_53fb276de83e7bc9,357.8291320800781,358.42974853515625,360.4383850097656,362.421630859375,365.3692932128906,366.27862548828125,370.4358825683594,373.58935546875,377.22222900390625,378.8701477050781,382.92730712890625,385.95123291015625
sample_b0b60836b810668c,338.5289611816406,342.8802185058594,351.2914123535156,357.5799255371094,361.2998046875,366.581787109375,369.44482421875,374.17413330078125,379.2339172363281,379.4129638671875,384.1910095214844,384.3236389160156
sample_cbd503d75a79cd1e,291.32550048828125,308.8629150390625,325.60064697265625,344.99310302734375,364.96600341796875,381.8421630859375,399.30712890625,416.8929443359375,420.6756286621094,430.41094970703125,438.98870849609375,443.1947021484375
sample_e44f0e911faeba05,572.0165405273438,553.9885864257812,538.9216918945312,524.1741943359375,514.8012084960938,497.9551696777344,485.4892578125,474.22137451171875,461.6583557128906,454.95013427734375,448.77850341796875,437.953857421875
sample_6f4ee3c101b02647,313.3697509765625,322.4756774902344,335.7096862792969,347.12060546875,357.0601501464844,368.1171875,376.5250549316406,386.6555480957031,391.1468200683594,396.5680847167969,402.8031921386719,404.40350341796875
sample_1cbc1993491ea6c8,349.6699523925781,369.4021301269531,389.5460205078125,410.8543701171875,432.61785888671875,454.2195739746094,474.15966796875,493.3505859375,505.514892578125,516.9424438476562,523.902099609375,529.0648193359375
sample_55d78947d6671e01,437.3079833984375,440.1004943847656,442.0413818359375,440.96685791015625,439.1912841796875,432.63482666015625,423.77178955078125,419.3240661621094,417.89190673828125,411.7919006347656,409.54327392578125,404.6334533691406
sample_39f40fba13ed665b,368.6041564941406,370.5847473144531,375.8875427246094,379.0900573730469,380.6286926269531,383.17095947265625,384.6815185546875,387.4079895019531,392.8886413574219,391.48614501953125,395.6631774902344,396.198486328125
sample_c5e89fd8d321075a,355.08551025390625,376.5149230957031,398.51885986328125,421.3349914550781,444.49420166015625,468.05780029296875,491.0135192871094,510.35400390625,525.879150390625,537.6838989257812,544.6070556640625,550.8310546875
sample_7f367c4d4ac197ae,332.8475646972656,340.12835693359375,352.0841064453125,361.44158935546875,369.2086181640625,379.1962585449219,385.9208984375,394.0826416015625,401.0210876464844,404.83001708984375,410.11590576171875,412.4119567871094
sample_7908703f1ef7e9ba,382.5776062011719,389.2666015625,398.292724609375,401.2920227050781,403.7382507324219,406.41339111328125,401.49072265625,404.98089599609375,407.0788879394531,403.0249938964844,404.3782958984375,399.9764099121094
sample_16fa22cadbb4a463,429.9561767578125,428.1553955078125,427.5354919433594,425.1013488769531,420.9687194824219,415.63555908203125,411.9360046386719,408.73675537109375,411.1965026855469,407.629150390625,406.6592102050781,402.415283203125
sample_0509376a63a12685,363.9471130371094,363.5835876464844,364.52496337890625,365.0490417480469,367.03326416015625,365.91009521484375,368.7104797363281,370.6050109863281,373.2564697265625,373.7666015625,377.9613342285156,379.3621826171875
sample_86b3c0d6f49f20d7,394.09454345703125,396.2225646972656,400.2767333984375,401.61907958984375,400.7533874511719,400.80987548828125,398.0509338378906,398.8130798339844,402.365966796875,398.6618957519531,399.42919921875,398.60009765625
sample_6c1f42325312f7e2,447.26007080078125,441.6597595214844,438.843017578125,433.95184326171875,429.56622314453125,423.4855041503906,418.4223937988281,416.02825927734375,415.23785400390625,412.92584228515625,410.7987976074219,408.1348571777344
sample_dfd772d4925b712e,431.6372985839844,430.135986328125,429.2986145019531,426.2336120605469,423.07513427734375,418.33038330078125,413.9402160644531,409.9503173828125,413.5809631347656,409.175048828125,409.6934509277344,405.6777038574219
sample_a00b96de6679d020,536.9620361328125,542.0208740234375,545.374267578125,548.5372314453125,550.0169677734375,552.718017578125,554.3677978515625,558.50634765625,562.6407470703125,563.14111328125,562.1450805664062,563.1416625976562
sample_18b663ddd0b46654,313.6313171386719,339.4289855957031,364.6316833496094,389.9413757324219,417.1476135253906,441.47833251953125,464.8117370605469,488.031982421875,497.1393127441406,510.3369140625,517.8685302734375,523.5960083007812
sample_40986e5c61464c18,311.42779541015625,315.3602600097656,322.97821044921875,329.6864013671875,336.5369873046875,343.93316650390625,349.90374755859375,356.5843200683594,363.6177978515625,367.4612731933594,373.9083251953125,379.0898742675781
sample_736a31eff368c914,335.1038513183594,337.1986999511719,340.9128112792969,344.39471435546875,350.5972595214844,353.1478576660156,360.10003662109375,364.6961364746094,369.3392333984375,371.7147216796875,378.1949768066406,384.1319274902344
sample_ee35d1a1d272f095,348.3315734863281,357.3394775390625,367.9171447753906,380.7972412109375,392.4220275878906,404.0582275390625,416.0606384277344,427.45892333984375,433.8387451171875,440.19537353515625,447.8385314941406,451.1762390136719
sample_ebc739e04bc8f0ef,284.4902038574219,291.1135559082031,301.7364501953125,310.2920227050781,317.91412353515625,327.1117858886719,331.7352600097656,340.3436584472656,346.0884094238281,350.03118896484375,355.19451904296875,360.2486267089844
sample_10f849c6a1ca8072,286.88446044921875,294.22222900390625,306.070068359375,316.7722473144531,325.4838562011719,336.3871154785156,344.1343688964844,353.4962158203125,357.9169616699219,363.5214538574219,369.9657287597656,374.07427978515625
sample_54a5e0be314cfd95,501.0711364746094,488.90472412109375,477.2012939453125,464.8717041015625,456.12921142578125,441.8796691894531,430.42138671875,421.5231018066406,414.34576416015625,407.33782958984375,400.9074401855469,396.1538391113281
sample_dd46da2d16000c49,341.6544189453125,344.9018859863281,351.9572448730469,358.1819763183594,362.50506591796875,368.9933776855469,373.65533447265625,378.4453125,385.41070556640625,387.686767578125,392.9692687988281,395.5431213378906
sample_53402b7bc465fa20,365.7901611328125,375.4845886230469,387.0003662109375,401.2270812988281,415.8351135253906,431.7055969238281,448.3342590332031,462.59796142578125,475.5413818359375,483.1758728027344,493.38092041015625,501.1012268066406
sample_4addc63441561ae3,337.67388916015625,341.94537353515625,349.4160461425781,355.7033386230469,360.1806945800781,366.734375,368.59259033203125,374.4622802734375,380.6579895019531,382.62261962890625,385.837646484375,388.3494567871094
sample_6679aa0edb1256b1,513.0055541992188,504.1640319824219,492.8001708984375,480.10552978515625,469.7060241699219,454.8419189453125,441.856689453125,431.2146301269531,422.3348693847656,418.2406311035156,407.41009521484375,400.3752746582031
sample_c42713b8ffb576aa,330.31243896484375,336.06884765625,345.15277099609375,352.32427978515625,358.4569396972656,365.8364562988281,369.1660461425781,375.9029541015625,382.5592041015625,384.22900390625,388.5311279296875,390.814208984375
sample_b415452e593a4341,271.5049743652344,280.0984191894531,292.45928955078125,303.35125732421875,312.784423828125,324.76885986328125,331.3031921386719,341.8623046875,347.60455322265625,352.9286193847656,359.35443115234375,365.29180908203125
sample_64d6962d84d2dbbe,317.6808166503906,321.1689758300781,328.5891418457031,335.6944885253906,341.9992370605469,349.8583984375,355.49786376953125,361.85211181640625,368.8466796875,373.88934326171875,379.453369140625,384.1466979980469
sample_cf456d800e6a440d,643.3245239257812,635.95068359375,630.1981201171875,619.1421508789062,616.3792114257812,600.6648559570312,592.0009765625,576.4655151367188,569.328125,563.6768798828125,556.6468505859375,545.4152221679688
sample_efa10bcd87987b0d,380.0181884765625,380.19122314453125,382.5894470214844,385.7514343261719,388.5694885253906,390.3609619140625,394.0314636230469,397.5113830566406,401.85400390625,404.3926086425781,407.43304443359375,409.07550048828125
sample_d7cca62fa01aeab7,482.2065124511719,473.0811462402344,465.3834533691406,457.8006896972656,449.2696533203125,439.74700927734375,429.49578857421875,423.2926330566406,418.9333801269531,415.41693115234375,409.2934875488281,403.96649169921875
sample_a98d7e753102a3db,351.215087890625,355.0031433105469,361.4988708496094,368.2976989746094,373.6490173339844,380.7295227050781,385.619140625,391.60125732421875,399.177490234375,402.132080078125,406.90301513671875,410.7064208984375
sample_dc2a3e7975b427de,389.9777526855469,389.6234436035156,390.81402587890625,390.7329406738281,388.46319580078125,386.4324645996094,383.9153137207031,384.70965576171875,387.61907958984375,385.318603515625,386.2367248535156,383.617431640625
sample_f7e01b0c04c91073,329.19775390625,332.2216796875,339.5267639160156,346.81866455078125,351.1928405761719,357.5021667480469,362.7530212402344,367.889404296875,372.95953369140625,375.70062255859375,381.2356262207031,383.32037353515625
sample_703ebd9c43aa4426,420.0271911621094,420.750244140625,422.533447265625,420.8702087402344,419.64312744140625,415.06207275390625,408.89862060546875,405.6749267578125,407.522705078125,403.5873107910156,402.5682373046875,399.2680358886719
