sample_id,target_00,target_01,target_02,target_03,target_04,target_05,target_06,target_07,target_08,target_09,target_10,target_11
sample_07393cebc8e6882a,640.5790405273438,632.8125610351562,620.4520874023438,606.3023681640625,589.341064453125,570.4055786132812,551.3094482421875,531.6145629882812,513.4783935546875,499.6246337890625,491.4569396972656,484.29669189453125
sample_640b9e2639db9b4f,378.5227355957031,374.65234375,373.53753662109375,373.2256164550781,373.35540771484375,375.5601501464844,378.2918701171875,379.19696044921875,380.90625,383.4778747558594,384.3585205078125,386.8104553222656
sample_cd1159b14b325e4b,420.0423889160156,409.6426696777344,399.2843933105469,394.195068359375,385.267578125,377.2060546875,371.6490783691406,367.5909423828125,363.9399108886719,362.84503173828125,358.80230712890625,359.4616394042969
sample_cdb23a4bf60ec4df,380.3085632324219,376.5732727050781,371.17626953125,367.8941955566406,361.178466796875,353.75726318359375,351.3331298828125,353.3706359863281,355.2974548339844,357.5460510253906,354.7378234863281,353.4324035644531
sample_3713237d245e38bb,441.4914245605469,471.4400634765625,497.746337890625,509.2332763671875,526.4481811523438,537.4747314453125,547.6033935546875,551.2251586914062,555.4434204101562,554.3623657226562,561.467529296875,560.7518310546875
sample_f31824a4e3d5930f,401.0420837402344,402.5420837402344,403.68212890625,403.2186584472656,402.94500732421875,401.35400390625,400.1128234863281,398.7757568359375,397.5451965332031,396.1155700683594,394.4822998046875,393.3079528808594
sample_25bea02c24a67c08,496.87579345703125,535.2915649414062,560.1377563476562,569.7573852539062,580.9251708984375,577.3331298828125,570.519287109375,556.9234008789062,551.1466064453125,546.7740478515625,545.2457885742188,544.179443359375
sample_2dd3977ed2b2ff57,406.786865234375,403.29815673828125,399.9960632324219,398.4488220214844,396.2550354003906,393.88421630859375,391.1019287109375,390.4164123535156,390.2154846191406,390.2790222167969,388.29547119140625,389.9394836425781
sample_32a96879a30b2909,435.2963562011719,425.36962890625,414.5901184082031,408.1620178222656,399.86767578125,392.6941833496094,386.80950927734375,381.7333068847656,376.54296875,372.4776916503906,368.38360595703125,365.68890380859375
sample_aad76c976c41a05f,376.6290283203125,376.09796142578125,378.69842529296875,381.8919677734375,382.2347106933594,383.7179870605469,384.14569091796875,384.1266174316406,382.7681579589844,381.57635498046875,379.1702575683594,378.5076904296875
sample_bca1cb59b70a22e6,286.6194763183594,291.14141845703125,297.61065673828125,302.4553527832031,309.28106689453125,316.77264404296875,325.880126953125,331.8554992675781,339.65679931640625,344.33636474609375,349.7042541503906,352.69927978515625
sample_811305c96bbd2824,314.294921875,319.0155334472656,325.2912902832031,328.413818359375,332.4741516113281,337.28271484375,342.9942932128906,352.7809143066406,364.4117126464844,371.8043212890625,378.2669677734375,384.4739685058594
sample_1b9772ccc78fca78,352.99664306640625,353.3461608886719,355.0220642089844,355.46832275390625,357.1583251953125,359.4050598144531,362.5809326171875,363.72662353515625,366.7152099609375,367.49066162109375,369.228759765625,370.63653564453125
sample_26dc6ca145467ebb,357.0566101074219,358.65936279296875,361.4358215332031,362.0477294921875,363.1105651855469,364.6500244140625,365.39544677734375,366.21307373046875,366.4763488769531,366.5791015625,366.8976135253906,367.9659729003906
sample_98842d07544af6e2,366.94842529296875,366.46514892578125,367.0971984863281,367.17169189453125,368.1053161621094,369.1687927246094,370.7188720703125,372.1804504394531,374.1473388671875,375.1402893066406,376.58355712890625,377.877685546875
sample_c964c449faaf90f2,344.5904846191406,344.822265625,346.3160095214844,348.85888671875,348.67913818359375,349.1032409667969,349.40228271484375,348.7982177734375,347.60882568359375,348.8184509277344,348.7974548339844,351.1863098144531
sample_376a00813b7bf0b0,394.4608154296875,387.535400390625,381.4389953613281,378.3800964355469,374.1961975097656,371.951171875,372.27459716796875,372.0621643066406,371.9276428222656,372.8026428222656,372.09429931640625,372.84881591796875
sample_0d7f49c865bf5da3,381.2704772949219,382.6932678222656,383.55352783203125,382.2843933105469,379.341064453125,376.0552673339844,374.09942626953125,371.8384704589844,370.4160461425781,370.6847839355469,369.4671936035156,369.80047607421875
sample_2f279e207b201e3d,458.3948974609375,472.27215576171875,484.65594482421875,494.45361328125,501.4742736816406,499.10748291015625,495.99334716796875,496.88262939453125,487.15692138671875,473.0249938964844,459.0474548339844,448.9969787597656
sample_ee237257712686c8,458.1495666503906,447.43359375,435.9511413574219,426.4257507324219,417.1043701171875,408.8243103027344,403.9447021484375,400.4112548828125,398.09393310546875,393.957763671875,388.7131042480469,385.02398681640625
sample_5d8e1635ce7c934c,386.2755126953125,388.6169738769531,387.13372802734375,385.29925537109375,381.39007568359375,375.32427978515625,369.9835510253906,365.20965576171875,359.9286193847656,356.58758544921875,353.1088562011719,351.62542724609375
sample_ed80421a26312202,401.2711486816406,396.8729553222656,392.759521484375,389.06756591796875,385.37261962890625,381.44110107421875,379.3137512207031,377.5537109375,376.5491027832031,376.3225402832031,376.3875732421875,376.8204040527344
sample_151ad0fb36840adf,393.57952880859375,388.8868713378906,385.5234069824219,382.9107360839844,380.697998046875,379.2982177734375,379.51055908203125,378.56219482421875,377.95574951171875,378.798095703125,378.8581848144531,379.6334533691406
sample_8381566215893eb5,505.56121826171875,490.0889892578125,473.9767150878906,460.9258117675781,446.26239013671875,433.48284912109375,422.43621826171875,413.6010437011719,407.14422607421875,403.72467041015625,398.34033203125,394.7200927734375
sample_1d2121d81e214e57,300.0240478515625,302.8219299316406,305.98797607421875,309.2467041015625,312.6099548339844,314.9642639160156,322.5728759765625,330.7266540527344,329.16680908203125,329.1012878417969,330.5191955566406,334.02801513671875
sample_8657c167f711013a,362.8999328613281,364.93365478515625,368.0535888671875,370.8534851074219,375.781494140625,379.9642639160156,386.8922424316406,391.28936767578125,407.06365966796875,414.5341796875,411.03863525390625,420.4585266113281
sample_e9c234275cbec2a2,351.2069091796875,352.45947265625,354.52947998046875,356.7420959472656,356.06976318359375,356.96551513671875,357.3591613769531,359.5249328613281,360.0148620605469,362.19085693359375,362.9318542480469,364.34637451171875
sample_fbf01e4b6151f775,441.51605224609375,445.736328125,445.5194396972656,443.2417907714844,439.3814392089844,438.3438415527344,433.5708923339844,423.36895751953125,411.2388610839844,403.930908203125,400.7833251953125,399.2975158691406
sample_10d6d1c50ff6e8eb,437.30926513671875,427.15643310546875,416.4512023925781,409.40155029296875,398.8671569824219,389.8990783691406,381.8916320800781,375.28582763671875,369.7621154785156,364.65118408203125,359.606201171875,357.0846862792969
sample_128ee4eee3eb9506,419.74005126953125,422.97705078125,421.9919738769531,421.0235290527344,418.26666259765625,418.55731201171875,418.5167236328125,418.4579772949219,422.13958740234375,434.53729248046875,427.47125244140625,418.466064453125
sample_ec5ee34fe44d6c64,306.4190979003906,310.4698181152344,316.3604736328125,320.6202697753906,326.91815185546875,334.0444030761719,342.64434814453125,347.9639892578125,354.2685546875,358.981201171875,364.2077941894531,367.1473388671875
sample_0167fa422722a0e2,443.2622985839844,436.5268249511719,428.7444763183594,421.370849609375,413.2321472167969,405.23516845703125,397.6911315917969,390.7570495605469,383.9810791015625,378.3251037597656,373.6168212890625,370.2427978515625
sample_2b9fa5e8aa45ff01,441.4293518066406,431.4803771972656,419.36798095703125,409.3515625,397.341552734375,386.56658935546875,376.92913818359375,367.746826171875,360.93572998046875,354.5890197753906,348.72723388671875,348.758056640625
sample_cb8f5f10502a2009,289.7916259765625,292.160400390625,296.63055419921875,300.42071533203125,306.49517822265625,312.9964294433594,319.8966064453125,325.9436340332031,332.8597412109375,337.62432861328125,342.9061279296875,347.095703125
sample_e7a8a0bb40501503,607.3822021484375,608.7268676757812,608.13720703125,604.0105590820312,598.4437255859375,594.6036376953125,589.0532836914062,580.846923828125,571.125,565.5774536132812,558.9666137695312,549.2239990234375
sample_945d066b761acc18,360.1070861816406,359.78082275390625,361.4903564453125,363.0279541015625,364.583251953125,367.5371398925781,371.98956298828125,373.9223937988281,378.6734313964844,382.2219543457031,384.07861328125,387.85406494140625
sample_efb1efddf184c58d,600.1099243164062,594.5249633789062,583.8151245117188,569.3216552734375,557.206787109375,544.29052734375,518.2066650390625,495.13665771484375,479.4413757324219,459.33502197265625,451.34210205078125,439.62591552734375
sample_3c45d5e67034ba0e,397.8270263671875,393.6831359863281,390.3013916015625,388.547607421875,387.8330993652344,388.622802734375,390.0644226074219,390.7926940917969,391.9879150390625,396.4078674316406,397.22943115234375,398.8104553222656
sample_23c883867fc1daeb,438.624267578125,432.59283447265625,426.4531555175781,422.9837341308594,416.9148864746094,412.0368957519531,410.0750427246094,407.8248596191406,405.6977844238281,403.8704528808594,401.02978515625,399.4150390625
sample_8a64eaf81c862720,374.1995544433594,409.9324951171875,447.9147033691406,484.0589599609375,521.8082275390625,565.16845703125,598.0563354492188,628.3202514648438,664.468017578125,705.15380859375,730.5045776367188,734.042724609375
sample_e0c9fbd81ab7a859,349.7227478027344,348.2584533691406,347.53857421875,346.3138122558594,345.98468017578125,345.39935302734375,345.7033386230469,346.6711120605469,346.8782043457031,348.9433288574219,350.1951904296875,352.14617919921875
sample_6e4de22042d4ec31,367.467529296875,366.8409118652344,366.7838134765625,365.328857421875,365.4235534667969,365.7733459472656,366.56256103515625,366.83404541015625,366.779052734375,367.7679748535156,368.1395263671875,368.6294250488281
sample_45857440ba8e7c9a,307.0225830078125,319.10015869140625,342.76708984375,351.1971740722656,363.9750671386719,382.8605041503906,398.580078125,401.4386291503906,402.65643310546875,404.1258544921875,414.0169677734375,443.873291015625
sample_bea820781e71b086,497.03118896484375,480.4046936035156,463.0596618652344,450.2806396484375,434.6617736816406,421.34912109375,410.9549865722656,400.8552551269531,392.2592468261719,387.093994140625,379.56292724609375,374.72784423828125
sample_420a9b3c72f556a3,324.0291442871094,326.887939453125,331.4223327636719,334.4703063964844,339.2199401855469,345.21893310546875,351.7096862792969,357.475830078125,363.9161682128906,368.7127685546875,372.70294189453125,377.32037353515625
sample_c4be1e5bae7c237a,610.6238403320312,585.2650146484375,560.8899536132812,540.99365234375,523.4061889648438,508.20465087890625,496.9639892578125,490.3433837890625,488.51324462890625,485.6333923339844,479.43927001953125,474.8525390625
sample_9bebbbebbb150308,263.3911437988281,278.1847839355469,297.5456237792969,314.44793701171875,333.9411926269531,351.4129638671875,367.30712890625,380.906494140625,392.567138671875,403.0902404785156,413.6706848144531,420.41094970703125
sample_83f2f41f92dc003c,582.1320190429688,566.2974243164062,543.11572265625,522.709716796875,501.88525390625,483.6252136230469,467.04937744140625,451.89251708984375,443.613037109375,435.12225341796875,428.94281005859375,425.077880859375
sample_84e6f35cdc38be1d,412.686767578125,426.06719970703125,436.8506774902344,439.4609069824219,443.48541259765625,444.7670593261719,446.7520751953125,446.9300842285156,452.7977600097656,462.6429443359375,471.6910095214844,480.853515625
sample_b26062026f8bedcb,372.48394775390625,408.9132385253906,449.24847412109375,469.75897216796875,487.627685546875,517.0361938476562,543.2128295898438,547.7303466796875,561.288818359375,565.0628051757812,570.7236938476562,571.924560546875
sample_5d01b7333894d709,413.7171936035156,414.9609680175781,416.92669677734375,417.0428161621094,419.3350830078125,421.8673400878906,424.5628356933594,425.337646484375,429.22442626953125,430.51837158203125,432.55938720703125,433.94061279296875
sample_c9b3a0534b2adf5f,632.5377807617188,631.1458740234375,625.3931884765625,618.92529296875,612.9742431640625,606.7681274414062,601.4198608398438,595.2452392578125,588.5621337890625,582.390380859375,577.8712158203125,573.6397094726562
sample_2a01809b0f308234,458.3005065917969,463.1709899902344,459.7001647949219,454.7869567871094,449.36041259765625,441.6941833496094,435.970947265625,430.994384765625,425.5859069824219,421.9741516113281,418.3098449707031,414.3517150878906
sample_2a6325256da2c822,562.36474609375,573.8086547851562,569.1553955078125,559.5811157226562,552.8552856445312,544.40380859375,535.6366577148438,524.754150390625,519.8547973632812,514.3352661132812,510.865478515625,506.2884216308594
sample_b7e2ca6c7acd4dcb,451.7752990722656,446.6597595214844,439.6202392578125,433.4631652832031,425.0958251953125,416.72509765625,409.29656982421875,402.6383972167969,396.91375732421875,391.43585205078125,386.86151123046875,383.79278564453125
sample_b5e20a4b1bdab8e3,458.1227111816406,454.375732421875,447.6628112792969,438.430908203125,430.071533203125,422.45819091796875,416.87969970703125,411.84857177734375,409.2889404296875,406.5257263183594,401.9259948730469,399.9496154785156
sample_82017ddd80a46cc6,448.0255126953125,444.58184814453125,441.21112060546875,438.4812927246094,434.8667907714844,432.5334777832031,431.4240417480469,431.0198059082031,429.5859069824219,429.002685546875,427.44256591796875,427.2348327636719
sample_c8e7115090586e50,307.0019226074219,313.82366943359375,323.5833740234375,338.309326171875,350.8219299316406,367.81201171875,379.56842041015625,390.3030090332031,390.793212890625,391.6045227050781,392.0735168457031,399.12786865234375
sample_dc027c12dda8c1a6,546.5908813476562,549.2799682617188,548.352783203125,545.9442138671875,540.1355590820312,536.8897705078125,535.2681884765625,531.7791748046875,521.7723999023438,516.5104370117188,504.61859130859375,500.5208740234375
sample_aecc2148ae34f849,366.61871337890625,367.697265625,369.091796875,367.51171875,368.3659973144531,367.3565979003906,367.4413146972656,365.4486999511719,365.2929382324219,364.53643798828125,365.2757263183594,365.5109558105469
sample_8b42e72c605c79d7,377.83685302734375,380.5867919921875,386.9294738769531,393.8928527832031,401.2369384765625,412.94287109375,437.0185852050781,445.74029541015625,434.70452880859375,440.4680480957031,446.18304443359375,446.9213562011719
sample_b324b49526179f30,309.1034851074219,311.7120666503906,316.1306457519531,319.04046630859375,324.154296875,329.5575256347656,335.83935546875,340.48260498046875,346.7708435058594,351.37310791015625,356.6521301269531,360.68255615234375
sample_7e81902db1a1102f,399.74334716796875,435.6298828125,476.8592834472656,514.9686279296875,541.2567749023438,561.4215087890625,587.8519287109375,618.3541259765625,641.778564453125,671.59521484375,710.00634765625,750.2726440429688
sample_7dd961db1087bec1,366.8428039550781,366.1587219238281,366.8564147949219,365.84466552734375,366.29241943359375,366.7381286621094,367.8031921386719,368.4034118652344,367.9602355957031,368.76641845703125,369.54150390625,369.38690185546875
sample_ea1a00a0e65e9826,413.23187255859375,404.8658752441406,395.5775146484375,388.80029296875,376.49365234375,369.0680236816406,363.7454833984375,364.5028076171875,373.1121520996094,373.191162109375,371.4732666015625,367.4189453125
sample_a4a30e62afc97417,381.2386169433594,386.41204833984375,391.4579772949219,392.14892578125,394.24530029296875,394.17822265625,393.62994384765625,391.1012268066406,390.58612060546875,388.2753601074219,387.1603088378906,385.89093017578125
sample_cdab93bfbe70f66a,293.3540954589844,301.9148254394531,314.12640380859375,323.8310852050781,337.68560791015625,351.07763671875,364.5224914550781,373.62506103515625,384.71282958984375,392.1933898925781,400.84912109375,406.1103210449219
sample_c7c524d4e9e4ece2,391.6820983886719,390.4402770996094,391.28173828125,394.17376708984375,398.7480773925781,407.3162536621094,419.7332763671875,431.5436096191406,452.15789794921875,472.0501403808594,493.0964660644531,514.2233276367188
sample_4bcabd5983d189f0,391.5334167480469,389.6540832519531,388.13897705078125,386.76373291015625,385.7122497558594,384.9115295410156,385.0826110839844,384.2935485839844,384.2623291015625,384.9114074707031,384.7972412109375,385.196044921875
sample_660943221940951f,553.0260009765625,546.260009765625,533.800048828125,519.328125,504.39227294921875,488.2438049316406,474.2609558105469,461.9197082519531,452.9097900390625,446.82666015625,440.1954345703125,436.8233337402344
sample_e8c834ac9b8b5489,320.134033203125,320.8417053222656,322.8121032714844,324.5224304199219,327.8526916503906,331.64453125,336.04132080078125,339.3876647949219,343.0947265625,346.9947509765625,349.66009521484375,352.3908386230469
sample_53f60a8fb30eaa63,444.5614929199219,437.81671142578125,430.7169494628906,422.59423828125,416.06390380859375,409.2035217285156,403.85028076171875,397.6383972167969,392.9115905761719,389.1914367675781,385.2563781738281,382.9567565917969
sample_73194d40989b98ac,364.9427490234375,365.0221252441406,368.96142578125,377.4039611816406,394.63128662109375,416.3360900878906,434.51666259765625,456.3843688964844,472.8494567871094,480.3284606933594,482.7413330078125,487.6661682128906
sample_4f850d3e5d6a3522,529.283203125,527.5255737304688,526.2432861328125,524.2307739257812,522.6184692382812,520.7540893554688,519.622314453125,517.5147094726562,515.9925537109375,513.9566040039062,513.2157592773438,511.0921630859375
sample_753f3baa924a34fb,340.3249206542969,341.18927001953125,344.0465087890625,346.84088134765625,350.62017822265625,355.4037780761719,359.6634216308594,364.2792053222656,370.7926330566406,378.97808837890625,389.46661376953125,402.7606506347656
sample_773b8c6374157638,411.20404052734375,410.65289306640625,411.16204833984375,410.7275085449219,411.4516906738281,412.627197265625,414.43255615234375,415.34039306640625,417.6434326171875,418.62518310546875,420.2192687988281,421.32379150390625
sample_e5a862a330a96d74,399.2078857421875,393.50103759765625,386.1199035644531,379.63616943359375,372.1830139160156,365.4563903808594,359.3230895996094,355.48248291015625,351.3518981933594,350.3663635253906,347.82440185546875,348.2827453613281
sample_da4fabc1187db04b,325.2413330078125,332.2414855957031,346.8203125,359.2109375,368.3470153808594,381.7117004394531,390.0075988769531,402.5572509765625,410.18798828125,416.455322265625,416.4021301269531,414.29571533203125
sample_c12365177620d167,443.7821350097656,436.6612854003906,428.5914001464844,423.949462890625,418.138916015625,413.43572998046875,410.0009765625,405.33331298828125,400.5492858886719,396.0267028808594,390.70513916015625,388.34344482421875
sample_a792a3374d6a6e74,597.6583251953125,596.0846557617188,592.8265380859375,589.0691528320312,585.4365234375,580.1170654296875,574.1032104492188,566.6350708007812,558.0220947265625,548.1755981445312,540.8782958984375,532.84375
sample_149bfa65dec725f7,337.2333068847656,339.5047912597656,343.022705078125,347.5279541015625,349.82562255859375,353.0700378417969,358.3008728027344,361.9130859375,367.0398864746094,374.887939453125,376.8685607910156,383.0202331542969
sample_bbe5f46d6e5326a8,306.29632568359375,308.38751220703125,312.5262451171875,316.4453125,321.760498046875,327.9502258300781,335.44610595703125,341.49615478515625,348.7870788574219,356.885986328125,371.3570861816406,382.750244140625
sample_9fa215bfef10e3b6,448.9906921386719,435.892333984375,422.33917236328125,414.5322265625,408.0790100097656,400.0054931640625,395.382568359375,386.7671813964844,376.7751770019531,371.20416259765625,363.39154052734375,360.53533935546875
sample_0aca06b2b91bbd20,339.06036376953125,342.78753662109375,347.8880615234375,350.4047546386719,354.7235107421875,358.0122375488281,361.92022705078125,364.3300476074219,367.3370666503906,369.3126525878906,372.0695495605469,373.9976501464844
sample_1860a721786e9ac2,314.4217224121094,316.95843505859375,322.2694091796875,327.5035705566406,335.5238037109375,343.93621826171875,353.12689208984375,358.27923583984375,368.3140869140625,373.7367858886719,379.9259948730469,385.03240966796875
sample_b70efa31ab846aff,355.5193786621094,355.0320739746094,355.6735534667969,357.15106201171875,357.4867858886719,357.6362609863281,356.0005187988281,356.20849609375,355.76190185546875,356.290283203125,357.6262512207031,357.1214599609375
sample_e37d87f54753b265,304.7622985839844,320.3533020019531,336.8229064941406,348.123779296875,361.78857421875,372.91766357421875,374.91448974609375,382.90301513671875,387.6716613769531,393.5782470703125,401.0054931640625,404.78240966796875
sample_86a8caa6730ec36d,294.84619140625,301.1709899902344,308.9169006347656,314.1920166015625,322.3885192871094,329.96533203125,337.6822204589844,343.9775390625,349.7977600097656,355.1196594238281,360.1768798828125,363.3629150390625
sample_f5832e911a86ed00,302.52685546875,305.01055908203125,307.90130615234375,313.7184753417969,320.867431640625,322.57818603515625,321.49749755859375,323.7774963378906,326.57464599609375,333.55877685546875,337.9317321777344,342.8007507324219
sample_cc2417f501bdfd1c,329.1020202636719,337.98944091796875,347.1399230957031,353.9125671386719,365.2091369628906,371.7002258300781,375.4842834472656,379.01483154296875,384.2923278808594,387.171630859375,392.5540771484375,392.9200744628906
sample_f90b82d04f646fb5,324.655517578125,329.83843994140625,336.3609924316406,339.5299377441406,345.1497802734375,349.11431884765625,353.5787048339844,354.947021484375,358.8684387207031,359.6175231933594,362.0748291015625,362.49407958984375
sample_64af1b7610e614dd,336.0248107910156,340.21929931640625,345.5756530761719,349.51263427734375,356.0742492675781,363.8583984375,371.528564453125,378.533447265625,386.61346435546875,391.6327819824219,397.8721008300781,402.8103332519531
sample_c1c0959a898d3fb3,429.4580993652344,423.4136962890625,417.6894226074219,413.64501953125,408.69647216796875,404.5791320800781,402.59674072265625,400.3638610839844,398.61639404296875,395.0922546386719,392.4577941894531,390.636474609375
sample_02dc116142aaf115,367.4161376953125,380.8478088378906,391.32244873046875,397.394775390625,403.58575439453125,406.1153869628906,407.9208984375,409.15380859375,411.29669189453125,410.08856201171875,411.2077941894531,413.1479797363281
sample_e4aeebc473c31a6f,296.4920654296875,301.6231689453125,307.94415283203125,312.0174560546875,319.0124206542969,326.5580749511719,334.5677185058594,341.1877136230469,348.05810546875,353.1803894042969,358.1653747558594,361.6437683105469
sample_01bb65f39b5a4631,639.6339111328125,610.8220825195312,582.6661376953125,559.8501586914062,538.72802734375,517.8984375,501.77508544921875,486.28228759765625,471.92364501953125,458.17877197265625,446.51171875,437.8986511230469
sample_96acc88c4067a9de,382.371826171875,379.7373046875,376.4407043457031,375.4657287597656,370.7580871582031,368.7705383300781,368.4227600097656,367.20794677734375,365.07830810546875,365.0580749511719,363.21466064453125,369.51983642578125
sample_a8213d2b37924929,602.7798461914062,577.2801513671875,551.667236328125,531.8275146484375,510.37982177734375,492.37432861328125,476.7000732421875,461.614501953125,447.69140625,435.5042724609375,425.50994873046875,417.442138671875
sample_fa8a6a13551507b3,339.9939880371094,366.0479431152344,397.4090576171875,440.7542419433594,484.2029724121094,527.248291015625,551.78076171875,565.6998291015625,577.04345703125,575.868408203125,582.1052856445312,566.2583618164062
sample_bc11d3fd662ded19,456.0181884765625,453.19036865234375,448.1280212402344,441.7784729003906,435.2159729003906,428.1086120605469,421.53948974609375,415.7434997558594,410.4136657714844,405.9139709472656,402.0099182128906,399.06195068359375
sample_1b9189f53063cd9b,355.5694885253906,355.2186279296875,355.6900329589844,355.8684387207031,357.6775207519531,360.19366455078125,363.5292663574219,365.235107421875,367.409912109375,369.4369812011719,371.0261535644531,372.1659240722656
sample_c066ba28fb53a359,306.93023681640625,312.96844482421875,321.16693115234375,328.4403991699219,339.88323974609375,353.80841064453125,366.28509521484375,377.7606201171875,387.24224853515625,395.14337158203125,401.1141357421875,405.1768798828125
sample_d8bbd7529105e735,589.5379638671875,565.9046630859375,542.2235107421875,520.7291259765625,501.380859375,483.24420166015625,466.966552734375,451.36029052734375,438.6783447265625,427.99114990234375,418.4851989746094,411.8804626464844
sample_14c9c0533d8cf5c0,374.9634704589844,376.83319091796875,381.7137756347656,388.528564453125,402.48126220703125,423.50933837890625,445.8193664550781,470.4114990234375,491.82550048828125,507.77349853515625,519.624755859375,530.0882568359375
sample_4bef925d1b7fc913,365.105712890625,363.9140625,362.2503662109375,363.47125244140625,364.9369201660156,364.74749755859375,364.52069091796875,365.57598876953125,366.7117919921875,373.3116760253906,376.6006774902344,381.7217712402344
sample_2aefe57b23de0d99,496.6488342285156,521.7020263671875,556.1326904296875,577.8429565429688,587.4952392578125,588.6882934570312,584.9888916015625,568.9064331054688,561.0513916015625,552.7105102539062,553.4100952148438,548.3661499023438
sample_f8d3ba67c6cde096,313.1274719238281,313.8977355957031,315.98760986328125,317.66729736328125,321.5780029296875,325.8870544433594,330.81964111328125,334.7215576171875,339.5475158691406,343.6610412597656,347.884033203125,351.3585510253906
sample_e5a4a3bbde68221a,358.26483154296875,359.37347412109375,361.6335144042969,362.4482421875,365.1011962890625,367.5439147949219,370.3188171386719,371.1317138671875,373.4093322753906,373.8822937011719,375.761474609375,377.107177734375
sample_4254ea6bd3ecf9dd,607.1018676757812,571.9403076171875,535.7742919921875,505.9599609375,479.39691162109375,456.03363037109375,436.7142333984375,420.044921875,406.7135925292969,394.456787109375,382.4198303222656,372.5921630859375
sample_63b2b6f891199dfb,490.7818298339844,473.2492370605469,455.8370361328125,440.59356689453125,424.3606872558594,410.98321533203125,399.4569091796875,390.30609130859375,381.8731689453125,375.50311279296875,369.8509216308594,364.50970458984375
sample_a4d395655189c922,381.040283203125,381.4672546386719,382.1947021484375,382.17156982421875,382.88214111328125,383.6252746582031,384.784423828125,385.2279052734375,386.1432800292969,385.5666809082031,386.4109802246094,386.5992431640625
sample_08bdaf8d3b1d8dc8,455.2622985839844,447.8232421875,439.2998352050781,432.3623962402344,423.58184814453125,415.08563232421875,407.9058837890625,401.66552734375,396.330322265625,390.4810791015625,386.2634582519531,383.2421569824219
sample_baa92b941d19ca0e,362.6012878417969,361.2777099609375,361.9240417480469,362.4857177734375,363.6790771484375,365.43328857421875,367.9517517089844,368.3800048828125,371.43328857421875,372.9193115234375,374.078369140625,375.5376281738281
sample_08eefe23644a868e,425.3236083984375,422.15838623046875,417.55169677734375,414.1841125488281,408.6604919433594,404.3426208496094,400.4476318359375,397.6282653808594,396.0773010253906,395.0089111328125,393.7232666015625,393.2955627441406
sample_187da4336eb6be9f,352.10888671875,356.15240478515625,368.7774658203125,389.0536804199219,409.3612365722656,436.1085205078125,457.20361328125,475.4149169921875,490.48040771484375,500.9552001953125,497.5169677734375,496.76226806640625
sample_95b4498d04f8dbe4,301.8715515136719,306.93560791015625,314.4580993652344,320.2162170410156,329.025634765625,338.09722900390625,347.0392761230469,352.597900390625,358.4984130859375,364.9515380859375,370.2007141113281,374.1395263671875
sample_0c1f18c0d08b2f3d,334.8789367675781,335.161376953125,337.5680236816406,339.0076904296875,342.2492980957031,346.22357177734375,351.0594482421875,354.20123291015625,358.4336853027344,362.1759033203125,365.84869384765625,368.30755615234375
sample_6d79a7f57bb9dd43,534.302978515625,557.8224487304688,575.85498046875,592.5446166992188,614.071533203125,628.522216796875,643.6215209960938,653.3505859375,660.9249267578125,662.4886474609375,658.6830444335938,653.0882568359375
sample_db2389a12a259dcb,327.69921875,328.7264404296875,330.65582275390625,333.0762634277344,334.0242614746094,335.3403015136719,338.21136474609375,339.61053466796875,340.13739013671875,344.6093444824219,347.2195129394531,356.9764099121094
sample_6d7f476726eb8b24,360.0809020996094,374.864990234375,396.2124938964844,420.17694091796875,445.5687255859375,474.2900085449219,501.8867492675781,537.6082763671875,573.284423828125,612.2891845703125,642.5858764648438,654.0999145507812
sample_89dd33ca177237f6,532.9312133789062,539.7122802734375,542.0556640625,544.7202758789062,553.6693115234375,568.86376953125,575.5205078125,587.0894165039062,599.1143188476562,608.0447387695312,600.1583251953125,598.4733276367188
sample_ff70bc7fe4f13ccb,395.2183532714844,414.1806640625,445.963623046875,488.2236328125,528.5009765625,568.8629150390625,609.5660400390625,631.3812255859375,629.4513549804688,609.1998291015625,585.296142578125,547.0849609375
sample_154668ced0d69a44,404.6614685058594,407.1426086425781,406.66851806640625,402.9498291015625,401.2896423339844,397.4116516113281,394.0380554199219,389.6554260253906,385.7637023925781,381.124755859375,379.0198669433594,375.7054443359375
sample_f629f3d23759e915,405.7125549316406,402.6072998046875,400.1420593261719,398.5482177734375,396.7365417480469,394.97174072265625,394.8105163574219,393.85369873046875,393.09454345703125,392.8924865722656,392.3877868652344,391.78485107421875
sample_caf5d80993b32561,466.8077697753906,469.4642028808594,477.415771484375,492.2996826171875,510.65924072265625,520.999267578125,518.1188354492188,520.5029907226562,526.0993041992188,518.3157348632812,508.6976318359375,513.04736328125
sample_fba775a2c24b996a,378.6144714355469,377.3917236328125,378.1203918457031,378.6863708496094,379.6847229003906,381.2748107910156,383.3157958984375,384.4715270996094,385.69427490234375,386.9217224121094,387.7042541503906,389.4619445800781
sample_15c1d096f0d8350e,452.0163269042969,448.44207763671875,445.5725402832031,440.5060729980469,429.4405212402344,435.5669250488281,439.2261047363281,430.3740234375,437.6102600097656,459.80303955078125,468.2007141113281,445.80047607421875
sample_31fce5b3839284ab,431.4820861816406,426.0299072265625,420.7449951171875,416.4631652832031,410.7587890625,406.4423828125,402.76263427734375,400.0655517578125,397.3507080078125,394.99871826171875,393.22149658203125,392.4983215332031
sample_8f621165923ea381,397.9957275390625,400.2204895019531,401.0296630859375,398.1360168457031,397.1948547363281,394.05059814453125,391.2375793457031,388.039306640625,384.9586181640625,381.8122253417969,380.1598815917969,377.83905029296875
sample_fe2e6c5bd5a8e624,444.6224060058594,438.0897521972656,432.36968994140625,426.49542236328125,421.8332824707031,418.1068115234375,415.2674865722656,413.5909729003906,415.1673889160156,417.7073974609375,416.4361572265625,419.10125732421875
sample_659c3f335e60f403,415.9425048828125,413.2910461425781,409.927001953125,405.3826904296875,402.1861267089844,398.1972961425781,395.3570861816406,391.3299560546875,388.671630859375,385.21685791015625,383.7502136230469,385.2665100097656
sample_565cbc75c3de3602,492.6037292480469,518.5693359375,544.521484375,563.6688232421875,589.8475341796875,610.261962890625,620.1376953125,612.435302734375,596.9989013671875,585.1758422851562,580.400390625,568.4015502929688
sample_02b07c104460f4e0,328.99688720703125,329.4735412597656,330.8995361328125,333.4788513183594,334.95062255859375,336.1932067871094,337.4051513671875,340.9164733886719,340.1791687011719,341.2281799316406,342.47015380859375,347.664306640625
sample_d6c767141094adae,489.8272399902344,474.7582092285156,457.5882873535156,443.7362976074219,428.4377746582031,414.14422607421875,402.9718017578125,392.4620361328125,383.35247802734375,374.885986328125,367.77850341796875,362.0616455078125
sample_1e0ac64be1a3bc2a,393.97906494140625,396.6161193847656,398.9081115722656,398.3616638183594,399.9183349609375,401.43817138671875,405.0733337402344,416.0503845214844,412.2135314941406,424.3109436035156,424.4352722167969,438.79815673828125
sample_7257eff202b87d40,489.7419128417969,493.661376953125,489.54736328125,483.42510986328125,476.16241455078125,467.224609375,460.269287109375,453.5672607421875,445.0090026855469,435.77862548828125,426.5934143066406,419.50677490234375
sample_c2f2193f9591d071,344.0232849121094,343.5731506347656,343.7943420410156,344.12591552734375,344.2635803222656,347.5269470214844,349.6589660644531,354.50714111328125,354.1043395996094,353.8503723144531,354.1328125,356.223388671875
sample_86ecd7b7efcdc349,392.1846008300781,421.9888610839844,461.13525390625,498.8170471191406,534.305908203125,558.5947875976562,572.998046875,600.59814453125,628.4034423828125,650.046142578125,676.751953125,715.4050903320312
sample_afc063171d68ade3,475.2996520996094,483.8763122558594,488.73681640625,491.0186462402344,498.76361083984375,506.73004150390625,510.64727783203125,515.1368408203125,517.0169067382812,515.93798828125,513.786865234375,517.182861328125
sample_0d814a480a147710,350.30108642578125,350.8304748535156,352.5506591796875,353.3898010253906,355.58026123046875,358.18011474609375,360.7259826660156,363.12664794921875,365.488525390625,367.6613464355469,369.5863342285156,372.00933837890625
sample_dec0d0dae802e14f,309.61077880859375,314.74664306640625,318.1247253417969,320.8436584472656,324.98046875,326.5958251953125,328.0987548828125,331.65887451171875,332.86309814453125,334.5847473144531,333.1927795410156,334.4734802246094
sample_0b3a81ed5522140e,312.60638427734375,313.17864990234375,316.0227966308594,318.65863037109375,322.64642333984375,327.8226318359375,337.10003662109375,341.26904296875,349.0333557128906,365.3782043457031,371.9268798828125,388.253173828125
sample_b133303ea09b9654,560.8292236328125,550.1241455078125,533.5621948242188,519.5983276367188,506.9654541015625,496.36602783203125,487.7965393066406,476.5807189941406,469.6516418457031,460.13861083984375,449.96221923828125,438.9414978027344
sample_97cd37a42acadff9,293.0008239746094,300.0516662597656,309.6669921875,328.88916015625,341.38555908203125,345.3634033203125,363.3452453613281,379.4284362792969,377.28778076171875,381.84356689453125,384.42596435546875,385.9593505859375
sample_f59b28bd83b68e1c,487.98321533203125,473.56219482421875,458.1159973144531,445.76129150390625,431.463134765625,419.5259704589844,411.1128234863281,401.52984619140625,395.7276611328125,389.5079345703125,379.77142333984375,378.1629333496094
sample_e474604211caabea,488.03131103515625,484.6802673339844,477.4337463378906,466.42242431640625,452.4516296386719,442.302001953125,432.8696594238281,423.05194091796875,413.24359130859375,407.29400634765625,402.4197998046875,398.2473449707031
sample_6796dd543dee7cdb,573.28857421875,545.0394287109375,517.2220458984375,494.89208984375,473.80352783203125,455.2722473144531,442.34429931640625,429.672119140625,417.9929504394531,407.0242004394531,397.26434326171875,389.4414978027344
sample_573814b9cd5820be,427.9259948730469,427.47607421875,424.16754150390625,424.38763427734375,421.1436462402344,418.3166809082031,417.7549133300781,413.2138977050781,412.2230224609375,414.846435546875,411.4966735839844,413.0307922363281
sample_94909cfcbf274ee9,388.271240234375,388.0611877441406,387.3724060058594,384.8887023925781,383.8318786621094,382.1020812988281,380.7270202636719,379.1444091796875,377.78619384765625,376.033203125,375.1500549316406,374.79547119140625
sample_0a15dd4ed32eb914,390.0333557128906,383.2218017578125,376.064208984375,372.305908203125,367.8525695800781,364.9925231933594,363.2215576171875,365.9638671875,357.369140625,356.9899597167969,353.4816589355469,350.94183349609375
sample_5a324a738de84017,383.0452880859375,411.6986389160156,441.3011779785156,470.00421142578125,489.10052490234375,494.90753173828125,495.53228759765625,498.70648193359375,503.445556640625,512.0970458984375,517.58056640625,521.9661865234375
sample_81c23dfc9febf80f,416.0268859863281,411.620361328125,405.6758117675781,403.1002502441406,397.3594055175781,391.0751953125,384.8699951171875,383.2316589355469,376.9082336425781,378.9085998535156,383.25372314453125,393.62542724609375
sample_4aa7ab013b27d632,375.9886779785156,394.651123046875,418.35296630859375,447.7010803222656,465.0953369140625,484.1246643066406,514.475341796875,533.8455200195312,528.304443359375,512.8978271484375,523.1494750976562,516.6401977539062
sample_6c5b489d6911e606,371.59295654296875,368.9057922363281,369.26397705078125,370.8221740722656,373.75994873046875,378.44830322265625,383.6283264160156,390.060546875,396.699951171875,403.4756774902344,408.51611328125,420.85498046875
sample_cfa08cc11e4a6bf0,355.07440185546875,354.3607482910156,355.48046875,356.25567626953125,355.5068664550781,354.8011169433594,355.7300109863281,356.58721923828125,357.4416809082031,358.3043212890625,358.6366271972656,361.475830078125
sample_efe9b93547c6e685,337.9605407714844,338.1034240722656,339.49908447265625,342.0696716308594,342.8934326171875,341.8423156738281,343.1275329589844,344.808837890625,345.4560546875,347.42059326171875,347.3276062011719,347.2884521484375
sample_f9ccc04ae0e0c4ce,534.7559814453125,514.7120971679688,492.3360595703125,473.94683837890625,454.8583679199219,437.70428466796875,423.372802734375,410.1976013183594,399.13153076171875,389.0357666015625,380.1177062988281,372.8661804199219
sample_946aa54ae6612866,421.87548828125,416.8249816894531,412.0372314453125,406.8522644042969,400.7593078613281,394.6824951171875,390.47674560546875,387.6350402832031,384.6500549316406,384.33837890625,383.0505676269531,386.8824157714844
sample_45e39849947fd11d,590.4710083007812,575.565673828125,554.6446533203125,535.5628662109375,517.4874267578125,501.258544921875,488.25897216796875,476.3433837890625,466.2701416015625,457.6712646484375,449.7254638671875,442.8460388183594
sample_f6705e58cea7da5e,384.7720642089844,381.7811279296875,379.510009765625,379.0772399902344,377.73046875,376.6148986816406,376.97515869140625,376.60626220703125,377.7655944824219,381.19171142578125,382.9631042480469,390.3545837402344
sample_cbe574dcd9c389d2,334.8255615234375,336.35821533203125,340.7485046386719,343.9245300292969,350.1261901855469,352.95330810546875,349.9004821777344,355.2825927734375,354.1614685058594,354.5225830078125,355.9107666015625,356.54937744140625
sample_f752f2f12400ee22,317.7835388183594,319.7606201171875,323.36651611328125,325.39532470703125,329.0379638671875,333.2353820800781,338.40130615234375,342.00799560546875,346.690673828125,350.9885559082031,354.3897705078125,357.02410888671875
sample_751639bf067c1fae,417.32012939453125,413.623291015625,410.0932922363281,403.5304870605469,397.4972839355469,392.1961364746094,389.5647277832031,387.2587890625,385.3354797363281,386.1631774902344,389.7409362792969,390.7093505859375
sample_2f38c1430eb21885,325.70758056640625,330.1725158691406,337.33258056640625,341.14892578125,346.25518798828125,347.4049377441406,351.5450439453125,358.71649169921875,364.04522705078125,370.73876953125,376.6697998046875,389.59149169921875
sample_3ed284690d877dee,340.2508850097656,338.73077392578125,339.142822265625,339.6055908203125,341.94549560546875,344.5660095214844,347.7551574707031,349.7342529296875,353.1417541503906,358.3875427246094,359.4173889160156,362.32989501953125
sample_780f90610811cb96,573.7147827148438,562.230712890625,546.7846069335938,534.2765502929688,522.341064453125,503.6949157714844,491.4058532714844,472.4925537109375,460.4479064941406,451.02984619140625,443.2095947265625,441.6142272949219
sample_e6eb4619dc2f030a,446.9747619628906,453.3877868652344,470.8062744140625,499.81732177734375,516.5260009765625,551.5625,587.2657470703125,624.3709716796875,621.2003173828125,622.614990234375,611.2395629882812,584.4330444335938
sample_18d536a21c26d6d0,302.3655090332031,305.8814392089844,310.7351379394531,314.04931640625,319.2298278808594,324.3477783203125,330.96356201171875,335.85211181640625,342.1634521484375,346.9345703125,350.26873779296875,353.126708984375
sample_a0cd053e8a0aece0,339.6480407714844,345.3365478515625,362.278564453125,393.0987854003906,422.7911682128906,433.2203063964844,441.75732421875,460.4149169921875,460.81243896484375,475.86871337890625,484.1335754394531,499.0843505859375
sample_d3c8d95dfa04fc64,487.6441650390625,480.0618896484375,469.7026672363281,458.64263916015625,447.8808898925781,436.5288391113281,426.70343017578125,417.71295166015625,409.51702880859375,403.11572265625,396.5947265625,391.8116455078125
sample_ff846552df312a6f,473.1363525390625,470.7516174316406,466.0279846191406,462.9536437988281,459.2897644042969,452.5486755371094,445.8312072753906,437.61810302734375,431.4461364746094,426.34881591796875,421.98828125,418.25238037109375
sample_91fa2c96071fcb0d,309.6986999511719,311.9418640136719,315.7207336425781,320.21405029296875,326.6264343261719,333.4511413574219,340.4544982910156,347.55718994140625,355.329345703125,359.72998046875,362.501953125,366.2073974609375
sample_578a8e2f37652a04,426.45147705078125,461.2144775390625,502.08074951171875,543.9847412109375,586.809326171875,625.8218994140625,651.343505859375,672.1337890625,686.1494140625,696.148193359375,691.6459350585938,687.111572265625
sample_3c3a6848822543b8,471.22052001953125,456.9652099609375,443.5884094238281,433.7951354980469,420.86407470703125,409.64385986328125,400.2008056640625,392.45867919921875,383.6191711425781,374.6517639160156,368.6212158203125,366.2713623046875
sample_426234b373230d5e,391.821044921875,389.6114501953125,389.4967956542969,388.635986328125,386.14825439453125,383.6404113769531,381.8747253417969,381.3215026855469,382.4849548339844,384.2615051269531,384.2112121582031,386.2162170410156
sample_9b19edfb2a261987,356.0765075683594,359.366455078125,371.15277099609375,386.9045104980469,399.984619140625,416.349365234375,422.97137451171875,430.28265380859375,434.80194091796875,438.40869140625,455.3235168457031,456.566162109375
sample_e6c6a32bafc93ddf,401.90594482421875,395.27716064453125,386.9114074707031,381.6857604980469,373.62042236328125,366.3196105957031,361.59088134765625,358.431640625,353.6013488769531,349.246826171875,343.6813049316406,342.1768798828125
sample_4b585b4f5af25525,303.67303466796875,309.0069580078125,314.94415283203125,320.2904357910156,325.6373596191406,330.93316650390625,335.6763916015625,338.3876953125,340.7393798828125,341.80120849609375,343.6106262207031,343.9653625488281
sample_f1dc438fdfd5d302,514.1492919921875,490.8895263671875,466.11260986328125,447.49041748046875,429.0068359375,411.77545166015625,397.8035888671875,386.55352783203125,376.4439697265625,366.73260498046875,357.8367919921875,350.6473388671875
sample_7a09b9e91e9b8374,393.392578125,389.9730224609375,387.447509765625,386.6969909667969,384.5959167480469,382.8890686035156,383.02252197265625,382.6249084472656,382.15472412109375,382.4132385253906,382.3142395019531,382.949462890625
sample_ad658558139038f3,389.1139221191406,393.09344482421875,396.32550048828125,395.63543701171875,397.1036071777344,395.87188720703125,395.5000915527344,393.2257995605469,392.2396545410156,389.3108215332031,388.7205505371094,387.10260009765625
sample_d8c420348da2f944,514.04443359375,503.3180847167969,488.0069580078125,474.375732421875,461.0283203125,448.07666015625,437.2525634765625,427.2044372558594,418.807861328125,411.7226867675781,405.73431396484375,403.71099853515625
sample_fee9420e30f19f73,391.2544250488281,404.55615234375,415.98828125,441.1576232910156,457.1646728515625,466.54742431640625,481.5438537597656,507.97088623046875,511.3958740234375,515.333251953125,521.96044921875,530.98046875
sample_13070dab81c7a242,315.7158203125,317.73590087890625,321.9497985839844,325.3045959472656,330.8603210449219,337.1028137207031,344.3972473144531,349.09954833984375,356.691650390625,361.5307922363281,366.2956848144531,371.09765625
sample_34aa29a4df00c697,468.5530700683594,464.58807373046875,458.4611511230469,450.7365417480469,444.34674072265625,436.4502868652344,429.5672912597656,422.048583984375,416.2022399902344,409.9071960449219,405.9268798828125,401.6236572265625
sample_7b48d8c358d5b6cc,658.2285766601562,631.8069458007812,603.833251953125,580.2308349609375,557.1781005859375,536.146484375,518.793212890625,502.85858154296875,489.6242980957031,477.42657470703125,466.88275146484375,458.11944580078125
sample_6952de8a823aedad,305.7519836425781,310.2373352050781,317.1246032714844,327.4234619140625,340.73321533203125,352.78289794921875,364.91961669921875,373.0657043457031,382.40496826171875,390.42425537109375,392.7378234863281,391.24212646484375
sample_45743eb53675dd35,357.4520568847656,367.27691650390625,376.8489990234375,381.3182067871094,386.3211669921875,390.2850341796875,394.0838928222656,395.56396484375,397.7652893066406,396.2499084472656,396.3195495605469,394.573486328125
sample_a64c5d12f638559d,432.9083251953125,429.5187683105469,425.4058532714844,422.02703857421875,417.93572998046875,412.65264892578125,408.6038513183594,404.3706359863281,400.6847229003906,396.89984130859375,394.3677062988281,391.57965087890625
sample_b78bbdc16608ba8c,279.1545715332031,286.00042724609375,293.43072509765625,306.846435546875,322.29736328125,328.5445556640625,340.5347595214844,343.5945129394531,345.4744873046875,348.0744323730469,347.2784423828125,349.91748046875
sample_c5107c81a7bc792e,339.6954650878906,341.24627685546875,344.4080505371094,345.8702087402344,349.3314208984375,353.0135192871094,358.0023498535156,360.2351379394531,364.6993713378906,367.7633361816406,370.54302978515625,373.8052978515625
sample_d56a7146d902d515,391.4345397949219,403.21917724609375,417.155517578125,432.27215576171875,447.488525390625,470.07867431640625,487.7379150390625,515.6962890625,527.4542846679688,552.3671875,561.3155517578125,555.51806640625
sample_f00287a2cbde8122,353.9278564453125,360.36199951171875,376.889892578125,393.8649597167969,409.0490417480469,431.91766357421875,452.8828125,480.05902099609375,485.58673095703125,494.7958068847656,519.76611328125,533.6258544921875
sample_900358450be536ce,347.8898620605469,363.4722900390625,378.49017333984375,381.5528259277344,392.18743896484375,398.5499267578125,406.915771484375,412.16741943359375,419.3832092285156,424.0272521972656,429.4913330078125,435.564208984375
sample_e8c371e7def76f3e,453.4451599121094,453.6278381347656,453.7944641113281,458.6177062988281,469.9667663574219,488.7027587890625,506.9668273925781,528.10302734375,545.3311157226562,564.6248779296875,576.8544311523438,571.6680908203125
sample_824bd3749ac2d2cc,432.0811767578125,421.0243835449219,410.9787902832031,401.6983337402344,392.654296875,384.5349426269531,378.69500732421875,372.2349853515625,367.40850830078125,364.862548828125,361.1026611328125,359.3028564453125
sample_0b87afe3782b64d6,499.8605651855469,486.7705993652344,471.81158447265625,458.862060546875,445.089599609375,431.4292907714844,420.2189025878906,410.32647705078125,401.5259094238281,393.46807861328125,386.49578857421875,381.0531921386719
sample_cd9b0b08e7aac31b,354.1137390136719,355.24554443359375,358.8107604980469,363.7178955078125,377.0742492675781,390.6869201660156,401.6110534667969,410.4012756347656,417.49188232421875,425.4748229980469,430.67333984375,432.74896240234375
sample_8da2d10a360e3317,323.3484802246094,330.62939453125,340.6116943359375,346.7795104980469,356.47064208984375,366.5506896972656,377.39373779296875,385.8385925292969,394.8627014160156,398.62542724609375,402.4869384765625,405.46551513671875
sample_e38c2102b5fb332b,349.6495666503906,349.98297119140625,350.9751892089844,350.4846496582031,351.7166442871094,352.6974792480469,353.9085998535156,355.8706970214844,359.44732666015625,366.76617431640625,371.6817321777344,377.65716552734375
sample_cf4604ed66661692,398.56280517578125,413.1105041503906,433.4339599609375,451.27374267578125,469.2153625488281,494.5545959472656,512.752197265625,530.3980102539062,537.057373046875,556.4002075195312,564.5558471679688,568.2947387695312
sample_b4242c620c64cd8e,309.1305847167969,315.8852233886719,323.8614501953125,329.8287048339844,340.4579772949219,348.24371337890625,355.9668273925781,359.54364013671875,366.49188232421875,369.58758544921875,375.6856994628906,377.4739685058594
sample_4e277403d88602e5,356.56201171875,353.6852111816406,351.4266662597656,353.135498046875,351.7089538574219,349.1109313964844,350.4591369628906,349.2944030761719,347.42694091796875,346.9461669921875,345.2095642089844,346.9078063964844
sample_e36aa55d723076f3,428.1038513183594,423.2555236816406,416.3428039550781,411.2821044921875,401.83380126953125,394.8587951660156,387.715087890625,383.85198974609375,380.91693115234375,380.0976257324219,377.16229248046875,375.3369445800781
sample_b82c854e547b94f0,447.3874206542969,455.7738342285156,462.6817932128906,467.6976318359375,476.24615478515625,490.78466796875,509.3006286621094,527.7538452148438,548.83203125,576.4041748046875,603.8738403320312,625.6207275390625
sample_84a3f885da6c5b88,337.5201416015625,338.75323486328125,343.0852355957031,346.29632568359375,344.068359375,347.47918701171875,347.7567138671875,347.69952392578125,347.5449523925781,348.7684326171875,348.61834716796875,351.8460388183594
sample_fda506d7120ac863,362.0312805175781,365.7982177734375,370.8394470214844,372.7682800292969,376.4576416015625,379.13140869140625,381.75140380859375,382.2402038574219,384.2004699707031,383.16204833984375,384.1304931640625,383.63134765625
sample_65823ce54868952e,312.2663269042969,320.1004943847656,329.18121337890625,336.1186218261719,346.68353271484375,357.857666015625,371.4189758300781,379.4385986328125,386.5546569824219,390.212890625,396.3067321777344,399.5726623535156
sample_c268ed486989f3a9,326.1591796875,330.6903991699219,336.20782470703125,339.1904296875,344.0990905761719,348.5386657714844,352.24945068359375,357.9707336425781,368.9031066894531,384.63616943359375,401.42156982421875,415.5726623535156
sample_4a834d9c17c0f9fd,289.5922546386719,293.5891418457031,301.1247253417969,308.29083251953125,319.81378173828125,327.3914489746094,331.0489501953125,331.625,338.91278076171875,345.08856201171875,349.7643127441406,354.255126953125
sample_b4071bd330dd0128,522.3410034179688,521.6378784179688,515.9171142578125,510.201416015625,506.55841064453125,501.31341552734375,497.4128723144531,493.8045349121094,484.1109619140625,472.58111572265625,460.5311279296875,451.234375
sample_67187765d796918c,394.9622497558594,392.0808410644531,392.857421875,397.967041015625,409.62298583984375,422.31500244140625,435.8827209472656,442.41143798828125,443.09295654296875,446.0091552734375,446.50592041015625,443.77362060546875
sample_269418069ec1b20c,308.97186279296875,320.6393737792969,337.65557861328125,342.3197937011719,348.9228210449219,351.3457946777344,365.338134765625,398.2047119140625,420.9122314453125,438.36431884765625,431.5240478515625,423.7739562988281
sample_fd8d4e26e58d0c66,408.3442687988281,413.2705383300781,421.5133972167969,432.05975341796875,440.1447448730469,453.5664978027344,463.4034423828125,466.2487487792969,476.7781677246094,492.9806213378906,512.6644897460938,528.8875732421875
sample_39b366ff0d055ef9,376.4784240722656,376.0887756347656,376.8110656738281,376.2109680175781,376.6212158203125,376.52435302734375,376.6089782714844,376.45098876953125,375.4703369140625,375.0563049316406,374.7809143066406,374.78485107421875
sample_75e096f3bbbaa725,330.2406311035156,346.82440185546875,370.6573791503906,390.052734375,408.6173400878906,424.45611572265625,438.8776550292969,452.32342529296875,465.5562438964844,474.9376525878906,481.9940185546875,488.07781982421875
sample_615cd7df0cf30f34,501.17266845703125,492.7723388671875,484.17431640625,476.9813537597656,468.2311096191406,460.1999206542969,453.3800048828125,446.2994079589844,441.3390197753906,436.51751708984375,432.0841369628906,429.91033935546875
sample_782124615b203a40,445.49945068359375,434.10760498046875,422.14508056640625,414.144287109375,403.541259765625,395.517333984375,388.45501708984375,382.0112609863281,376.71875,370.4918212890625,364.5947265625,361.3661804199219
sample_0c299d124bf4fc2f,367.5695495605469,391.3285827636719,418.13226318359375,444.82684326171875,473.7989501953125,509.4934387207031,545.6785278320312,578.3201904296875,608.8025512695312,639.19677734375,665.3738403320312,685.855712890625
sample_dfea9c4e2e24d167,475.6972351074219,475.1237487792969,471.7210388183594,466.07763671875,461.45526123046875,456.44775390625,451.73223876953125,447.7604675292969,443.80072021484375,439.5132751464844,437.1397705078125,434.4937744140625
sample_5a82b7cdbf57d2cf,593.098876953125,592.6572875976562,588.5337524414062,582.9788208007812,580.9935302734375,577.069580078125,576.986328125,573.379150390625,569.0034790039062,559.3225708007812,550.0382080078125,537.0851440429688
sample_c0c62d7c979e418b,277.2483215332031,283.22222900390625,290.22222900390625,295.12548828125,302.5567932128906,313.19268798828125,324.47589111328125,332.0555114746094,337.18817138671875,341.08319091796875,347.110595703125,352.9142150878906
sample_9abfee627f311105,317.6141052246094,322.05731201171875,327.4783020019531,339.9521179199219,359.6090393066406,377.3238525390625,383.38275146484375,395.6555480957031,401.0947570800781,412.5350036621094,417.4613037109375,421.84246826171875
sample_7ac154ad6ba2ef1d,393.1305847167969,398.71258544921875,402.74969482421875,403.0827941894531,405.59222412109375,405.0955505371094,405.21014404296875,405.6368103027344,409.6684875488281,409.8232421875,411.99578857421875,411.09002685546875
sample_3603f3a0cd51e979,323.942138671875,327.64691162109375,333.65887451171875,338.09930419921875,345.46807861328125,354.13983154296875,362.5592956542969,369.26568603515625,375.8629150390625,380.78875732421875,386.8721008300781,391.42169189453125
sample_776fb01c682ce2ca,552.861572265625,545.2902221679688,537.2304077148438,529.0232543945312,520.9817504882812,511.9695129394531,502.8709411621094,493.1163330078125,487.0960998535156,480.058349609375,476.180419921875,471.41522216796875
sample_2b56e247f7ecdf4b,394.7654724121094,387.390625,381.54974365234375,379.18133544921875,374.7020263671875,372.0368957519531,371.6148376464844,371.21807861328125,371.185791015625,371.4093017578125,371.4569091796875,372.7397155761719
sample_4d7aba7a9158a0bc,355.7247619628906,362.77655029296875,375.0563049316406,389.4673767089844,412.27459716796875,441.9212341308594,463.0587463378906,481.10308837890625,488.48040771484375,497.18743896484375,509.4197998046875,506.8655090332031
sample_9da52c27f96dbd7c,701.5924682617188,696.4498291015625,690.134033203125,682.7107543945312,674.7643432617188,665.84423828125,657.3508911132812,646.0926513671875,635.8900146484375,628.3460083007812,623.2581787109375,625.2434692382812
sample_50c485550570ccbe,302.5624084472656,305.2184143066406,309.1514587402344,311.3460998535156,315.17584228515625,319.4572448730469,324.376220703125,327.9537658691406,333.5843505859375,334.13067626953125,337.0156555175781,339.4140625
sample_3aa355028d97b6da,444.61407470703125,437.7785339355469,433.3974609375,431.64501953125,436.1668395996094,432.334716796875,421.0207214355469,440.3605041503906,451.8613586425781,446.4256896972656,455.63531494140625,484.8092041015625
sample_def353c77e98c5ab,391.52093505859375,391.6805419921875,392.2356262207031,390.5872497558594,386.2632141113281,382.6811218261719,382.9501647949219,376.879150390625,373.0820617675781,373.3734130859375,370.9463195800781,375.8655090332031
sample_776126709628e611,350.4081726074219,351.4913330078125,353.8313293457031,355.4399719238281,357.74017333984375,360.4044189453125,363.09564208984375,365.1520690917969,367.4320983886719,368.98797607421875,370.7956848144531,372.8970031738281
sample_4cf13f14baae85aa,389.37506103515625,393.94659423828125,399.5960998535156,405.25616455078125,415.6434326171875,420.11431884765625,423.128173828125,436.6724548339844,457.2337341308594,477.3323974609375,489.8447265625,498.7850036621094
sample_15baf1a76650d888,405.1620178222656,402.6460876464844,399.09356689453125,392.7127380371094,387.62908935546875,384.2392578125,383.0809020996094,382.0180969238281,381.09136962890625,385.7972717285156,386.89862060546875,391.2699890136719
sample_01e684db3a69abf0,627.4063720703125,617.7252197265625,605.0075073242188,589.9547729492188,578.2665405273438,564.9210205078125,554.0015869140625,542.1976928710938,534.352294921875,526.4904174804688,519.1654052734375,511.82525634765625
sample_fbab3807ae8629af,377.75384521484375,383.01226806640625,389.638671875,392.6702575683594,397.49951171875,399.8280029296875,402.1783142089844,403.9876708984375,410.3988342285156,411.82379150390625,414.78155517578125,418.0763854980469
sample_f5ae16d074c4e823,309.9542236328125,315.8277893066406,324.5001525878906,333.38275146484375,344.8208923339844,353.8813781738281,365.0632019042969,375.4962158203125,383.6587829589844,403.1467590332031,424.2978820800781,461.42071533203125
sample_a2a78ae6bc53f728,386.5218505859375,382.32275390625,375.4954833984375,370.80267333984375,362.69647216796875,355.8095703125,351.0847473144531,347.36383056640625,343.910400390625,342.6452331542969,339.5333251953125,339.83404541015625
sample_949bcbd9c863efec,459.4737548828125,451.67193603515625,443.3274841308594,435.36199951171875,427.6441955566406,421.2430725097656,417.5029296875,414.4485778808594,410.5601806640625,400.8362731933594,399.6159362792969,396.12591552734375
sample_af92183e5baa7835,609.5870971679688,589.3984985351562,567.6697998046875,549.3193969726562,531.1340942382812,516.64892578125,503.2279052734375,492.54339599609375,481.5088806152344,470.9142761230469,463.326171875,457.6356506347656
sample_d2c6247806c93f2d,353.9766845703125,354.3259582519531,356.8675231933594,361.965087890625,364.9905700683594,364.82568359375,362.9630432128906,362.49951171875,361.2845458984375,365.1623229980469,366.0556335449219,375.17657470703125
sample_0a33e048e3a98617,291.7595520019531,295.3644104003906,301.8880615234375,307.58721923828125,316.13104248046875,325.52947998046875,335.78118896484375,342.3199157714844,350.94744873046875,357.9913635253906,365.2183837890625,369.97039794921875
sample_905c007216ec9810,362.2701721191406,364.7834167480469,369.0057373046875,369.74267578125,371.5503845214844,372.6493835449219,372.56427001953125,377.94866943359375,384.1402587890625,390.0371398925781,389.33367919921875,389.503173828125
sample_dc2a0f8e27ac0d85,519.4989013671875,514.5095825195312,504.5650634765625,493.1817321777344,483.7015075683594,472.607177734375,462.72735595703125,452.0146484375,442.84881591796875,435.6545715332031,428.3844909667969,421.8638916015625
sample_02a69fdaf27ade41,594.1101684570312,559.90185546875,525.8303833007812,499.10186767578125,473.498291015625,450.9624328613281,432.711669921875,417.4347839355469,404.4878845214844,391.27117919921875,379.41278076171875,369.9181213378906
sample_030fa54e5c20752c,704.9444580078125,682.7588500976562,654.8911743164062,630.821044921875,608.2561645507812,585.4332885742188,568.217529296875,553.8924560546875,542.2813720703125,529.0397338867188,519.8209228515625,509.99603271484375
sample_9956734bd196cd50,496.2516784667969,503.3346862792969,501.55548095703125,493.51123046875,492.74676513671875,485.14862060546875,475.6154479980469,465.1452331542969,457.5631408691406,457.1838073730469,455.6746826171875,457.261962890625
sample_ca503b288166ed8c,341.3488464355469,342.5040588378906,344.0292663574219,344.1918029785156,345.45697021484375,346.07952880859375,347.00347900390625,347.6656188964844,347.8904113769531,348.7845458984375,349.5265808105469,350.0859069824219
sample_15aa9da5c192a029,344.5250244140625,357.83953857421875,370.1277160644531,378.4278259277344,390.51177978515625,411.13226318359375,441.80908203125,477.61834716796875,520.1676025390625,557.983154296875,603.22900390625,648.4271850585938
sample_9e19f2570b930af2,381.1755676269531,377.08941650390625,374.4957275390625,374.8205871582031,373.9864196777344,373.0544128417969,372.74359130859375,373.1825256347656,373.9009094238281,377.4629821777344,379.0770568847656,384.48016357421875
sample_302cc6352a0cdeda,384.6905517578125,389.7383728027344,393.9507141113281,396.23138427734375,397.866943359375,398.91986083984375,398.451416015625,397.22833251953125,396.5589904785156,396.06341552734375,394.70648193359375,394.22210693359375
sample_c809543322d333e4,500.7959289550781,525.9420776367188,545.0768432617188,559.1881713867188,571.2940063476562,586.8809814453125,591.9669189453125,584.5369262695312,579.341796875,582.49658203125,576.4727783203125,569.4022216796875
sample_d58dd82e4224f7ff,306.7097473144531,320.3127136230469,339.82342529296875,352.54632568359375,366.4520263671875,378.6142578125,389.2230224609375,389.4013366699219,396.64990234375,400.4810485839844,407.28021240234375,410.8888854980469
sample_2453cac039d3ae1b,380.2446594238281,405.2790832519531,433.7445068359375,457.7123107910156,482.07415771484375,506.1591491699219,530.2735595703125,555.1370849609375,574.2931518554688,591.5010986328125,608.140625,630.0076904296875
sample_9b38660549bcecd9,420.5992736816406,411.7510070800781,402.59088134765625,394.5265197753906,386.4809875488281,378.5798645019531,372.2907409667969,365.4417724609375,359.79022216796875,354.89361572265625,351.5152282714844,348.7437744140625
sample_ebf0d8a89b8176d9,550.47705078125,554.2920532226562,549.2772827148438,541.9404907226562,536.5150756835938,528.9443359375,523.9320068359375,517.9249267578125,513.0159301757812,507.66387939453125,504.626953125,500.0450744628906
sample_80fcb4df3b0fd383,347.265625,357.15728759765625,366.0716552734375,382.1971740722656,406.2645263671875,422.74798583984375,419.939697265625,431.10980224609375,451.5174560546875,464.7093505859375,463.5540771484375,462.7700500488281
sample_87df0b143891dae7,413.9756774902344,411.26617431640625,409.3365173339844,408.1185607910156,406.6460876464844,406.317626953125,407.9389343261719,407.14862060546875,407.66986083984375,407.546630859375,405.9681701660156,406.35760498046875
sample_60b51ce798a0196c,352.888916015625,352.66619873046875,356.3429260253906,361.17132568359375,364.0261535644531,368.5022888183594,371.5503845214844,373.5842590332031,377.6977844238281,382.0718994140625,384.3398742675781,387.252685546875
sample_c21dcbbe13c7f12e,466.2658386230469,469.0327453613281,467.3455505371094,463.1180419921875,459.129150390625,454.4561767578125,449.3587341308594,445.45880126953125,440.42755126953125,437.53643798828125,434.48297119140625,431.48663330078125
sample_50cafc4050f59b05,495.1854553222656,479.71142578125,460.55999755859375,444.8177490234375,427.7864685058594,412.3807678222656,399.528076171875,388.1671142578125,378.57818603515625,369.9278259277344,361.84564208984375,355.8479919433594
sample_5e76277248c8a678,473.93218994140625,468.6768798828125,458.905517578125,452.8276672363281,444.99041748046875,438.9590759277344,438.5563049316406,432.6350402832031,428.3030090332031,425.15301513671875,418.27008056640625,410.7294921875
sample_d7245fa02fba9b76,374.63153076171875,374.4315490722656,375.0677185058594,374.4491271972656,376.1302490234375,378.0257263183594,380.8932800292969,384.25543212890625,394.66473388671875,407.44091796875,416.0032958984375,423.130615234375
sample_63d36478fd28f0d5,296.09368896484375,303.8786926269531,313.153564453125,320.14361572265625,329.6460266113281,338.7908020019531,347.32257080078125,351.5233154296875,356.78253173828125,360.5268249511719,364.326171875,364.91748046875
sample_5e7b3b4b8330496d,345.4167175292969,347.5687561035156,351.6651611328125,353.47796630859375,355.85650634765625,358.817138671875,365.4082336425781,370.6961364746094,376.960693359375,379.6904296875,385.4074401855469,392.2416687011719
sample_327dd918c8fb6a71,563.080322265625,578.6463012695312,583.9349365234375,578.7334594726562,571.6333618164062,563.767822265625,561.7362060546875,558.0995483398438,557.474853515625,555.0701904296875,554.77294921875,550.732421875
sample_cdacda281a6afead,418.3667297363281,414.10955810546875,409.9263610839844,406.9687805175781,403.8105163574219,399.92132568359375,397.5453186035156,393.8621826171875,391.7757873535156,388.31915283203125,386.6755676269531,384.6867980957031
sample_b9603d6b1890cff0,413.8388366699219,412.3523254394531,411.3856506347656,410.5243835449219,409.8454284667969,408.8388671875,409.0240783691406,407.74102783203125,407.35369873046875,406.6644592285156,406.3796081542969,405.974609375
sample_f6e0a499dc01a321,327.9700012207031,337.014892578125,346.73748779296875,353.0948181152344,360.371337890625,365.4759216308594,370.29736328125,373.5470275878906,377.5505065917969,378.19256591796875,380.6088562011719,381.0369567871094
sample_b729716ef59a0c48,290.81201171875,296.02825927734375,301.1107177734375,302.84326171875,309.093017578125,315.762939453125,324.0599365234375,330.6554870605469,338.1167297363281,343.59295654296875,348.33941650390625,352.8677978515625
sample_cd541bfeecfe2a2a,339.9215087890625,338.79681396484375,338.9710693359375,338.58905029296875,339.1469421386719,340.6297912597656,342.4527893066406,344.1234436035156,345.74322509765625,348.5098876953125,350.8125915527344,353.75146484375
sample_ad82b56f9ad43033,424.9252014160156,446.95721435546875,467.2432861328125,478.09625244140625,492.5935363769531,499.3892517089844,503.8271789550781,505.784423828125,510.92529296875,508.9921875,511.7890625,506.6158447265625
sample_2a13318dffe39f57,413.30670166015625,407.34320068359375,400.5228576660156,395.9591369628906,387.9960021972656,379.3038024902344,370.6271057128906,364.49603271484375,359.9115905761719,358.06317138671875,353.819091796875,352.566162109375
sample_d763ffe3d61ef65d,457.21942138671875,451.9828186035156,444.7590026855469,434.05712890625,423.2569885253906,412.0187683105469,404.8974609375,398.0553283691406,392.1372985839844,387.29742431640625,383.10797119140625,380.1324157714844
sample_6307bb74720c5cda,651.6011352539062,639.9067993164062,623.395263671875,606.638671875,591.9892578125,577.0809936523438,564.3094482421875,551.828125,542.34375,532.381591796875,524.3950805664062,516.9505615234375
sample_732c8292a11313e4,351.8277282714844,352.8697509765625,356.9114685058594,362.19732666015625,371.173583984375,386.3927001953125,401.0838928222656,407.49957275390625,405.06463623046875,401.0662536621094,407.38800048828125,410.26226806640625
sample_e581cbf5c0b5dd1b,312.40667724609375,315.6051330566406,319.4089660644531,322.851318359375,324.79522705078125,326.06695556640625,329.4166564941406,330.7503662109375,331.2275695800781,331.5649719238281,332.7232666015625,334.0603332519531
sample_3448a97e003e3338,395.2210998535156,399.7958068847656,401.85345458984375,399.31304931640625,398.78759765625,396.0171813964844,393.4330139160156,390.36962890625,387.2397766113281,383.4648132324219,380.7610168457031,377.14117431640625
sample_62fc7a5405bbcce0,326.9208984375,330.4449462890625,337.0754699707031,342.71099853515625,349.61810302734375,356.56903076171875,363.18963623046875,367.357177734375,374.20025634765625,382.0331726074219,393.027587890625,406.692138671875
sample_b8745bcce9d2ad97,446.1801452636719,441.01068115234375,436.3424072265625,431.1409912109375,425.6026916503906,419.8429870605469,416.22705078125,412.45196533203125,409.2552795410156,406.2171630859375,403.8266296386719,402.16778564453125
sample_d5665c2c14330483,409.90594482421875,435.0205078125,456.0224609375,472.4300537109375,489.7218322753906,506.98663330078125,513.0691528320312,515.4861450195312,512.174560546875,511.84442138671875,508.75726318359375,505.76873779296875
sample_1f3816dab986551d,298.9487609863281,310.0169677734375,322.21014404296875,331.67462158203125,343.0606689453125,353.96942138671875,365.0593566894531,374.02166748046875,381.1315612792969,385.0792236328125,389.251953125,391.511962890625
sample_8645c0768769f1d2,410.67047119140625,406.0038146972656,401.5378112792969,399.6141357421875,397.3206787109375,391.4222412109375,384.5368957519531,380.2757263183594,374.7888488769531,370.4822082519531,366.94586181640625,366.66357421875
sample_3252fcbdfde498a9,410.6455383300781,405.4903869628906,400.814697265625,398.03411865234375,394.2159729003906,391.09765625,389.4434509277344,387.17742919921875,384.9298095703125,383.5531311035156,382.7802429199219,382.4072570800781
sample_b7a096a0f4bac271,330.1881103515625,332.6866149902344,338.2138366699219,342.9497375488281,348.9733581542969,356.050537109375,363.7711181640625,367.3978576660156,374.18621826171875,380.0402526855469,386.44189453125,398.86712646484375
sample_ef6343abcad7ae57,433.3907165527344,428.99554443359375,424.7734375,421.3155517578125,416.11614990234375,410.11346435546875,406.33734130859375,402.6723327636719,399.4689025878906,396.33837890625,394.0267028808594,392.3866271972656
sample_8e823c6a6bc6575f,442.9479675292969,436.1065979003906,427.56414794921875,424.2397766113281,417.6021728515625,416.289794921875,421.1798400878906,435.9266052246094,442.3721008300781,437.26715087890625,440.60919189453125,447.2550354003906
sample_0d66d63faaad7b96,554.9208984375,553.5515747070312,546.4271850585938,539.5147705078125,528.484619140625,522.7080078125,520.1141967773438,513.3977661132812,504.2390441894531,491.33526611328125,495.5788269042969,490.0083923339844
sample_84bafe7f62db145c,410.5407409667969,404.66094970703125,396.7587585449219,388.8506774902344,380.6888122558594,372.6740417480469,366.3509216308594,361.64178466796875,356.8139953613281,355.1792907714844,351.819091796875,350.6772155761719
sample_49ca3a1a92f43790,295.51739501953125,299.4464111328125,304.9714050292969,309.21502685546875,315.4741516113281,322.32891845703125,330.43511962890625,336.70635986328125,343.7197570800781,349.29315185546875,353.7228088378906,357.3694152832031
sample_75211e1279fe8e42,394.8268737792969,396.82977294921875,406.1031188964844,427.4246826171875,457.7996826171875,488.82275390625,521.2696533203125,548.8828125,565.510498046875,562.46435546875,555.3897705078125,551.0882568359375
sample_2ce7d859c5ab544b,377.9056701660156,399.40972900390625,422.6315612792969,444.37847900390625,467.671142578125,491.79754638671875,514.7962036132812,540.1980590820312,564.1218872070312,592.8373413085938,626.6600341796875,664.542724609375
sample_699bef7bc74eebe6,371.2171936035156,369.7355041503906,369.34423828125,368.4338684082031,368.5787048339844,369.1017761230469,370.5416259765625,370.25457763671875,371.4095458984375,372.5770568847656,374.1509704589844,375.30535888671875
sample_a2d5c2d8a841e240,337.27935791015625,338.9078063964844,342.1753845214844,344.10992431640625,347.5470886230469,351.7059020996094,356.0693054199219,360.0740966796875,366.5409851074219,370.5986022949219,374.1203308105469,377.2739562988281
sample_5fe97f76de589501,408.1162414550781,428.6463317871094,444.96417236328125,453.6640319824219,458.68975830078125,460.0653991699219,460.09429931640625,459.3775634765625,462.155517578125,460.12982177734375,461.52935791015625,455.58563232421875
sample_1573fd72e82cf195,334.21368408203125,334.692138671875,335.6261901855469,335.8948669433594,336.8596496582031,338.0669250488281,339.82354736328125,341.5469665527344,342.18975830078125,343.3564453125,344.4359436035156,345.1130065917969
sample_a763c41725f0de82,355.80328369140625,354.38165283203125,356.3843078613281,357.79815673828125,361.4927978515625,364.81597900390625,370.0816650390625,374.68597412109375,386.17333984375,394.0145263671875,398.7099914550781,398.3585510253906
sample_0a9e16b265d02fab,423.1211242675781,420.3514709472656,420.36456298828125,420.8135070800781,421.8955993652344,423.0709228515625,426.0325622558594,426.80438232421875,430.938720703125,432.9728698730469,435.1521911621094,437.974853515625
sample_7dfc4152340051fa,358.52569580078125,358.2946472167969,360.05841064453125,360.1230163574219,362.5581970214844,365.01751708984375,367.6492614746094,369.3054504394531,371.8795166015625,373.45166015625,374.86505126953125,376.28955078125
sample_cbbc4d72c3011f0c,507.5916748046875,491.4046936035156,475.89324951171875,463.13226318359375,448.96234130859375,436.0694885253906,424.63287353515625,414.6078186035156,405.15509033203125,397.1581115722656,390.1318359375,385.17266845703125
sample_0172b2a3b2808970,324.46209716796875,333.57366943359375,345.40411376953125,354.4423828125,365.7474365234375,375.512939453125,384.8290710449219,392.00469970703125,400.5481262207031,406.9840087890625,415.6053161621094,421.95416259765625
sample_25bf03eb9495e9b0,401.1007080078125,395.7740783691406,391.6756591796875,389.1083068847656,386.4410400390625,384.9784851074219,384.5453186035156,384.49267578125,384.18896484375,385.3536376953125,384.2912902832031,385.7887268066406
sample_6cfb556b7a34fe2d,321.30181884765625,343.3285827636719,375.63299560546875,409.19293212890625,431.95001220703125,463.47760009765625,485.7173156738281,508.6794738769531,525.0805053710938,526.7265625,537.8367309570312,554.798583984375
sample_09ced447b602e720,349.800048828125,348.87469482421875,350.0978088378906,350.9075012207031,352.5417785644531,355.2635803222656,358.70916748046875,360.6359558105469,367.87518310546875,371.1560974121094,375.573974609375,390.0822448730469
sample_bf1004f7768d9af2,339.01885986328125,344.28411865234375,350.11083984375,354.11663818359375,359.6809387207031,363.2462463378906,367.5968017578125,369.0215759277344,372.4216003417969,373.8636474609375,376.94012451171875,376.9944152832031
sample_153963fb528182c0,425.8898010253906,418.7015075683594,412.1615905761719,407.2728576660156,397.2453308105469,390.25762939453125,383.537841796875,380.106201171875,379.2477722167969,374.4426574707031,371.3995056152344,369.1194152832031
sample_6e9dc870ea18ed95,322.85650634765625,325.7620849609375,330.30438232421875,333.015869140625,337.23870849609375,341.8754577636719,347.5673828125,351.6080322265625,356.4281311035156,361.0976257324219,364.9639892578125,370.2958679199219
sample_11748e1e0430c60d,332.163818359375,333.64263916015625,336.8385314941406,339.5273742675781,343.6910400390625,348.8760986328125,353.15582275390625,357.3876647949219,364.6092834472656,368.7961120605469,372.7846374511719,377.1319274902344
sample_9fa1858e77039032,376.8997802734375,393.7054138183594,426.51885986328125,470.56231689453125,533.2546997070312,592.5386962890625,642.3745727539062,675.8863525390625,687.487548828125,695.1441650390625,674.5611572265625,645.4544677734375
sample_27e4fa8324adc202,357.95538330078125,359.38946533203125,362.4391784667969,363.61376953125,367.50628662109375,371.3727722167969,376.70111083984375,377.9300537109375,382.47705078125,384.9176330566406,387.71087646484375,389.7239685058594
sample_ec22e0119d80e1ad,450.514404296875,444.1770935058594,437.7308349609375,431.9748840332031,426.3832092285156,422.1354064941406,418.37066650390625,416.88250732421875,414.155517578125,412.82891845703125,408.2338562011719,403.75335693359375
sample_69cf57e00b47616d,292.3641357421875,296.6243896484375,302.0409851074219,306.09124755859375,311.8304443359375,317.5848388671875,325.36395263671875,331.49615478515625,337.9486389160156,343.36944580078125,348.3217468261719,352.64764404296875
sample_a801ccf286c65575,564.7262573242188,559.7534790039062,550.3843383789062,541.1514282226562,529.1597290039062,520.351806640625,516.5883178710938,512.4248657226562,499.7987365722656,490.1914367675781,476.01788330078125,463.7476806640625
sample_1aa7e24d3e1fc1ce,326.0035400390625,328.9273376464844,333.2210388183594,335.4950866699219,338.9634704589844,341.8785400390625,346.5728759765625,349.55377197265625,353.16680908203125,355.3109436035156,358.6145935058594,359.416015625
sample_3f9fc9f395166142,373.3233642578125,374.0888977050781,376.3173828125,377.8572082519531,385.85980224609375,398.76116943359375,415.89825439453125,427.8860168457031,435.4962463378906,443.9150695800781,449.4339294433594,456.8573913574219
sample_9aabe01725411a3c,443.14697265625,438.0861511230469,432.0787658691406,427.1248474121094,420.6528625488281,412.9335632324219,406.4333801269531,400.49603271484375,395.29766845703125,390.6506042480469,386.4834289550781,383.9535217285156
sample_d1eca5a9c75a9446,294.07171630859375,308.7198791503906,326.5733947753906,338.9842529296875,358.2153625488281,370.4920654296875,388.5412902832031,398.6115417480469,406.79937744140625,415.6607666015625,422.94805908203125,417.3206787109375
sample_a67a3d77f62234b5,386.5064697265625,384.52496337890625,382.88226318359375,381.1772155761719,374.1739501953125,375.15228271484375,373.6919860839844,376.40966796875,378.8089599609375,376.0397033691406,375.3049621582031,376.3500061035156
sample_f091db7ffc210660,409.46044921875,406.0849609375,403.3780517578125,401.48187255859375,399.45196533203125,397.927978515625,397.7728576660156,396.9520263671875,396.1590881347656,395.8916320800781,395.2022705078125,394.7577209472656
sample_0e31ffe90271fb4d,406.80352783203125,404.85601806640625,402.70501708984375,401.0984802246094,396.936767578125,393.48602294921875,389.8941345214844,388.58251953125,387.4297180175781,387.16119384765625,388.3431701660156,389.93817138671875
sample_c935710c0e97520e,354.0439453125,356.64483642578125,360.36676025390625,362.0981140136719,366.2883605957031,369.65118408203125,373.7806701660156,375.1690368652344,379.2460021972656,380.4773864746094,382.546142578125,384.1681213378906
sample_3692c102904f9e7a,390.138916015625,396.6634216308594,401.68060302734375,408.572265625,408.86846923828125,414.9124755859375,437.93060302734375,448.2283935546875,439.756591796875,424.0334777832031,428.58056640625,436.3765563964844
sample_93b8b222721be4bc,617.1759643554688,625.4454345703125,628.7091674804688,632.6307373046875,633.6566162109375,630.7039794921875,628.3804321289062,624.558837890625,622.2406616210938,616.5872802734375,612.1022338867188,609.8588256835938
sample_d4a9f2a100e204af,326.55108642578125,329.4422912597656,333.70709228515625,339.0410461425781,344.4173583984375,355.44500732421875,361.8995361328125,369.8690490722656,387.0949401855469,394.2911682128906,400.3800354003906,397.5863037109375
sample_2b68691405f5d16a,617.9554443359375,612.879150390625,603.5370483398438,590.9744873046875,579.3193359375,566.6212158203125,554.62255859375,543.19091796875,534.0701904296875,525.42431640625,519.0921020507812,512.315185546875
sample_393feed53e30c721,359.625,385.422119140625,417.57794189453125,447.65582275390625,478.3514404296875,510.07574462890625,536.3926391601562,562.24560546875,589.4230346679688,621.9178466796875,644.596435546875,666.7505493164062
sample_f18dc8fb2889082a,411.7789611816406,421.6008605957031,427.26544189453125,426.8540954589844,426.7316589355469,423.3733215332031,419.26043701171875,413.9402160644531,409.47821044921875,406.2208251953125,403.5058288574219,400.12103271484375
sample_55f38e3bc123c071,465.0260314941406,489.42767333984375,509.85589599609375,519.1478271484375,532.3700561523438,532.9521484375,531.2566528320312,520.6962280273438,518.7258911132812,504.8455505371094,501.13446044921875,499.696044921875
sample_8222d115bbadf273,368.4420166015625,383.5534362792969,397.3231201171875,405.6028137207031,416.1752624511719,427.74261474609375,434.6732177734375,439.4352111816406,444.07733154296875,453.0981750488281,458.8199768066406,460.3957214355469
sample_4e38ac53318585f4,357.0999450683594,358.32208251953125,360.131591796875,362.3407897949219,363.11334228515625,364.9758605957031,367.7692565917969,371.7486877441406,375.2303466796875,380.3033142089844,382.32220458984375,384.3802185058594
sample_42b891dc4ee24b3f,361.91229248046875,362.0049743652344,364.1331787109375,365.9417419433594,371.47015380859375,375.83538818359375,384.2897033691406,392.8012390136719,403.09295654296875,405.74920654296875,413.4034729003906,413.878173828125
sample_10e492b37f72aa58,364.64031982421875,361.8646240234375,360.50360107421875,361.2559509277344,360.1407775878906,363.55389404296875,363.66015625,364.63275146484375,364.6019287109375,369.7404479980469,376.14263916015625,381.2984313964844
sample_29c3e1782b591541,326.1180419921875,329.4156494140625,337.26312255859375,348.8033142089844,366.5086669921875,381.1567077636719,395.14990234375,408.0250549316406,419.8235168457031,433.545166015625,440.31024169921875,443.2232971191406
sample_58d9810fb7f28eff,354.2804870605469,355.3262023925781,356.37353515625,359.7869567871094,368.8912353515625,374.79827880859375,384.7096862792969,385.2554626464844,382.0486145019531,382.4237060546875,382.19476318359375,382.81048583984375
sample_6a331bfb6f7e2e1f,433.7633972167969,432.95611572265625,431.7644348144531,429.72711181640625,430.5576171875,430.4300231933594,430.1817321777344,427.43170166015625,425.0668029785156,423.20867919921875,422.3925476074219,422.5657958984375
sample_6d4fdbdbfe71a15b,367.06939697265625,364.244873046875,360.2668151855469,358.75445556640625,354.8077392578125,353.34442138671875,353.21771240234375,354.6910095214844,355.24420166015625,363.042236328125,365.501953125,369.8195495605469
sample_448274bacaa9e4e0,386.42144775390625,392.181640625,397.2498779296875,398.43035888671875,399.8861999511719,398.3642272949219,397.2951965332031,395.2554626464844,394.1869812011719,392.24285888671875,389.93438720703125,388.05877685546875
sample_ccb7d52ad0aafe80,402.378662109375,398.223876953125,394.85650634765625,395.48956298828125,393.8265075683594,393.8428955078125,395.0517883300781,395.0672607421875,393.4459533691406,393.6325378417969,391.24578857421875,391.0082092285156
sample_8f9e40c50ca9f4e2,349.0260314941406,347.0411071777344,345.4479064941406,345.63165283203125,345.1843566894531,345.52093505859375,346.72564697265625,348.56390380859375,348.22119140625,350.08306884765625,351.4107360839844,356.279541015625
sample_932478bd356233e4,414.0061340332031,409.24932861328125,405.3844909667969,402.8446044921875,399.36651611328125,395.701904296875,393.58575439453125,390.6960754394531,389.3495178222656,386.5409851074219,385.48077392578125,384.0741271972656
sample_a1449937fa68d592,376.0056457519531,371.04266357421875,366.6063537597656,365.8526611328125,360.5722961425781,354.1627197265625,352.76556396484375,351.3028564453125,344.8929748535156,346.5635681152344,346.38226318359375,349.65643310546875
sample_4311f5e15241959e,360.3098449707031,371.93994140625,386.4609680175781,401.4125061035156,421.6517333984375,443.46832275390625,464.7004089355469,487.8793640136719,515.3153076171875,547.4273681640625,569.7908325195312,596.3609619140625
sample_790a04fc67888463,533.8814086914062,537.9320068359375,536.3187866210938,533.0733032226562,532.5906982421875,526.7179565429688,517.9572143554688,509.49609375,502.6249084472656,492.7003479003906,482.8734436035156,471.22265625
sample_b0578f0b445e4193,502.0966796875,484.1618957519531,466.6701965332031,452.3290710449219,437.63592529296875,423.8099670410156,412.4388122558594,403.919677734375,395.9685974121094,391.24658203125,387.67071533203125,384.61553955078125
sample_b2f9923d9c0a0e74,387.0101318359375,384.0251159667969,380.982421875,377.7877197265625,374.6737060546875,371.7577819824219,369.7002258300781,366.9960632324219,364.2637939453125,362.078125,360.4653015136719,359.570556640625
sample_8602a18118bebb71,342.4656982421875,346.8941650390625,354.7078857421875,364.464599609375,380.68353271484375,390.4521789550781,397.8316345214844,399.9606018066406,406.38555908203125,408.3033142089844,415.0567321777344,415.9729919433594
sample_060c7b0d9235d974,384.68475341796875,399.9055480957031,415.1560363769531,426.0076599121094,438.6380310058594,452.79364013671875,456.8336181640625,464.61151123046875,468.6195983886719,471.23858642578125,475.6167907714844,479.95220947265625
sample_e252c1f1cc775895,330.524169921875,332.67535400390625,339.5335998535156,343.3880310058594,356.8623962402344,365.32281494140625,382.34197998046875,400.9707946777344,416.1923522949219,420.29595947265625,428.1742248535156,432.51129150390625
sample_5aa57e21a54fab81,465.9241638183594,460.1510009765625,448.3283996582031,439.0821228027344,428.49468994140625,418.5816650390625,410.1025085449219,403.1468505859375,397.18499755859375,392.753173828125,387.6468505859375,384.8541564941406
sample_4087bc8297052e4f,376.98193359375,387.7229309082031,403.96026611328125,413.7326965332031,427.0611877441406,441.3766784667969,453.5127868652344,459.38775634765625,457.24224853515625,459.2162780761719,461.360595703125,464.7392272949219
sample_6655f6b4c692d72b,398.46319580078125,394.34527587890625,391.9263610839844,390.79559326171875,388.38909912109375,386.3030700683594,386.3515930175781,385.8282775878906,385.0511779785156,385.3188781738281,384.9763488769531,385.1331481933594
sample_d4a2c78b6fe20fad,443.2687683105469,436.2070007324219,427.41094970703125,419.43658447265625,410.9442443847656,402.50689697265625,394.834716796875,387.5773620605469,380.8878173828125,375.1535949707031,369.9525146484375,366.078857421875
sample_03646654ab19a920,609.275146484375,603.8397827148438,597.231689453125,586.3305053710938,572.93212890625,554.9421997070312,544.7034301757812,531.0620727539062,518.53662109375,508.32568359375,503.65570068359375,497.59735107421875
sample_5a1edbdadb1e06a0,338.4126892089844,339.8518371582031,342.7065734863281,344.0973205566406,346.5639343261719,349.429931640625,352.4834289550781,354.9757995605469,357.4006042480469,359.0555114746094,361.3791809082031,363.3669738769531
sample_fef79f489309fae6,357.55987548828125,358.54595947265625,362.8732604980469,369.47857666015625,376.2265319824219,387.7422790527344,395.9930114746094,420.19110107421875,428.2272033691406,428.5909729003906,439.14593505859375,464.73077392578125
sample_d6a72e2a874c12d3,306.0447082519531,311.4013671875,317.23583984375,320.42230224609375,325.9308166503906,331.1556701660156,338.14501953125,344.04193115234375,349.4247741699219,353.9136657714844,357.6274108886719,359.4843444824219
sample_1b81845c0e467a25,437.09454345703125,442.44195556640625,449.0969543457031,453.2819519042969,459.3185729980469,461.99822998046875,466.08355712890625,471.3436279296875,467.1309814453125,471.1219177246094,479.3619384765625,494.4268798828125
sample_a38531cd53e312c4,352.8081359863281,351.2030944824219,351.7608337402344,352.0724182128906,353.4118347167969,355.3628845214844,357.26904296875,358.4007873535156,360.28265380859375,361.8242492675781,363.3778381347656,365.20452880859375
sample_9262ebde047bcc36,366.54486083984375,405.7234191894531,442.7481689453125,469.7267150878906,505.75653076171875,543.9563598632812,573.1326293945312,609.6015625,654.0775146484375,696.0343017578125,719.1158447265625,732.4843139648438
sample_b13ab4c9bd49800f,397.16278076171875,444.206298828125,498.1415100097656,553.8135986328125,599.2190551757812,618.8599853515625,620.1973876953125,632.31005859375,631.7720947265625,606.81103515625,592.03466796875,585.8154907226562
sample_6ddb422485b3b4fb,321.8144836425781,325.8387756347656,332.2492370605469,337.8021240234375,345.0808410644531,351.80914306640625,358.2831115722656,363.58770751953125,372.3162841796875,384.923828125,396.99664306640625,405.68890380859375
sample_252cf17eb785dfc2,423.452880859375,420.3609313964844,416.2462158203125,411.64678955078125,407.73883056640625,403.2933654785156,399.518798828125,395.4147033691406,391.8072509765625,388.5895690917969,389.0289001464844,391.0179443359375
sample_204f0ac52b7a8f70,542.1676635742188,548.5138549804688,552.9867553710938,552.7948608398438,550.4487915039062,546.4627075195312,541.71630859375,538.96728515625,533.9125366210938,531.8379516601562,532.886962890625,536.7887573242188
sample_310cfcf87323c8b9,587.4773559570312,572.5512084960938,551.6992797851562,530.9000244140625,508.28515625,486.4914855957031,469.58624267578125,457.65863037109375,447.7193603515625,439.52264404296875,432.27850341796875,428.41357421875
sample_52a9d86de951dcde,512.3067016601562,506.1726379394531,493.7721252441406,479.6007080078125,464.3420715332031,451.47601318359375,440.0811462402344,430.1332702636719,423.1396484375,417.9651184082031,412.5655822753906,407.5947570800781
sample_8d554696bd4cfb13,308.0848388671875,312.8343200683594,319.0551452636719,322.1493225097656,327.41180419921875,332.2748107910156,338.4671325683594,342.3436279296875,349.30657958984375,353.43017578125,362.4595642089844,371.478515625
sample_527826b33d0ed062,513.660888671875,495.5903625488281,475.8367614746094,460.4774475097656,443.81024169921875,430.17230224609375,417.88641357421875,408.4145812988281,400.7799072265625,392.3039245605469,384.73785400390625,380.0694274902344
sample_4cab0a343cc46121,376.1313171386719,373.1957092285156,370.3158264160156,371.0984802246094,364.3394470214844,360.6544494628906,359.72674560546875,357.87066650390625,360.9220886230469,363.66021728515625,364.499755859375,368.1342468261719
sample_79e099d4a2db479a,451.7784118652344,439.83868408203125,425.95086669921875,416.01202392578125,402.7657775878906,389.4152526855469,382.3321228027344,377.88922119140625,371.2350769042969,367.70855712890625,365.8403015136719,359.4798278808594
sample_249ea91958d504d8,355.7500915527344,359.0786437988281,363.8323669433594,364.900146484375,367.147705078125,368.56365966796875,372.16973876953125,373.0486755371094,375.11968994140625,373.4316101074219,372.634033203125,372.48193359375
sample_7cc9643e80ff9358,395.20953369140625,400.6785583496094,410.9447937011719,424.4665832519531,447.636474609375,482.7400817871094,523.6603393554688,588.442138671875,639.835205078125,684.5728759765625,711.1583251953125,719.6414794921875
sample_d96e43dd6e9add6c,486.6065368652344,484.96112060546875,475.83697509765625,466.382080078125,456.5657043457031,446.9335632324219,437.82244873046875,428.3977355957031,420.71636962890625,414.8240966796875,408.19720458984375,403.40740966796875
sample_8f880339a3ddfc4b,481.7884521484375,469.4659118652344,457.7560119628906,448.89593505859375,439.30352783203125,431.60791015625,424.74090576171875,417.8247985839844,411.323974609375,404.4242858886719,399.43927001953125,399.4765625
sample_df2d2c22fae335c4,467.5273132324219,504.1030578613281,541.47021484375,581.6298828125,625.7099609375,656.02685546875,665.9916381835938,673.9133911132812,677.6443481445312,676.0364990234375,670.819091796875,661.2622680664062
sample_30246105156b94d5,469.6926574707031,464.05535888671875,457.5506591796875,449.3551025390625,443.552001953125,438.88739013671875,435.34832763671875,430.2994384765625,419.605712890625,414.95916748046875,410.9268798828125,410.4544982910156
sample_786c14011feb2636,455.6191101074219,458.90447998046875,454.6166687011719,449.0407409667969,444.7034606933594,438.2419128417969,432.20526123046875,426.34185791015625,419.3907165527344,414.880615234375,411.4268798828125,407.9643859863281
sample_918e0ce784045a9c,396.0702819824219,391.255859375,387.8287353515625,385.4393615722656,381.9787902832031,379.5572204589844,378.5453186035156,377.4248962402344,376.9666442871094,376.3381042480469,374.7616882324219,374.95855712890625
sample_c4b7bef4ae9e6da6,349.0077819824219,354.87249755859375,361.7778625488281,365.2327575683594,371.43768310546875,375.9665832519531,380.702880859375,385.49615478515625,387.8326110839844,388.2448425292969,389.60443115234375,394.46112060546875
sample_8129b0975a691261,318.2488098144531,325.55889892578125,333.9589538574219,339.49847412109375,347.46405029296875,353.6808166503906,360.6194763183594,363.7470397949219,369.452880859375,372.12841796875,377.5426025390625,379.47784423828125
sample_b1b328277552ed18,483.7447814941406,464.3819580078125,447.0026550292969,433.7081298828125,417.2846374511719,401.96380615234375,387.299072265625,375.1636962890625,363.8104248046875,355.4740295410156,347.94281005859375,344.077880859375
sample_e2d726aa5d405140,324.9542236328125,331.4887390136719,340.4586181640625,347.53961181640625,352.80718994140625,359.08447265625,365.7365417480469,365.9368591308594,364.208984375,362.82720947265625,365.7691955566406,368.46307373046875
sample_f816bacf2cfba86b,476.5299072265625,463.9115905761719,454.61737060546875,444.09429931640625,436.5914306640625,426.9386291503906,424.5164794921875,433.8011169433594,437.75537109375,441.8498229980469,443.1260986328125,452.2723388671875
sample_f8fadee01e5d0095,423.39166259765625,423.3500671386719,422.29669189453125,418.0000915527344,415.1220397949219,411.3948059082031,407.79241943359375,404.73846435546875,401.65203857421875,398.7314147949219,396.7627868652344,394.38818359375
sample_42569f4f565a2438,491.64788818359375,487.9996643066406,482.3498840332031,477.1583251953125,470.69696044921875,464.4885559082031,459.0750427246094,454.3333435058594,449.9581298828125,446.943359375,442.75506591796875,440.47576904296875
sample_df1e5284bb2b68c0,350.1797180175781,364.69647216796875,382.4343566894531,401.40679931640625,425.19207763671875,443.5308532714844,453.9319763183594,475.7336120605469,496.6277160644531,517.06201171875,531.0328369140625,540.0557861328125
sample_00789f224028e3bc,379.2748718261719,377.23834228515625,374.1769104003906,372.2425537109375,365.6202087402344,360.7480773925781,360.74761962890625,359.6520080566406,360.24481201171875,359.8224182128906,355.6477355957031,357.9559326171875
sample_c835a7200b1533d8,348.78607177734375,351.81719970703125,358.1375732421875,363.4458923339844,367.88897705078125,372.3016052246094,376.3665466308594,379.11309814453125,383.8815002441406,389.3437194824219,391.0810241699219,395.4095153808594
sample_ea65cb67e4900a33,391.9045715332031,388.4613342285156,386.1766357421875,385.0191650390625,383.6334228515625,382.52978515625,383.1383056640625,382.5740661621094,382.4144592285156,382.85601806640625,382.6748962402344,383.1570129394531
sample_92d2610d2e635fbe,513.098388671875,488.24163818359375,462.2785339355469,445.7872009277344,430.5567626953125,415.0982666015625,406.2304992675781,398.2348937988281,389.3201904296875,380.89874267578125,372.9851989746094,366.97137451171875
sample_4c1b654032f0ed14,391.429931640625,406.76043701171875,423.2675476074219,437.951171875,449.00146484375,456.88421630859375,460.13763427734375,464.1064147949219,464.2899475097656,467.7119140625,472.1026611328125,473.79278564453125
sample_20180b8233185799,296.48883056640625,302.06024169921875,309.2637634277344,314.03436279296875,319.98760986328125,328.17022705078125,336.2860107421875,341.66229248046875,347.0104064941406,350.9447326660156,355.79437255859375,359.0898742675781
sample_77031a517d6abbb6,284.33880615234375,290.4993896484375,298.1112365722656,304.0267028808594,312.4822998046875,321.30877685546875,329.869140625,337.44195556640625,344.0884094238281,349.6949462890625,355.24224853515625,358.8593444824219
sample_3329c03b3632d2cf,452.6996154785156,448.8770751953125,444.8222961425781,440.5472106933594,436.5165710449219,432.3091735839844,428.5103759765625,423.85198974609375,420.43743896484375,415.7941589355469,413.3738708496094,410.5254211425781
sample_9226eb3fda4d6e87,359.7967224121094,361.4162292480469,360.069091796875,362.05975341796875,361.8428039550781,361.2710266113281,360.57244873046875,361.83001708984375,361.5414733886719,363.997314453125,363.6975402832031,364.7020263671875
sample_8c4610611a4be4a6,373.72064208984375,384.822998046875,406.65570068359375,427.08343505859375,439.3516845703125,459.0707702636719,483.77154541015625,513.2827758789062,541.2978515625,566.987060546875,598.1370849609375,624.3544921875
sample_43d71d5cec748078,317.9952697753906,318.852294921875,321.6193542480469,323.8861389160156,327.57000732421875,332.5770263671875,338.0204772949219,342.36224365234375,348.7177734375,353.4166259765625,358.54833984375,363.82720947265625
sample_e25abde607e2caa5,452.8691711425781,469.93524169921875,472.96453857421875,467.2898864746094,459.08551025390625,475.6405334472656,480.14019775390625,505.3064270019531,525.0228881835938,540.8133544921875,562.9409790039062,519.8934326171875
sample_6c5e4a0024a03007,367.7346496582031,365.130859375,365.6352844238281,367.36322021484375,368.8567199707031,371.0602722167969,374.851318359375,377.3024597167969,381.0859375,385.2021789550781,387.4603271484375,391.2340393066406
sample_6f4fce47a97f0273,320.8923034667969,324.686279296875,330.2978515625,333.7190856933594,339.46148681640625,345.63409423828125,352.60101318359375,356.7944641113281,361.7100524902344,366.0523986816406,370.15478515625,374.124755859375
sample_f267ca41acc56ccd,438.2684020996094,435.52703857421875,432.8614196777344,433.16107177734375,430.8970031738281,425.5552978515625,424.0044250488281,419.4333801269531,414.5962219238281,411.03997802734375,406.17510986328125,400.7694091796875
sample_605b64e630bafd72,320.7318115234375,322.9098815917969,327.06103515625,329.8253479003906,334.9634704589844,341.0821533203125,348.553466796875,352.8385314941406,357.2242126464844,361.55340576171875,369.78375244140625,379.8723449707031
sample_54652cd81c340193,491.1236877441406,480.5188903808594,470.4235534667969,461.9386291503906,449.8418273925781,440.17083740234375,429.00030517578125,417.79766845703125,405.9986877441406,397.01031494140625,390.1353759765625,385.2674865722656
sample_5312d6d1c2ec6425,400.1208190917969,416.699951171875,431.8522644042969,440.4809875488281,450.48956298828125,458.8939208984375,461.842041015625,466.56744384765625,467.9775390625,468.8834228515625,469.4560241699219,470.40478515625
sample_634b60eb2eab5c0b,442.75628662109375,435.10693359375,426.7857666015625,421.0648193359375,413.7820739746094,407.1032409667969,401.2797546386719,396.07568359375,392.1155090332031,386.96795654296875,383.34649658203125,380.7921447753906
sample_53fd2ece3e0d497f,321.9432678222656,323.5493469238281,327.2448425292969,330.15557861328125,334.71307373046875,340.2608947753906,345.4208679199219,350.9707336425781,357.75244140625,362.82550048828125,366.7992248535156,371.6012268066406
sample_b707b424d5e3fedc,444.7862854003906,446.2370300292969,440.3944091796875,444.7017517089844,444.6816711425781,456.0249938964844,469.0515441894531,480.0521240234375,497.5894775390625,463.3490905761719,455.6382141113281,454.0364685058594
sample_4e05e10cae45245c,313.5023498535156,315.6993408203125,319.7832336425781,322.7178955078125,327.68218994140625,333.2864074707031,339.38885498046875,344.08258056640625,350.3739013671875,354.9433288574219,359.4697265625,364.18353271484375
sample_12a69b44127c6be1,309.2747802734375,312.364990234375,317.679443359375,322.809814453125,329.6490173339844,336.6468505859375,344.54248046875,349.0249938964844,356.1503601074219,360.6796875,364.9507141113281,367.6502685546875
sample_a12506e5d5919eab,613.2119140625,609.08251953125,596.392333984375,583.0421752929688,566.8637084960938,544.8753662109375,526.0364990234375,508.9197082519531,495.22003173828125,484.3641052246094,476.7413635253906,470.3876037597656
sample_fcff70070d1fc33a,559.0926513671875,529.23193359375,500.4984436035156,479.7663269042969,465.3280944824219,451.6697998046875,442.8604736328125,434.3975830078125,423.1685485839844,412.35845947265625,401.8262023925781,393.879150390625
sample_4ef50224ab5fd52d,298.1415100097656,298.5448303222656,300.0887756347656,301.1356201171875,303.5028991699219,305.9165954589844,308.564208984375,309.4003601074219,311.00018310546875,312.1778564453125,314.5147705078125,317.413818359375
sample_ec8fb37790a5d918,438.5069274902344,429.770263671875,421.757568359375,416.46923828125,409.0440979003906,403.160400390625,399.5029296875,396.1163635253906,392.6100769042969,390.89501953125,388.2440185546875,387.6752624511719
sample_b3a87e76fbbb3d57,395.46728515625,388.5567321777344,385.03656005859375,387.1833190917969,382.1723937988281,383.16143798828125,378.9874267578125,382.22149658203125,385.2257995605469,384.9549255371094,386.1753234863281,384.3697509765625
sample_7f2b9efd9ad1ea19,504.0521240234375,502.3843078613281,502.2850646972656,503.1282043457031,505.746826171875,510.52435302734375,512.06201171875,512.55078125,513.5464477539062,511.82989501953125,509.7402038574219,505.813720703125
sample_c057edd2a46e81cb,370.04010009765625,379.0279541015625,393.37646484375,410.07220458984375,438.6643981933594,474.5150451660156,499.2670593261719,518.3065185546875,539.996337890625,577.881103515625,579.2166137695312,572.7200317382812
sample_66a05f4e2dd191b7,406.4247741699219,399.4673156738281,392.5914001464844,391.966796875,392.2656555175781,397.81494140625,404.6627197265625,419.3129577636719,435.9684143066406,441.3293151855469,432.6121826171875,415.5905456542969
sample_c5176474e0af91b8,494.93365478515625,490.3100280761719,484.162109375,475.6861572265625,468.8459777832031,461.0892028808594,454.8182373046875,447.1095886230469,441.3606262207031,434.1759033203125,430.45428466796875,425.4603271484375
sample_d0312295fc7a7d25,310.0130615234375,310.5548095703125,313.5811767578125,316.4110412597656,320.52642822265625,326.127197265625,332.9438171386719,337.0791931152344,344.0355529785156,349.1860656738281,354.5359802246094,358.2978210449219
sample_f4ab9bd74a0f561a,581.3515625,577.1737670898438,569.6834106445312,558.0333251953125,548.6705932617188,537.96337890625,528.8069458007812,518.5265502929688,510.0396728515625,502.29400634765625,495.37213134765625,488.4171447753906
sample_a79837d3385a94d6,537.086669921875,560.1153564453125,578.3533325195312,579.9688720703125,579.3379516601562,565.3536987304688,540.99560546875,526.97412109375,523.9939575195312,519.2052612304688,512.5732421875,509.9826354980469
sample_f4111815156cf5d1,300.417724609375,305.8417053222656,312.3052978515625,315.85211181640625,322.2060546875,328.78057861328125,337.3403625488281,341.15380859375,347.6676940917969,350.62939453125,355.91448974609375,357.92657470703125
sample_306ba2cdc05f8ad8,559.0570678710938,539.3771362304688,516.7252197265625,497.86456298828125,478.88372802734375,461.6058044433594,447.3365783691406,434.0009765625,423.127197265625,413.011474609375,404.0576477050781,396.8648681640625
sample_3616703cf0f0d9f3,328.2842102050781,330.1210021972656,332.76214599609375,335.2504577636719,336.4139099121094,338.77886962890625,345.3733215332031,349.0215759277344,348.72271728515625,349.848388671875,350.53045654296875,351.43768310546875
sample_261025f0ce7da2ee,540.2409057617188,525.0567016601562,505.9214172363281,489.537109375,472.7367858886719,455.79412841796875,441.0105895996094,427.6552734375,419.283203125,411.3680725097656,403.9834289550781,398.4038391113281
sample_20113919780ea8c7,399.74896240234375,394.56500244140625,390.31475830078125,387.6954040527344,385.4851379394531,384.6447448730469,385.38360595703125,385.78759765625,385.0056457519531,386.6169738769531,386.4374694824219,387.97979736328125
sample_04bc966e281c910d,593.0800170898438,567.3544311523438,536.50048828125,511.8678894042969,486.00323486328125,458.2765808105469,440.90185546875,426.967041015625,416.8260498046875,406.8823547363281,395.74493408203125,391.67138671875
sample_10de1477891d2d10,380.8135986328125,375.5543518066406,370.7591552734375,367.04217529296875,362.1156311035156,359.3614807128906,357.4350280761719,356.3706359863281,355.37884521484375,357.0885925292969,355.31292724609375,354.6557922363281
sample_99bdbfb68f6f7294,333.787109375,331.95257568359375,330.2987060546875,332.02056884765625,332.2270812988281,333.2774353027344,336.01934814453125,337.71490478515625,335.8008728027344,335.7906799316406,334.6849365234375,335.02777099609375
sample_8c09fdb0778093fc,416.219482421875,415.3545227050781,413.9710693359375,410.92529296875,409.456298828125,407.361083984375,406.8873596191406,406.1571044921875,407.08551025390625,406.78143310546875,407.2822265625,407.7512512207031
sample_817461785b74f003,378.0426940917969,375.898681640625,374.0140686035156,371.7430419921875,370.72161865234375,370.52642822265625,371.8790283203125,376.3024597167969,379.09088134765625,384.7388916015625,392.59814453125,395.9293212890625
sample_5f6314bfeb154d3e,276.8526611328125,282.5207214355469,293.3616638183594,306.65692138671875,314.3089904785156,327.65277099609375,332.669921875,334.28265380859375,337.23590087890625,339.9792175292969,341.2069091796875,342.697998046875
sample_dec59108a23f6cf6,388.90057373046875,389.91168212890625,392.1854248046875,392.325927734375,395.2774353027344,398.918701171875,403.0105895996094,404.5791931152344,408.39031982421875,409.96368408203125,412.4496154785156,414.159423828125
sample_b14b61e71fdf3d8b,394.4698791503906,426.7756652832031,469.2467956542969,509.10736083984375,544.7068481445312,560.1224365234375,565.1442260742188,576.1743774414062,571.63818359375,565.7237548828125,556.9498291015625,547.6284790039062
sample_747538c3de240b66,495.9022216796875,489.0918273925781,482.9947509765625,482.9925842285156,482.07257080078125,476.8289489746094,477.0501708984375,478.2554016113281,471.5783996582031,467.34344482421875,462.7449035644531,474.514404296875
sample_83d5dae52d3ca43d,292.6060485839844,295.64483642578125,299.50567626953125,302.9497375488281,307.67938232421875,313.2395935058594,319.553466796875,325.57073974609375,330.04522705078125,335.5429382324219,340.0562744140625,344.9595031738281
sample_fed7cf2416a7b380,385.4138488769531,382.4814453125,380.16302490234375,377.3746032714844,375.877197265625,374.2507629394531,373.843994140625,372.9842224121094,372.53106689453125,372.68536376953125,372.3038635253906,372.89459228515625
sample_6c67997e794c23e3,435.9311828613281,434.2131652832031,433.64971923828125,434.981689453125,436.0435791015625,437.8443908691406,441.1540222167969,442.7647705078125,444.113037109375,439.899658203125,433.61029052734375,429.1815185546875
sample_fecf1cd5a11aa7f6,365.0933837890625,361.4592590332031,357.1901550292969,357.7792663574219,354.6516418457031,356.6021423339844,363.9892272949219,366.5075378417969,368.66119384765625,368.6826171875,365.3136291503906,366.09564208984375
sample_cd072e16b662f205,553.39404296875,533.92529296875,513.1140747070312,495.9226379394531,476.1087646484375,456.95233154296875,442.0157470703125,428.05859375,415.4374084472656,403.564453125,392.6512756347656,387.6466979980469
sample_60184b8611f15fbb,513.9105224609375,507.840087890625,498.5779113769531,490.1724548339844,480.43182373046875,470.06011962890625,459.2377014160156,449.4587097167969,438.0636291503906,430.0117492675781,425.37298583984375,419.0337219238281
sample_bd5cd0094f86a84a,300.6226806640625,304.8802185058594,310.69384765625,314.6368103027344,319.21160888671875,324.7374267578125,331.3332214355469,335.652099609375,341.5831604003906,348.11993408203125,354.0046081542969,362.4242858886719
sample_5721cff6c4f97829,372.91326904296875,366.8892822265625,364.0923767089844,365.82000732421875,366.3267517089844,371.6066589355469,375.25701904296875,379.46221923828125,374.12481689453125,376.0870361328125,380.0318298339844,388.36260986328125
sample_3e5cac7a1e7f683a,525.3230590820312,511.8455505371094,497.86663818359375,485.9854736328125,473.0267639160156,460.8505554199219,450.7544860839844,441.9400329589844,432.7232971191406,425.23583984375,418.1123962402344,413.27398681640625
sample_b14566130025e690,417.7568664550781,443.1903381347656,474.6322021484375,506.19134521484375,540.0255126953125,571.453857421875,583.3977661132812,575.618408203125,555.7427368164062,535.8531494140625,508.550537109375,484.1905212402344
sample_56bbcdaa26800afa,436.330078125,435.5516052246094,435.839111328125,435.572509765625,436.25244140625,437.4399108886719,439.4949645996094,441.0211181640625,444.3584289550781,445.7861022949219,447.2333068847656,448.4960021972656
sample_b908fc957c5ca49c,418.25250244140625,417.1651916503906,418.8757019042969,419.6876220703125,422.5844421386719,426.0641784667969,430.17926025390625,431.5545959472656,438.70648193359375,440.702880859375,444.0320129394531,447.58905029296875
sample_07476bd6b92931f1,411.44976806640625,405.3689880371094,400.0226745605469,396.1490478515625,390.6462707519531,385.57427978515625,380.7319030761719,377.45538330078125,373.9581298828125,371.28131103515625,368.4255676269531,367.3627624511719
sample_66ae1c8371959add,308.7651062011719,309.9137268066406,312.9738464355469,315.2750549316406,319.8002624511719,324.56365966796875,330.61328125,334.5300598144531,339.8132019042969,344.3663330078125,347.60223388671875,350.8007507324219
sample_a772a9a88bf82a04,602.1459350585938,592.190185546875,573.5065307617188,557.2257690429688,538.0262451171875,522.1953125,510.631591796875,500.06884765625,496.3328857421875,489.9083251953125,485.8968505859375,481.6070861816406
sample_0b253c3479c71dcb,366.9085693359375,365.7195129394531,365.1046447753906,364.0701599121094,364.88812255859375,366.3134460449219,368.63580322265625,369.0369873046875,370.4942321777344,371.2660217285156,372.0517272949219,373.04815673828125
sample_108563aeddf0003e,321.9772033691406,323.4960632324219,324.94940185546875,326.55157470703125,330.99993896484375,336.3752136230469,340.9130859375,344.36224365234375,347.1006774902344,348.76165771484375,352.11505126953125,354.1681213378906
sample_25eb53720b01ea43,350.1242980957031,352.2015686035156,357.3526306152344,368.2896423339844,387.8016357421875,412.03448486328125,427.3982849121094,423.4419860839844,424.7195739746094,420.8630676269531,404.124755859375,397.9363098144531
sample_2b6251ad1cd0fa6e,519.3956909179688,519.4386596679688,519.0497436523438,517.3318481445312,516.859375,516.10791015625,515.014404296875,513.5223999023438,513.3927001953125,512.8084106445312,512.4517211914062,511.92626953125
sample_cb7c1eeeda667af2,414.35638427734375,405.7575378417969,398.6464538574219,394.2958679199219,389.2321472167969,386.9603576660156,386.0093994140625,386.9740295410156,387.0968933105469,387.1581115722656,385.990478515625,385.55059814453125
sample_557e34f78a6a7605,344.8795166015625,357.127685546875,373.2942810058594,391.1568298339844,405.76373291015625,418.8939208984375,431.6163024902344,444.8861083984375,459.8080749511719,477.5480041503906,493.85089111328125,508.2986145019531
sample_db50a129879ffbc4,293.6183776855469,311.7109375,333.6302490234375,350.49951171875,369.16778564453125,383.11749267578125,399.4662780761719,409.374267578125,424.45428466796875,433.1456298828125,440.1017761230469,445.6336669921875
sample_7502bbf8aa67d87a,307.57855224609375,310.714111328125,316.04058837890625,320.4047546386719,326.6363220214844,334.316162109375,345.2203674316406,351.4622802734375,357.0690002441406,363.7489318847656,370.17156982421875,374.53338623046875
sample_e7e7fee37d9db547,554.3414306640625,534.3771362304688,511.669677734375,492.40167236328125,472.9085388183594,456.9364929199219,444.121826171875,432.51287841796875,421.7193603515625,411.3389892578125,402.39862060546875,394.8629150390625
sample_8dd6d6cde19e3294,315.8729248046875,320.1766357421875,327.0550231933594,332.5710754394531,341.13763427734375,350.5963439941406,359.4952697753906,365.0826416015625,371.452880859375,377.55987548828125,382.8297119140625,387.3074035644531
sample_f809a74510f8a5fb,420.30194091796875,410.42913818359375,400.3406066894531,393.0716857910156,381.3800964355469,373.991455078125,369.8806457519531,364.8722839355469,361.7359924316406,361.0806884765625,353.2934875488281,348.63275146484375
sample_2020156dc9ea50a1,654.779296875,650.7319946289062,643.7110595703125,634.0087280273438,625.95849609375,613.0047607421875,600.9505004882812,583.8451538085938,572.716552734375,561.5924072265625,551.6194458007812,542.486328125
sample_e90cbf949be520a3,282.2284240722656,289.3374328613281,299.2780456542969,306.605712890625,321.7088928222656,337.4715881347656,341.4732971191406,349.59112548828125,351.4223937988281,355.3100891113281,358.52935791015625,356.52752685546875
sample_1a54b348c1de48ea,370.59796142578125,375.02532958984375,378.5891418457031,375.4197082519531,378.6188049316406,384.4809875488281,393.02337646484375,404.42498779296875,408.7686767578125,424.4092712402344,431.393310546875,447.9710388183594
sample_2646dace051eaf5a,417.32733154296875,416.0640563964844,414.1497802734375,412.43365478515625,409.8655700683594,406.7644348144531,404.26104736328125,401.818115234375,398.9741516113281,396.798095703125,394.8643798828125,393.0669860839844
sample_b4497d02d08dd3f1,494.06884765625,505.127685546875,516.0158081054688,526.8899536132812,535.9481811523438,543.3731079101562,559.0858764648438,582.7301635742188,595.9339599609375,611.8220825195312,627.7325439453125,642.0856323242188
sample_59be4908b4e0176d,416.3357849121094,411.894287109375,407.8150939941406,405.17523193359375,401.42279052734375,397.6605529785156,395.3848876953125,393.4079284667969,391.99810791015625,390.59466552734375,389.5823669433594,389.5718688964844
sample_2c8181299cda7177,403.1539306640625,400.5848083496094,398.37152099609375,396.9866943359375,395.3995056152344,393.379638671875,392.0490417480469,389.8062438964844,388.24639892578125,386.14990234375,385.4509582519531,384.287109375
sample_7f5222cb3eb4929d,441.6833190917969,433.46527099609375,425.2994384765625,418.9321594238281,407.4809875488281,394.82611083984375,383.11480712890625,374.81463623046875,367.7686462402344,363.77947998046875,361.3606262207031,364.52496337890625
sample_5d8491474d0f4a46,585.126708984375,580.4068603515625,576.7044677734375,575.0191650390625,575.6024780273438,577.4747314453125,579.079833984375,577.4325561523438,575.8070678710938,570.2304077148438,562.6115112304688,557.1812744140625
sample_f2c1cd80d466bebb,422.8492736816406,422.2759704589844,421.12225341796875,419.9920349121094,417.83795166015625,415.5157775878906,413.29461669921875,411.2791442871094,408.314697265625,406.28240966796875,404.40435791015625,402.7306213378906
sample_66dea2418c27863a,358.1199035644531,359.8479919433594,362.76239013671875,365.85015869140625,368.994384765625,376.1727294921875,379.91180419921875,383.7843017578125,381.5496826171875,384.8153381347656,390.3990478515625,392.0822448730469
sample_ee8a19f60fdc2d4d,318.25836181640625,319.99310302734375,324.6165466308594,330.4870300292969,335.69207763671875,342.6164855957031,344.25494384765625,346.18768310546875,348.11474609375,346.9713134765625,347.9264221191406,351.3340148925781
sample_bb264d2e5bd22818,507.4151611328125,501.7245788574219,491.6758117675781,481.0159912109375,469.89459228515625,458.68017578125,448.1749572753906,438.78753662109375,430.2544860839844,423.4189147949219,416.4445495605469,411.0311279296875
sample_78a03df5a86e4d95,419.5262451171875,422.95159912109375,421.9917297363281,419.3616638183594,416.90045166015625,413.4198913574219,412.97210693359375,415.1723937988281,414.1656494140625,413.49212646484375,408.1387939453125,403.2099304199219
sample_2fc9cae6fdd41ae3,413.2259521484375,412.99615478515625,412.2438049316406,410.3638000488281,409.73577880859375,408.47412109375,407.93206787109375,406.5147399902344,405.3140869140625,402.9235534667969,402.28167724609375,400.6219787597656
sample_a6e1dd60fe14455b,302.0557556152344,307.4366149902344,314.2914123535156,318.72833251953125,327.5066223144531,336.1130676269531,345.29864501953125,351.41143798828125,357.5505065917969,360.06427001953125,366.4825134277344,370.41973876953125
sample_c026d9f966fda071,383.1771240234375,404.0259704589844,423.1865234375,434.7640380859375,445.8915100097656,448.6811218261719,451.3316955566406,452.75048828125,454.52197265625,457.5627136230469,461.4312744140625,460.2343444824219
sample_310851bc2a2224f6,299.89617919921875,308.1128845214844,317.765380859375,318.2012939453125,333.25933837890625,363.99853515625,387.82977294921875,406.5234069824219,400.9339904785156,395.8172912597656,397.27490234375,411.1090087890625
sample_8be79b1e12c5fe02,480.02545166015625,487.5692138671875,491.1950988769531,487.63720703125,488.373779296875,482.09619140625,473.47906494140625,458.4825439453125,445.4671325683594,436.79046630859375,433.58544921875,428.6590270996094
sample_a4928b43b599f291,344.41839599609375,345.1833801269531,350.01885986328125,350.96881103515625,354.968505859375,366.087646484375,375.95513916015625,380.3605651855469,382.57781982421875,380.20867919921875,382.61151123046875,393.4643859863281
sample_057379090f86b5df,288.56451416015625,293.338623046875,300.74969482421875,306.9021301269531,315.8756103515625,325.5106201171875,335.6013488769531,341.68603515625,348.3921203613281,354.4991455078125,359.9489440917969,363.41583251953125
sample_293555298fe036e1,284.3232421875,287.6501770019531,292.8114013671875,297.67755126953125,303.8426208496094,310.90277099609375,317.6233215332031,324.49957275390625,332.148193359375,336.69354248046875,341.7828674316406,344.87103271484375
sample_a2ad5a33f9f86187,498.4902648925781,488.6468200683594,478.0624084472656,468.0870361328125,457.3917541503906,447.59210205078125,438.2499694824219,430.923095703125,425.07452392578125,419.1001892089844,414.5169982910156,411.1447448730469
sample_6c54654e832d1537,459.7285461425781,450.55914306640625,440.3129577636719,432.104736328125,421.4678039550781,411.79266357421875,403.0785827636719,395.56719970703125,389.1612548828125,382.663330078125,378.28289794921875,374.4190979003906
sample_011a3022d69c67be,366.10247802734375,364.6075744628906,363.1253356933594,360.5076599121094,358.9935302734375,356.8057556152344,355.66693115234375,354.9621887207031,353.5516662597656,353.7910461425781,353.59405517578125,354.871826171875
sample_a456b719c10d00ff,475.4507751464844,468.6949768066406,464.0787658691406,457.9510498046875,452.8778991699219,450.72076416015625,440.7095947265625,437.55029296875,437.8246765136719,447.1128845214844,457.25506591796875,467.6143798828125
sample_123b71f83d7c0e0b,386.83514404296875,392.62939453125,398.22222900390625,399.0255126953125,401.0676574707031,401.04083251953125,400.63140869140625,397.8656311035156,397.1305847167969,394.4005432128906,392.830810546875,390.91802978515625
sample_025201e66fd12f26,353.1341857910156,354.90972900390625,361.76947021484375,375.7367858886719,395.28363037109375,416.4812927246094,437.762451171875,457.3369445800781,465.33746337890625,470.343994140625,477.71661376953125,478.21942138671875
sample_828142ba94cee305,308.41741943359375,308.9942321777344,310.6582946777344,312.2349853515625,314.0491027832031,314.5576477050781,317.35357666015625,319.2342529296875,320.8817138671875,320.4621276855469,322.39971923828125,323.3817138671875
sample_8869b3fed1015681,284.3655090332031,288.3504638671875,294.65203857421875,299.6864013671875,306.06817626953125,312.3003234863281,321.9344787597656,329.1707458496094,336.0125732421875,340.7367858886719,345.9560241699219,349.8116149902344
sample_421e3d2d555dea7a,626.9157104492188,602.552490234375,573.2789306640625,547.5711059570312,524.0792846679688,503.75250244140625,487.98724365234375,474.34332275390625,464.1925048828125,455.41583251953125,447.89862060546875,441.4376220703125
sample_74fde0747e54042e,319.9440612792969,321.6306457519531,325.3177795410156,328.03985595703125,332.947509765625,338.5709228515625,344.916015625,349.4927673339844,356.6754150390625,360.9294738769531,365.6883544921875,370.76715087890625
sample_db14813c9ec40ff2,354.5717468261719,355.71478271484375,359.52239990234375,361.9320068359375,366.8752746582031,374.3952331542969,382.72357177734375,388.1978454589844,393.8977355957031,395.9676208496094,397.24267578125,404.15771484375
sample_79fd30b0370675da,508.2456359863281,499.550537109375,491.5772705078125,481.8902282714844,472.8808898925781,463.3890075683594,455.45245361328125,447.4587097167969,441.052734375,435.810546875,430.91717529296875,427.3603515625
sample_da145a8a667979f1,617.533203125,615.6636962890625,610.041748046875,602.8038330078125,596.29150390625,582.470947265625,571.72900390625,559.5536499023438,552.5732421875,546.0806884765625,542.17333984375,537.2969970703125
sample_25a8a8b1568f840c,307.5522155761719,308.4233703613281,310.675048828125,312.2416076660156,315.69189453125,321.7344665527344,334.7012634277344,346.9605712890625,356.9486389160156,368.2965393066406,371.68658447265625,376.3668212890625
sample_f514731ca62a9738,470.711181640625,467.609375,463.0030212402344,459.0764465332031,454.5104675292969,450.0325927734375,446.8939514160156,441.8011474609375,437.4623718261719,433.18408203125,429.8888854980469,427.33111572265625
sample_745b4f60a7f6eefa,329.9635009765625,330.1559753417969,332.55291748046875,334.4559326171875,337.48980712890625,341.3244934082031,346.38995361328125,349.0029296875,354.807861328125,358.2538757324219,361.3906555175781,364.66845703125
sample_914752184535f34d,387.44732666015625,405.34503173828125,437.2410583496094,469.3946228027344,506.6732177734375,540.62353515625,563.5762939453125,569.381103515625,566.4757080078125,567.6372680664062,556.9869384765625,544.194091796875
sample_557eb89f89a9c468,332.7948913574219,332.3811950683594,334.7944641113281,337.2618713378906,343.32952880859375,351.13201904296875,359.2911682128906,360.5300598144531,364.94012451171875,371.7701110839844,380.2303161621094,385.90594482421875
sample_a76d9677a5ef572e,589.0067749023438,582.1598510742188,571.2594604492188,560.1651611328125,551.3015747070312,541.8807373046875,527.2726440429688,516.9739990234375,502.4150390625,491.58026123046875,486.43927001953125,472.5967102050781
sample_caf97475faaff1f7,437.9892578125,440.5562744140625,440.42193603515625,434.9695739746094,427.2064208984375,421.4933166503906,417.8844299316406,414.22320556640625,410.7957763671875,407.1699523925781,404.249755859375,401.599609375
sample_902cd9066938e18b,537.6104736328125,529.019287109375,522.1614379882812,514.4869995117188,501.1566162109375,490.6133117675781,475.4356384277344,464.3400573730469,456.42156982421875,448.8922119140625,444.7325439453125,439.70123291015625
sample_022b9864fb831d1a,351.65997314453125,353.218994140625,361.7972412109375,372.1327819824219,392.7707214355469,416.4812927246094,427.45263671875,441.248779296875,445.7302551269531,451.47088623046875,454.0063781738281,454.73468017578125
sample_ce5e930af3082d64,404.9909973144531,443.63128662109375,484.69403076171875,520.5653686523438,560.9107055664062,609.5142211914062,654.8338623046875,682.7440185546875,697.650146484375,719.75537109375,720.8013916015625,713.5167846679688
sample_8e3441f577e2d417,467.9003601074219,458.11553955078125,442.8680419921875,431.69024658203125,419.21636962890625,406.75567626953125,394.66265869140625,388.32647705078125,384.7340087890625,378.83685302734375,377.0081481933594,376.47723388671875
sample_16be59985e29579b,309.614501953125,318.0234680175781,327.4873046875,333.3424072265625,341.13360595703125,346.60784912109375,352.2080993652344,355.4521179199219,360.44854736328125,362.7921447753906,367.6203308105469,370.2544860839844
sample_a7c92106d6766579,319.11505126953125,322.1298828125,326.6099853515625,328.9745178222656,333.2105712890625,337.40008544921875,343.1880187988281,346.8012390136719,352.0040588378906,355.87579345703125,360.04791259765625,361.8265686035156
sample_c2efdb9c423742b6,668.54541015625,645.936279296875,621.5018310546875,599.3001098632812,578.6312255859375,559.7323608398438,544.4659423828125,529.6823120117188,518.268310546875,506.73455810546875,497.47283935546875,489.54541015625
sample_57f312fc691f11e9,306.67303466796875,312.0176086425781,317.9163818359375,322.34808349609375,328.7686462402344,336.0413513183594,344.3222351074219,349.740234375,353.4182434082031,355.9534912109375,359.2740478515625,361.20611572265625
sample_273591b7b3d74a69,330.17535400390625,334.9569091796875,341.4996337890625,344.9428405761719,350.8558044433594,356.1349792480469,361.3374328613281,364.67584228515625,369.4855651855469,372.336669921875,375.541259765625,378.7936096191406
sample_1e3905c41d6a2fe4,574.4586791992188,581.1998901367188,574.9307861328125,563.1390380859375,554.0626220703125,540.501220703125,530.6206665039062,517.4113159179688,506.5611572265625,499.40618896484375,495.986083984375,485.95611572265625
sample_5faaf6f8c0b59d2b,461.0975646972656,460.19793701171875,456.47967529296875,452.3258056640625,447.15850830078125,439.69091796875,432.58154296875,426.8282775878906,421.7161865234375,417.390380859375,413.3023376464844,409.7500915527344
sample_e797b18e8f520fc5,333.0770263671875,342.6761474609375,363.96063232421875,392.5552062988281,430.2691650390625,473.81695556640625,506.29168701171875,519.6082763671875,528.642578125,534.498291015625,533.7325439453125,522.507080078125
sample_fc590df46c610586,645.8052368164062,636.138916015625,623.00732421875,609.3515625,599.0293579101562,588.5093994140625,583.5346069335938,580.1807250976562,585.8314208984375,579.3892211914062,572.7608032226562,565.080810546875
sample_808d06a9def8c034,390.3077087402344,390.8562316894531,392.65252685546875,392.3725891113281,395.3027038574219,395.8318176269531,397.1150207519531,397.728759765625,403.0585021972656,405.6068115234375,403.12298583984375,397.5020751953125
sample_00a10c700a59d910,397.8028259277344,406.582275390625,415.72308349609375,422.3585510253906,441.47271728515625,449.4302673339844,440.6640930175781,441.9436340332031,447.8064880371094,445.62939453125,459.5364074707031,457.8677978515625
sample_4ae6b15f33579141,289.9057312011719,295.50799560546875,302.34710693359375,306.91864013671875,313.906494140625,321.25286865234375,329.3306579589844,335.46905517578125,341.90625,346.5963439941406,351.59649658203125,354.75482177734375
sample_7456792a7457985a,394.0726318359375,390.40802001953125,386.648681640625,385.78753662109375,382.0046691894531,380.37542724609375,378.6890869140625,377.88250732421875,377.1178894042969,378.9549255371094,378.518310546875,380.854248046875
sample_86ac4d61e6c34e77,320.65142822265625,328.2005615234375,336.153564453125,340.7795104980469,346.9263000488281,350.2784118652344,354.25531005859375,356.2283935546875,359.8011474609375,361.14422607421875,365.501953125,363.072509765625
sample_2d3b2cf8d8a17a87,421.9622497558594,416.415771484375,411.2174072265625,406.5708312988281,400.8840026855469,396.041748046875,391.76263427734375,387.4757080078125,384.20538330078125,381.2951354980469,379.1768798828125,377.97283935546875
sample_a3d6aec5c7576c70,385.7662658691406,390.48046875,396.4993896484375,401.89324951171875,406.093017578125,410.17938232421875,415.7488098144531,418.591064453125,425.8619079589844,426.97100830078125,425.3204345703125,426.3275451660156
sample_a442ab5131bd1d85,423.0578308105469,418.8089904785156,414.99566650390625,412.6960144042969,409.004150390625,405.7353210449219,404.0809020996094,401.9503173828125,400.04583740234375,397.9066162109375,396.5284729003906,395.3226623535156
sample_29c86f158e487940,374.9564208984375,376.3608703613281,377.9113464355469,377.5968322753906,379.33367919921875,380.3092956542969,381.9281921386719,386.05206298828125,389.047607421875,392.7288818359375,393.4184875488281,398.6174621582031
sample_9d11747d554d4a3e,599.158447265625,576.9087524414062,553.946044921875,534.0936279296875,514.20654296875,495.96453857421875,480.87603759765625,466.81451416015625,454.96246337890625,444.27001953125,434.8138427734375,427.0986328125
sample_865a673ff9e212b1,377.80926513671875,389.85498046875,403.3768310546875,411.21978759765625,425.5609436035156,438.9791259765625,444.1848449707031,444.53350830078125,446.914794921875,449.75372314453125,453.7625732421875,457.57720947265625
sample_36c5941d81bf4be4,370.1927185058594,367.8006591796875,363.6768493652344,365.3258056640625,364.1294860839844,365.4537658691406,368.1566467285156,367.5287170410156,368.4332275390625,370.74920654296875,372.091064453125,369.43505859375
sample_e232f8e6e50f06e7,471.4698791503906,457.9501037597656,443.0052795410156,431.59674072265625,420.3268127441406,408.5946350097656,396.7725830078125,384.38409423828125,375.0335388183594,366.5166931152344,358.96929931640625,352.94537353515625
sample_1031688b83e2039a,438.5617980957031,441.91961669921875,440.3457946777344,434.5323791503906,429.9709167480469,424.3452453613281,420.13555908203125,415.10626220703125,409.8684387207031,406.4697570800781,403.9202575683594,400.6822509765625
sample_efa0bc12d9a32777,358.5543212890625,359.4728088378906,358.8051452636719,358.2275695800781,355.86322021484375,353.3935546875,352.9949035644531,351.02703857421875,350.1329345703125,350.6101989746094,346.922119140625,347.54931640625
sample_60888962fd25ca1b,381.13433837890625,389.24322509765625,399.18157958984375,403.1351623535156,408.56390380859375,411.8778076171875,414.608154296875,415.3775329589844,417.78271484375,418.99871826171875,423.75372314453125,432.5947265625
sample_e98c2f4477357752,354.3236389160156,377.8519287109375,415.0762023925781,449.72845458984375,476.8992919921875,507.6824951171875,547.3926391601562,559.9574584960938,556.1196899414062,553.3699951171875,559.5699462890625,573.3739624023438
sample_c2f7caa1bef9ec58,426.4313659667969,424.0550537109375,422.96173095703125,421.84619140625,420.0338134765625,418.9170227050781,418.7896728515625,417.85540771484375,417.6492614746094,417.6618957519531,416.8634948730469,416.8655090332031
sample_156782210715e7be,319.05474853515625,320.1402587890625,321.5569763183594,322.3984375,324.9244079589844,328.44573974609375,332.7247009277344,335.8808898925781,339.8848876953125,343.3570251464844,346.1781921386719,349.2249450683594
sample_4b37a93391c5d60b,482.26519775390625,478.5166931152344,473.2944641113281,467.9353332519531,462.0472106933594,455.8940124511719,449.92303466796875,444.3096008300781,438.8355712890625,433.745849609375,429.4410095214844,425.78436279296875
sample_3bf9eb6a1b713626,372.084716796875,370.9833679199219,370.9710693359375,370.6820373535156,371.010986328125,371.63897705078125,373.2627258300781,373.3501281738281,374.3824462890625,374.5794372558594,375.58837890625,376.5231018066406
sample_fab0bf0ea9a4d975,379.6108703613281,382.2903747558594,387.3877258300781,390.7432861328125,402.57452392578125,416.52642822265625,423.9596862792969,435.7775573730469,461.64788818359375,484.153564453125,482.20953369140625,467.3531799316406
sample_f07610287ecc3e89,402.1479797363281,401.1546630859375,399.7800598144531,398.5909118652344,396.2439270019531,393.8054504394531,392.1341857910156,390.28253173828125,387.92803955078125,386.4643859863281,385.1452941894531,384.35455322265625
sample_a915c44ac7ac202d,388.2896728515625,386.86669921875,385.5245666503906,383.92510986328125,383.1093444824219,382.28082275390625,382.7674560546875,381.84185791015625,382.0085144042969,382.8091125488281,382.90557861328125,383.09063720703125
sample_c6f8749953e195af,393.4341125488281,387.9381103515625,380.57830810546875,374.9091491699219,367.57073974609375,360.8411865234375,355.6885681152344,351.4282531738281,347.8464660644531,346.80999755859375,344.5726318359375,345.03094482421875
sample_2fa0fe8c1e5563cc,422.5411071777344,414.45458984375,406.4383544921875,399.998291015625,392.4191589355469,386.78045654296875,382.5921630859375,380.2078857421875,378.8529968261719,378.0544128417969,376.0399475097656,373.6733093261719
sample_507070442578054e,530.2946166992188,519.1774291992188,501.4509582519531,484.72979736328125,469.51434326171875,455.85845947265625,444.255126953125,433.19427490234375,423.833984375,415.72467041015625,408.2926025390625,402.27850341796875
sample_fb222b75147378ab,321.1415100097656,321.90478515625,324.77215576171875,327.4275817871094,331.8874206542969,337.8402404785156,344.2562561035156,350.001220703125,358.22857666015625,365.4112548828125,371.3826904296875,377.625732421875
sample_02618879af651892,344.7650451660156,356.447509765625,374.2945556640625,400.2745361328125,428.2427978515625,439.30657958984375,438.1143798828125,445.02508544921875,452.3222351074219,462.7181091308594,469.1406555175781,465.99212646484375
sample_27ce0cdb916bb6fc,357.5802307128906,357.837646484375,359.0844421386719,359.305908203125,360.82916259765625,362.63531494140625,365.5780944824219,366.72747802734375,369.14581298828125,370.0340576171875,371.271728515625,372.58990478515625
sample_4a2a1c9164c8b5ee,396.6540222167969,396.8197326660156,397.3587951660156,396.4805908203125,396.61981201171875,396.2222900390625,395.6427917480469,394.8466491699219,394.1725769042969,392.4526672363281,391.162353515625,390.4085693359375
sample_c46ba09b7b5370ab,388.0939025878906,385.3268737792969,382.5032043457031,380.1431579589844,377.04876708984375,374.49151611328125,372.9052734375,370.6452331542969,368.19708251953125,366.8597106933594,365.6581115722656,364.45758056640625
sample_d3d3414528956728,355.80023193359375,368.33197021484375,378.7665710449219,383.42706298828125,390.09765625,393.26312255859375,394.9752197265625,394.9775390625,395.7088623046875,393.9534912109375,394.33721923828125,391.18353271484375
sample_b3cf295801522e73,419.08966064453125,412.699462890625,406.3281555175781,402.2563171386719,396.8961486816406,391.49951171875,386.9062194824219,382.62823486328125,378.81280517578125,374.27789306640625,372.0576171875,370.05999755859375
sample_023fb5e550a0caa2,556.8152465820312,553.8998413085938,545.1356201171875,535.5556640625,528.9788208007812,519.8192749023438,512.5352783203125,502.8553466796875,494.9050598144531,487.099609375,479.02935791015625,468.8541564941406
sample_e0cb91e667103dbc,328.6434631347656,331.9187316894531,336.547607421875,339.12353515625,343.76708984375,348.322265625,354.2856750488281,357.50970458984375,362.15155029296875,365.8116455078125,369.42510986328125,373.01959228515625
sample_fdde51eb17dac184,336.02667236328125,341.32470703125,347.7774658203125,351.7198791503906,357.8872375488281,364.2225036621094,370.4616394042969,375.2080383300781,381.4475402832031,383.69183349609375,385.6366882324219,388.0692443847656
sample_8f6f2981b2942393,378.1882629394531,381.640380859375,384.25592041015625,388.76019287109375,392.8172607421875,402.7088623046875,407.4629211425781,408.357177734375,410.92486572265625,412.1739196777344,414.0032958984375,417.1609802246094
sample_302a6d6b4c8b7d34,312.9560852050781,324.54376220703125,340.2380676269531,351.485107421875,353.5720520019531,353.8558654785156,358.76177978515625,368.7640075683594,381.2184753417969,404.0029296875,438.3685607910156,438.43695068359375
sample_574d962d8b059928,491.612060546875,477.523681640625,462.282958984375,449.3814392089844,435.863525390625,426.19708251953125,415.3443908691406,408.56036376953125,401.1202392578125,389.4282531738281,384.57354736328125,379.8298034667969
sample_17cfbe8d01eac8e9,309.1131896972656,312.1411437988281,317.4363708496094,321.9831848144531,328.6925964355469,336.99822998046875,346.0376281738281,352.91650390625,360.2663879394531,366.6327819824219,372.3871154785156,377.5882568359375
sample_4abf772adba312c6,512.7302856445312,511.1246032714844,508.343994140625,503.08551025390625,499.44256591796875,494.414306640625,490.86614990234375,480.9231872558594,469.75421142578125,456.7546081542969,448.44189453125,439.01617431640625
sample_0079d25c2c5ac3f2,352.96649169921875,352.8660888671875,355.451416015625,359.735107421875,363.4494934082031,368.5022888183594,373.1459655761719,378.2351379394531,381.02801513671875,387.193115234375,385.6870422363281,382.5751953125
sample_9273589b525f7104,592.6680908203125,563.3338012695312,532.4436645507812,506.4276123046875,482.176513671875,461.38299560546875,445.65216064453125,431.35345458984375,419.4334411621094,408.30706787109375,398.296142578125,389.8986511230469
sample_13e3fdff17574e41,381.11279296875,377.69378662109375,376.5308532714844,378.2429504394531,376.6526794433594,377.8674621582031,380.1398620605469,382.3177185058594,385.4500732421875,392.4472961425781,390.8364562988281,395.475830078125
sample_a569a28d12627566,472.37945556640625,469.20782470703125,462.1697082519531,453.7119445800781,446.1029357910156,436.9828186035156,429.2241516113281,420.82147216796875,414.2109375,408.4237060546875,402.6459655761719,398.1827392578125
sample_316b8ba936458e12,357.0707092285156,367.04241943359375,374.8487243652344,377.5323181152344,382.4954833984375,384.2911682128906,386.608154296875,385.0758361816406,385.84130859375,384.6816711425781,384.6799621582031,382.49798583984375
sample_9ef8cbf61e535a49,603.3739013671875,589.9583740234375,574.9224243164062,559.03466796875,545.063720703125,532.0062255859375,519.5953369140625,507.54339599609375,498.2439880371094,488.485595703125,479.8562316894531,472.83953857421875
sample_98bd2f8c574564a9,500.9381103515625,487.6213684082031,475.28411865234375,463.4330139160156,449.0526123046875,441.3994445800781,434.7868347167969,426.5603942871094,415.896728515625,410.273681640625,405.7095642089844,405.1492919921875
sample_76d163e2d49e9054,411.7679748535156,410.22381591796875,407.90643310546875,407.867431640625,405.8843078613281,404.16473388671875,403.61956787109375,402.4215087890625,400.8862609863281,399.7650451660156,397.04791259765625,396.0069274902344
sample_441284b3449b40b8,489.6285095214844,487.55609130859375,482.87799072265625,481.3165588378906,478.8612365722656,473.2982177734375,467.9651184082031,464.29266357421875,472.554443359375,488.8149108886719,496.29058837890625,515.9115600585938
sample_30593107ca8f4adc,423.98162841796875,419.0020751953125,414.52313232421875,410.5877380371094,405.7907409667969,401.555419921875,398.00262451171875,395.21807861328125,392.3420104980469,389.63818359375,387.5625,386.4963684082031
sample_ebc7d937425aa2fd,444.2308654785156,435.4098815917969,426.229736328125,419.91522216796875,411.56866455078125,403.9440002441406,397.0494689941406,391.340087890625,386.2348937988281,380.453369140625,376.5390625,373.5765686035156
sample_8d06777854284b11,518.759033203125,507.77679443359375,494.67333984375,482.6483154296875,469.015625,457.2833251953125,446.6988525390625,436.0146179199219,427.70806884765625,419.474853515625,412.4710693359375,407.27008056640625
sample_edbb355eac3f707d,612.4553833007812,604.6908569335938,594.5777587890625,587.6188354492188,579.5322265625,576.7123413085938,574.8489990234375,584.9706420898438,579.0426635742188,572.790771484375,566.3716430664062,558.5616455078125
sample_aec0f807a8d90ffd,555.1799926757812,553.1334228515625,551.8600463867188,547.003662109375,541.289794921875,533.2465209960938,529.4156494140625,520.49609375,513.79541015625,505.15130615234375,502.1291809082031,499.78045654296875
sample_6fc8cc1a4cd7265f,308.6431884765625,311.1144714355469,314.96392822265625,317.8007507324219,323.4262390136719,338.54046630859375,351.57611083984375,360.74365234375,371.9886169433594,378.5268249511719,383.3500061035156,389.69085693359375
sample_5b2ab25e3adae783,511.0655212402344,505.3609313964844,494.0230712890625,482.9829406738281,471.4820251464844,459.9774169921875,449.10382080078125,439.6485595703125,430.1590576171875,424.22308349609375,416.93572998046875,411.754150390625
sample_d04f18d13f906177,340.9211730957031,355.01422119140625,363.7942199707031,382.22296142578125,399.4642028808594,412.8702087402344,424.580078125,433.03863525390625,452.0054626464844,435.3770751953125,426.27581787109375,427.90057373046875
sample_d13d943358c49c6b,480.7788391113281,484.3288269042969,479.50543212890625,473.95477294921875,467.4638366699219,458.7492370605469,452.2135009765625,445.994384765625,440.4265441894531,435.99334716796875,431.87652587890625,428.440185546875
sample_2661de60ef3b7f96,329.5753173828125,333.3004455566406,340.0339050292969,349.96826171875,364.5390625,375.4759216308594,381.3238830566406,382.26568603515625,389.8953857421875,395.15948486328125,396.751953125,395.58953857421875
sample_a178a00324cf95f9,313.10302734375,314.3493957519531,315.8207702636719,320.0146789550781,322.451416015625,323.735107421875,327.63543701171875,330.0503845214844,335.0220642089844,341.30755615234375,340.53155517578125,340.7549743652344
sample_3ccbcfb353d3c6e8,607.6884155273438,604.9324340820312,601.1011352539062,595.7139282226562,587.0294799804688,578.6557006835938,572.895263671875,568.5062255859375,566.5914306640625,562.98828125,561.0775146484375,556.4434204101562
sample_4adf302e581253a9,379.94012451171875,378.04437255859375,379.2536926269531,381.2170715332031,384.14593505859375,389.5216369628906,400.9967041015625,416.4419250488281,435.996337890625,448.2722473144531,457.9312744140625,470.74505615234375
sample_24e7d0e681559842,365.20953369140625,365.84503173828125,368.66290283203125,370.8367614746094,375.95635986328125,382.2353820800781,391.3623352050781,399.0283508300781,405.3695373535156,412.8565673828125,417.184814453125,415.9343566894531
sample_f4041c9d78c9fe42,485.5991516113281,469.71142578125,452.08795166015625,437.7935485839844,422.66229248046875,408.7467041015625,397.4724426269531,386.7095031738281,378.0574951171875,369.70233154296875,362.5152282714844,356.8408508300781
sample_7bd68a27fe8f93b7,383.83160400390625,380.528564453125,375.32891845703125,370.9433898925781,363.7593078613281,358.3232116699219,354.9495849609375,353.60113525390625,351.366943359375,351.8616943359375,354.02581787109375,358.5989685058594
sample_d20aa291aa189fad,384.1746826171875,380.5433654785156,376.4473876953125,372.6961975097656,369.4481506347656,366.8641662597656,366.394775390625,365.9215087890625,367.2154846191406,371.2434387207031,376.7127685546875,382.6098327636719
sample_120fa03ca6c36d8d,439.3223571777344,433.7334899902344,428.34228515625,425.099853515625,420.177978515625,415.69525146484375,413.3108215332031,409.462158203125,406.9700012207031,404.390380859375,402.1075439453125,400.0257568359375
sample_9e1aa6b01fb87aa9,614.4451904296875,604.4693603515625,590.6461791992188,573.218505859375,559.9031372070312,545.348388671875,533.860595703125,521.984130859375,513.5194091796875,504.7557373046875,498.29791259765625,491.71875
sample_948c0f47f056a205,571.2936401367188,560.8407592773438,550.2847900390625,541.79833984375,534.3552856445312,527.9756469726562,523.3981323242188,519.1502685546875,515.9810791015625,509.9611511230469,504.754638671875,497.57916259765625
sample_4c39af3b40a750e6,345.8907470703125,347.1429443359375,350.0780334472656,351.5600280761719,355.1968688964844,359.1351013183594,363.64111328125,367.2113952636719,372.49761962890625,375.33526611328125,379.6446228027344,383.22039794921875
sample_c3aeaebb20549903,535.182861328125,525.5185546875,516.313232421875,505.9063720703125,497.5306396484375,488.810302734375,481.27392578125,473.221435546875,467.00286865234375,461.1866455078125,456.1088562011719,452.24993896484375
sample_0013684ef0a5399e,623.5965576171875,608.8599853515625,590.644775390625,572.6790161132812,544.8361206054688,518.4835815429688,498.8902587890625,476.50946044921875,466.64569091796875,453.365234375,453.14776611328125,447.7544860839844
sample_160f2acf2c52b3af,313.112060546875,316.430419921875,320.64483642578125,322.90032958984375,327.1482238769531,330.7721252441406,334.916015625,336.9537658691406,341.01275634765625,342.9747009277344,346.3928527832031,347.83111572265625
sample_e053cb13ca8ea306,396.895751953125,390.78472900390625,383.3974609375,380.2728576660156,371.7268371582031,367.43267822265625,365.017822265625,361.2689208984375,362.9244689941406,365.4578857421875,360.8888854980469,360.690673828125
sample_2bb3135f2c964e64,575.92431640625,563.565673828125,546.6173706054688,520.8185424804688,496.63592529296875,476.609375,456.17486572265625,447.6383056640625,435.71063232421875,433.08917236328125,428.7802734375,418.85382080078125
sample_c9dfdda2a583a18d,471.0312805175781,475.1020202636719,480.86041259765625,499.0940246582031,520.7606201171875,535.7310791015625,560.1531372070312,589.9403686523438,613.8621215820312,604.6209106445312,598.2908325195312,586.3343505859375
sample_35431ae3419ff7ac,316.2935485839844,320.799072265625,328.20819091796875,336.6053466796875,349.6206970214844,359.0959777832031,357.182861328125,363.98431396484375,365.1622619628906,377.8475341796875,394.7325134277344,387.8612976074219
sample_c2b9a100a65495aa,366.7752990722656,363.3493957519531,359.8639831542969,358.4981994628906,355.4828796386719,353.292724609375,352.2358093261719,350.92999267578125,349.2822265625,350.0962219238281,350.3597412109375,353.201904296875
sample_e6a506615dddbe5f,321.00714111328125,321.298583984375,323.9247131347656,326.0862121582031,329.9384765625,334.3758239746094,340.8489074707031,344.2266540527344,350.6473083496094,355.88287353515625,360.17730712890625,364.82916259765625
sample_847d947fa62d5df7,330.0109558105469,330.7194519042969,332.1071472167969,336.20458984375,339.07635498046875,340.9521179199219,341.93524169921875,343.0995178222656,342.76104736328125,345.6214904785156,347.5355224609375,352.79986572265625
sample_dabcebbe3c891989,342.0145263671875,368.47576904296875,401.29962158203125,429.04296875,453.37420654296875,466.6595153808594,477.7082214355469,479.53363037109375,479.7362060546875,490.12811279296875,507.68658447265625,523.058349609375
sample_43e714cf1a278a6d,378.01611328125,384.0451354980469,389.95843505859375,391.4803466796875,395.9870910644531,396.81524658203125,398.2591552734375,396.1741027832031,396.8739929199219,394.2001953125,394.0693359375,390.7872619628906
sample_e9feccd0d21f4fdd,578.0734252929688,553.6831665039062,529.6117553710938,511.0097961425781,491.80560302734375,474.33477783203125,458.78802490234375,445.353515625,433.17291259765625,422.1748046875,412.8562316894531,406.2122802734375
sample_40653fb5286966aa,392.3348388671875,420.2776794433594,454.7994079589844,493.7638854980469,531.253173828125,560.6817626953125,569.0381469726562,571.4556884765625,576.24560546875,568.1085815429688,558.9144897460938,544.96875
sample_21a3925795227c7b,587.3551635742188,579.5949096679688,564.1187133789062,552.6168212890625,542.567626953125,530.4030151367188,518.2946166992188,502.0959777832031,500.0355224609375,490.9894104003906,479.1053466796875,482.1506042480469
sample_8330221633cb22fb,442.6982421875,438.71923828125,431.49560546875,424.6454162597656,417.3963928222656,411.82232666015625,406.75421142578125,403.6926574707031,399.6338195800781,397.4892578125,393.1053161621094,393.3905334472656
sample_d434fbb85c8f47bc,401.2838439941406,405.33001708984375,406.98516845703125,403.8001403808594,402.6792297363281,398.92999267578125,396.0870361328125,392.457763671875,388.7213439941406,385.0154113769531,382.8640441894531,379.54693603515625
sample_9c0bcc17b8fa9e0e,574.6790161132812,576.9432983398438,576.765625,570.1396484375,565.692626953125,560.2914428710938,550.1311645507812,541.5299682617188,534.46240234375,527.4285278320312,522.7665405273438,518.1962280273438
sample_54a9a683c686fd37,360.12176513671875,363.5180969238281,370.6724853515625,376.28924560546875,379.3203125,381.4414367675781,384.7555847167969,389.0452880859375,394.357666015625,411.0021057128906,431.2069091796875,452.5184326171875
sample_9d7877bedc0c2560,347.8988342285156,348.86309814453125,349.92669677734375,349.6170959472656,350.4925842285156,351.7412414550781,352.6589660644531,353.88848876953125,356.412109375,366.5339050292969,373.85797119140625,378.8634033203125
sample_04f8bfa14818e857,527.6275024414062,526.908203125,525.8218383789062,524.52294921875,523.6654663085938,522.1692504882812,521.2291259765625,519.9749145507812,519.4824829101562,518.4248657226562,518.0330200195312,516.8982543945312
sample_b17b5bebc9cc6ed1,399.7835693359375,425.8237609863281,465.35516357421875,506.46710205078125,547.4544067382812,592.169189453125,616.421142578125,617.8524169921875,600.1131591796875,577.1085815429688,543.9887084960938,509.7752685546875
sample_2065e5d7f04c2f01,320.47705078125,337.51080322265625,364.40814208984375,401.330078125,419.79632568359375,434.69549560546875,438.8388671875,459.496337890625,478.0028991699219,474.89581298828125,470.7484130859375,483.2953796386719
sample_c966b5ed28fca0bc,336.8179626464844,343.8204040527344,352.2083435058594,358.3158264160156,374.158447265625,387.6351623535156,396.6518249511719,396.61822509765625,391.455078125,391.9569091796875,399.8420715332031,403.8658447265625
sample_d31efad2fd13f3bf,359.0699157714844,357.4962463378906,357.37188720703125,356.9131164550781,356.94110107421875,357.6470642089844,358.74383544921875,359.95458984375,360.78216552734375,362.6349792480469,363.4460754394531,364.5890197753906
sample_5139705ad99aa113,405.6935119628906,399.0257873535156,393.5224914550781,388.86761474609375,384.8211364746094,382.33111572265625,381.2662048339844,380.0486145019531,378.08819580078125,378.2394714355469,377.4092102050781,377.93597412109375
sample_18ed84aa379feef7,419.4870910644531,427.0447998046875,434.18145751953125,439.1186218261719,447.58319091796875,446.1829833984375,448.8005676269531,446.1334533691406,441.83380126953125,440.9868469238281,446.3897705078125,440.91827392578125
sample_69af8bd521a327f2,359.1797790527344,358.277099609375,358.995361328125,359.5892639160156,360.05999755859375,361.47137451171875,363.9140930175781,365.5249328613281,367.8199462890625,369.1597900390625,371.02813720703125,372.8701171875
sample_09309318b478645c,394.18389892578125,389.97955322265625,387.2944641113281,385.73773193359375,384.2236328125,384.42401123046875,385.98211669921875,391.4765930175781,395.0933532714844,400.7992858886719,403.0938415527344,406.0468444824219
sample_73f8a4e89fbbf40c,372.21649169921875,380.6888732910156,394.8487243652344,406.21173095703125,425.5619812011719,446.1656799316406,461.0807189941406,474.31658935546875,486.41546630859375,503.8045654296875,521.2643432617188,537.5213623046875
sample_0c559b72f5ee284e,300.65313720703125,305.05938720703125,312.6245422363281,318.976318359375,328.1254577636719,337.89056396484375,347.8426208496094,353.594482421875,360.49407958984375,366.2513122558594,371.33233642578125,375.58306884765625
sample_47ca03576ff9443a,324.4412536621094,325.30303955078125,328.3156433105469,330.8780822753906,335.6844482421875,341.8116760253906,349.153076171875,353.64190673828125,361.1786804199219,367.2934265136719,373.38580322265625,378.40496826171875
sample_46aa23a8ab11be3e,416.2298889160156,415.44769287109375,415.9224548339844,416.25653076171875,417.5252990722656,419.4919128417969,422.43017578125,423.7588195800781,427.82586669921875,429.3768005371094,431.8540954589844,433.77728271484375
sample_0f46c4202bf91ec4,358.2516784667969,368.34088134765625,376.73773193359375,382.6819152832031,389.9841003417969,395.12939453125,398.34197998046875,400.5029602050781,401.4095458984375,400.1094665527344,401.2263488769531,401.3197326660156
sample_a374008011ff3bca,393.4461669921875,390.31622314453125,387.857421875,385.2010192871094,384.0741271972656,382.498779296875,382.4242248535156,381.70794677734375,381.9155578613281,382.4790954589844,383.4427795410156,384.6074523925781
sample_802c4a7511340745,412.274169921875,418.3608093261719,425.3055725097656,430.654541015625,436.11279296875,440.1939392089844,445.23846435546875,453.8622741699219,465.452880859375,474.73138427734375,479.47015380859375,495.187255859375
sample_7fc1c2bc9131cef1,342.59173583984375,346.13726806640625,357.1109619140625,366.8782958984375,380.23345947265625,401.5305480957031,424.8336181640625,439.8250732421875,444.35272216796875,462.68701171875,484.08587646484375,502.52783203125
sample_b6b2bedb97228c95,428.3558044433594,429.85595703125,430.02593994140625,425.72314453125,423.0459289550781,418.3011779785156,415.0993347167969,411.1435546875,407.7702331542969,403.9281005859375,401.7161865234375,398.5401916503906
sample_8c2b67897e414125,375.5934753417969,375.03399658203125,377.1024169921875,380.7431640625,391.18798828125,405.3733215332031,417.7517395019531,431.36737060546875,442.14263916015625,443.61187744140625,444.087646484375,446.2008972167969
sample_abd0a2eaf7cb4046,375.3621520996094,372.7106628417969,369.01702880859375,365.00225830078125,362.1546936035156,360.2720642089844,360.85369873046875,363.2926940917969,361.74530029296875,360.05975341796875,356.9017028808594,357.3981628417969
sample_4500214616e55071,424.1472473144531,429.8233337402344,430.9579162597656,428.2225036621094,426.6221008300781,422.22662353515625,418.8681335449219,414.9537353515625,410.4768981933594,406.5361633300781,403.8205261230469,400.3519592285156
sample_342cd8b590222ce5,323.44732666015625,330.2263488769531,339.23663330078125,346.7879638671875,355.6206970214844,363.1944580078125,371.0826110839844,375.44195556640625,379.5938415527344,383.6915588378906,388.661865234375,389.41973876953125
sample_b9d8bc4599901213,350.4837951660156,355.6842041015625,366.3052978515625,377.2089538574219,390.23345947265625,412.1919250488281,432.06646728515625,446.17083740234375,456.8472900390625,467.7997741699219,486.86505126953125,503.8668212890625
sample_944dd93dfdd60092,415.53564453125,410.31982421875,405.6758117675781,402.7034912109375,398.7283935546875,395.47760009765625,393.5731201171875,390.9435119628906,388.40814208984375,386.6554260253906,385.3553161621094,384.3814392089844
sample_9bd4b758f5dfc0d7,490.3453369140625,479.22247314453125,468.64581298828125,458.5168762207031,448.7044677734375,437.59210205078125,428.74090576171875,421.91973876953125,416.172119140625,413.41552734375,411.576171875,409.69476318359375
sample_d8a31b3b8c283bd6,433.4820861816406,427.2410583496094,420.4669189453125,414.8922119140625,407.56414794921875,400.3609619140625,394.02880859375,388.35028076171875,382.5623474121094,377.21575927734375,372.83148193359375,370.1252746582031
sample_94d6bbd780ee5fee,328.677734375,329.4308776855469,333.98760986328125,341.19732666015625,353.2491149902344,370.5391845703125,383.2080993652344,395.0419616699219,408.36163330078125,418.2284240722656,431.3835754394531,436.6203918457031
sample_b54a8aab5beb87ae,290.6866455078125,290.7456359863281,293.1886291503906,295.2308654785156,298.4508972167969,302.4044189453125,307.449951171875,311.4825744628906,315.89300537109375,321.4773864746094,325.5938415527344,330.08160400390625
sample_e655298e9db64530,468.1478271484375,459.855224609375,447.6882629394531,440.9402160644531,428.9432067871094,424.3160400390625,423.9226989746094,418.3163757324219,419.2564697265625,411.5796813964844,406.83148193359375,406.17950439453125
sample_38e068a167ad7007,451.2117919921875,449.169921875,443.9825744628906,441.56494140625,438.02392578125,436.2586669921875,434.79095458984375,431.67742919921875,429.7312316894531,428.1595153808594,426.5337829589844,423.819091796875
sample_4768854fcf248743,394.8952331542969,393.8155822753906,391.65679931640625,387.2679443359375,384.8402099609375,381.408203125,378.9960021972656,375.318115234375,372.5441589355469,369.5087585449219,368.09228515625,366.09735107421875
sample_5fe7b2b2df3f7a6b,359.12957763671875,360.95989990234375,364.3180236816406,366.1144714355469,369.1317443847656,371.0548400878906,372.3091125488281,372.49273681640625,372.99554443359375,374.2471008300781,375.1656188964844,376.4125061035156
sample_2d143fe1d6d2244b,430.75384521484375,433.66168212890625,432.2067565917969,429.1959228515625,429.00830078125,425.7870788574219,423.70343017578125,423.3698425292969,418.59661865234375,418.5963439941406,418.6231994628906,416.57708740234375
sample_1829e7c51870c80c,351.09527587890625,349.2096252441406,351.1531066894531,354.1854553222656,358.2419738769531,363.8363342285156,369.8878479003906,374.8656311035156,381.626708984375,388.6488952636719,398.3504638671875,413.124755859375
sample_db1ed1d5fea725cb,407.42144775390625,412.68060302734375,416.0134582519531,414.6690673828125,415.47589111328125,413.20501708984375,411.7344055175781,408.2825622558594,406.1598205566406,403.66168212890625,402.15838623046875,400.7685852050781
sample_4b6636d4728d3e5b,286.6175842285156,290.5317077636719,296.221435546875,299.37188720703125,305.7427673339844,312.316162109375,319.716796875,325.2148132324219,331.3271789550781,335.06793212890625,340.8968505859375,344.98272705078125
sample_9a5f1a9b93fd644c,369.64007568359375,369.0052795410156,371.3340759277344,374.63446044921875,377.1981506347656,376.4701232910156,379.83612060546875,387.2266540527344,394.22381591796875,398.1490478515625,396.8403015136719,392.09393310546875
sample_65b8cf23d454a128,486.82177734375,475.90264892578125,464.17340087890625,452.6402587890625,441.2787170410156,430.5823974609375,421.05462646484375,412.4654846191406,404.4910888671875,398.0414123535156,391.8712158203125,387.4850158691406
sample_2a242f2870e04dc1,589.4169921875,565.0751953125,540.6123046875,519.06787109375,497.1553039550781,476.2916564941406,459.09332275390625,444.76025390625,432.78900146484375,423.2477111816406,414.7908630371094,408.88177490234375
sample_d81097cd7bbdfb18,442.6926574707031,436.223876953125,428.30035400390625,420.56964111328125,412.91387939453125,405.37677001953125,398.9311218261719,392.40789794921875,386.71856689453125,381.356201171875,377.083251953125,373.40545654296875
sample_8c553284d19c77c3,410.0536193847656,403.0663757324219,396.35552978515625,391.8506774902344,386.5768127441406,382.267333984375,379.45989990234375,377.2418212890625,375.3550720214844,373.82891845703125,371.9012756347656,371.1658630371094
sample_354e35c74b667fd3,293.1084899902344,301.5950012207031,315.73773193359375,326.2778625488281,339.74847412109375,351.57366943359375,363.2728271484375,373.3403015136719,382.068603515625,388.39794921875,393.5205078125,394.72882080078125
sample_6bc5c8742aaff4a9,335.1921081542969,337.0570373535156,342.43609619140625,348.12353515625,362.5562744140625,379.2102966308594,388.1007080078125,392.6826171875,394.75006103515625,398.7799987792969,401.86590576171875,405.64312744140625
sample_2904e9a4c8d3832b,476.5500183105469,486.7329406738281,490.0987548828125,488.5315246582031,486.7498779296875,483.85174560546875,475.4206848144531,464.92449951171875,454.9820251464844,446.96820068359375,439.0302429199219,433.914306640625
sample_7676aaccd1475559,285.2540283203125,288.9507141113281,293.6934509277344,297.70233154296875,303.59881591796875,309.20794677734375,316.0166015625,321.15380859375,327.60809326171875,331.2603759765625,337.52581787109375,341.4843444824219
sample_60d002e99b6a1e0f,488.1329040527344,513.0851440429688,535.854736328125,556.1317138671875,560.9189453125,543.439208984375,518.411865234375,497.67919921875,483.2671813964844,473.21771240234375,467.2265625,459.05767822265625
sample_fdf45e9d2845fce9,371.08953857421875,371.0093994140625,372.361572265625,372.6503601074219,374.5457458496094,376.7388000488281,379.6520080566406,380.9859619140625,383.765380859375,386.0608825683594,390.8049621582031,391.4554443359375
sample_e0a17768680fc648,442.6021423339844,438.80364990234375,435.565185546875,433.68792724609375,431.1232604980469,430.8611145019531,438.80364990234375,455.6274719238281,466.7563781738281,487.8619384765625,498.5174255371094,505.73614501953125
sample_049dc8b66fdab047,490.5382385253906,476.4425354003906,460.3664245605469,446.4806213378906,431.0257263183594,417.037841796875,406.0067443847656,395.4044189453125,386.24615478515625,377.90155029296875,370.58062744140625,364.9486389160156
sample_cdf8b8a4e385ec12,294.044189453125,297.5103759765625,303.1728210449219,307.5787353515625,313.4366455078125,318.3860778808594,323.8157653808594,328.8690490722656,334.9345703125,345.31744384765625,359.5903015136719,367.02850341796875
sample_c6c20f9cab0c9f3b,330.5414123535156,332.2962951660156,335.5748596191406,338.51123046875,343.4102478027344,347.6225891113281,352.2869567871094,354.6961364746094,356.76983642578125,360.4149475097656,362.8062744140625,365.6651916503906
sample_46115e3157895047,445.3265075683594,452.0616455078125,452.02813720703125,447.8928527832031,443.0004577636719,434.92724609375,429.15045166015625,434.13299560546875,448.0058288574219,461.47906494140625,482.4542541503906,499.03369140625
sample_df2b7c8377bf0749,575.0458374023438,550.5250244140625,523.7788696289062,500.8194885253906,476.3544921875,455.08319091796875,438.89801025390625,425.72296142578125,414.1947021484375,404.3361511230469,396.8509521484375,390.327880859375
sample_f2aa5e4f8177c4a7,384.826171875,383.5276184082031,382.614990234375,381.1112976074219,380.4642639160156,379.7896423339844,380.6196594238281,379.686767578125,379.9106140136719,380.1479187011719,380.5760498046875,380.6590576171875
sample_0b26aa755b3910ee,501.6183776855469,483.13848876953125,463.5586853027344,449.7500305175781,432.76007080078125,418.02276611328125,406.10113525390625,395.567138671875,387.48712158203125,380.1202392578125,373.76788330078125,370.6246337890625
sample_c1482dbc36292bc7,304.12176513671875,308.6830139160156,314.4855041503906,318.55413818359375,322.7802734375,326.2985534667969,329.8658752441406,331.7503967285156,333.384765625,334.5986022949219,335.45294189453125,335.9996032714844
sample_2b7f06acd135aae4,473.8941650390625,475.3377380371094,471.9319152832031,465.16748046875,461.34844970703125,455.63555908203125,452.1368408203125,445.60455322265625,440.19549560546875,434.39715576171875,430.3853759765625,426.66162109375
sample_6eb22f86dd558e82,364.66314697265625,366.25958251953125,369.029541015625,368.92767333984375,370.791748046875,371.2755432128906,372.53631591796875,371.5910339355469,372.9234924316406,372.7073974609375,373.7053527832031,373.98114013671875
sample_89ae42348df70ce1,463.1015930175781,454.2819519042969,444.9519348144531,437.92327880859375,428.35577392578125,419.2236633300781,410.8276062011719,404.8824462890625,398.9985046386719,394.82611083984375,389.3959655761719,386.9691162109375
sample_e5f3b4a35eae31b2,283.63836669921875,286.64483642578125,291.6377868652344,295.77655029296875,301.8861999511719,308.2286376953125,315.128173828125,320.1775207519531,326.7577819824219,332.080078125,336.7952575683594,340.7064208984375
sample_feb870857a91424e,393.95648193359375,393.54376220703125,397.46136474609375,402.0022888183594,405.3656311035156,420.0997619628906,439.05865478515625,459.9470520019531,473.6609802246094,492.6390075683594,509.0469970703125,510.22589111328125
sample_aa26cfd1e4cb322e,406.90802001953125,403.55487060546875,396.0653991699219,391.0760498046875,383.87841796875,376.8192443847656,369.8030700683594,366.3570556640625,362.55682373046875,361.3089904785156,360.009033203125,361.74749755859375
sample_e10d661db4c0684f,330.8740234375,332.2821044921875,333.7704162597656,336.70037841796875,340.8124084472656,344.5873718261719,349.57415771484375,355.58428955078125,353.8577575683594,354.9532165527344,357.1035461425781,354.5077209472656
sample_f1ac6e751b432ff4,462.0179748535156,470.8508605957031,477.2923278808594,481.7545166015625,484.29425048828125,483.16357421875,474.1850891113281,465.4825744628906,460.865478515625,458.5545349121094,455.79241943359375,453.6369323730469
sample_98b8b01e3f680d6c,321.59173583984375,326.0487365722656,333.5133972167969,339.513427734375,348.4691162109375,358.43585205078125,367.01275634765625,372.74365234375,379.697998046875,385.53558349609375,391.09295654296875,395.97235107421875
sample_f4bfaf53ac02891e,447.3256530761719,457.9695129394531,464.96051025390625,467.4423828125,469.8583984375,468.5677490234375,469.6889953613281,466.35040283203125,462.1852111816406,451.62744140625,445.0671081542969,435.5708312988281
sample_f309fa228b92c6cb,349.5675964355469,349.1166076660156,350.0666809082031,353.32965087890625,359.5245056152344,373.0177307128906,389.8102722167969,403.3266906738281,396.08642578125,397.2309875488281,391.1441955566406,381.64263916015625
sample_dda0ec8703208e8c,394.8338928222656,396.98388671875,399.0400695800781,397.46063232421875,401.0810241699219,404.9776611328125,412.1585693359375,417.2486877441406,430.5235595703125,444.14593505859375,453.6150207519531,456.1479797363281
sample_f0b18de55d95325b,659.3592529296875,648.4758911132812,633.4513549804688,617.2015380859375,603.2776489257812,588.2894287109375,575.575927734375,562.95361328125,553.0335693359375,543.684814453125,536.1071166992188,529.5018920898438
sample_b84e718397363c77,420.00738525390625,421.1925964355469,422.70172119140625,421.30865478515625,420.2244567871094,419.6646728515625,421.0856018066406,424.3855285644531,429.5015869140625,432.9820556640625,432.890869140625,437.0126037597656
sample_682e70a494cdf8ed,404.4414367675781,427.8609313964844,443.2432861328125,452.37689208984375,458.69183349609375,461.4999694824219,467.419677734375,479.79119873046875,489.91876220703125,505.1651306152344,525.61767578125,530.9732666015625
sample_4d2b4dbcaf181640,444.1015930175781,432.5209655761719,420.6178894042969,406.0612487792969,391.12762451171875,377.9842834472656,365.94140625,363.0078430175781,359.19390869140625,361.9442138671875,359.6724853515625,352.14605712890625
sample_4c29b121bae29bd3,313.6706848144531,316.778076171875,319.5194396972656,323.84228515625,329.5232849121094,332.4414367675781,343.2983093261719,354.9944763183594,352.6168212890625,373.7003173828125,384.84735107421875,366.7090148925781
sample_266551f8b9ea9303,364.3046875,394.4194030761719,430.63519287109375,466.10577392578125,498.7549743652344,530.5789794921875,561.3861694335938,600.2117309570312,628.1385498046875,653.321044921875,687.7059936523438,726.489501953125
sample_3ce884f8ab4ce5ed,384.8528137207031,394.6393737792969,401.7931823730469,408.7149658203125,411.5958557128906,418.3184814453125,423.98492431640625,424.2724609375,411.7936096191406,411.57769775390625,416.0178527832031,425.01568603515625
sample_392d2a4380983bf3,484.5735778808594,479.6351623535156,472.1619873046875,463.4627685546875,454.05780029296875,442.77252197265625,430.5850524902344,422.15704345703125,414.6947937011719,408.77410888671875,403.01873779296875,399.4700927734375
sample_ae37578fdd1a666c,521.773193359375,493.984375,471.6108703613281,455.57916259765625,441.55572509765625,428.29522705078125,414.1257019042969,400.90264892578125,388.4591979980469,377.4138488769531,367.5682373046875,360.76422119140625
sample_ff482ebe0bd7dd9c,350.18963623046875,353.9687805175781,358.6866455078125,360.6525573730469,364.23260498046875,366.0462951660156,368.0777282714844,367.8435974121094,369.2943115234375,368.0035400390625,368.9781188964844,368.8692626953125
sample_f43b8e8c98a241fc,275.64532470703125,280.6690979003906,287.80523681640625,293.8194580078125,301.54412841796875,311.37384033203125,320.9053649902344,328.44873046875,336.34002685546875,343.4228515625,348.61944580078125,353.41387939453125
sample_a91f5f153a08d141,332.5480041503906,340.1046447753906,348.2924499511719,352.26702880859375,357.80108642578125,361.2449645996094,364.58160400390625,366.30633544921875,368.7328186035156,369.2188415527344,369.7691955566406,369.7148742675781
sample_92f528688d3bf24d,428.1007080078125,422.59283447265625,416.1197814941406,412.6034851074219,407.6275329589844,403.7110595703125,401.92724609375,401.7164001464844,398.6912536621094,396.7040100097656,394.5054931640625,394.8836975097656
sample_563fbb15c0edd6b3,360.2085876464844,359.50909423828125,359.23858642578125,357.64691162109375,357.9312744140625,358.37030029296875,359.4454040527344,358.8181457519531,359.1990661621094,359.4332275390625,360.3192138671875,360.6404113769531
sample_98a8ebab6521498c,323.6744079589844,329.2554016113281,336.6247863769531,341.3896179199219,353.6698303222656,371.89898681640625,380.0185852050781,379.1063537597656,373.3140869140625,376.0851745605469,384.7643127441406,392.3642272949219
sample_7e305228398b968f,366.5854797363281,366.57012939453125,367.4103088378906,369.1510925292969,372.8695373535156,378.8615417480469,385.11669921875,395.4757995605469,401.2329406738281,406.5638427734375,414.6583251953125,417.82330322265625
sample_caa449088cfc4523,548.5764770507812,570.0480346679688,573.2427368164062,566.47216796875,565.94970703125,562.9676513671875,549.9150390625,549.6046752929688,552.574462890625,546.1513061523438,532.4445190429688,523.953857421875
sample_af4ba808de832497,464.3009338378906,452.7685241699219,440.6729431152344,431.81365966796875,420.6410827636719,410.4997253417969,403.1523132324219,397.1163330078125,391.07672119140625,387.1920166015625,382.8102722167969,380.4210510253906
sample_2db3d321dd8db5e0,308.4362487792969,314.81268310546875,322.36151123046875,329.4488830566406,337.2015075683594,343.9288330078125,348.65570068359375,351.9436340332031,355.9106140136719,360.41265869140625,369.5903015136719,380.8593444824219
sample_a83e353bfb564be8,429.67266845703125,436.2538757324219,438.4305725097656,435.9753112792969,434.82281494140625,430.7995300292969,427.3591613769531,422.4062805175781,418.07373046875,413.4314880371094,410.79779052734375,406.9613952636719
sample_c51361562f214cb5,390.2005615234375,387.7426452636719,385.23248291015625,384.5733947753906,382.9212951660156,383.6996765136719,383.46893310546875,384.0825500488281,383.5616760253906,386.9854431152344,387.124755859375,389.4183349609375
sample_26837e6f7ec759ea,485.5908203125,471.5429382324219,458.5053405761719,448.2830505371094,436.67706298828125,426.5709228515625,418.28875732421875,410.4417419433594,404.25250244140625,398.5700988769531,393.5841369628906,390.8194274902344
sample_4b705b6b6dfcf9c2,348.5168151855469,349.08355712890625,351.23388671875,352.24945068359375,354.1475524902344,356.5831604003906,360.3885192871094,361.530029296875,364.43646240234375,364.9854431152344,366.6702575683594,367.3721923828125
sample_c7b668357689e8c6,306.2723083496094,311.7510986328125,319.54156494140625,327.8367919921875,338.6328430175781,350.0133056640625,360.7242736816406,369.8385925292969,387.54376220703125,408.46551513671875,445.5469970703125,478.51873779296875
sample_c22fb240ef804d77,377.1101989746094,379.8633728027344,383.3251037597656,384.9245300292969,391.9700622558594,396.9915771484375,399.6482238769531,403.7334289550781,413.5213928222656,420.634765625,420.796142578125,425.57281494140625
sample_86679ac78aa09b5e,488.7959289550781,478.1798095703125,466.0900573730469,455.6652526855469,443.8038024902344,432.74774169921875,424.884521484375,416.93328857421875,413.5257263183594,410.9597473144531,407.34295654296875,404.14215087890625
sample_a564dffc61ed8fb3,390.01446533203125,387.6392822265625,386.1907958984375,386.65625,387.5688171386719,391.4970397949219,397.5291748046875,410.08087158203125,408.21630859375,408.2493591308594,411.0401611328125,409.09716796875
sample_d36cfb032768ce36,352.1195373535156,358.36492919921875,365.56976318359375,367.9436340332031,370.6809387207031,372.1380615234375,374.1783142089844,374.56396484375,377.33489990234375,375.9989929199219,377.13580322265625,376.8905334472656
sample_eeac0eb025842d0d,316.4742431640625,317.981689453125,320.88702392578125,323.1180114746094,328.66290283203125,336.7283630371094,345.21875,349.48260498046875,359.3131103515625,367.39202880859375,374.59735107421875,376.4281921386719
sample_b03f39b2b5dfb575,334.9483642578125,337.381591796875,341.86669921875,345.04046630859375,351.2701110839844,359.1951904296875,366.9273376464844,372.7944641113281,379.4313049316406,384.8599853515625,390.25018310546875,396.03759765625
sample_e56e02dad762fece,365.7302551269531,366.7716979980469,369.02728271484375,371.1360168457031,374.1541442871094,377.828125,382.6061706542969,384.501220703125,388.49822998046875,391.43414306640625,393.2113342285156,395.5322265625
sample_b3a71b0232f49280,366.93927001953125,367.3385314941406,370.4169616699219,373.8034973144531,376.8526916503906,381.0888977050781,385.0190124511719,386.71478271484375,389.86212158203125,394.8899230957031,396.3160095214844,399.2255859375
sample_2f31ebc640ceb991,419.06280517578125,410.95355224609375,403.88287353515625,400.38739013671875,394.5200500488281,391.79986572265625,391.75421142578125,392.7740173339844,393.7888488769531,396.1631774902344,395.4838562011719,396.4621276855469
sample_1716e9e3f03cefea,367.86651611328125,369.9477844238281,374.05743408203125,376.701171875,381.7820129394531,387.2943115234375,394.38885498046875,397.5876770019531,399.3370666503906,399.3369445800781,400.2435607910156,401.9725036621094
sample_5feaf6465de6da2d,275.3651428222656,282.8573913574219,292.0007629394531,298.9783020019531,309.24615478515625,318.53485107421875,328.286376953125,334.2724609375,342.26837158203125,346.5457458496094,352.6485900878906,355.2989501953125
sample_5dd8ea42457ed034,390.9418640136719,420.0397644042969,450.35687255859375,474.8961486816406,505.427001953125,520.8478393554688,521.0277709960938,519.4251708984375,520.1266479492188,522.8005981445312,528.9215698242188,534.7408447265625
sample_d1acfc296cb4a2d5,505.43121337890625,493.96868896484375,478.70086669921875,464.3830261230469,449.6897277832031,436.13201904296875,425.1115417480469,415.275634765625,406.1246032714844,398.2999572753906,391.1424255371094,385.6083984375
sample_76b85ca3cc0a1944,501.5382385253906,515.9345092773438,517.5172119140625,512.2359619140625,505.1568908691406,498.8851623535156,487.925537109375,475.3310852050781,479.64312744140625,473.1059265136719,472.03631591796875,476.26220703125
sample_1886fb78df2f336d,418.2979431152344,420.0330505371094,422.8489685058594,423.19219970703125,425.2652587890625,426.9445495605469,429.29229736328125,428.9961242675781,432.31170654296875,433.21942138671875,433.8888854980469,434.664306640625
sample_81b747d6da230ac5,407.2023010253906,407.5074462890625,406.88848876953125,405.03826904296875,404.20526123046875,404.978271484375,404.15478515625,409.5418701171875,422.1679992675781,415.3126525878906,407.2857971191406,401.43438720703125
sample_b795a6ed7540c562,431.1537170410156,439.3604736328125,446.91741943359375,451.1843566894531,450.18121337890625,448.09185791015625,447.69287109375,456.8114013671875,470.35211181640625,477.26544189453125,479.5735168457031,480.04083251953125
sample_6972dd674065c490,379.79095458984375,379.4919128417969,376.3808288574219,373.3014221191406,368.1557312011719,365.8732604980469,361.6124267578125,357.9774475097656,353.6878662109375,353.4827575683594,352.5099182128906,355.8435974121094
sample_3fadd1b7b6a8cdda,333.0313720703125,332.7548828125,334.1545104980469,335.4511413574219,337.88543701171875,341.6427307128906,347.62701416015625,352.0266418457031,358.0697937011719,361.5398254394531,366.38446044921875,369.5005798339844
sample_1435433c82395272,372.8823547363281,375.5755310058594,379.2556457519531,380.8997497558594,383.82562255859375,387.9587707519531,390.5491027832031,396.4825744628906,401.78826904296875,408.8359680175781,413.8592834472656,415.9375915527344
sample_9f91add5ba88de7d,357.03289794921875,358.4373474121094,362.0919189453125,364.6842346191406,369.1753234863281,374.0080261230469,379.2339172363281,382.08258056640625,386.1939392089844,389.5709228515625,391.7254638671875,394.0267333984375
sample_35bf5867b4bd6472,461.88958740234375,469.8319396972656,481.11187744140625,489.5653991699219,504.28466796875,512.2886352539062,512.9124755859375,513.3063354492188,521.4398193359375,526.4471435546875,521.11767578125,517.816162109375
sample_4f0b215c590e934a,405.21478271484375,416.28106689453125,430.1275939941406,440.1552429199219,451.13671875,455.349365234375,465.85430908203125,483.8047180175781,500.044677734375,508.5519714355469,512.267822265625,516.7745971679688
sample_565e628681da1ad8,471.0471496582031,464.70599365234375,458.89739990234375,453.99139404296875,448.92706298828125,445.5408630371094,442.8699951171875,441.16046142578125,439.7726135253906,437.94842529296875,436.91583251953125,438.35626220703125
sample_aa223eafe4c08e41,572.9741821289062,558.6234130859375,534.0882568359375,509.59356689453125,489.00994873046875,466.8380126953125,458.45947265625,445.73321533203125,440.4958190917969,435.04058837890625,425.0558776855469,424.9596862792969
sample_f6b77e92cb913405,358.22509765625,383.7550048828125,416.91094970703125,448.2671203613281,476.5257873535156,499.42657470703125,508.2218322753906,519.2557373046875,516.3867797851562,515.5663452148438,523.4109497070312,540.16748046875
sample_3b4fb87895f8601d,345.20745849609375,345.2601318359375,345.8597106933594,347.1130676269531,347.0284423828125,349.681640625,352.4037780761719,355.5986633300781,357.5156555175781,360.4273681640625,359.04327392578125,361.22015380859375
sample_5e08ffbab549cca1,475.96112060546875,486.7962341308594,492.8782043457031,485.42547607421875,484.4762268066406,472.6529541015625,462.9324951171875,470.02496337890625,465.1224365234375,464.9074401855469,474.6185607910156,479.53094482421875
sample_8e9cb979b2cf9489,342.9136962890625,355.4921875,371.9056091308594,385.3794250488281,401.00091552734375,414.81915283203125,429.0626220703125,442.83526611328125,460.5,479.123291015625,491.3897705078125,503.8551025390625
sample_bd580481b4c02c90,357.00982666015625,358.36273193359375,358.1851501464844,358.60552978515625,358.2392578125,357.3974304199219,358.87225341796875,361.1922912597656,361.8533020019531,364.1597900390625,363.31695556640625,362.8143615722656
sample_84b3381317809bbb,393.32379150390625,392.5215759277344,387.60455322265625,382.9371032714844,374.88275146484375,367.5365295410156,361.12261962890625,356.02825927734375,351.64569091796875,348.1945495605469,344.8981628417969,344.52606201171875
sample_8c835ec6d649fa8a,374.63958740234375,370.01153564453125,366.037353515625,366.31634521484375,362.32952880859375,363.142578125,365.3460998535156,365.8825378417969,363.0072326660156,361.501708984375,358.5752868652344,358.18994140625
sample_d981475930acfdf5,329.01300048828125,330.74462890625,335.1930236816406,338.32958984375,341.5382385253906,345.7235107421875,349.5351867675781,350.8724060058594,355.4206237792969,358.0891418457031,361.59075927734375,363.2216796875
sample_b956cb0419fb3ab9,353.4901428222656,353.54248046875,354.54833984375,354.8988037109375,355.76141357421875,357.3383483886719,359.31304931640625,360.5325622558594,361.34783935546875,362.3166198730469,363.3716735839844,364.61334228515625
sample_420ae68295d9ae82,520.9409790039062,511.86383056640625,498.7574462890625,486.6991271972656,473.57928466796875,462.1866455078125,451.3935546875,442.65191650390625,433.84033203125,427.2493896484375,419.7934875488281,415.04150390625
sample_224fa1ee2ca14b89,353.7786865234375,358.0126037597656,369.6942443847656,395.8318786621094,420.1256103515625,457.39715576171875,478.7159423828125,519.4556884765625,554.7401733398438,586.22216796875,598.7166137695312,598.9180908203125
sample_a973595c42abbbf8,689.3038330078125,676.8407592773438,658.8671264648438,639.2161254882812,620.6126098632812,601.1090087890625,583.2072143554688,563.3468017578125,550.608642578125,538.6664428710938,528.2307739257812,518.4187622070312
sample_4b1190b7bb82a39e,396.0079345703125,402.91033935546875,407.11187744140625,408.32427978515625,410.8563232421875,411.130126953125,411.0848388671875,407.69952392578125,407.0030822753906,404.0295104980469,403.9003601074219,406.85406494140625
sample_115c8ec6c4533588,339.7610778808594,342.04638671875,345.42193603515625,346.7255554199219,346.9324035644531,348.54150390625,352.6089172363281,357.21307373046875,358.4152526855469,360.3796081542969,360.684814453125,358.7740478515625
sample_5d43066c8b882bfa,382.90625,383.1076965332031,383.56268310546875,383.443115234375,383.9895935058594,384.4206848144531,385.37158203125,385.5268249511719,386.09619140625,385.1043701171875,386.0416259765625,386.066162109375
sample_99905707b44bb0f0,507.3768005371094,497.9662780761719,486.06292724609375,475.2611999511719,462.0668640136719,448.822509765625,437.5636901855469,427.6146240234375,421.141845703125,414.4175109863281,410.8111572265625,408.482421875
sample_14c372ce8cacae73,548.0441284179688,529.2512817382812,511.33709716796875,491.03070068359375,472.0844421386719,453.9954528808594,443.299072265625,436.09930419921875,428.79083251953125,424.16009521484375,419.7855529785156,415.84539794921875
sample_79b9dbc8d095a7b0,462.7884521484375,450.42327880859375,437.86700439453125,428.1104431152344,415.915283203125,404.8365478515625,394.9847717285156,386.8179931640625,380.05078125,372.9461975097656,367.39862060546875,363.3765869140625
sample_e09ed3272e282abd,400.4829406738281,393.5312805175781,388.02215576171875,387.43817138671875,386.24688720703125,389.99609375,395.9625244140625,397.5977783203125,397.5142517089844,400.18267822265625,399.7899475097656,400.5859680175781
sample_27097667a642d702,500.076171875,504.3522033691406,508.9859619140625,511.0751037597656,510.9110412597656,509.52716064453125,510.92425537109375,511.05206298828125,515.0177001953125,515.3171997070312,516.6724853515625,517.3392333984375
sample_3449524713a3a8d6,609.4346313476562,600.5736083984375,583.4518432617188,568.6241455078125,553.328369140625,524.8645629882812,501.58111572265625,483.6112060546875,463.01214599609375,455.05810546875,443.41632080078125,443.41162109375
sample_90b24ae88a2e0caf,384.0423278808594,384.67266845703125,383.53082275390625,383.5592346191406,380.9408874511719,381.8691101074219,382.0333251953125,379.3713073730469,378.0390930175781,377.25445556640625,376.7618408203125,382.8533935546875
sample_726f1409774d58ea,335.80511474609375,363.4964294433594,388.1887512207031,417.54779052734375,442.574951171875,467.61566162109375,487.4339904785156,495.4760437011719,507.8421325683594,526.288330078125,516.9356689453125,495.28887939453125
sample_6036b1e706abb283,313.6205749511719,315.9252624511719,318.76239013671875,320.1969299316406,322.76275634765625,326.127197265625,330.04278564453125,332.03680419921875,331.7623291015625,333.1465148925781,333.66827392578125,334.7991943359375
sample_0d3549329427bc28,586.257568359375,573.8751220703125,559.700439453125,546.2338256835938,533.7647094726562,519.8013305664062,508.129638671875,496.23834228515625,487.5302734375,477.4127197265625,470.07708740234375,464.16748046875
sample_a4203b5fb7640798,387.93988037109375,387.59844970703125,387.72576904296875,385.82275390625,385.8337707519531,384.7941589355469,384.3644714355469,382.57916259765625,381.8460693359375,381.2713928222656,380.6667175292969,380.4098815917969
sample_fc043a00e7c21de3,316.1325988769531,327.1338806152344,340.9332580566406,353.7261962890625,371.15093994140625,376.46905517578125,379.915771484375,381.1335144042969,393.18145751953125,426.6627197265625,448.6724548339844,465.0830383300781
sample_346c13a5be3c1567,582.8316040039062,576.3731079101562,566.9113159179688,555.5603637695312,544.3436279296875,532.2728881835938,521.7926635742188,509.6282043457031,501.17431640625,491.92864990234375,482.703369140625,475.7077331542969
sample_15140c286e83f0f8,366.6907653808594,367.26611328125,368.9874572753906,369.5201721191406,371.6210632324219,373.8828430175781,376.13323974609375,378.7198486328125,385.8642883300781,391.86395263671875,392.23828125,393.15814208984375
sample_9090e61424cc8f52,315.1540832519531,319.9441833496094,326.8884582519531,331.50494384765625,339.68756103515625,351.7252197265625,362.0211486816406,369.16058349609375,374.6936340332031,378.275634765625,382.9613037109375,386.41845703125
sample_25ca206aa0beb8dd,341.56689453125,341.80950927734375,342.6004333496094,346.6671142578125,347.0491027832031,349.0974426269531,353.93524169921875,357.19952392578125,360.05572509765625,366.6421203613281,365.395751953125,365.96575927734375
sample_494679bee222db8a,417.5566101074219,405.31048583984375,396.5059814453125,391.36767578125,384.4170837402344,378.420654296875,372.7118225097656,368.9739685058594,365.6904296875,363.0773010253906,358.70074462890625,358.2970275878906
sample_41d197835bdd023f,350.5218200683594,350.50909423828125,351.9380187988281,352.3634338378906,354.2759704589844,356.9944152832031,360.6380920410156,365.8944396972656,369.31982421875,374.26348876953125,388.3420715332031,392.6910095214844
sample_3c2c793d92315914,442.7605895996094,463.73846435546875,498.243408203125,542.21875,587.5547485351562,602.7213134765625,618.89453125,621.682861328125,609.8748168945312,598.3671875,588.2395629882812,575.8681030273438
sample_cf312ec35e476058,547.1409301757812,550.695068359375,544.8048706054688,537.5104370117188,526.4357299804688,510.8045959472656,513.25537109375,503.07232666015625,499.5013732910156,502.87017822265625,506.42291259765625,489.24456787109375
sample_68271399ca34c621,394.08966064453125,389.8315124511719,388.47491455078125,390.572998046875,393.80462646484375,402.99053955078125,405.8402404785156,405.24017333984375,408.3749694824219,411.3824462890625,411.2099914550781,413.4877624511719
sample_8686ca608d1a1933,294.2386169433594,300.09429931640625,307.0555419921875,311.6295471191406,318.6566467285156,326.0796203613281,333.6207580566406,339.56396484375,345.1080017089844,350.2323913574219,355.00372314453125,357.9219970703125
sample_9acadec79c7a354f,278.6744079589844,283.3013000488281,289.8467712402344,295.0670471191406,302.8000793457031,310.69482421875,320.29022216796875,326.75042724609375,334.5505065917969,338.31207275390625,344.9374694824219,347.4752502441406
sample_de55c2784d0b569b,542.5735473632812,534.5498657226562,519.1609497070312,501.86444091796875,488.354248046875,474.4997253417969,462.95697021484375,452.0519104003906,442.25469970703125,434.3465881347656,427.087646484375,421.49151611328125
sample_26c1e43f86c16dcc,382.2867431640625,391.1214904785156,399.223388671875,402.8460388183594,407.638916015625,410.91912841796875,412.93865966796875,413.07244873046875,415.1363220214844,416.04901123046875,419.4935607910156,423.4888916015625
sample_f508927f13f5a1c3,325.908203125,330.99542236328125,338.47174072265625,349.68798828125,369.2968444824219,390.614990234375,409.6369934082031,420.59796142578125,408.4960632324219,403.013671875,402.2360534667969,397.6966857910156
sample_3fba02e320407deb,452.3752136230469,454.6022033691406,455.9115905761719,453.0719299316406,451.7166442871094,447.06011962890625,443.2723693847656,437.0299987792969,434.2024230957031,431.8664855957031,430.9971008300781,431.29840087890625
sample_3d376a7d47cab16b,356.927490234375,364.582275390625,372.6534729003906,376.5726623535156,381.9947204589844,385.43890380859375,388.5997314453125,389.6690673828125,391.81201171875,391.04730224609375,390.8085021972656,390.38433837890625
sample_6c06cfd1251d0c7e,357.3154296875,360.0712585449219,361.9499206542969,366.5281677246094,369.3915100097656,373.1575622558594,383.01788330078125,385.3707275390625,388.9812927246094,386.596923828125,387.189697265625,394.1080627441406
sample_b885df5d1026bae9,295.05963134765625,308.58367919921875,328.1842041015625,341.727783203125,356.814453125,375.56683349609375,393.969482421875,406.6929016113281,417.4847717285156,425.4838562011719,436.7554931640625,440.0863037109375
sample_a4f1a14593beca00,281.764892578125,286.6531066894531,292.9856872558594,297.96783447265625,304.7873840332031,312.2066955566406,320.7908630371094,327.8046569824219,335.0559387207031,341.41607666015625,345.5664367675781,349.697998046875
sample_2c79ab7f9dad8cfc,403.786376953125,400.90167236328125,399.6419982910156,398.8871154785156,398.61187744140625,402.1695556640625,405.9153747558594,407.10626220703125,407.96832275390625,405.8482666015625,405.7685852050781,408.2064514160156
sample_67dc285abeac7b81,343.8291320800781,343.2371520996094,344.7992858886719,346.34063720703125,348.2146301269531,350.591552734375,354.05926513671875,357.8571472167969,363.7585754394531,369.1205139160156,373.1035461425781,380.5845031738281
sample_999a44c5f319c8cb,381.391357421875,389.3267517089844,413.9327392578125,449.80438232421875,493.271240234375,535.5646362304688,573.001953125,615.59814453125,635.2213134765625,630.5233764648438,612.430419921875,587.4979858398438
sample_545fd907eb32857a,363.6591796875,386.16217041015625,412.2435302734375,429.4284973144531,449.3209228515625,465.53802490234375,483.69268798828125,495.76751708984375,511.2002868652344,525.197021484375,551.2466430664062,580.0310668945312
sample_715935ac9c40db20,466.1090393066406,458.9852294921875,451.5779113769531,443.4369812011719,436.35736083984375,429.426025390625,423.70794677734375,416.8858642578125,412.06781005859375,407.81195068359375,403.86151123046875,400.79278564453125
sample_82db5b8a4ee7e44f,415.0292053222656,480.7221984863281,550.8146362304688,603.7650146484375,639.7255249023438,669.3150634765625,670.1495361328125,666.8219604492188,647.7437744140625,639.1345825195312,624.9957275390625,609.0245971679688
sample_f1779c3878d73f87,292.268310546875,294.7360534667969,298.4152526855469,301.0154724121094,304.3507080078125,307.7314147949219,312.81414794921875,316.4114074707031,319.8674621582031,323.3768005371094,325.15655517578125,326.7768859863281
sample_0e51ae6d296897ce,324.6087646484375,326.2162170410156,328.418212890625,330.1426086425781,331.5010681152344,334.7196044921875,335.8682861328125,338.5113830566406,342.4548645019531,346.25048828125,354.89947509765625,363.24749755859375
sample_29a5c7007417fffe,507.8499450683594,511.7232666015625,507.4638671875,496.02508544921875,485.96160888671875,476.56207275390625,467.1407165527344,455.79095458984375,444.7011413574219,438.1151428222656,432.14862060546875,426.9587097167969
sample_0bbac2152c3c83bf,379.99700927734375,391.7239990234375,402.3227233886719,406.857666015625,413.9735107421875,417.0168762207031,420.0004577636719,422.28265380859375,428.47882080078125,436.6618957519531,451.83941650390625,465.39764404296875
sample_79c185cf5a4d3b13,494.2843017578125,481.3359375,467.505615234375,456.50640869140625,443.71453857421875,432.0000915527344,421.31658935546875,413.218017578125,408.3089294433594,407.7537536621094,407.3738708496094,402.09442138671875
sample_9de29bb2b368d7e9,626.8789672851562,605.7884521484375,583.947998046875,561.3936157226562,542.4088134765625,526.1766357421875,513.8178100585938,507.3467712402344,499.5977783203125,494.104736328125,489.5823974609375,483.18304443359375
sample_8a60e8efc41d1f9e,393.4353942871094,407.7927551269531,423.1000671386719,437.8342590332031,448.775390625,458.5851745605469,465.64666748046875,471.57757568359375,469.24224853515625,468.77264404296875,467.43304443359375,468.35577392578125
sample_751b4efdb91320ca,322.67999267578125,329.9405822753906,337.2781677246094,343.374267578125,352.145263671875,361.3263854980469,376.91119384765625,381.5131530761719,386.3768615722656,390.7503356933594,391.8111572265625,400.4119567871094
sample_e7fd2f8f81d5b62c,563.0408325195312,556.2620239257812,544.1613159179688,532.0313720703125,517.5554809570312,502.2042541503906,490.35736083984375,479.88922119140625,470.84033203125,463.469482421875,457.06292724609375,452.5967102050781
sample_d858a2a397950d7e,439.9700012207031,446.4564208984375,447.2915344238281,444.3634338378906,441.9254455566406,436.4901428222656,430.9545593261719,424.907958984375,419.8900146484375,415.0899963378906,412.5867614746094,409.2025451660156
sample_07943ca49129f750,480.3122863769531,476.513427734375,470.1902770996094,462.3728332519531,455.1090393066406,446.714111328125,438.5546569824219,430.58416748046875,424.1610412597656,418.0077819824219,412.6998596191406,408.5713806152344
sample_4a0b0e8a5c8fcb21,354.2613525390625,355.2454833984375,357.74798583984375,358.73736572265625,361.0791320800781,362.9421081542969,364.652099609375,366.0435791015625,366.7111511230469,368.28271484375,368.8277282714844,369.693359375
sample_416ac3f9711c8ec5,300.7390441894531,304.704345703125,310.92999267578125,314.96746826171875,320.093017578125,324.9441223144531,330.79766845703125,334.20465087890625,338.4898986816406,341.5169372558594,346.0832214355469,351.79229736328125
sample_16cae0408ee5b1e7,643.6917724609375,639.0742797851562,631.301025390625,623.1655883789062,611.3639526367188,595.5640869140625,577.2933349609375,564.685791015625,553.1873779296875,538.282470703125,531.3809814453125,524.8246459960938
sample_50c241a2c3abc106,365.3607177734375,383.2996520996094,404.2963562011719,426.35919189453125,444.16778564453125,458.2828369140625,471.6991271972656,480.3878173828125,491.870849609375,489.84442138671875,488.1583251953125,482.2142028808594
sample_fdf2c0099d6ff661,418.7931823730469,409.6657409667969,398.72955322265625,392.1628112792969,383.4307861328125,378.35736083984375,372.388427734375,370.1807861328125,363.77716064453125,362.56414794921875,355.9277648925781,352.0736389160156
sample_593e6681ea4b9d20,325.1499938964844,331.2989196777344,338.194580078125,342.538818359375,347.9252624511719,351.47052001953125,355.9218444824219,356.9639587402344,359.7664794921875,360.0074768066406,363.66448974609375,370.9608154296875
sample_f7efac2e16dd9df8,393.2268371582031,395.2249450683594,396.2063903808594,397.37799072265625,398.5540466308594,400.19287109375,401.30755615234375,400.6503601074219,399.41644287109375,398.65936279296875,397.0068359375,395.6994323730469
sample_c8848a3cb1535f6d,303.6577453613281,306.6714782714844,313.15185546875,320.39727783203125,337.545166015625,348.60784912109375,352.9137878417969,348.3876953125,356.1622619628906,364.06427001953125,375.97900390625,374.69732666015625
sample_3794a52a55a17ffd,346.63250732421875,346.0960388183594,347.38458251953125,348.3725891113281,351.8442077636719,359.8615417480469,370.7248840332031,384.4486999511719,399.24578857421875,403.0054931640625,405.35797119140625,402.0989685058594
sample_69fb168762f5f2ae,387.27947998046875,383.82379150390625,379.66949462890625,378.31634521484375,373.6169128417969,370.4508056640625,368.6876220703125,369.5655822753906,366.78765869140625,365.14398193359375,364.0549621582031,365.3597717285156
sample_b78e2ff7e6c985a4,433.6649169921875,426.8380432128906,419.36968994140625,413.6938171386719,406.4891357421875,399.6709899902344,392.8948974609375,386.3536682128906,380.41485595703125,375.2279052734375,370.96929931640625,368.570068359375
sample_ce78108364166899,469.1764221191406,461.7145690917969,454.2581787109375,447.1805419921875,439.9696044921875,434.1780090332031,431.07342529296875,423.6892395019531,420.061279296875,416.3994140625,413.49578857421875,412.17755126953125
sample_428340262b8c5d11,394.84246826171875,399.09344482421875,403.26312255859375,403.5614318847656,406.0197448730469,410.6250305175781,411.5867614746094,407.7978210449219,406.1099853515625,404.6206359863281,402.0256042480469,397.98309326171875
sample_80a1df5990ff6a9d,394.4527587890625,400.1360778808594,414.68115234375,426.4996643066406,442.69775390625,458.739013671875,463.6673583984375,477.68267822265625,497.64990234375,522.2778930664062,539.2113037109375,558.5252685546875
sample_69c60a30e50c9db5,354.90802001953125,355.0740966796875,356.33880615234375,356.97784423828125,358.7260437011719,360.9427490234375,363.2879943847656,365.308837890625,367.0585021972656,369.08038330078125,370.5313415527344,372.4289855957031
sample_b354006131f20489,367.27178955078125,371.0999755859375,379.4439392089844,391.6138000488281,407.44635009765625,420.247314453125,438.72039794921875,458.8928527832031,480.7279052734375,484.6714782714844,495.29083251953125,518.9778442382812
sample_e692166e8bf0cc7b,485.2779541015625,475.33526611328125,462.84039306640625,450.7894592285156,439.0039978027344,427.4918212890625,417.27777099609375,407.7061462402344,399.6429443359375,392.4816589355469,385.9851989746094,380.70904541015625
sample_4cdc7cdde647a495,391.3406066894531,408.29693603515625,423.46343994140625,434.2914733886719,445.0901794433594,449.8939208984375,455.65380859375,459.133544921875,461.47210693359375,463.7828369140625,466.4374694824219,469.39959716796875
sample_d65ada818f9b229b,344.66259765625,347.0212097167969,350.665283203125,352.6683044433594,356.4538269042969,359.7314147949219,363.8992004394531,365.54022216796875,369.322998046875,371.55535888671875,373.5730895996094,376.13970947265625
sample_923b92523373b97d,412.3079833984375,420.6864929199219,424.3617858886719,423.6130065917969,424.7306213378906,421.13140869140625,423.75140380859375,427.59783935546875,426.57464599609375,434.6246032714844,452.6697998046875,443.5502624511719
sample_7e896b15544b1a0b,570.8761596679688,567.7767333984375,559.2464599609375,549.2659912109375,537.0086669921875,521.1445922851562,514.1193237304688,504.33331298828125,497.78369140625,493.16912841796875,479.0788269042969,466.5327453613281
sample_b98eca36f7ce8abf,388.1406555175781,391.00787353515625,395.4292907714844,400.12353515625,405.38592529296875,410.7690734863281,416.1113586425781,420.9775085449219,431.0093994140625,441.0574951171875,444.6512451171875,450.2034912109375
sample_8745ce3bcaee40a1,383.4109802246094,383.4981689453125,384.60260009765625,384.9566650390625,386.4564514160156,388.16766357421875,389.33538818359375,390.5622253417969,391.75946044921875,392.0176696777344,392.7721862792969,393.95404052734375
sample_5a42af9db120c1de,366.8666687011719,367.3416748046875,368.86407470703125,369.38153076171875,371.1044006347656,373.529052734375,375.7552490234375,377.1334228515625,379.2184753417969,379.4889831542969,381.5717468261719,382.79052734375
sample_2d0f04bd5d25be64,336.3351745605469,335.90679931640625,336.62664794921875,339.0940856933594,339.9888000488281,341.795654296875,342.4092712402344,344.1054382324219,345.13580322265625,345.39373779296875,346.0042724609375,347.8707580566406
sample_82a2574cfc1e4be0,415.9839172363281,417.0250549316406,416.635009765625,412.885986328125,409.8201599121094,405.36865234375,402.02398681640625,398.1028747558594,394.4004211425781,391.498291015625,388.8570861816406,386.45758056640625
sample_e8d95a5da790e3ba,313.74798583984375,315.6966552734375,319.2762145996094,323.60235595703125,325.7412109375,327.3132019042969,328.9004821777344,329.8096923828125,327.8231201171875,330.7540283203125,331.8392028808594,333.0232238769531
sample_cdf8ce90d65f9d53,382.76312255859375,382.5310363769531,383.0111389160156,386.2345886230469,385.177978515625,385.5845947265625,385.93988037109375,386.6562805175781,386.1792907714844,388.6080627441406,390.0809326171875,392.37237548828125
sample_975e7e022aa53d51,319.88226318359375,330.9189453125,344.15460205078125,352.6165771484375,365.3607177734375,374.6466369628906,384.06903076171875,393.364013671875,396.69561767578125,397.77264404296875,400.3128967285156,402.074951171875
sample_445de05cd1a80572,423.0369567871094,414.218017578125,405.9798278808594,399.0805358886719,392.2564697265625,386.41632080078125,382.83343505859375,378.8824768066406,374.91375732421875,373.1273193359375,370.6274108886719,369.39898681640625
sample_3c8e77eb8aa1943c,396.1211242675781,393.3674621582031,388.7597961425781,385.95245361328125,381.5667419433594,378.2313537597656,378.7141418457031,376.2757263183594,372.3202209472656,372.6101989746094,371.19586181640625,373.77679443359375
sample_d1c32c6081256697,296.3757019042969,300.06146240234375,303.0615539550781,307.4215087890625,313.5740051269531,322.89971923828125,331.3988952636719,337.13006591796875,341.67205810546875,349.59295654296875,360.2669677734375,366.25189208984375
sample_a3c38a1d52423704,470.2923278808594,476.206787109375,475.0416564941406,469.57794189453125,467.1907653808594,461.27862548828125,458.109375,457.8246154785156,458.9059753417969,461.7137451171875,459.19488525390625,455.9618225097656
sample_1bff996fa965d7e7,302.31939697265625,308.6699523925781,318.02813720703125,326.2754821777344,338.358642578125,351.2552185058594,363.57940673828125,372.953857421875,383.04266357421875,391.50732421875,399.7546081542969,406.2291564941406
sample_b756aa03dafa7260,395.2954406738281,395.8244934082031,397.6261901855469,398.5013732910156,401.8273620605469,404.99896240234375,407.8571472167969,408.3045959472656,412.5340576171875,412.71331787109375,414.11480712890625,415.7323913574219
sample_2c022dbc82146b3a,480.8434753417969,484.009033203125,482.276611328125,474.863037109375,469.67437744140625,463.4668273925781,460.2248229980469,454.1808166503906,450.0555419921875,444.8580017089844,440.1481628417969,435.7132568359375
sample_b69bf1f33d3c3e00,361.85687255859375,361.4417419433594,362.536376953125,363.5090637207031,364.6174621582031,366.4767150878906,369.3493347167969,371.16729736328125,374.4972229003906,375.96905517578125,378.356201171875,380.7760009765625
sample_03a50322b1d6d0a5,297.0345153808594,301.320556640625,306.9854431152344,310.9259338378906,317.16802978515625,323.4942626953125,331.3458557128906,337.4216003417969,344.1460266113281,348.94134521484375,353.3756408691406,356.48175048828125
sample_51805eb1ae07b064,347.3649597167969,349.02166748046875,353.0434265136719,355.98199462890625,362.5696716308594,370.2395935058594,375.7500915527344,377.23175048828125,382.95416259765625,386.3818664550781,392.9878234863281,396.7129211425781
sample_f6864fd863803a59,401.2643127441406,400.6103820800781,399.99896240234375,399.7318420410156,399.2735290527344,398.91558837890625,398.5625305175781,397.96136474609375,397.57977294921875,396.94488525390625,396.0340881347656,395.6243591308594
sample_44b2b24f22fa258e,425.247802734375,426.6554870605469,429.8875427246094,437.79345703125,451.03778076171875,468.2358093261719,489.6505432128906,527.04541015625,560.478271484375,580.87353515625,612.4286499023438,654.8154907226562
sample_dafa79875678f195,322.0797424316406,326.640380859375,333.1661376953125,338.8190612792969,346.3874816894531,354.32281494140625,361.6792907714844,369.70635986328125,382.5916748046875,392.1905517578125,398.90655517578125,405.0775146484375
sample_db7b6e4480fd0cbb,311.6065979003906,314.6933898925781,320.58221435546875,325.99993896484375,333.2491149902344,341.92041015625,350.84521484375,355.6080322265625,364.06463623046875,369.3208312988281,374.30938720703125,377.812255859375
sample_fa689fe761160106,394.5832214355469,393.87750244140625,395.12152099609375,396.7995910644531,398.636962890625,397.8812255859375,397.7369689941406,398.070068359375,395.6661682128906,396.0141296386719,396.55743408203125,399.3350830078125
sample_e14bdf85cd007e19,339.4865417480469,364.3602294921875,387.74359130859375,420.497802734375,453.801025390625,475.0132141113281,502.60992431640625,524.8693237304688,543.2757568359375,559.1560668945312,558.7943115234375,567.91162109375
sample_1257383d310fcde7,468.0616455078125,488.2095947265625,513.186767578125,538.7010498046875,564.4218139648438,583.14404296875,607.7069091796875,625.2252197265625,632.575439453125,621.3671875,612.856201171875,602.310302734375
sample_04a46c1fd045ef63,443.6113586425781,436.5907897949219,427.89715576171875,421.1889953613281,411.39434814453125,402.50689697265625,394.9686279296875,388.1943359375,382.5841369628906,376.557373046875,372.10797119140625,368.7992858886719
sample_f6a58ac88b95a6f4,412.85150146484375,409.33013916015625,407.0447998046875,405.51513671875,402.1331481933594,399.7808837890625,399.5231628417969,397.59100341796875,395.1178894042969,393.88739013671875,393.1234436035156,395.03729248046875
sample_55e53b7454fa761f,359.2490234375,356.4388122558594,354.927001953125,353.4742126464844,352.7839660644531,353.6091003417969,355.1747131347656,356.0367736816406,356.5467224121094,358.57855224609375,359.7991638183594,361.4944763183594
sample_451e7e45f3348463,505.9520568847656,495.89166259765625,481.3681335449219,467.2434997558594,453.128173828125,439.9605407714844,428.64581298828125,419.01800537109375,410.31109619140625,402.64300537109375,395.82440185546875,390.2707214355469
sample_c02cc96c09e5b710,514.6583251953125,502.10968017578125,487.0892639160156,473.4403076171875,458.38916015625,443.3369140625,430.77386474609375,421.6756286621094,414.0335388183594,406.86846923828125,400.34033203125,395.27655029296875
sample_5a48a396e6bb428b,429.8540344238281,429.8633728027344,433.71405029296875,433.9656677246094,434.6188049316406,444.25299072265625,444.4709777832031,430.9359436035156,423.766357421875,426.52923583984375,436.86083984375,425.5298156738281
sample_966b7bbd78726e0a,362.0585021972656,367.0487365722656,375.54132080078125,380.6456604003906,390.2004699707031,397.8650207519531,403.8173828125,409.330078125,417.9040832519531,424.7678527832031,427.40478515625,434.9181213378906
sample_d70979c3a6e0a8fc,657.97314453125,639.8201293945312,615.22607421875,589.533935546875,562.4072265625,537.0709228515625,515.50341796875,497.62127685546875,482.298828125,470.59271240234375,461.2467041015625,453.8876037597656
sample_3732c0364d887d0c,526.7144165039062,524.6487426757812,522.8229370117188,520.5155639648438,519.136962890625,517.4519653320312,516.6292724609375,514.3638916015625,513.2816162109375,510.9817810058594,510.6768798828125,508.6063537597656
sample_02ce83a81a45bb89,374.0472717285156,372.0218811035156,371.4203796386719,370.4417419433594,370.35174560546875,370.2856750488281,371.6656799316406,370.91473388671875,371.3979797363281,371.6134338378906,372.21624755859375,372.5293884277344
sample_35651215af07a61b,444.874267578125,446.4349060058594,444.85723876953125,440.2567443847656,435.93310546875,430.87811279296875,426.19683837890625,422.29437255859375,418.04742431640625,414.8840026855469,412.2228088378906,409.4053039550781
sample_0b3cc3b186b5267d,513.3052368164062,489.98992919921875,466.11236572265625,446.7130126953125,427.2561950683594,409.8897705078125,394.80487060546875,381.24505615234375,370.062255859375,360.20587158203125,351.21490478515625,344.54150390625
sample_038c827be5818c59,446.8227844238281,439.919189453125,431.98046875,425.0898132324219,418.432373046875,412.996826171875,409.14459228515625,410.3468933105469,410.3323059082031,411.8825988769531,415.4723815917969,421.85076904296875
sample_c6a9c233324f29a5,383.0333557128906,378.8868713378906,376.87774658203125,376.0931701660156,375.2081604003906,375.4367980957031,377.30987548828125,377.6384582519531,378.9317932128906,381.2567138671875,381.34649658203125,383.12469482421875
sample_95bbffec2d685b49,342.81488037109375,348.9447326660156,357.7647399902344,360.3246765136719,368.6951904296875,385.7670593261719,393.91119384765625,397.1368713378906,398.88665771484375,397.3519287109375,411.5054931640625,432.4577331542969
sample_7c3c6f5e8f0a7b42,447.1902160644531,438.0560302734375,429.56298828125,423.088623046875,416.206298828125,410.465576171875,405.7803955078125,401.3672180175781,398.4669189453125,395.2677307128906,391.9092102050781,389.7353515625
sample_2529c8f72e4b35da,309.7234802246094,311.96112060546875,316.90826416015625,321.1644592285156,327.7764587402344,335.1125183105469,343.5075378417969,349.8622741699219,359.422607421875,366.0331726074219,372.23162841796875,377.2008972167969
sample_b471550cf242ab46,366.3244934082031,371.93646240234375,377.0970764160156,377.9839782714844,379.8111877441406,379.8627014160156,380.2966613769531,378.8978271484375,378.6148376464844,376.98712158203125,376.4142761230469,374.4573974609375
sample_ae3cfd67a1069eb2,479.8692321777344,477.3597412109375,470.1141357421875,462.8030700683594,455.24688720703125,447.8350830078125,439.5003356933594,429.62823486328125,417.42138671875,407.84503173828125,402.6168212890625,401.3525390625
sample_3fdfbf9c7ba93cf5,617.1275634765625,612.1607666015625,604.7174682617188,595.2228393554688,586.1013793945312,575.2351684570312,564.388427734375,552.3095703125,540.66015625,529.2960205078125,522.5469970703125,515.3145751953125
sample_24c47dd61b2d8dfd,528.994140625,507.2540283203125,485.33538818359375,467.84686279296875,450.0828857421875,435.1255798339844,422.0869140625,411.5196533203125,402.2204284667969,394.106689453125,388.24847412109375,385.3012390136719
sample_313461698f946a2c,435.2813415527344,431.63397216796875,427.3293151855469,423.0266418457031,418.497802734375,413.04840087890625,408.6358642578125,403.9062194824219,399.5686950683594,395.4804992675781,392.22149658203125,389.8605041503906
sample_ac8149af179c9c66,304.3248596191406,307.47161865234375,312.6655578613281,316.68560791015625,323.05499267578125,330.28271484375,338.2481689453125,344.14361572265625,350.97576904296875,356.4855651855469,361.56732177734375,366.5921325683594
sample_0480fe6d705a524f,304.8794250488281,305.9696960449219,309.5711364746094,313.46142578125,315.0407409667969,318.62078857421875,321.2575378417969,328.40631103515625,334.0171203613281,334.28326416015625,333.8217468261719,336.16876220703125
sample_ad680e494fc23407,474.90264892578125,479.1365966796875,471.5195617675781,460.1337890625,447.2362976074219,436.8131408691406,428.7125244140625,419.3604431152344,412.091552734375,406.3663635253906,401.2917175292969,396.67657470703125
sample_67d353f400db3066,365.83038330078125,367.4568176269531,367.3277893066406,367.91900634765625,364.2108154296875,362.85906982421875,363.7181091308594,362.968994140625,362.2910461425781,362.7890625,360.0447692871094,361.57318115234375
sample_01091923098425eb,403.74945068359375,399.3793029785156,394.9192810058594,391.8776550292969,387.4476318359375,385.01190185546875,386.8368835449219,390.2909851074219,393.6785888671875,397.61810302734375,394.270751953125,396.8017578125
sample_ada72c8d353c6a3d,428.2998046875,439.14007568359375,444.5992126464844,443.01983642578125,443.50714111328125,439.4401550292969,434.7555847167969,429.0198669433594,424.5384216308594,419.8958740234375,416.6301574707031,412.9516296386719
sample_ab4ebc02a585104d,331.8144836425781,334.80474853515625,339.4363708496094,342.1067810058594,346.6043701171875,351.4541931152344,357.19219970703125,360.7978515625,365.5279235839844,369.1357727050781,372.6976318359375,376.2978210449219
sample_674ce58bb9bbab37,647.75830078125,609.8192749023438,570.8841552734375,537.7341918945312,506.993896484375,481.6878356933594,460.6482238769531,441.8855895996094,426.7680358886719,414.0846862792969,402.6318664550781,391.83111572265625
sample_c8a2b5a033bda355,290.87725830078125,293.381591796875,298.1167297363281,301.7265625,308.573486328125,316.2286376953125,327.4574279785156,343.8860168457031,364.1685791015625,378.5282287597656,390.54522705078125,400.1174621582031
sample_49e8b396af03edfc,390.6741027832031,383.7486267089844,378.0502014160156,373.3220520019531,368.7709655761719,365.8843078613281,364.3693542480469,362.8418273925781,361.4916687011719,360.89984130859375,360.3345642089844,360.96502685546875
sample_63ffde6e3ac72d6e,338.6986083984375,339.7877502441406,342.6212463378906,344.9400939941406,348.6483154296875,353.000732421875,358.3105773925781,361.709716796875,367.86962890625,371.3889465332031,375.5576171875,379.8575744628906
sample_ef3112cdcb70d615,430.4747619628906,425.9209289550781,419.8426208496094,416.1167907714844,409.5155334472656,403.6824951171875,398.22705078125,394.0011291503906,390.98089599609375,389.85491943359375,388.5209655761719,387.66552734375
sample_ce99c43914985224,368.21563720703125,382.7501220703125,399.43359375,412.1399230957031,429.1763000488281,443.54742431640625,454.3485107421875,462.6657409667969,465.6455383300781,463.73760986328125,466.7360534667969,463.8979797363281
sample_c689aab73599aadd,354.859130859375,367.59912109375,385.599609375,401.2882995605469,423.5143737792969,448.43670654296875,475.5193176269531,486.7912292480469,496.55841064453125,523.9910888671875,539.967529296875,530.29345703125
sample_445f2ed251b8ce1a,376.7635192871094,381.6125183105469,386.54119873046875,388.4465026855469,391.97998046875,393.9295654296875,394.7737121582031,395.4537658691406,397.5247497558594,400.58135986328125,404.944091796875,411.5799560546875
sample_476654e6b5309f19,370.8592224121094,371.3973693847656,372.78778076171875,371.75537109375,372.5666198730469,372.1964111328125,372.49151611328125,370.76348876953125,371.23541259765625,370.6033020019531,371.42669677734375,371.050537109375
sample_0f7c1b3fa8e6d85b,383.8215637207031,384.38525390625,386.06622314453125,389.5141906738281,399.7164001464844,420.5993957519531,439.8148193359375,458.8216552734375,477.0816650390625,493.9212646484375,498.184814453125,496.1174621582031
sample_432d2caf4d665cc1,309.070068359375,312.91546630859375,317.9436340332031,321.1817626953125,326.1862487792969,329.6864013671875,335.1336669921875,339.5029296875,344.6710510253906,348.6712341308594,353.87078857421875,354.51861572265625
sample_46f345d6b9558458,566.938720703125,568.4117431640625,563.0753173828125,554.6790771484375,552.6658325195312,546.4534301757812,541.83154296875,533.2079467773438,527.5235595703125,521.0885620117188,517.8040771484375,513.04833984375
sample_2a68dcd760075965,382.4534912109375,377.08734130859375,372.2869873046875,368.1248474121094,363.80950927734375,360.0928039550781,358.4350280761719,355.9468994140625,354.40814208984375,354.1891784667969,353.0527648925781,353.4072570800781
sample_63658e04b7a35761,634.96337890625,602.9719848632812,570.3865356445312,542.07763671875,515.298583984375,492.28521728515625,473.0687255859375,457.24493408203125,444.288330078125,432.9349365234375,423.07708740234375,414.5817565917969
sample_b12320d2f9f9a50d,663.73974609375,658.0147705078125,648.7031860351562,637.37890625,618.4551391601562,594.4979248046875,571.5772705078125,550.095947265625,528.7886352539062,509.64215087890625,494.1053466796875,482.4220275878906
sample_a98d5af04e0cd430,317.2418518066406,323.3927917480469,333.0837097167969,338.3658142089844,343.8882751464844,350.485107421875,357.9596862792969,363.7029724121094,370.90191650390625,374.68817138671875,375.57879638671875,376.0918273925781
sample_aee1af9334079935,512.9613647460938,507.7311096191406,494.3834533691406,477.1128234863281,472.3811340332031,465.0680236816406,450.7745666503906,449.2078857421875,455.8660583496094,456.89501953125,436.35357666015625,421.52947998046875
sample_e1bf356bd790c373,331.4525146484375,335.225830078125,340.610107421875,344.6858215332031,350.89886474609375,357.6547546386719,359.9593505859375,362.60125732421875,365.75244140625,368.641845703125,370.43438720703125,373.4385681152344
sample_36788a6654e87903,374.5220031738281,377.3063659667969,383.6795654296875,391.5791320800781,409.1827697753906,432.58770751953125,456.4054260253906,480.5132141113281,496.51092529296875,508.26910400390625,519.34912109375,525.7564086914062
sample_d5a8f232e38e7924,362.62225341796875,365.7412414550781,377.33270263671875,392.71337890625,409.184326171875,425.8199157714844,434.9532470703125,444.130126953125,449.1446533203125,454.39996337890625,456.83941650390625,460.9038391113281
sample_14ce3da91a6ffe2f,328.78240966796875,332.21722412109375,337.4088439941406,341.4710998535156,353.42498779296875,370.0862731933594,389.9015197753906,407.07928466796875,418.9276428222656,428.7740478515625,431.0717468261719,423.95867919921875
sample_4cc3a8e9c52cb414,305.8147277832031,309.5263671875,314.51300048828125,317.64447021484375,322.4173583984375,328.0091857910156,332.5799865722656,336.9300537109375,342.41943359375,346.39910888671875,350.897705078125,354.1002502441406
sample_a2999fd687f17f0d,407.7981262207031,409.94366455078125,418.84600830078125,426.958984375,437.1624450683594,446.2735595703125,453.482666015625,453.96734619140625,458.4247741699219,460.44403076171875,463.9869384765625,467.4849853515625
sample_07ba65ebe4258aac,367.2476501464844,366.1571960449219,366.0664367675781,366.5208435058594,366.53277587890625,367.29278564453125,369.10791015625,369.94854736328125,371.4903259277344,372.5065002441406,374.07391357421875,375.706787109375
sample_a317f0a21ad11ef8,415.6251220703125,408.30743408203125,401.67474365234375,397.4289245605469,392.71417236328125,389.76336669921875,389.3163146972656,388.1807861328125,387.518798828125,387.84783935546875,386.1759948730469,386.46600341796875
sample_7596f66543412a7d,446.8813781738281,454.0021667480469,455.9307861328125,452.9920654296875,450.5509033203125,444.7275085449219,440.0647888183594,434.2745056152344,429.0799255371094,424.3005065917969,421.3619384765625,417.71478271484375
sample_315eaa04b5863720,426.6441650390625,421.96148681640625,417.3426818847656,414.02606201171875,408.9159240722656,403.2867126464844,399.86871337890625,396.52996826171875,393.3940734863281,390.5463562011719,388.5655822753906,387.3304748535156
sample_369e24d90891e1f3,345.64337158203125,369.0259704589844,394.35400390625,417.2220458984375,437.14605712890625,454.68756103515625,471.5853271484375,487.22857666015625,499.09832763671875,513.0289306640625,525.0982666015625,546.7109375
sample_dc3a221a8ae86db0,396.0259704589844,393.0426025390625,386.2669372558594,381.4730224609375,374.71624755859375,366.8940124511719,362.9761047363281,360.1265563964844,352.8539733886719,351.790771484375,346.5032958984375,344.00189208984375
sample_d2965a60a23bd2d1,300.6597595214844,307.6589660644531,311.69476318359375,321.81298828125,348.9740295410156,372.3310241699219,390.0263977050781,387.97760009765625,381.7324523925781,382.90771484375,395.42510986328125,405.55902099609375
sample_57e9c0999d159ddf,441.3272399902344,445.8929443359375,448.2768859863281,446.2880554199219,446.4969177246094,443.7691650390625,436.578125,431.747802734375,426.7528076171875,423.1298522949219,420.4220275878906,412.9685363769531
sample_47fadee9c37f73aa,340.263916015625,341.5052490234375,345.0674743652344,347.9402770996094,352.05950927734375,357.13995361328125,363.1781311035156,366.39105224609375,371.66571044921875,375.80657958984375,378.5006408691406,381.7742919921875
sample_9012be006a59d2bc,340.0179748535156,355.34295654296875,386.2130126953125,416.1623840332031,430.8935852050781,444.91259765625,464.6784362792969,468.7471618652344,485.445556640625,497.216552734375,513.5911865234375,526.0628662109375
sample_79bcd7186bab0041,594.766357421875,581.5958862304688,563.2830810546875,546.670166015625,525.8118286132812,508.6287841796875,495.0817565917969,482.5535583496094,472.18341064453125,460.31268310546875,452.564697265625,446.4071044921875
sample_750faea74078904b,478.9703674316406,482.6424255371094,484.4642639160156,483.8666687011719,487.3788146972656,497.5003662109375,513.733642578125,533.1063842773438,552.2097778320312,570.4310302734375,592.54345703125,607.5466918945312
sample_c3ebf0450a91adb9,387.7042236328125,384.1894836425781,382.6003112792969,381.8127136230469,380.70233154296875,380.09027099609375,381.068603515625,381.0655822753906,381.46405029296875,382.7749328613281,383.1609802246094,384.3619384765625
sample_53ba969995ec355b,457.93804931640625,469.01934814453125,485.5713195800781,502.9737854003906,518.5128173828125,532.4708251953125,541.8950805664062,550.9267578125,570.8233032226562,594.5081787109375,607.9710693359375,625.743408203125
sample_60c48353177dd566,329.1791687011719,329.72052001953125,333.8211669921875,342.6690673828125,347.74224853515625,363.7647399902344,370.87591552734375,391.23858642578125,410.0535583496094,426.99078369140625,429.3296813964844,438.11810302734375
sample_683298dcd12ce568,489.464111328125,500.0506591796875,503.26531982421875,501.9363708496094,497.41180419921875,488.07550048828125,480.2322082519531,472.3167724609375,467.7378845214844,460.2793273925781,450.92864990234375,443.0979919433594
sample_1216a93a03b679a8,564.52880859375,561.3555908203125,555.4057006835938,548.2740478515625,540.7405395507812,531.8095703125,523.7597045898438,514.8214721679688,505.6166076660156,499.7721252441406,492.22723388671875,483.63275146484375
sample_1ba33275eb0d4c00,468.6787109375,459.73175048828125,449.53533935546875,440.2039489746094,432.5808410644531,423.63702392578125,416.92529296875,412.2994079589844,409.18499755859375,406.0010070800781,400.0240478515625,398.8528747558594
sample_252ec917f8ce2a81,426.2420654296875,420.4817810058594,418.3707275390625,418.96112060546875,416.7205810546875,419.0489196777344,406.41143798828125,401.9367370605469,397.48297119140625,392.84783935546875,386.326171875,383.4712219238281
sample_992ab058b2784a55,396.2608337402344,395.1246032714844,394.3233947753906,394.1034240722656,393.5458984375,393.2001037597656,392.88885498046875,392.9350891113281,392.79400634765625,392.291748046875,391.53564453125,391.2079772949219
sample_6f643ae5b8bf30a1,510.7577819824219,505.31536865234375,497.02294921875,488.3055114746094,478.4825439453125,468.3591613769531,459.3968200683594,451.6214599609375,444.33685302734375,437.94561767578125,432.03643798828125,427.41326904296875
sample_8af9f6bb14a221f1,302.75469970703125,306.3644104003906,312.0198974609375,316.37188720703125,323.0240783691406,332.9538269042969,343.054443359375,348.6927795410156,357.90625,363.8441467285156,371.9074401855469,374.64117431640625
sample_e59558e8113a5569,472.9780578613281,469.23834228515625,463.1834716796875,455.38128662109375,448.9656066894531,440.9463195800781,433.5672912597656,425.4790954589844,419.4039611816406,412.76336669921875,408.9569091796875,404.1246337890625
sample_5d7dc547b598f920,457.8456115722656,444.1144714355469,429.36602783203125,418.7451477050781,404.676025390625,392.26214599609375,379.7919921875,372.0552673339844,364.831787109375,359.9880065917969,354.5434875488281,352.27203369140625
sample_ede17d4e10dc2465,361.54437255859375,363.8592224121094,367.63043212890625,370.23846435546875,373.42242431640625,376.8736877441406,381.8880310058594,383.4334411621094,382.8951721191406,384.0052185058594,386.0496826171875,387.13037109375
sample_d5da108f85283e3f,431.649658203125,434.2450866699219,436.69293212890625,438.2052001953125,440.4908142089844,439.0943908691406,437.3312683105469,432.5308532714844,433.1641845703125,433.8948669433594,425.4084777832031,424.1095275878906
sample_51435766462ca285,361.05584716796875,361.4672546386719,363.01513671875,363.41046142578125,364.8934326171875,366.5369567871094,368.6841125488281,368.677490234375,370.4994201660156,370.3759460449219,371.7390441894531,372.21710205078125
sample_4b88203a1c617dc0,374.64654541015625,373.9173278808594,376.5137939453125,378.2731628417969,380.2759704589844,383.43621826171875,386.20294189453125,387.64105224609375,393.86053466796875,396.0521240234375,394.2691955566406,394.6927185058594
sample_4409b6f5521b93e9,437.8763427734375,431.91265869140625,426.50885009765625,422.0333251953125,416.98382568359375,413.4137878417969,410.4363098144531,407.7977600097656,405.64569091796875,403.4683532714844,401.8888854980469,401.3298034667969
sample_cf2fa95712452086,436.8224792480469,436.6737976074219,434.45477294921875,429.56158447265625,425.3807678222656,420.70306396484375,416.97222900390625,412.9604797363281,408.7670593261719,405.27056884765625,402.3699035644531,399.4911804199219
sample_4f6a5b851d781066,346.2720947265625,347.8838195800781,350.796875,354.85821533203125,357.81292724609375,360.23052978515625,358.9548034667969,359.2266540527344,361.64630126953125,364.66387939453125,365.041259765625,364.3160095214844
sample_99f74e4014be18a9,478.3592529296875,476.8641662597656,473.5835876464844,468.92864990234375,465.5865173339844,461.0471496582031,456.69183349609375,453.08929443359375,450.19549560546875,446.1908874511719,444.29217529296875,442.0192565917969
sample_8c4c691f7fb1fcb8,382.5863952636719,384.4168395996094,386.7760314941406,387.7212219238281,389.87005615234375,391.11505126953125,392.63397216796875,393.12664794921875,394.5156555175781,393.6319580078125,393.7934875488281,394.3199157714844
sample_1d86e0ebb5c469c3,364.98193359375,369.0709228515625,371.6034240722656,372.3632507324219,372.80078125,371.80438232421875,370.1918640136719,368.9817199707031,366.0899963378906,363.3660583496094,361.2487487792969,359.83343505859375
sample_6b19b2bcd8e03889,373.89178466796875,376.67474365234375,382.1654968261719,383.22210693359375,393.2612609863281,399.2906494140625,404.6107177734375,420.64532470703125,438.73699951171875,447.85430908203125,447.0328674316406,459.41064453125
sample_0fd857b956462798,397.6188049316406,395.0390625,395.22576904296875,396.1815490722656,398.3921203613281,402.1827697753906,406.2809753417969,412.9817199707031,425.2943115234375,438.00238037109375,444.21575927734375,450.4637451171875
sample_8d8b73c58f7ff6e5,554.1670532226562,537.6962890625,518.0047607421875,502.7935485839844,486.31207275390625,472.34124755859375,461.2227783203125,451.329833984375,443.3568420410156,434.5983581542969,427.407470703125,421.28564453125
sample_46dfa1c8e153e59e,398.2992248535156,391.4075012207031,385.3417663574219,382.3800964355469,375.4394836425781,370.9700622558594,369.82537841796875,371.0791015625,369.81597900390625,373.94305419921875,370.6517028808594,370.4918212890625
sample_8dc0fa00e3f7e5b2,381.330322265625,388.399658203125,412.9875183105469,442.8350524902344,473.74200439453125,508.15631103515625,540.2437744140625,570.29296875,580.7510986328125,571.05322265625,547.4851684570312,523.5427856445312
sample_3bb5478d9776a827,387.1539306640625,384.7260437011719,382.4409484863281,379.0359191894531,376.7271728515625,374.48602294921875,373.0699157714844,371.5994873046875,370.07611083984375,369.6819763183594,368.9659729003906,368.55084228515625
sample_15753e9f1140b5ef,342.168212890625,341.2830505371094,343.0387878417969,344.78369140625,346.8677062988281,350.5397033691406,354.24200439453125,357.9012145996094,362.4093322753906,366.39178466796875,368.52008056640625,372.9082946777344
sample_4661a1c9e54a2d06,403.7972106933594,407.1020202636719,408.9223937988281,407.11407470703125,406.815185546875,404.5524597167969,402.7704772949219,399.72381591796875,397.5514221191406,394.7377624511719,393.5157165527344,391.04205322265625
sample_a7e94a55530b7564,394.6239013671875,392.78466796875,392.61138916015625,393.30987548828125,393.8623352050781,393.34478759765625,391.20123291015625,389.9630432128906,390.0000915527344,391.86932373046875,390.5252685546875,390.9442443847656
sample_2b1651267d9e3bcc,382.5258483886719,381.46441650390625,380.24700927734375,379.380126953125,378.3503723144531,377.3424987792969,376.9111328125,376.1884765625,375.7194519042969,375.4646911621094,375.10400390625,375.25091552734375
sample_20bc0dc5e939a6cd,536.706298828125,525.7685546875,517.2289428710938,514.9313354492188,516.5950317382812,517.6028442382812,515.8519287109375,515.224853515625,514.5914306640625,511.7941589355469,505.44012451171875,501.4454040527344
sample_ba2b32d1d23f3968,353.9561767578125,356.1236877441406,358.3106994628906,360.8164978027344,363.1218566894531,366.1223449707031,370.0120544433594,375.18768310546875,379.2752990722656,382.8413391113281,383.5492248535156,386.52899169921875
sample_3f5f06e38366e852,349.8353576660156,350.3550109863281,352.6228332519531,353.8818359375,360.1124572753906,370.5320129394531,382.43218994140625,387.54022216796875,397.7284851074219,400.5601806640625,407.35797119140625,414.814208984375
sample_5757c58690307dd1,320.1305847167969,326.0110778808594,333.1390075683594,337.0924377441406,343.33782958984375,348.2687072753906,354.11297607421875,356.7809143066406,360.75341796875,363.19622802734375,366.4781188964844,367.76519775390625
sample_48b7d7720ab59ef1,528.3348388671875,543.1015625,551.2664794921875,551.3351440429688,548.6951904296875,542.4322509765625,534.5910034179688,525.5859375,519.74072265625,512.5914306640625,508.0413818359375,503.3550109863281
sample_65ad6feec96aadff,391.9134216308594,427.26263427734375,459.63690185546875,496.9847412109375,535.6085815429688,568.5703125,603.0938720703125,650.0015869140625,693.0318603515625,716.1139526367188,732.1583251953125,750.26220703125
sample_0e16374bab5809f8,358.2366027832031,358.6183776855469,363.07427978515625,373.8590087890625,387.7498779296875,403.59814453125,419.67962646484375,432.63519287109375,439.7585754394531,441.9893798828125,445.91802978515625,450.90838623046875
sample_79648188910a4294,368.4131164550781,373.433349609375,377.7217712402344,378.3966979980469,379.9981994628906,380.10345458984375,381.3663635253906,380.735107421875,380.3426208496094,381.702880859375,389.6528015136719,393.3359680175781
sample_852d81cb906e3694,404.9175109863281,400.8483581542969,397.0235900878906,394.5226135253906,391.7669372558594,389.2775573730469,388.1716003417969,393.3909912109375,395.91339111328125,401.6986389160156,405.04449462890625,402.7777099609375
sample_7a3c6afce16448fe,325.7242431640625,330.2459411621094,338.5829772949219,346.17510986328125,354.8882751464844,363.117919921875,372.0392761230469,378.0249938964844,389.335693359375,395.1507263183594,399.3500061035156,401.3603210449219
sample_e9b7fbf7a55eb44a,359.59820556640625,363.3078308105469,368.7630615234375,371.7188720703125,377.5425720214844,382.54656982421875,387.09326171875,389.3164978027344,397.3923034667969,406.27423095703125,411.4449768066406,415.761962890625
sample_77ec80dde52b8a96,334.89886474609375,335.5970458984375,337.91473388671875,343.903076171875,347.7969665527344,354.7314147949219,361.19769287109375,370.8385314941406,379.5896911621094,388.44403076171875,393.1185607910156,407.75482177734375
sample_7589b4333352db42,389.3416442871094,390.8101501464844,401.72113037109375,421.83758544921875,430.13311767578125,431.76654052734375,438.0935974121094,444.8419494628906,450.90191650390625,454.68817138671875,452.7767028808594,460.0892333984375
sample_b5880122353bed01,345.35870361328125,351.39691162109375,358.2780456542969,361.8033142089844,366.88775634765625,370.4912109375,375.14501953125,377.1978759765625,382.5582275390625,386.7283020019531,387.541259765625,394.319091796875
sample_8a15431723a3d3f3,374.66082763671875,372.5507507324219,369.62823486328125,369.01129150390625,364.6207275390625,361.39849853515625,359.793701171875,361.2164306640625,360.4356689453125,368.24200439453125,372.7848815917969,377.0954284667969
sample_a3654af9e037e498,385.4335021972656,388.9896240234375,404.3190612792969,431.63348388671875,447.836669921875,473.30731201171875,489.27606201171875,480.8047180175781,475.7910461425781,476.9563293457031,454.7881774902344,440.7664794921875
sample_a67a34a3858681d6,418.3528137207031,412.507568359375,407.0087890625,403.8268737792969,399.8028869628906,397.431396484375,394.6720886230469,392.4519958496094,390.86151123046875,390.49945068359375,389.7055969238281,391.4627685546875
sample_6774427d648f34ba,456.1728210449219,451.8590393066406,447.3568420410156,442.8196105957031,432.8089904785156,427.8350830078125,422.6468505859375,430.0350341796875,449.6511535644531,452.5621643066406,469.0716552734375,463.0268859863281
sample_32f929cb28fa42e2,391.1044616699219,386.5137634277344,382.828857421875,381.04296875,377.8166198730469,377.845947265625,377.1311950683594,374.6520080566406,370.8419189453125,372.93768310546875,373.476806640625,378.910400390625
sample_07ac029b2690fec2,570.7850341796875,564.5777587890625,557.1617431640625,544.95751953125,535.6943969726562,528.94580078125,526.0650024414062,527.90283203125,531.1055908203125,536.3279418945312,543.9057006835938,544.626708984375
sample_681a88184f3bc5c3,397.3638610839844,391.9319152832031,384.16119384765625,381.5289001464844,372.3953857421875,371.6441955566406,372.418212890625,371.5028381347656,371.7345886230469,368.8096923828125,366.9573669433594,367.9927978515625
sample_c9fbe37b7bfb013f,451.7284240722656,438.9095153808594,424.2276611328125,412.952392578125,400.58935546875,389.0906677246094,379.4058532714844,370.5535888671875,363.5150146484375,356.7071533203125,350.393310546875,346.7142333984375
sample_592828e9bd657e20,363.6478576660156,363.185302734375,365.06756591796875,371.5021667480469,384.38592529296875,400.28936767578125,413.7895812988281,417.56060791015625,421.4095458984375,427.96026611328125,430.71044921875,428.0931091308594
sample_8f0761d23aab03f6,554.0466918945312,561.795166015625,561.0835571289062,557.8101806640625,557.3793334960938,559.963623046875,559.2659301757812,561.0487060546875,557.9310302734375,551.7221069335938,544.366943359375,534.4501953125
sample_cf6c0b6a8f1ae2bf,356.3271789550781,356.919677734375,358.4665832519531,358.5055236816406,359.2511291503906,360.3924560546875,361.03411865234375,360.9931640625,360.198486328125,359.2506408691406,358.5751647949219,358.20819091796875
sample_0300beb1ef28841b,317.27154541015625,320.11181640625,325.0196228027344,328.3134460449219,334.24530029296875,340.0791015625,345.33453369140625,350.475830078125,358.81201171875,368.6536865234375,379.5249328613281,387.86456298828125
sample_68bf569a29888da2,394.91033935546875,398.9441833496094,402.6797180175781,403.2390441894531,406.3104248046875,408.2481384277344,412.51287841796875,414.2995300292969,415.9260559082031,416.1239013671875,418.39373779296875,419.198486328125
sample_4b9d321a0c3491ec,355.4544982910156,354.1971740722656,351.83697509765625,351.3797302246094,350.0155944824219,349.5443420410156,349.7451171875,352.3448181152344,349.6009521484375,347.5279846191406,346.0526428222656,344.871826171875
sample_ad66b49c94baedcd,365.8509216308594,376.383544921875,386.5157470703125,391.7730407714844,398.35919189453125,400.773193359375,400.8523254394531,398.9877014160156,400.8033142089844,399.37481689453125,398.0717468261719,396.3004150390625
sample_01916bcd119dc6ee,386.0751647949219,421.68218994140625,451.4708557128906,468.9073791503906,498.90447998046875,526.3036499023438,528.6810913085938,534.682861328125,554.705322265625,574.5895385742188,569.7837524414062,573.8128662109375
sample_68fe21db25ba69e5,377.1103210449219,375.10980224609375,375.1565856933594,374.97509765625,376.7671813964844,380.7156982421875,382.3674011230469,383.005859375,388.05255126953125,394.9326171875,399.23297119140625,401.1897888183594
sample_b1576adf2812bd0a,318.15594482421875,324.1668701171875,332.5000305175781,340.3492736816406,349.62017822265625,359.7810974121094,369.9571228027344,370.8283996582031,375.94525146484375,382.45928955078125,386.5240478515625,389.251220703125
sample_d4374c39bc3de0f4,352.0585021972656,354.40496826171875,357.5472106933594,358.9573974609375,362.2442626953125,365.822021484375,368.67877197265625,369.5503845214844,369.9119873046875,372.0693664550781,373.54083251953125,375.8805236816406
sample_1257caad37539d2c,502.3842468261719,492.91058349609375,478.6742248535156,464.67413330078125,450.141357421875,437.5489807128906,427.2247314453125,417.90277099609375,409.5474853515625,402.1940002441406,395.721923828125,390.4882507324219
sample_2974fe5e4f2c3c98,311.6744079589844,315.9708251953125,320.6103820800781,323.3636474609375,327.7174072265625,333.9805908203125,345.2342529296875,358.4216003417969,366.4029846191406,375.83538818359375,382.89508056640625,394.3551330566406
sample_49ef474fbc233420,344.3087158203125,347.3809814453125,352.7975158691406,358.95880126953125,366.8806457519531,376.8139953613281,387.1744384765625,394.418212890625,397.7609558105469,404.44036865234375,408.087646484375,419.0840148925781
sample_a7e188421fab9499,352.9814147949219,357.4931945800781,362.79107666015625,365.4465026855469,369.65509033203125,371.5909729003906,373.96063232421875,374.3876647949219,375.8967590332031,375.8136291503906,376.98651123046875,377.5593566894531
sample_39ff009c95d04509,388.6533508300781,388.4308776855469,388.0234069824219,385.0000915527344,383.7723083496094,381.779296875,380.6502990722656,378.8749084472656,377.3268737792969,375.7919006347656,375.22723388671875,374.43524169921875
sample_f1d8df84f9980648,412.6905517578125,416.48046875,419.950439453125,419.8586120605469,420.9442138671875,419.68585205078125,418.3675537109375,416.5020446777344,414.605712890625,412.114990234375,409.9108581542969,408.78314208984375
sample_0011e9295fc116ca,418.4140930175781,416.61083984375,414.5799865722656,412.9703674316406,409.4993591308594,408.84466552734375,409.07977294921875,409.5994873046875,410.30596923828125,410.5604553222656,409.4163818359375,409.1418151855469
sample_4d7438877fce4e9d,363.974609375,375.07025146484375,390.127197265625,402.98992919921875,416.8371887207031,431.9906311035156,443.6272888183594,453.3064270019531,457.1575012207031,460.8935852050781,457.7007141113281,458.28857421875
sample_cc331507e8d915ef,293.6402282714844,298.69366455078125,303.4020080566406,304.5368347167969,309.34844970703125,315.14111328125,324.6414489746094,331.4317626953125,335.5831604003906,340.27423095703125,346.819091796875,357.8677978515625
sample_271a96cb54bdd93e,462.0874938964844,475.1524963378906,479.5998840332031,477.1859436035156,469.6439514160156,458.4754943847656,452.7832336425781,446.0846862792969,438.6636657714844,433.7458190917969,426.71221923828125,421.1602478027344
sample_c5841236ae46f558,675.0142211914062,640.867431640625,602.608154296875,569.356689453125,539.246337890625,512.7503662109375,491.32354736328125,473.55340576171875,459.9349365234375,447.68231201171875,437.01348876953125,428.2635803222656
sample_e79fe01f22076812,311.1661071777344,312.46600341796875,315.4980773925781,317.7956237792969,322.1907653808594,327.1606140136719,332.4751892089844,336.6758117675781,341.6407775878906,346.2745056152344,350.8177795410156,354.7723388671875
sample_af7653097c7d564a,421.4655456542969,418.46014404296875,414.6280822753906,410.5558776855469,406.3543701171875,402.3553771972656,398.7642822265625,395.4825134277344,394.249755859375,394.92047119140625,394.0911865234375,394.6816101074219
sample_919eb526dfa6235a,395.5975646972656,391.99761962890625,390.1627502441406,388.5066833496094,388.3647766113281,388.3486328125,390.457763671875,389.3740539550781,391.7528076171875,391.37933349609375,390.6423034667969,393.3404846191406
sample_39ab4473b93c85e4,355.49853515625,360.0315246582031,362.1032409667969,365.0906677246094,370.3048400878906,377.1666259765625,379.330322265625,380.3741149902344,376.8240966796875,373.45928955078125,376.319091796875,377.7272033691406
sample_ff4c68e580ee6cf6,372.8692321777344,372.8742370605469,374.27508544921875,376.64190673828125,376.8807373046875,376.59814453125,376.4901428222656,374.4225769042969,372.8258361816406,372.2236328125,370.7217102050781,370.4419860839844
sample_039d0f0f7de376fc,541.2914428710938,547.4688110351562,543.6111450195312,538.6525268554688,536.6441650390625,530.6427612304688,523.9088134765625,517.523193359375,511.4475402832031,507.00946044921875,504.2322998046875,498.4562683105469
sample_087d324544bca365,430.0970764160156,427.405029296875,421.48236083984375,417.06011962890625,411.37921142578125,406.01983642578125,400.8590087890625,397.519775390625,393.6142272949219,392.57574462890625,388.93658447265625,387.4124450683594
sample_8c0cc7f2d372aa6b,481.4235534667969,477.6392822265625,472.20416259765625,466.4393615722656,459.9220275878906,452.9718322753906,445.955078125,440.1773986816406,434.243408203125,429.3143615722656,424.1839599609375,420.7869567871094
sample_059b5c77acadca60,561.6021728515625,548.134765625,526.8115844726562,518.8217163085938,506.05316162109375,494.0353088378906,488.34051513671875,489.6722717285156,476.98126220703125,459.6983642578125,469.7325439453125,474.47265625
sample_2a0556e14c300769,355.3869934082031,356.13885498046875,355.9642028808594,359.61749267578125,362.0041198730469,363.16705322265625,366.5726013183594,371.18426513671875,371.9581298828125,376.6915588378906,374.04437255859375,370.5684509277344
sample_32e73a7648f09439,405.7093200683594,402.33013916015625,398.5932312011719,398.225830078125,395.70513916015625,391.3857421875,390.8494873046875,395.1825256347656,392.07177734375,390.747802734375,392.98052978515625,394.8106689453125
sample_0bd52b3dec410846,388.329833984375,384.55401611328125,380.0445556640625,375.76214599609375,371.7978515625,368.2806091308594,367.0809020996094,366.113037109375,365.3408203125,365.98883056640625,368.3524475097656,372.5773010253906
sample_4f2635f95bafdfcf,440.15057373046875,433.75927734375,427.3973388671875,422.5780944824219,415.9579772949219,410.09710693359375,405.0860290527344,401.99774169921875,398.544921875,395.51019287109375,392.90216064453125,391.6720275878906
sample_3ad22adc50994826,340.24609375,348.9808349609375,356.6954040527344,365.20208740234375,380.4600524902344,397.8216857910156,427.88409423828125,463.57086181640625,484.8447265625,495.80059814453125,492.8685607910156,507.0745849609375
sample_be6a86a2aa1db54a,502.96734619140625,494.8593444824219,482.3134765625,469.54266357421875,456.69232177734375,444.17083740234375,433.0895690917969,423.4587097167969,414.6884765625,407.7173156738281,401.1945495605469,396.2073974609375
sample_55cf7461e8c691f2,360.7515869140625,360.5356140136719,365.98907470703125,372.9737548828125,382.6170654296875,399.0826721191406,407.433837890625,417.6521301269531,436.8236999511719,459.9752502441406,480.41802978515625,497.6583557128906
sample_cae0b1f234cd4604,565.8651733398438,551.4679565429688,532.9219360351562,515.4136962890625,500.2375793457031,485.3254089355469,472.40130615234375,460.4315185546875,450.1659851074219,441.4389953613281,432.80322265625,426.17852783203125
sample_a20d086c8bb6797a,353.5433654785156,351.86669921875,351.1357421875,350.20635986328125,350.3269348144531,351.2156066894531,352.76336669921875,353.7054443359375,354.96771240234375,356.6902160644531,358.2754211425781,360.3882141113281
sample_611c525c765bbc46,308.06884765625,309.745849609375,313.6128234863281,317.0481262207031,322.12567138671875,328.25299072265625,334.67474365234375,339.6080322265625,347.3717041015625,352.6590576171875,358.0832214355469,364.0699157714844
sample_e25d6947f7735ce8,359.2433166503906,359.3346252441406,360.9177551269531,361.813232421875,363.95672607421875,366.5962219238281,369.9547119140625,372.0495300292969,374.7878723144531,376.6483459472656,379.0713195800781,381.0232238769531
sample_fc93acf88b01810c,345.08636474609375,357.5541076660156,372.71087646484375,391.6858825683594,407.41400146484375,406.2861022949219,405.10528564453125,411.04876708984375,401.93438720703125,408.0865783691406,414.31378173828125,412.0833740234375
sample_4ea4b223e2fcfe2c,309.2256774902344,314.6145935058594,321.54156494140625,326.3484802246094,333.5628662109375,340.50091552734375,347.30413818359375,352.475830078125,358.26202392578125,362.6327819824219,367.79437255859375,371.478515625
sample_12128f9275454818,375.8935241699219,374.71270751953125,376.3581237792969,375.62811279296875,378.53936767578125,383.9118957519531,388.57672119140625,389.824951171875,392.7236328125,395.54351806640625,402.6278381347656,410.7530212402344
sample_beddfbdd79767d72,521.109619140625,500.9445495605469,481.2251892089844,464.980712890625,450.40985107421875,436.5267333984375,425.81524658203125,416.08575439453125,408.18341064453125,401.8238525390625,395.3544616699219,390.8460388183594
sample_adfb57fb93a55f4d,429.7430725097656,445.9860534667969,460.3791809082031,470.3229675292969,483.27667236328125,493.6459045410156,501.34979248046875,516.0894775390625,531.71484375,539.238037109375,538.781982421875,536.1070556640625
sample_289866507f6e8923,313.2558898925781,314.8604431152344,319.2413635253906,322.80035400390625,329.0009765625,336.6529541015625,344.6288146972656,350.7300720214844,360.15472412109375,366.39373779296875,372.19012451171875,378.59149169921875
sample_04cd08f95d78a8d5,364.22119140625,365.35479736328125,367.4876708984375,368.6507568359375,370.2338562011719,371.2755432128906,372.2573547363281,373.2164611816406,373.37249755859375,373.2663269042969,373.63128662109375,374.45306396484375
sample_0f3476607b755a67,566.5278930664062,563.582275390625,557.616943359375,546.3246459960938,537.5481567382812,527.1869506835938,516.4127197265625,507.8486022949219,501.7563781738281,488.0388488769531,482.3040771484375,480.3441162109375
sample_87cd9c2693878b14,333.8528137207031,347.45574951171875,362.60028076171875,373.5528259277344,383.1372375488281,390.34326171875,397.88922119140625,412.56744384765625,437.226806640625,468.53924560546875,504.207763671875,540.15771484375
sample_2c77e0f577fe1809,635.0833129882812,631.0032348632812,626.51708984375,621.9774169921875,618.0107421875,604.7159423828125,593.6077270507812,582.8248291015625,561.9442749023438,547.767333984375,535.9542846679688,526.5941162109375
sample_4aca888063057675,436.1208190917969,453.5954284667969,464.5462646484375,466.0657043457031,468.7864990234375,466.5780029296875,462.6725158691406,460.42498779296875,458.35211181640625,452.50140380859375,449.00946044921875,441.0861511230469
sample_c9f3418401f22069,295.58453369140625,296.83245849609375,299.9321594238281,302.8040771484375,307.25970458984375,312.3077087402344,317.7248840332031,321.9096984863281,327.1873779296875,333.238037109375,338.2934875488281,344.9627685546875
sample_ad2d7737eeaa629c,375.444580078125,382.3797302246094,386.45849609375,386.73638916015625,390.01800537109375,390.5623779296875,389.0149841308594,389.5046081542969,389.50634765625,394.7235107421875,399.9710388183594,403.443115234375
sample_6d5621b66d1732fe,371.3318176269531,380.4801330566406,397.9598693847656,416.71734619140625,435.7257080078125,446.5201110839844,463.45587158203125,486.6183166503906,515.5584106445312,542.3671875,561.0151977539062,593.3758544921875
sample_6a3ceddaa3462cca,304.3620300292969,306.922607421875,311.5959777832031,315.4208984375,320.3170166015625,328.4018859863281,332.9593505859375,349.10296630859375,361.05377197265625,359.6571044921875,382.744873046875,396.1285095214844
sample_1c2ae4abe6015e0b,379.1211242675781,376.3408203125,375.6561279296875,375.23468017578125,376.3437805175781,379.6212158203125,383.9580078125,387.09039306640625,392.18353271484375,398.3736877441406,401.4951171875,410.6723327636719
sample_63388b7c142cd793,362.3932800292969,363.1775817871094,364.10552978515625,363.81756591796875,364.1339111328125,364.7801513671875,367.6910400390625,374.23004150390625,373.380615234375,380.65087890625,380.8257141113281,382.1620178222656
sample_1f181125cdac20e1,610.6436767578125,600.883056640625,583.9790649414062,568.30078125,553.715087890625,541.43896484375,522.9161987304688,508.448486328125,497.94683837890625,489.0696716308594,481.07177734375,472.1739501953125
sample_8306a238d8052269,406.9516906738281,406.8826904296875,415.3383483886719,430.2650451660156,440.4189147949219,450.4437561035156,450.9971923828125,453.4046325683594,446.779541015625,435.0052185058594,428.8049621582031,430.80181884765625
sample_c8ca45a98b62386e,347.69244384765625,353.93438720703125,361.4722595214844,372.8540954589844,388.784423828125,402.5050354003906,412.61431884765625,438.6962585449219,454.33746337890625,463.19140625,487.624755859375,512.3012084960938
sample_4f972cc4a83651d1,411.70831298828125,405.315673828125,398.7308349609375,391.9829406738281,386.1455078125,380.9652099609375,377.4068603515625,373.1841735839844,369.3681335449219,366.70599365234375,364.0337829589844,362.67138671875
sample_55eb881eafe67ab1,434.10186767578125,436.8612976074219,441.470947265625,442.6352233886719,446.89453125,449.6694030761719,452.16973876953125,451.4588623046875,457.0654296875,457.9029235839844,459.5585021972656,461.753662109375
sample_af9706d97c1063ec,594.620849609375,590.4298706054688,582.2047119140625,573.7288818359375,560.8961181640625,553.74267578125,547.4696044921875,538.6316528320312,520.9854125976562,508.4864501953125,499.6839599609375,485.59149169921875
sample_c61052cdf9b6e3ec,565.4865112304688,574.4337768554688,562.2368774414062,552.2476806640625,543.19775390625,536.241455078125,528.259765625,519.2994995117188,512.4113159179688,506.0625915527344,495.23297119140625,486.52801513671875
sample_c5f7c930c92bc845,530.17626953125,515.6110229492188,498.477294921875,484.3314514160156,467.8376770019531,453.2348327636719,440.740234375,430.3739013671875,420.2592468261719,411.7664794921875,404.4375,398.1752624511719
sample_1c8489772e84f4b3,491.49859619140625,480.75341796875,466.117431640625,457.80560302734375,445.528564453125,433.3088684082031,429.1341857910156,425.8180236816406,419.12005615234375,411.6201171875,405.1159362792969,404.5327453613281
sample_86612bfa9c9a4481,392.42535400390625,409.0630798339844,421.767333984375,430.6439514160156,440.78753662109375,451.5104064941406,464.288330078125,483.3742370605469,502.70611572265625,522.6675415039062,541.5629272460938,568.1759033203125
sample_e44c8df5e12d1b15,454.5375061035156,448.7781982421875,440.6476135253906,433.6938171386719,424.4450378417969,415.22723388671875,407.4498596191406,401.3231506347656,394.77716064453125,389.14483642578125,383.9639892578125,380.7418212890625
sample_3e8f939ea53a27f4,378.6142272949219,377.7174377441406,375.2535705566406,374.2886047363281,370.76190185546875,369.54498291015625,370.49261474609375,373.2571105957031,372.8027038574219,375.6678466796875,376.1182861328125,379.8369140625
sample_c5d7512bfaae3ba5,470.2779541015625,462.2221374511719,453.7161560058594,447.229736328125,438.3689880371094,429.9774169921875,421.91558837890625,416.3875427246094,410.68609619140625,407.16912841796875,401.6468505859375,399.4648742675781
sample_657e4f4853c59e9a,583.4591064453125,578.3494262695312,570.0508422851562,556.3543090820312,543.993896484375,531.0169677734375,517.7843017578125,505.91973876953125,496.0810546875,486.75714111328125,479.8411865234375,473.15252685546875
sample_e02948839075016f,371.6931457519531,369.42816162109375,368.8854675292969,368.48699951171875,368.40472412109375,368.7844543457031,370.5848083496094,371.3325500488281,372.5776062011719,374.4657287597656,374.87969970703125,376.48504638671875
sample_388f418ae9f39f21,403.2904357910156,402.3645935058594,399.72796630859375,398.74383544921875,398.9420471191406,398.8072509765625,402.6996154785156,415.2452697753906,409.0974426269531,403.3175354003906,398.1556091308594,396.7735900878906
sample_233b082f720093da,327.6073913574219,329.9071960449219,332.96368408203125,337.54449462890625,339.3849182128906,344.392822265625,349.14886474609375,351.50970458984375,355.0941467285156,358.44091796875,361.21044921875,366.3023681640625
sample_587a214b40f5f32d,337.7667541503906,343.15618896484375,344.39495849609375,350.47149658203125,352.8861999511719,354.82623291015625,353.1850891113281,350.87750244140625,354.4087219238281,352.4047546386719,356.6081848144531,360.8792419433594
sample_1e70a497b4ac91e2,454.9840087890625,451.9591064453125,448.75311279296875,444.2334899902344,441.59210205078125,437.80218505859375,435.28594970703125,431.2621765136719,429.4471435546875,427.1787414550781,425.5046081542969,422.2413330078125
sample_9bfb16af8deef743,478.3711242675781,483.0176086425781,486.6799621582031,495.3650207519531,513.158447265625,536.225341796875,546.184814453125,573.39453125,599.105224609375,621.6830444335938,609.6494750976562,604.325927734375
sample_897c49bb69995dcf,403.5831604003906,411.5944519042969,424.5837707519531,435.6645812988281,439.91412353515625,446.3008728027344,443.9163513183594,438.11651611328125,436.2828369140625,441.6678466796875,449.9277648925781,460.70709228515625
sample_17c525f42c53c9cb,363.50750732421875,374.1338806152344,385.23846435546875,392.88995361328125,402.28570556640625,407.8849792480469,413.97265625,415.6521301269531,419.277099609375,420.370849609375,421.2546081542969,414.81292724609375
sample_14c9ca543e49544c,402.87225341796875,399.3387451171875,396.61407470703125,395.1181640625,393.123779296875,391.57659912109375,391.9625244140625,390.6553955078125,390.24639892578125,389.501708984375,388.5556335449219,388.4523620605469
sample_f62652f0b5c3a137,361.6368408203125,360.12847900390625,360.6011047363281,360.9546203613281,362.0602111816406,364.1012878417969,366.9517517089844,368.73553466796875,370.92596435546875,373.2451171875,374.7488708496094,377.34136962890625
sample_007a7f93229cca2d,376.7511291503906,376.5455017089844,376.97894287109375,376.84356689453125,377.6092529296875,378.25274658203125,378.2990417480469,378.6918640136719,379.3634033203125,379.2481689453125,379.4892883300781,379.968994140625
sample_cbccefe26e194aee,302.45989990234375,303.9057312011719,308.3108215332031,311.82513427734375,317.5415344238281,324.37152099609375,331.95513916015625,337.02496337890625,344.814208984375,350.4024963378906,356.20556640625,360.09637451171875
sample_ff54b4a06854042e,368.3441162109375,365.9644470214844,366.0243835449219,366.5161437988281,367.6972961425781,369.9181823730469,372.634765625,374.7297058105469,377.2951354980469,380.60821533203125,381.9607849121094,385.369140625
sample_ac738344f7fc0123,364.3874816894531,362.1062927246094,362.0589599609375,363.173095703125,363.4971008300781,364.90557861328125,367.2598876953125,368.4098815917969,371.0409240722656,373.7071838378906,374.90240478515625,378.1635437011719
sample_7cc450780197f9f6,412.5135803222656,410.89349365234375,406.89599609375,402.7715759277344,397.7674560546875,392.1845397949219,387.38909912109375,383.933349609375,379.60552978515625,375.5635681152344,372.98431396484375,370.7449035644531
sample_26ba59dab26824a8,501.26849365234375,483.9975280761719,465.559326171875,451.04840087890625,435.4610595703125,421.388671875,410.15289306640625,401.4891662597656,391.97076416015625,384.60711669921875,377.34210205078125,372.1772155761719
sample_663387d1586672c0,398.8428039550781,400.2561340332031,401.9075927734375,402.0655517578125,402.3331604003906,403.2787780761719,404.93231201171875,405.4969787597656,407.1960144042969,408.5189208984375,408.0954895019531,408.877685546875
sample_6a47a428b9b5afa7,658.0685424804688,621.6954956054688,585.3291625976562,555.669677734375,527.645751953125,503.09686279296875,483.32354736328125,466.312744140625,452.53363037109375,440.30621337890625,428.5823974609375,419.1531982421875
sample_286c9d4c91c4feba,571.7335815429688,575.3394775390625,574.4156494140625,576.5035400390625,582.573486328125,584.8341064453125,590.0317993164062,596.1978759765625,602.1222534179688,594.947021484375,593.360595703125,587.8262939453125
sample_1e30465343f2373e,340.2962951660156,343.9527893066406,348.5755310058594,350.81787109375,354.8233337402344,358.82623291015625,361.916015625,368.03515625,373.22637939453125,374.65399169921875,382.0956115722656,387.322998046875
sample_6144647399a6f2a4,479.9886169433594,473.5244140625,463.9530944824219,453.7095642089844,443.4941711425781,432.6133117675781,423.5054931640625,415.072265625,407.15252685546875,400.7707214355469,394.3305969238281,389.9736328125
sample_b3d9bc614f94ffbb,475.1520690917969,470.2427978515625,460.8979187011719,452.3055114746094,441.75115966796875,431.20172119140625,421.834716796875,414.2926330566406,407.3390197753906,401.4776916503906,395.7131042480469,392.0794982910156
sample_1feae35d94b9cc10,295.12548828125,300.0016174316406,304.9579162597656,310.6622009277344,319.7503967285156,332.2261047363281,338.95001220703125,340.5165100097656,340.66986083984375,346.1371765136719,350.9383544921875,355.47979736328125
sample_8d23ce9b99797322,388.40118408203125,386.7361145019531,385.406494140625,384.8880920410156,383.8876037597656,383.1023864746094,383.1914367675781,382.4054260253906,381.7715148925781,381.4768371582031,381.3495788574219,381.2307434082031
sample_ffe354f60955060d,359.8453063964844,359.852783203125,362.67193603515625,364.9806213378906,367.5263366699219,372.4588317871094,378.0259704589844,380.3706970214844,386.7433166503906,390.1637268066406,393.4953308105469,396.7788391113281
sample_f6f50012e62ced34,378.15185546875,384.0131530761719,388.81939697265625,388.8682556152344,390.2861022949219,389.6535949707031,389.1097412109375,386.9910583496094,384.9001159667969,382.7164306640625,380.806396484375,378.6770935058594
sample_ece238c3429c83f5,434.774658203125,425.15850830078125,416.007080078125,409.74102783203125,402.993408203125,400.29229736328125,401.8321533203125,405.577392578125,404.2802429199219,403.45281982421875,400.92822265625,400.5822448730469
sample_73678492a06b0cc4,388.8240966796875,388.9776306152344,389.3666076660156,388.2239990234375,387.879638671875,386.9197998046875,385.7633972167969,384.5249328613281,382.2483215332031,380.8489685058594,378.7402648925781,377.8837585449219
sample_8081b7f3bfd0eed2,381.488525390625,375.3689880371094,370.30047607421875,366.2151794433594,361.5089111328125,358.4058837890625,356.89105224609375,355.80792236328125,354.2606201171875,354.6172790527344,353.8102722167969,354.3517150878906
sample_1176e7f8063dedd4,633.86572265625,605.2760009765625,575.2774658203125,552.6356201171875,531.7533569335938,514.10693359375,500.00537109375,488.9568786621094,482.58074951171875,479.6461181640625,475.87921142578125,470.6492919921875
sample_f36c238829482792,459.6301574707031,462.97705078125,459.4152526855469,453.4290466308594,446.6279296875,438.6689758300781,432.0614929199219,426.67913818359375,421.24755859375,416.6571044921875,413.30145263671875,409.2723388671875
sample_d76cfb0cc7fc2dfd,328.8645935058594,331.5435485839844,335.5890197753906,339.0820007324219,343.4731140136719,347.6687927246094,348.7248840332031,351.93682861328125,352.64947509765625,358.18096923828125,361.1296081542969,366.0247802734375
sample_f295af0e9dcb609a,474.3199157714844,475.0028076171875,472.7136535644531,467.0729064941406,462.8281555175781,455.2191467285156,445.28741455078125,440.3265686035156,432.68035888671875,425.340087890625,421.2153015136719,414.69525146484375
sample_0183aabd06db6a85,349.49200439453125,368.97918701171875,392.8535461425781,413.00592041015625,434.72027587890625,454.0419921875,470.0148010253906,483.6285400390625,499.20245361328125,514.301025390625,530.65478515625,540.8272094726562
sample_e2fc86fd4f723a3b,470.1178894042969,463.31121826171875,452.49456787109375,439.77490234375,428.31829833984375,417.48748779296875,406.40911865234375,397.0993957519531,391.36517333984375,388.89898681640625,382.76788330078125,383.19378662109375
sample_609ed0900c3d79a9,333.20343017578125,335.05438232421875,338.0538330078125,337.97314453125,339.81988525390625,344.1612548828125,349.44720458984375,352.1944580078125,354.3837890625,356.7071228027344,355.8403015136719,358.2281799316406
sample_35639b4b0aeed2fd,312.404296875,316.20123291015625,322.5548095703125,328.89324951171875,336.9561767578125,347.1209716796875,357.3879089355469,366.16400146484375,376.23590087890625,383.65850830078125,390.9303894042969,396.3551330566406
sample_3e6c59a2d5715d43,545.926025390625,529.9500732421875,512.7271728515625,497.90966796875,483.9628601074219,470.3843688964844,459.66778564453125,450.0247802734375,440.74725341796875,432.3816223144531,425.041748046875,419.17138671875
sample_8bda1920b1334143,348.05029296875,352.6080627441406,357.4304504394531,366.0021057128906,370.80059814453125,371.9951477050781,375.1589050292969,370.67919921875,366.9466552734375,368.8413391113281,368.17510986328125,365.92218017578125
sample_aea28c11d6042349,402.5804748535156,465.1018371582031,521.7015380859375,553.9232177734375,572.6163330078125,595.6242065429688,607.9476318359375,596.632080078125,589.2408447265625,590.81982421875,595.69189453125,603.90771484375
sample_f762d249b25eb865,575.9124145507812,569.0532836914062,559.8418579101562,544.3612060546875,530.1423950195312,512.4170532226562,500.5552673339844,490.2417297363281,482.0008850097656,478.4296569824219,472.09295654296875,469.6515808105469
sample_2a7dcffb31cbea33,374.3477478027344,376.842041015625,379.09576416015625,378.1427917480469,378.768310546875,377.8080749511719,377.4455871582031,375.85076904296875,374.205322265625,372.55438232421875,371.66229248046875,370.4270324707031
sample_f7f4a9669cb2adab,377.3500671386719,373.574462890625,372.01678466796875,372.2175598144531,371.6179504394531,372.42340087890625,375.1258544921875,376.8232116699219,378.86883544921875,381.6712341308594,382.82666015625,386.09716796875
sample_95d8ecfc227c34bf,336.0711669921875,337.96051025390625,340.5816955566406,341.9032897949219,343.8686828613281,345.4275207519531,347.6535339355469,348.7486877441406,350.3719177246094,351.9741516113281,353.3946228027344,354.17657470703125
sample_0dbfd400abeb383a,395.8511047363281,395.8486328125,395.470947265625,394.2102355957031,393.1633605957031,391.63671875,390.6712646484375,389.3927001953125,387.9439697265625,386.6393127441406,385.77703857421875,384.6623229980469
sample_f614c3b64ea5e36c,437.72222900390625,434.1222839355469,429.6208801269531,425.3570861816406,420.22259521484375,414.93231201171875,409.80596923828125,405.814697265625,400.92230224609375,397.02471923828125,393.8204345703125,391.694580078125
sample_78c1df8f4b4420c7,337.51129150390625,337.2772521972656,338.5390930175781,339.2601013183594,340.9278564453125,343.32269287109375,346.3828430175781,348.4808654785156,351.6799621582031,354.1275634765625,356.79150390625,360.6617126464844
sample_464146e9b5624f6e,373.2483215332031,380.085693359375,390.6116943359375,406.1697998046875,426.3865966796875,441.7250061035156,436.3646545410156,439.540283203125,431.9908142089844,413.29681396484375,403.5306701660156,409.4953918457031
sample_6bd6ad6dc70cfbd9,326.587158203125,330.4698181152344,335.4228515625,338.1487121582031,342.3611145019531,345.6529541015625,349.14337158203125,350.02496337890625,353.4639587402344,353.7910461425781,356.2135314941406,356.41729736328125
sample_c1b8ac1e6c287b74,350.1274719238281,351.0389404296875,353.3955078125,354.7125549316406,357.1494445800781,359.7637023925781,362.34808349609375,364.4164733886719,366.28460693359375,368.03912353515625,369.4889221191406,371.00933837890625
sample_23aeeb09a0ce6c92,340.78472900390625,371.302490234375,394.521728515625,412.7929992675781,439.7978820800781,451.482666015625,473.2257080078125,491.1878967285156,510.3562927246094,527.1775512695312,536.281982421875,536.0460205078125
sample_9de47c5b1184c0dd,313.0013122558594,319.8212585449219,330.0145263671875,340.24322509765625,351.6217041015625,361.7926025390625,371.1246643066406,382.716552734375,392.04486083984375,401.3513488769531,418.75372314453125,440.3245849609375
sample_c8b7ab1696721f51,427.2337341308594,456.9434814453125,484.63494873046875,508.0864562988281,538.627197265625,573.8471069335938,603.28271484375,634.571044921875,662.385986328125,685.4047241210938,704.2607421875,706.9830322265625
sample_4140671d49e339eb,444.04254150390625,437.54815673828125,430.7445983886719,424.3547058105469,418.0765686035156,412.60107421875,408.063720703125,403.28924560546875,399.2998352050781,396.53448486328125,393.7466735839844,392.950927734375
sample_ddcc8a7147718881,402.26519775390625,397.9623718261719,392.23876953125,390.01837158203125,385.06646728515625,382.8386535644531,379.63037109375,376.5537109375,374.9005126953125,373.8407897949219,373.555419921875,377.04180908203125
sample_6ce9e792f4a920dd,335.78240966796875,340.6990051269531,348.27740478515625,352.7198791503906,359.67486572265625,365.6152038574219,369.6317443847656,371.6995544433594,371.74591064453125,376.1911315917969,378.2303161621094,381.074462890625
sample_a68af8f6ab6972e1,350.5850830078125,351.5458984375,353.2564697265625,356.70037841796875,363.8785705566406,366.74725341796875,362.2825012207031,369.296142578125,376.901123046875,390.7718200683594,400.3018798828125,405.62640380859375
sample_aba2cb630af60842,353.1169738769531,354.9158020019531,358.35595703125,360.0355224609375,362.9469909667969,365.7113952636719,368.20867919921875,370.1300354003906,372.10125732421875,373.4446105957031,374.9781188964844,376.2294921875
sample_f226dd82175e3e8f,391.3313293457031,395.0445861816406,399.7280578613281,400.8833923339844,406.58563232421875,409.8213806152344,412.327392578125,413.9402160644531,415.3251953125,416.9696044921875,419.22589111328125,424.6942443847656
sample_03c8b8597a8a1d34,352.4722595214844,350.6081848144531,347.2048034667969,349.8262939453125,349.486328125,352.4994812011719,354.27667236328125,355.87432861328125,353.0540771484375,351.8588562011719,351.3546142578125,352.0145263671875
sample_cd4415aba183ac27,390.39404296875,424.8100280761719,468.5242004394531,513.6202392578125,561.5594482421875,593.5386962890625,601.7781982421875,590.7032470703125,574.73583984375,546.8229370117188,513.1459350585938,495.5525207519531
sample_a679debf61f62c0b,363.8681640625,365.197509765625,368.3036193847656,371.7503662109375,376.03466796875,381.8450927734375,386.6690673828125,390.12664794921875,395.7383728027344,399.43048095703125,401.9856262207031,406.4953918457031
sample_03fa87421e3876be,317.7030029296875,320.5755310058594,325.35302734375,328.2390441894531,333.1013488769531,338.7563171386719,345.08905029296875,349.64532470703125,354.9454650878906,359.5030822753906,363.6282958984375,367.46112060546875
sample_0f619b1f132922cb,312.7752380371094,324.89935302734375,340.51678466796875,351.52783203125,355.64862060546875,366.2843017578125,373.7650451660156,381.364013671875,388.43743896484375,394.14337158203125,402.0540771484375,405.065185546875
sample_35fcf7f8ccd9e933,411.61724853515625,414.4866638183594,415.8116760253906,412.1390686035156,410.2947998046875,408.7953186035156,406.619873046875,401.4736633300781,395.9168395996094,391.67010498046875,388.6075439453125,386.70025634765625
sample_d2e3bf0f4262fb69,420.1897277832031,420.2839050292969,421.36114501953125,421.3153076171875,422.93450927734375,425.25567626953125,427.6868591308594,428.8232421875,432.23529052734375,433.767578125,435.6960754394531,437.8044128417969
sample_6044d43f6085c214,404.8606872558594,400.3719177246094,396.3844909667969,394.0264587402344,391.697998046875,390.03985595703125,388.6471862792969,386.44183349609375,384.86468505859375,383.49407958984375,381.97723388671875,381.9862976074219
sample_1bf29d5848a64d65,317.6415710449219,320.1251525878906,327.5338439941406,333.70294189453125,351.3951416015625,370.9165954589844,386.6408386230469,392.90301513671875,402.39190673828125,409.3634948730469,416.3296813964844,420.510009765625
sample_dcb12176a416af17,377.5712890625,386.90350341796875,399.0721435546875,405.08026123046875,415.1610412597656,422.06793212890625,429.212646484375,438.37420654296875,443.5481262207031,454.2993469238281,463.29345703125,481.1103210449219
sample_ae755736fcad0b71,327.717529296875,331.06591796875,336.57537841796875,340.9007263183594,348.45538330078125,357.1270751953125,365.55511474609375,371.770751953125,379.41387939453125,384.26885986328125,390.0098876953125,395.6437683105469
sample_62bb7236c3acb27d,390.37457275390625,386.6884765625,382.8360595703125,379.9439697265625,374.3538513183594,366.1213684082031,364.0737609863281,362.42486572265625,362.75518798828125,366.6483459472656,361.5077209472656,360.6570739746094
sample_be462209d22980ea,385.19696044921875,425.87615966796875,475.14019775390625,503.12017822265625,518.557373046875,532.2799072265625,547.9268798828125,571.4727172851562,557.5057373046875,576.7576293945312,593.0452270507812,600.131103515625
sample_6d8a0a7f9c6dd958,596.6812744140625,578.5986328125,558.0038452148438,541.7919921875,521.0849609375,499.91278076171875,481.97955322265625,470.8992919921875,464.01434326171875,455.39434814453125,450.1583251953125,446.4109802246094
sample_353d6f6875af087f,268.3819580078125,284.5960693359375,304.57391357421875,321.68017578125,341.44195556640625,359.20806884765625,374.770263671875,388.6522521972656,399.55841064453125,409.9376525878906,419.58056640625,426.631103515625
sample_b83998a5b73eb45e,347.4720153808594,345.8432922363281,347.080322265625,348.5003967285156,350.18695068359375,352.78045654296875,356.34375,358.59442138671875,363.5801696777344,367.08941650390625,370.2599182128906,374.59100341796875
sample_83bcc218dfcb4053,334.8056945800781,347.6008605957031,359.9607849121094,369.0060729980469,378.7611389160156,387.21746826171875,395.42608642578125,399.1911315917969,399.7130432128906,401.12982177734375,405.4392395019531,406.41259765625
sample_34b557806d2dcd24,490.574951171875,485.5957946777344,479.6759338378906,474.215576171875,466.4212341308594,459.5281066894531,453.0498046875,444.96044921875,438.0091857910156,429.0320739746094,421.9816589355469,420.572021484375
sample_fca5f19899d384d3,313.4643249511719,319.2074279785156,330.8614501953125,345.5907897949219,360.88531494140625,376.69769287109375,392.78057861328125,406.5030212402344,420.83856201171875,430.9193115234375,435.7643127441406,439.7713623046875
sample_0e9cdc5f363efac1,355.9923400878906,354.008544921875,355.5352478027344,357.10174560546875,358.1048889160156,365.3688659667969,368.5753479003906,374.5910339355469,372.4906921386719,372.6393127441406,373.30230712890625,374.318603515625
sample_8c2dc8a6bbc9f31c,360.48968505859375,364.3963928222656,370.8811340332031,381.6130065917969,408.197509765625,432.02227783203125,461.9539489746094,486.4454345703125,521.1266479492188,554.995849609375,583.161865234375,595.8128662109375
sample_65894ce2d3222fd1,505.1162414550781,517.8216552734375,521.6837158203125,514.0286865234375,507.5126953125,503.5958251953125,501.28277587890625,491.47918701171875,480.0079345703125,475.2211608886719,470.4040222167969,460.88134765625
sample_9742a386df2b8bde,357.4039306640625,364.23907470703125,371.3753967285156,374.4976806640625,379.3753356933594,382.13983154296875,384.0877685546875,384.14361572265625,385.20361328125,383.13067626953125,383.4021301269531,381.47412109375
sample_4c955501cd09fe4f,325.8955993652344,326.72052001953125,329.077880859375,334.62677001953125,338.394287109375,343.58917236328125,350.6036071777344,350.50970458984375,350.0155334472656,353.5155334472656,349.98541259765625,351.40863037109375
sample_a14c5430dd269443,327.75469970703125,330.59686279296875,333.50555419921875,335.06488037109375,338.900634765625,341.70831298828125,344.7122497558594,346.1435852050781,345.9618835449219,346.93853759765625,349.150146484375,350.4925537109375
sample_99de518c48c28f24,384.0597229003906,380.4666748046875,376.73895263671875,376.878662109375,372.81103515625,369.0836181640625,367.46173095703125,367.14691162109375,367.24261474609375,370.13775634765625,369.39398193359375,372.1728210449219
sample_62f8133527bdc872,423.31488037109375,414.43121337890625,400.03460693359375,390.3515625,376.91632080078125,365.5823974609375,362.0798645019531,359.045166015625,361.3932800292969,361.22113037109375,351.1742248535156,349.6895446777344
sample_a1f6fbdd3828f924,356.84515380859375,359.3641357421875,366.2209167480469,371.9666748046875,380.0240783691406,388.67236328125,396.8856201171875,403.9605712890625,412.96051025390625,420.32421875,425.94366455078125,430.9194030761719
sample_3c172e79f3ef737b,294.2669982910156,295.4859924316406,298.55364990234375,300.5352478027344,303.2170104980469,305.9442138671875,308.99249267578125,311.84527587890625,315.43585205078125,321.76165771484375,327.6477355957031,336.9395446777344
sample_c49a8910cbde93fc,575.7133178710938,572.6875610351562,567.5588989257812,559.3984375,552.3660278320312,543.7858276367188,536.2633056640625,527.66552734375,520.2542724609375,513.1914672851562,508.7713928222656,502.6262512207031
sample_fe9b7fa6c23f1494,286.06732177734375,291.945068359375,299.111083984375,304.3569641113281,311.8193359375,319.98114013671875,328.16473388671875,335.26568603515625,341.24896240234375,346.23577880859375,351.7996520996094,354.91876220703125
sample_984f1f6e47986ed5,551.0783081054688,565.6490478515625,577.1290283203125,587.3971557617188,598.98876953125,605.3626708984375,612.744384765625,612.9708251953125,611.4483642578125,595.0035400390625,591.147705078125,576.0466918945312
sample_bfd3639f86cafd85,308.1573181152344,312.13934326171875,317.5478820800781,321.09930419921875,325.95513916015625,331.0839538574219,337.25787353515625,340.73345947265625,345.8912048339844,353.9882507324219,366.3155517578125,383.8044738769531
sample_deee650b234b630b,496.4890441894531,488.6141662597656,477.2719421386719,464.6668395996094,453.1302490234375,441.1470947265625,431.0171203613281,421.1129455566406,412.779541015625,405.772705078125,398.4277648925781,393.09442138671875
sample_0ded1cc5172d0b53,334.2879943847656,335.7338562011719,339.45306396484375,342.7340087890625,347.3286437988281,353.40557861328125,359.4250793457031,364.8724365234375,373.7708435058594,379.386962890625,385.3226318359375,390.6250915527344
sample_52a0b15c54f343ba,357.652587890625,378.9963684082031,405.4091796875,424.27850341796875,441.9194641113281,460.91619873046875,472.6422119140625,487.37091064453125,488.85125732421875,489.28265380859375,486.1812744140625,486.4259033203125
sample_4caf0e4e5f9dc0c5,366.4118347167969,367.3733825683594,369.2236022949219,370.24554443359375,371.025634765625,371.60931396484375,371.9239501953125,372.1855163574219,371.5517578125,371.3465576171875,371.4143371582031,372.130126953125
sample_49009e93eb577989,325.0853576660156,336.47979736328125,356.2941589355469,371.08990478515625,373.29840087890625,398.3055114746094,422.75732421875,429.2657470703125,434.3287658691406,429.5208740234375,438.08233642578125,451.7694091796875
sample_5937f288256e7f01,344.0252380371094,344.48724365234375,346.8919677734375,349.0101318359375,356.7566833496094,368.1903381347656,383.84100341796875,398.0792236328125,402.9040832519531,406.076416015625,405.3456115722656,407.5372619628906
sample_7a744fa196b26a74,486.5853576660156,474.8111877441406,462.81182861328125,455.8636474609375,451.1175537109375,451.8868408203125,453.1807861328125,450.20111083984375,449.94622802734375,451.7475280761719,443.986083984375,441.3957214355469
sample_5ab182c4a25d87cc,316.3959655761719,319.4609375,324.5335998535156,328.3467102050781,334.6611633300781,341.7040100097656,349.9134521484375,355.1470031738281,361.5538635253906,366.5358581542969,371.3040771484375,375.4830627441406
sample_77b11cbb220f3594,371.8074035644531,378.0537109375,384.791748046875,388.083984375,393.612548828125,397.767822265625,401.7391052246094,404.24871826171875,408.06365966796875,408.3072814941406,411.2842102050781,412.9363098144531
sample_172cc5bd53597dbb,532.8432006835938,521.0023803710938,504.3959045410156,488.9208984375,474.4028625488281,459.73626708984375,447.2273254394531,435.51629638671875,424.5302734375,416.1804504394531,408.04705810546875,401.27850341796875
sample_7f865b5da95e67eb,436.17254638671875,454.0644836425781,467.5744323730469,477.5059814453125,490.4652404785156,494.8112487792969,498.4222412109375,496.6352233886719,499.43743896484375,492.665283203125,486.326171875,469.4843444824219
sample_367c0bbea161ed05,437.1772766113281,427.58697509765625,419.2296142578125,413.2869873046875,405.3811340332031,398.3160400390625,392.92401123046875,387.7129821777344,383.6773681640625,378.71673583984375,375.17333984375,372.5177917480469
sample_651b14d1b6ad8bb6,360.53564453125,394.1842041015625,435.24822998046875,483.94598388671875,509.75860595703125,522.232421875,530.1416625976562,545.6015014648438,566.0521850585938,547.6556396484375,567.1300048828125,582.3544921875
sample_e23e3d378f4f3ca5,518.7630004882812,519.3309326171875,513.1326904296875,505.8131103515625,494.9666442871094,481.4423828125,469.3942565917969,460.6383972167969,451.52117919921875,444.5486145019531,439.85003662109375,437.01812744140625
sample_94f5417999076716,399.7256164550781,402.0744934082031,405.10968017578125,405.8910827636719,407.375,407.797119140625,409.5823974609375,409.3698425292969,409.2122497558594,407.0778503417969,406.1561279296875,403.67144775390625
sample_21b1ae5a974c7165,332.8213195800781,331.9194030761719,333.3254089355469,333.423095703125,335.0177917480469,336.546630859375,338.7900085449219,340.0376281738281,341.8302307128906,343.5635681152344,345.2136535644531,346.6612548828125
sample_6408c703907d8e1c,389.58837890625,384.67987060546875,379.6554870605469,377.5391540527344,371.1100769042969,366.0563049316406,362.6135559082031,360.7536926269531,362.7237243652344,365.72802734375,365.9845275878906,367.7893981933594
sample_63767acc8d4fa927,333.5538330078125,334.10089111328125,335.79473876953125,338.87396240234375,340.838623046875,343.3424072265625,345.64935302734375,348.1164855957031,351.89141845703125,356.0953674316406,358.1066589355469,361.254638671875
sample_82232303a7149606,412.1929626464844,411.4039001464844,405.8473815917969,402.788330078125,400.11492919921875,398.34619140625,392.3585510253906,389.51812744140625,382.5469055175781,378.72296142578125,375.7833251953125,374.824951171875
sample_b100364aca41070b,362.3143005371094,367.671142578125,375.8610534667969,380.03436279296875,386.8502502441406,391.37994384765625,395.65826416015625,397.1266784667969,402.1590881347656,408.7040100097656,417.6989440917969,422.48046875
sample_753de5984977e2d0,384.0602111816406,382.1151428222656,380.8092041015625,380.4375915527344,381.1675109863281,385.6620788574219,395.0578918457031,404.3351135253906,408.57305908203125,412.9809265136719,417.22589111328125,422.91632080078125
sample_201f1dceb55eb73b,371.0968322753906,371.464599609375,372.5584716796875,372.6220703125,374.1925354003906,376.5421447753906,379.1527404785156,381.10968017578125,384.5904846191406,386.426513671875,388.7241516113281,390.88507080078125
sample_de5dd3f4e9ed5958,476.2650451660156,469.138916015625,464.1195068359375,460.2724609375,455.4896545410156,451.4788513183594,448.8030700683594,445.7130126953125,444.5752258300781,442.4666748046875,441.38006591796875,439.4983215332031
sample_da9e9e2feebfb3a8,347.6919250488281,350.8867492675781,355.0892333984375,356.7265625,360.1134948730469,362.16546630859375,364.627197265625,365.6300354003906,367.369140625,367.3293151855469,369.564697265625,370.103271484375
sample_2c953a2e1ad734a5,309.6337585449219,313.08929443359375,317.58929443359375,320.3136291503906,324.48577880859375,328.7435607910156,334.79473876953125,339.3876953125,342.328369140625,345.0179443359375,348.59295654296875,350.3275451660156
sample_0164119cfac1e7b7,371.41558837890625,395.7137756347656,422.2448425292969,443.38165283203125,466.4989013671875,486.95068359375,496.27874755859375,506.87261962890625,524.271728515625,514.5906982421875,498.00634765625,497.86224365234375
sample_0e063c4fd91f54a1,339.96112060546875,365.89117431640625,392.1883544921875,412.18170166015625,433.67218017578125,450.88812255859375,466.405517578125,490.80145263671875,500.0743713378906,509.05999755859375,508.2007141113281,510.8388671875
sample_9941b7c91d857267,324.70672607421875,330.5751953125,338.986083984375,350.4903869628906,357.57659912109375,365.78900146484375,378.74237060546875,390.4996032714844,398.4114990234375,391.7989501953125,397.3500061035156,399.47137451171875
sample_10c12e13b3a855ed,414.3416442871094,411.32568359375,409.5556945800781,408.301025390625,407.3920593261719,406.6917724609375,405.7813415527344,399.47406005859375,397.6726379394531,396.08489990234375,395.1680603027344,394.2038269042969
sample_cba33b5c253b5e28,309.6036682128906,310.0871276855469,311.954345703125,314.2186584472656,317.5854797363281,321.74786376953125,326.4988098144531,330.1944580078125,334.39190673828125,338.9054870605469,342.5699768066406,345.7497863769531
sample_7749d22beba083ea,430.5849304199219,436.993896484375,440.22210693359375,437.99993896484375,435.8818664550781,430.96795654296875,426.0047912597656,422.0803527832031,417.96331787109375,414.1340637207031,411.1169128417969,408.6427917480469
sample_f570babfe6443dc1,293.82305908203125,298.5944519042969,306.5553283691406,315.3408203125,325.8827209472656,343.304443359375,361.5334777832031,395.04541015625,431.6712646484375,456.77630615234375,468.0346374511719,466.7408447265625
sample_bf78a2decc2e15b8,509.400634765625,526.9172973632812,545.5196533203125,556.3834228515625,568.84130859375,573.590576171875,557.7469482421875,549.3199462890625,539.9561767578125,531.936279296875,527.1795043945312,523.385009765625
sample_ed8da745cb20eedc,412.83026123046875,407.7290344238281,401.898193359375,395.58734130859375,390.165283203125,384.5043640136719,379.9815979003906,374.60113525390625,369.787841796875,365.8238220214844,362.8420715332031,360.6158447265625
sample_b983b155215cab02,433.4562072753906,427.0491638183594,420.0224304199219,415.52044677734375,409.72076416015625,404.4533386230469,400.366455078125,395.8248596191406,392.4657287597656,388.9659423828125,385.9798889160156,383.8385925292969
sample_e83ba2c861ea8e56,655.6221313476562,631.0875854492188,606.0574340820312,582.2420654296875,559.78076171875,540.8387451171875,526.4129028320312,513.3026733398438,500.572021484375,490.21466064453125,479.9639892578125,470.65838623046875
sample_cd9e55843c6e5ef7,420.098876953125,422.0451965332031,422.6475524902344,419.1252746582031,417.6599426269531,414.46588134765625,411.88885498046875,408.5833740234375,406.08770751953125,402.7910461425781,401.8531188964844,399.2428894042969
sample_a8a775c314d00c06,431.84130859375,425.6716003417969,417.078125,408.80914306640625,399.7572326660156,391.2764892578125,385.2086181640625,381.692626953125,378.8616943359375,376.8551940917969,371.9569091796875,370.4557800292969
sample_566d55b245038090,470.46221923828125,471.18231201171875,469.19122314453125,464.44647216796875,461.9893798828125,458.7744445800781,455.5665283203125,451.3909912109375,449.3982238769531,445.94024658203125,443.4902648925781,441.4569091796875
sample_c246280c746deeb6,305.86199951171875,316.6373291015625,329.6549072265625,338.16253662109375,349.4859313964844,359.30010986328125,369.1667175292969,375.22503662109375,382.78887939453125,389.19537353515625,394.0903015136719,397.23370361328125
sample_b2aab6da6ae82c63,284.0355224609375,292.582275390625,304.5567626953125,315.5004577636719,329.53558349609375,342.4162292480469,354.02313232421875,362.3504638671875,371.8235168457031,379.3581237792969,386.81378173828125,390.78173828125
sample_58357296a4f453f7,455.57342529296875,446.6444091796875,436.2296142578125,427.3773193359375,417.5428161621094,407.7513427734375,399.3017272949219,391.7095642089844,384.81201171875,378.5593566894531,373.0434875488281,369.1976623535156
sample_32b5ed5dd9895a5b,395.0610656738281,390.94757080078125,386.25946044921875,385.5970153808594,381.1916809082031,378.5827331542969,377.86614990234375,376.84521484375,375.63800048828125,375.8597106933594,374.81976318359375,376.8997802734375
sample_857b9f91e0a2c808,368.0513916015625,365.32806396484375,365.23248291015625,368.0079650878906,368.48162841796875,369.76849365234375,371.99212646484375,372.5685729980469,373.8294982910156,376.16693115234375,376.6795959472656,380.0017395019531
sample_2005705ecc475be3,372.9156494140625,368.4518737792969,364.46783447265625,361.97686767578125,359.02288818359375,357.67816162109375,353.3221435546875,352.4248962402344,348.64886474609375,346.91876220703125,346.31292724609375,346.62738037109375
sample_4e8a16eb42b23a5d,383.7907409667969,387.8642272949219,391.4783020019531,391.8505554199219,392.994384765625,393.2384338378906,396.0120544433594,401.7571716308594,403.4792175292969,402.3423156738281,397.5863342285156,396.87249755859375
sample_6849762b7d1f7f1a,391.5691223144531,396.88555908203125,400.8811340332031,404.33056640625,402.3319396972656,405.0080261230469,407.26593017578125,408.8944396972656,408.974365234375,407.1309509277344,409.99468994140625,412.6875305175781
sample_27635b1bb9fcbadc,450.9215087890625,448.200439453125,444.7255859375,439.6552734375,433.97930908203125,426.6763610839844,420.58282470703125,415.2011413574219,410.2259826660156,405.89306640625,402.0991516113281,399.4189453125
sample_197ee9f675f436f5,316.95684814453125,317.5975341796875,319.5881042480469,321.56378173828125,325.2558898925781,330.27734375,335.8419494628906,340.5876770019531,347.4661560058594,354.64013671875,365.4935607910156,376.9840087890625
sample_29c290f636118e9e,357.3143005371094,360.3045654296875,362.7627868652344,367.23944091796875,369.2949523925781,371.2919006347656,368.56573486328125,376.46563720703125,381.5930480957031,379.03375244140625,382.0103454589844,379.4218444824219
sample_08ba6dd010a34253,278.65667724609375,281.8399963378906,288.7976379394531,296.1327819824219,302.42449951171875,311.56597900390625,322.57611083984375,329.75042724609375,337.5006103515625,342.2479248046875,345.0814514160156,348.5320739746094
sample_cff3e066000e4f3b,358.3134460449219,365.7934265136719,373.2783203125,373.19970703125,379.23138427734375,384.2559509277344,391.2245788574219,393.23516845703125,393.06365966796875,389.22589111328125,385.884033203125,386.6380920410156
sample_cfdd69cef0bb6182,369.7437744140625,378.3113098144531,387.1400451660156,390.41619873046875,395.0763244628906,397.41033935546875,398.0599365234375,397.20465087890625,398.4964294433594,396.35418701171875,395.4767761230469,393.75042724609375
sample_f991fe22c6ea3f01,364.24603271484375,362.73077392578125,361.840576171875,361.37579345703125,362.398193359375,363.7941589355469,366.10302734375,366.8028259277344,368.5074768066406,369.6787109375,370.6529235839844,372.1134338378906
sample_87b3224757c63b8c,344.6809997558594,354.731201171875,366.4324035644531,371.57464599609375,382.52239990234375,391.5208435058594,401.51666259765625,408.38775634765625,415.5025939941406,416.9130859375,422.3128967285156,424.5746154785156
sample_1600a6eb68556d0c,504.0036315917969,534.2446899414062,569.0236206054688,606.5848388671875,617.0509033203125,627.521484375,620.193359375,598.9844360351562,575.46337890625,566.7119140625,552.1344604492188,535.2615966796875
sample_8a71e030ab7f9eaf,319.49853515625,325.6358947753906,338.8062744140625,355.21978759765625,377.17474365234375,398.3152160644531,415.00830078125,428.6827087402344,434.71917724609375,433.00775146484375,431.4957580566406,430.3363037109375
sample_386c30e4584a2318,409.0240173339844,401.43328857421875,395.21636962890625,392.1398010253906,387.8581237792969,386.9256591796875,386.68597412109375,387.4486083984375,387.7801513671875,389.8026428222656,389.95648193359375,396.0531005859375
sample_a8a39d4d42f77c8d,392.2884521484375,396.3865966796875,399.818603515625,400.2225036621094,401.4632263183594,405.17578125,408.564453125,410.6470031738281,408.63543701171875,403.4793701171875,401.6660461425781,400.0839538574219
sample_a569c69e2a35a2da,352.2134704589844,349.83856201171875,349.05908203125,348.34234619140625,348.63446044921875,349.7403869628906,351.5973815917969,352.2283020019531,353.28076171875,354.9555969238281,356.3167724609375,358.0468444824219
sample_794ef2c73a3acd3d,632.8873901367188,622.07080078125,606.47900390625,587.92822265625,568.876220703125,546.9946899414062,529.6703491210938,514.268798828125,502.187744140625,492.104736328125,485.10357666015625,480.07269287109375
sample_ed95e0ad2001abf8,663.0487060546875,640.6460571289062,614.83544921875,589.8372192382812,567.4558715820312,545.7718505859375,529.7531127929688,514.7975463867188,501.38555908203125,488.3759765625,476.833251953125,469.4414978027344
sample_9cff930aa4a0545b,389.4695739746094,398.9230651855469,412.1826477050781,419.5093078613281,448.388671875,463.382080078125,466.939697265625,483.04541015625,507.29827880859375,509.9416198730469,511.7395935058594,517.2096557617188
sample_f63ffc7b634619a8,403.3029479980469,398.0852966308594,393.8702697753906,390.0587158203125,386.40960693359375,383.02288818359375,380.4796447753906,380.0113220214844,385.8126220703125,391.6308288574219,396.3381042480469,404.0899963378906
sample_d73230e5ddcea250,567.1610717773438,536.2979736328125,506.2206115722656,481.6002197265625,457.67572021484375,437.001220703125,420.564208984375,405.848388671875,392.049560546875,379.78033447265625,368.59649658203125,360.1272277832031
sample_d2051777823b3f65,308.986083984375,311.3795166015625,315.595703125,318.3706970214844,323.2320861816406,329.9581298828125,337.0625305175781,341.0080261230469,346.3988342285156,347.4598693847656,351.56292724609375,355.27008056640625
sample_4524329088b7abbe,434.6058349609375,434.8082580566406,435.6419982910156,435.5731201171875,436.50787353515625,437.8954162597656,439.31024169921875,440.4088134765625,442.8177490234375,442.9453125,444.31414794921875,445.0032653808594
sample_f80ba85c375c9dc6,425.9990234375,415.197021484375,405.31231689453125,398.63299560546875,390.49261474609375,384.72760009765625,379.5947570800781,375.9604187011719,374.42791748046875,372.4203186035156,369.7298889160156,369.79150390625
sample_9430a969a6cbeb7c,588.8872680664062,570.3063354492188,547.1705322265625,528.4774780273438,513.1604614257812,496.6014709472656,484.9937744140625,478.21795654296875,476.6627197265625,472.885986328125,465.347412109375,463.28173828125
sample_8acb7051ecccca8d,419.4865417480469,435.0644836425781,449.630126953125,457.5802001953125,464.301513671875,470.602783203125,475.8963623046875,478.72674560546875,481.4352722167969,481.5160827636719,481.013427734375,481.131103515625
sample_1ea977d1734d5cd8,483.1808776855469,470.22930908203125,455.8944091796875,444.6798095703125,431.9269104003906,420.0906677246094,409.02227783203125,400.3197021484375,392.31982421875,385.5234680175781,379.99224853515625,375.16033935546875
sample_1d6b3b803533a982,402.531494140625,399.8453674316406,396.17010498046875,392.572998046875,388.85186767578125,384.1559753417969,380.64300537109375,377.35369873046875,373.3495178222656,369.7870788574219,367.46002197265625,365.2426452636719
sample_aa147e4b419eb37d,373.4585876464844,370.8291015625,371.00341796875,371.7597961425781,371.8454284667969,373.2054138183594,375.6462097167969,376.7543640136719,382.3861999511719,386.98516845703125,390.0556335449219,393.08331298828125
sample_41c655c9697c4c7c,469.4741516113281,465.6061096191406,461.1003723144531,456.9939880371094,453.910888671875,449.781494140625,445.50067138671875,441.43505859375,438.1293640136719,433.14764404296875,429.3677062988281,423.38726806640625
sample_75e2c6fb46755f82,481.126220703125,477.2555236816406,471.6346435546875,467.3486328125,461.7785949707031,455.45208740234375,450.9984130859375,445.3028259277344,438.60888671875,433.8636779785156,427.5249328613281,421.5642395019531
sample_d198d43ab8df90fb,296.4837341308594,300.1340026855469,305.4159240722656,309.74407958984375,318.2121276855469,334.85406494140625,353.4202575683594,369.90301513671875,380.1402893066406,392.86248779296875,400.22723388671875,407.22589111328125
sample_e8bbb513b955caf4,520.1668090820312,527.8526000976562,529.6397094726562,528.7371826171875,530.5121459960938,529.4924926757812,526.5240478515625,515.515625,508.0737609863281,498.23651123046875,493.4132995605469,485.4933776855469
sample_9011121c844ee74d,379.76153564453125,378.4583435058594,377.84765625,377.9443054199219,377.4568176269531,377.4842834472656,378.2110595703125,378.424072265625,379.0297546386719,379.2991638183594,380.4679870605469,381.3992614746094
sample_12bb72cb4eff94ec,361.1216125488281,359.3390197753906,358.54541015625,360.41754150390625,361.4352722167969,362.9527282714844,365.706298828125,369.4944152832031,373.0441589355469,380.5833435058594,383.6506042480469,387.3689270019531
sample_c5c2fdfabe6c9c0e,498.2312927246094,503.993896484375,506.3191833496094,508.2485046386719,510.4112854003906,509.1703186035156,508.04278564453125,508.8385009765625,511.83282470703125,512.3553466796875,514.1605224609375,515.1726684570312
sample_d14bcc5c2eb8efe6,388.888427734375,385.74383544921875,384.07952880859375,383.4574890136719,382.50872802734375,382.22705078125,384.25555419921875,384.2189636230469,385.1893615722656,386.32904052734375,386.3838195800781,387.31207275390625
sample_6a2a042c5271f551,396.62200927734375,396.49578857421875,401.0412902832031,410.1313781738281,430.6632385253906,461.81201171875,488.2967529296875,521.604736328125,543.964111328125,559.225341796875,556.8809204101562,545.205078125
sample_d3bbe0a575248ebd,391.4743957519531,391.40191650390625,390.8992614746094,390.378662109375,389.5337219238281,388.66497802734375,388.1580505371094,387.4333801269531,386.5008850097656,385.4273681640625,384.8216552734375,384.39599609375
sample_6af70532319b8ab2,436.5497741699219,437.67388916015625,441.5433654785156,443.56024169921875,449.7787170410156,456.49066162109375,464.2368469238281,466.30291748046875,476.2198486328125,478.7613525390625,483.3349914550781,486.87884521484375
sample_3332441e8d22ed71,445.2646789550781,440.6011047363281,434.8426208496094,429.23211669921875,426.9721984863281,424.4696960449219,421.7962951660156,412.6791076660156,409.64788818359375,405.45281982421875,407.8588562011719,396.36407470703125
sample_a1495138107325b1,287.7215270996094,293.3587341308594,300.15264892578125,304.8525085449219,312.24407958984375,319.83160400390625,327.9778137207031,334.8927917480469,341.5027770996094,346.88397216796875,351.69805908203125,355.0310974121094
sample_d4fa4e335a03a8ee,385.5379638671875,395.2363586425781,403.2655944824219,416.716552734375,432.74951171875,460.771728515625,490.2178955078125,510.07598876953125,518.26123046875,511.428466796875,518.7802124023438,508.54473876953125
sample_0b9d8b7bbe52aed3,334.43853759765625,336.4541320800781,340.03662109375,342.30438232421875,346.2536315917969,350.8864440917969,355.9591979980469,361.85546875,367.5821533203125,371.8619384765625,375.3504638671875,378.8265686035156
sample_b44d5a10213e02dc,442.4534912109375,437.0447082519531,432.3564453125,428.80267333984375,424.05328369140625,419.65875244140625,416.3819885253906,412.1265563964844,409.94287109375,406.1824035644531,403.6495056152344,401.2207336425781
sample_92270b695c6d812e,325.9125671386719,327.0762939453125,330.7100524902344,333.53564453125,338.87249755859375,341.3363037109375,350.38043212890625,353.8080139160156,346.7476806640625,355.543212890625,353.259033203125,356.8356628417969
sample_ea180cf0b701b41e,515.5836181640625,508.57806396484375,500.49432373046875,493.9740905761719,485.4820251464844,478.3591613769531,470.37872314453125,462.19091796875,455.1351013183594,450.1812744140625,447.1556701660156,442.632080078125
sample_bace170af356ae28,449.9512023925781,446.31536865234375,443.81536865234375,440.54742431640625,436.82928466796875,434.05810546875,434.6067810058594,433.2926940917969,433.2198486328125,431.6005859375,431.2881774902344,430.261962890625
sample_d5d50fdaf0237265,362.8111572265625,370.7421875,382.45953369140625,388.309326171875,395.68353271484375,397.8048095703125,400.24560546875,401.625,406.6676940917969,403.88427734375,404.40655517578125,396.3288269042969
sample_e0ebadcda25bb3c8,361.76177978515625,360.5523376464844,360.0960693359375,362.6805725097656,362.5526428222656,362.9747009277344,363.6215515136719,366.3736572265625,372.0503845214844,377.607666015625,380.6837158203125,387.61810302734375
sample_4a471e666f535e1d,373.2837219238281,372.5690612792969,372.52508544921875,373.916015625,373.79583740234375,376.1214904785156,377.0856628417969,377.9817199707031,380.52777099609375,382.758544921875,386.0660095214844,390.47064208984375
sample_6667b71f6483db8a,363.4822082519531,362.2152099609375,361.05255126953125,361.4692077636719,360.3700866699219,360.5049743652344,359.26123046875,358.7308349609375,354.5367126464844,356.54266357421875,356.1107482910156,358.846435546875
sample_df11479690a0ebcc,431.1155090332031,425.56292724609375,420.43951416015625,415.4631652832031,409.89007568359375,405.1116638183594,400.5129699707031,397.048583984375,393.55682373046875,390.541259765625,387.6680603027344,385.9186096191406
sample_22e59b74c5173ac8,319.7533264160156,323.4197692871094,328.51995849609375,331.2477111816406,335.9860534667969,340.27301025390625,346.0444030761719,350.2656555175781,355.0224609375,359.17730712890625,362.9039001464844,366.379150390625
sample_aa2103ae8ff5223d,363.56573486328125,362.5655517578125,364.3739013671875,366.68780517578125,371.2427062988281,382.4785461425781,402.1546936035156,424.78094482421875,442.0189208984375,454.6565246582031,470.3235168457031,486.44537353515625
sample_c3b1263465884f7a,341.50311279296875,347.3406982421875,355.20819091796875,362.117431640625,369.4569396972656,376.52642822265625,380.9693908691406,385.4792175292969,385.2523193359375,386.0523986816406,387.9454345703125,391.321044921875
sample_2e043e13063b3cc1,347.6846008300781,350.7703552246094,352.7559814453125,354.20599365234375,361.6611633300781,369.6547546386719,380.59552001953125,378.9198913574219,384.48773193359375,409.41943359375,421.0982360839844,413.4203796386719
sample_4d08957428004290,566.3661499023438,539.9156494140625,511.1110534667969,486.7017822265625,468.30377197265625,453.23272705078125,438.64703369140625,430.265380859375,422.56768798828125,413.95806884765625,405.5682373046875,398.8752746582031
sample_4a0d675b67adf054,382.2965087890625,376.07257080078125,371.3283996582031,366.6119384765625,364.09686279296875,364.8751525878906,363.6080627441406,365.228271484375,361.220458984375,357.6328125,356.6123962402344,356.26715087890625
sample_7142a21eb06c4426,340.10162353515625,340.32568359375,339.80975341796875,342.160400390625,341.56097412109375,342.41729736328125,345.63385009765625,349.89019775390625,352.8109436035156,354.19171142578125,350.5841064453125,352.48016357421875
sample_d167c12171284859,462.6950988769531,471.89044189453125,470.9598693847656,464.9686279296875,460.94244384765625,453.33935546875,446.3116760253906,438.3950500488281,431.9564514160156,426.1679992675781,421.161865234375,416.30230712890625
sample_02d6fdad65c68f5e,384.6512756347656,386.8479919433594,389.22412109375,389.6553039550781,390.09649658203125,389.123291015625,387.8988342285156,387.3935852050781,385.57794189453125,384.7274475097656,383.033935546875,382.3764953613281
sample_a323581f182fc779,517.395751953125,537.3209838867188,556.5739135742188,577.581787109375,599.6680297851562,620.7982788085938,622.8427124023438,627.1742553710938,625.016357421875,621.0718994140625,616.0770263671875,589.189208984375
sample_8816bcf71acdebf2,417.62701416015625,410.6932678222656,403.61932373046875,397.96600341796875,387.69439697265625,378.50689697265625,369.8974609375,364.8587341308594,360.92901611328125,360.61614990234375,361.7952575683594,366.56292724609375
sample_93b8ad0498e38533,573.7304077148438,559.8599853515625,539.505615234375,520.4056396484375,501.237060546875,483.95159912109375,467.653564453125,451.3332214355469,438.1010437011719,428.801513671875,422.14599609375,416.7427978515625
sample_736dc4c31b66c64c,401.09527587890625,397.58392333984375,394.6696472167969,392.1014404296875,389.4266052246094,386.7863464355469,385.6556091308594,383.9333801269531,382.3841857910156,380.625732421875,380.1430969238281,379.9288330078125
sample_b326d632abdb419b,325.5381774902344,331.20330810546875,346.84783935546875,366.7657470703125,390.30047607421875,410.1261291503906,424.8116455078125,439.20135498046875,446.81243896484375,455.52569580078125,473.3667907714844,476.75640869140625
sample_6eb6fb58c9340a65,490.9981689453125,480.22454833984375,467.062255859375,455.8717041015625,443.9786376953125,432.5903015136719,422.8495788574219,414.7061462402344,408.43902587890625,405.8766784667969,404.1397705078125,403.8096923828125
sample_ab32aa612ad2c241,387.5953369140625,387.71832275390625,391.0185852050781,398.2795715332031,397.32623291015625,395.0226745605469,400.4219665527344,401.8266296386719,410.5481262207031,412.5762939453125,413.58123779296875,414.5480651855469
sample_4d1719ee118681d1,488.32861328125,491.8248596191406,490.96368408203125,488.04095458984375,485.06402587890625,482.5626220703125,479.7759094238281,476.12322998046875,471.96514892578125,484.74566650390625,509.02581787109375,511.4218444824219
sample_2d1b4309c52f57cc,387.0056457519531,381.9253845214844,378.5370178222656,376.5385437011719,373.52264404296875,371.2185974121094,370.170166015625,369.6825256347656,368.8397216796875,369.76873779296875,368.9949035644531,370.35845947265625
sample_1c26273b4083a22d,430.00091552734375,428.3085021972656,425.84405517578125,424.2970886230469,422.6921081542969,419.6817626953125,417.45074462890625,414.78253173828125,411.8244934082031,408.5762939453125,402.1119384765625,399.65447998046875
sample_18400e5a5e6b6641,375.30926513671875,375.2015075683594,374.4411315917969,375.8380126953125,375.3336181640625,374.53387451171875,373.7097473144531,372.6694030761719,372.5140075683594,372.45111083984375,373.27545166015625,374.359130859375
sample_7e13ab34f23f642d,518.9978637695312,501.0958557128906,481.78094482421875,469.13873291015625,456.611083984375,443.8768310546875,432.3133239746094,422.20440673828125,413.17034912109375,407.790771484375,402.00640869140625,399.728515625
sample_98b5290e6032321e,340.9247131347656,340.7375793457031,344.8397521972656,347.3653869628906,348.22723388671875,350.8311767578125,354.05377197265625,362.2690124511719,369.5247497558594,379.5743103027344,377.536865234375,382.24749755859375
sample_05163707bad26b2d,626.227783203125,620.0574340820312,608.0917358398438,592.2700805664062,574.1165161132812,559.8462524414062,546.0294189453125,529.9400634765625,520.4239501953125,511.884033203125,504.49578857421875,495.388916015625
sample_d413b613f983cb46,327.91595458984375,330.2561950683594,335.5748596191406,340.32977294921875,347.2077941894531,355.8693542480469,365.00689697265625,370.0249938964844,378.7219543457031,385.3971252441406,390.2077941894531,395.6457214355469
sample_e7a6066b675516ce,325.9378967285156,326.4458923339844,328.26763916015625,329.9560241699219,332.6492004394531,336.59832763671875,341.16680908203125,344.6435852050781,349.9325866699219,354.76165771484375,358.6000061035156,363.52703857421875
sample_4ec371ee66aade54,466.820556640625,460.7056579589844,451.8976745605469,443.6026916503906,434.35736083984375,425.4831848144531,418.360595703125,411.9909362792969,406.12640380859375,400.76873779296875,396.1495056152344,393.2408447265625
sample_926a40dfce62b369,395.9807434082031,393.5995788574219,389.6840515136719,386.8046569824219,381.9831237792969,376.876953125,371.96929931640625,369.2621765136719,366.4742431640625,364.7367858886719,362.911865234375,362.35107421875
sample_dfcbce295f53bf23,482.8005065917969,469.0010070800781,456.506103515625,446.1023864746094,438.9913330078125,438.5780944824219,436.26422119140625,429.7773742675781,422.6947937011719,409.2352600097656,393.7749328613281,384.98468017578125
sample_46027690051e1119,348.86285400390625,357.94677734375,368.3623046875,373.2347412109375,375.21368408203125,380.49786376953125,386.87042236328125,395.3131408691406,397.60693359375,398.8529052734375,396.44189453125,391.43402099609375
sample_9e93aff0c3f24c85,633.6834716796875,626.2579345703125,614.4389038085938,601.1547241210938,588.9553833007812,577.13916015625,565.9278564453125,555.06884765625,546.083251953125,537.6531982421875,533.1583251953125,525.7070922851562
sample_74d1e5a759f265b4,371.6945495605469,371.05279541015625,370.0076599121094,367.19000244140625,365.5064697265625,363.0948181152344,361.4466247558594,359.28253173828125,356.6411437988281,355.1784362792969,353.687255859375,353.41009521484375
sample_620be7c77fcb7629,313.7541809082031,315.8518371582031,320.456787109375,324.6684875488281,331.1669921875,339.5672302246094,348.2886047363281,356.1402282714844,365.6177978515625,373.2566833496094,379.51873779296875,385.80902099609375
sample_c03192158b4f8013,288.8404846191406,289.5878601074219,291.93365478515625,294.5970458984375,297.7716064453125,300.11749267578125,303.22259521484375,305.5758056640625,308.31549072265625,312.45928955078125,317.0434875488281,324.16680908203125
sample_7d278c24a79cb141,475.2525329589844,484.5564880371094,492.6816711425781,496.4327392578125,502.3890380859375,502.5835876464844,498.83807373046875,494.25885009765625,493.6700744628906,486.4446105957031,480.0163269042969,473.9546813964844
sample_774d1f27af8e1aca,480.8252258300781,490.928955078125,491.6820373535156,481.17431640625,473.3534851074219,466.17010498046875,458.12042236328125,451.16558837890625,444.2317199707031,436.6005859375,432.16583251953125,428.322021484375
sample_6b345d067d7afb6d,317.5381774902344,320.5702209472656,325.98504638671875,329.60296630859375,335.4736328125,345.2462463378906,353.256591796875,359.70635986328125,366.3206481933594,366.47003173828125,370.0138854980469,374.9840087890625
sample_5759caa6ff17c837,434.8818054199219,423.9260559082031,408.5063781738281,398.2515563964844,387.3785400390625,376.96234130859375,374.57080078125,383.2417907714844,390.2564697265625,396.27960205078125,402.7541809082031,408.4091796875
sample_12419ad7ec792880,340.7293395996094,344.85357666015625,350.3188171386719,353.8102111816406,359.98046875,371.02069091796875,382.78118896484375,399.8080749511719,412.81500244140625,424.12445068359375,431.1326904296875,432.62689208984375
sample_a6706613145704f2,437.62701416015625,431.67401123046875,425.3417663574219,421.7849426269531,415.2894592285156,409.419921875,402.349609375,397.1502685546875,392.05474853515625,389.4028015136719,387.7228088378906,390.6158447265625
sample_78617b1caaa77628,349.3862609863281,353.4976501464844,359.756103515625,365.1408386230469,372.72454833984375,379.74713134765625,387.5774230957031,392.20465087890625,399.36834716796875,406.476806640625,409.800537109375,414.53466796875
sample_b6f75d4beef89199,391.60174560546875,396.8547668457031,396.8108825683594,399.2713317871094,397.26666259765625,392.8526306152344,390.1749572753906,391.0248718261719,384.3636779785156,382.2835388183594,382.5252685546875,382.444580078125
sample_ac5701e79049f4d7,364.9341125488281,382.8732604980469,393.9061279296875,395.2125244140625,412.3622741699219,434.8860168457031,444.2062072753906,439.1470947265625,447.4677429199219,469.0475769042969,479.21307373046875,475.5518798828125
sample_f13ced31cef56c7e,330.4976806640625,332.19488525390625,335.6683654785156,338.6761474609375,343.16925048828125,348.3721618652344,354.4208679199219,358.357177734375,364.78173828125,368.7839660644531,372.916259765625,376.631591796875
sample_0676fae9b3117d33,621.6196899414062,614.4649047851562,602.2023315429688,587.3934936523438,572.5665893554688,559.7064208984375,548.804931640625,537.0044555664062,528.8013305664062,519.970458984375,514.6742553710938,507.93499755859375
sample_3758e1ac40d90411,359.85150146484375,358.8912658691406,360.9971008300781,363.6531982421875,362.8312072753906,361.15069580078125,362.2975769042969,365.31964111328125,369.8043518066406,378.0877380371094,382.93658447265625,389.6729736328125
sample_d812db0bceb5f87a,347.2617492675781,354.5162353515625,364.18133544921875,370.6311340332031,380.23345947265625,391.3202819824219,404.79412841796875,421.0318298339844,436.220458984375,453.848388671875,474.1706848144531,499.52978515625
sample_932e6d683de28825,389.8241882324219,396.9462585449219,417.73760986328125,449.711669921875,480.5174865722656,516.3726806640625,543.9760131835938,564.5167236328125,565.093994140625,558.1038208007812,558.8137817382812,542.9771728515625
sample_1973a13ad9973466,594.8746337890625,590.8865356445312,582.1344604492188,569.8756713867188,561.1013793945312,547.589599609375,536.9337158203125,523.750244140625,515.0614624023438,508.71533203125,507.1927795410156,505.80450439453125
sample_3a1a81047570702d,322.87457275390625,324.3974609375,327.9461975097656,331.47796630859375,336.4913330078125,342.7283630371094,349.4111633300781,355.2927551269531,363.1927490234375,369.336669921875,375.39727783203125,380.8736267089844
sample_e3904ba6d9c42138,428.4045104980469,421.4628601074219,414.2723083496094,406.2220458984375,399.2823181152344,392.6740417480469,387.4667053222656,381.3096008300781,376.664306640625,372.73565673828125,369.2325439453125,366.6242980957031
sample_c79aff842268d74a,321.0829772949219,325.05938720703125,330.4853515625,333.6281433105469,338.673828125,343.21588134765625,349.3429260253906,352.9504089355469,358.36737060546875,362.282958984375,366.1671447753906,368.878173828125
sample_0d143b609fff9e38,331.7520751953125,331.66900634765625,332.9084167480469,334.15350341796875,336.501953125,339.44122314453125,343.6074523925781,346.1944274902344,349.64630126953125,353.2228088378906,355.7625732421875,358.4508972167969
sample_ccb241aa0f2d2559,308.47589111328125,314.25213623046875,322.8334045410156,329.96905517578125,341.57049560546875,352.7160339355469,362.23333740234375,369.5131530761719,374.7760009765625,378.85430908203125,385.684814453125,389.63336181640625
sample_ac82be6467cc5419,450.1914978027344,453.7842712402344,457.8741760253906,461.9753112792969,471.099609375,482.17022705078125,492.9862060546875,506.245361328125,526.6544189453125,552.049560546875,571.5487670898438,595.2031860351562
sample_936fd27ebfabbf0a,422.0379638671875,416.6802062988281,412.14794921875,409.7365417480469,405.2783203125,401.89886474609375,400.4615478515625,398.8215026855469,397.279052734375,396.2290344238281,394.94189453125,394.129638671875
sample_c8091792d788a203,322.6846008300781,330.7273864746094,340.6534729003906,349.1686096191406,362.8219299316406,371.9165954589844,382.50823974609375,390.0589294433594,392.11651611328125,396.94952392578125,403.0496520996094,405.4648742675781
sample_cffca853c0bd55cf,340.0439453125,342.86871337890625,345.7278137207031,346.2630615234375,349.08154296875,349.4195861816406,353.7889099121094,356.7198791503906,353.8334045410156,358.87353515625,358.25372314453125,368.252685546875
sample_74ea66f3e276d5af,329.2327575683594,331.3282775878906,334.70684814453125,336.47796630859375,339.334716796875,341.47613525390625,345.04974365234375,347.3130798339844,350.04486083984375,351.9800720214844,354.5989074707031,354.8659973144531
sample_ba90490459ab0375,338.7317199707031,349.1919860839844,360.7096862792969,368.2520751953125,376.2091369628906,387.41265869140625,394.5179443359375,402.82843017578125,409.71087646484375,414.3931579589844,416.54083251953125,419.4100036621094
sample_48865880b9925243,316.08807373046875,320.2480163574219,325.59661865234375,328.6614074707031,334.0428161621094,338.7040100097656,343.8115539550781,346.4995422363281,351.0202941894531,353.241455078125,357.44586181640625,358.9085388183594
sample_efdb035555f00f5f,583.33251953125,574.1024780273438,557.9240112304688,539.4580078125,526.3030395507812,513.2578125,503.00286865234375,496.1027526855469,482.3154602050781,468.63623046875,455.9216003417969,449.5025329589844
sample_ff5e71817401c0d0,492.9718322753906,489.3390197753906,481.1972351074219,472.0667724609375,461.7395324707031,451.3688659667969,441.83343505859375,434.27569580078125,426.5298767089844,420.3251037597656,415.4012451171875,411.1324157714844
sample_ef509a3c8ad25b7d,351.8776550292969,352.3095397949219,353.29541015625,353.2593994140625,355.5464782714844,357.5214538574219,359.0704345703125,359.96221923828125,359.3166809082031,359.71868896484375,360.5364074707031,361.1906433105469
sample_97a206626bd7689e,430.59381103515625,425.72491455078125,421.99542236328125,418.3647766113281,415.2286682128906,413.35052490234375,412.99163818359375,416.3723449707031,418.7371826171875,415.654296875,418.9732666015625,431.80133056640625
sample_cc69969280889f6c,421.22540283203125,448.1910705566406,469.411376953125,487.28167724609375,502.1967468261719,507.2547912597656,514.4649658203125,518.140380859375,512.10302734375,491.98541259765625,492.7660827636719,486.2343444824219
sample_4ed862d7e1e49c10,325.0439453125,327.17578125,328.5469665527344,330.7588195800781,333.95965576171875,337.7059020996094,338.9562683105469,340.177490234375,339.83123779296875,340.2731018066406,341.19256591796875,341.3992919921875
sample_9cd9baeaa53f76df,353.2012023925781,361.12835693359375,379.4599304199219,401.0238037109375,423.101806640625,442.31878662109375,457.9345703125,470.6556091308594,473.50872802734375,474.70257568359375,475.41094970703125,476.1064147949219
sample_8ac9936c70fef5ee,542.994873046875,537.211669921875,524.759033203125,511.65997314453125,497.7810363769531,482.8832702636719,471.1510009765625,458.7875061035156,445.69500732421875,435.11431884765625,426.30322265625,421.1577453613281
sample_aefa18a7babd9d6e,505.7901611328125,487.76092529296875,471.3927917480469,459.22259521484375,445.56195068359375,433.00262451171875,420.68719482421875,411.23492431640625,404.65399169921875,396.989990234375,392.1495056152344,386.83758544921875
sample_e6b4d564a871f5d5,364.488525390625,360.7142333984375,360.87091064453125,362.9203796386719,364.1904602050781,366.32183837890625,372.3192138671875,375.985107421875,380.1607666015625,385.7684326171875,385.5914001464844,389.1097717285156
sample_c820d06b028c2649,439.3283386230469,439.5207824707031,434.8402404785156,427.7099914550781,422.2864685058594,415.2052001953125,409.69732666015625,403.08929443359375,399.01336669921875,395.2100830078125,391.6463928222656,390.69134521484375
sample_ab52eb51ce7611ef,481.5735778808594,479.8598937988281,482.7540283203125,492.07232666015625,511.1431884765625,531.706298828125,555.6770629882812,579.3742065429688,608.6150512695312,612.5985717773438,608.7766723632812,594.8411865234375
sample_8892344d819c10fa,449.01446533203125,446.5593566894531,445.2671813964844,445.1602783203125,445.7671203613281,447.4510192871094,450.12457275390625,452.0643310546875,458.3918151855469,464.6367492675781,472.26300048828125,480.68621826171875
sample_759b82eef0844e9c,355.1994323730469,355.4931335449219,357.93597412109375,360.7371520996094,365.89349365234375,372.32354736328125,379.7248840332031,386.0215759277344,392.4053649902344,404.64862060546875,418.2378234863281,431.5301208496094
sample_b21aecd3c0cd635f,423.6416320800781,422.2452697753906,418.267578125,415.06109619140625,415.0498046875,419.9131774902344,414.57354736328125,409.2418518066406,404.0511779785156,402.1352233886719,402.93902587890625,402.6757507324219
sample_17c82263b7a50a99,427.7972106933594,433.3087158203125,437.0340576171875,433.4285888671875,431.8606872558594,429.27069091796875,424.13446044921875,419.1986389160156,414.27667236328125,410.2403259277344,407.9070129394531,405.4233093261719
sample_5754c8d5b201ed87,527.70556640625,519.2197265625,506.9523010253906,493.2531433105469,481.4297790527344,469.4188537597656,459.1160888671875,448.6485290527344,441.13531494140625,437.1366271972656,433.36151123046875,426.703857421875
sample_df169815338676a1,569.3618774414062,549.5986328125,526.28125,505.3855285644531,485.2587890625,465.7869873046875,447.7130126953125,432.40777587890625,421.4439697265625,413.0843811035156,404.9922790527344,399.42266845703125
sample_115455fcb9fac7fd,586.3952026367188,572.7471923828125,555.8667602539062,540.80322265625,529.2015991210938,510.037841796875,493.6509704589844,477.5840759277344,467.7712097167969,461.54296875,453.5576171875,449.8428039550781
sample_0a603d2709fc1314,387.68804931640625,385.34613037109375,385.1770324707031,385.99951171875,387.233154296875,390.1687927246094,393.7585754394531,395.0047912597656,398.4925231933594,400.4847412109375,402.4457702636719,404.6126708984375
sample_8c3eb9d7d44bac6d,454.9209289550781,452.2344665527344,448.1145324707031,442.17584228515625,435.3852844238281,428.74627685546875,422.06536865234375,416.3265686035156,410.70648193359375,406.3714294433594,402.08148193359375,398.7268981933594
sample_a2ef3f75069db2c9,567.3609619140625,549.6942138671875,527.865478515625,508.6516418457031,491.0606384277344,475.83367919921875,463.4219970703125,451.9908447265625,442.5869140625,433.4565124511719,425.3191223144531,418.85125732421875
sample_27b7bb25a7437640,365.56573486328125,364.0218811035156,365.0351867675781,365.892822265625,367.2088623046875,369.385009765625,371.94482421875,374.7406005859375,377.6263122558594,380.3386535644531,383.2551574707031,386.567138671875
sample_40f2a6e4f78159cf,449.6167297363281,453.64984130859375,452.7973937988281,448.0514831542969,444.1103210449219,437.3966064453125,431.54840087890625,427.2215270996094,422.5896911621094,419.25048828125,416.1192321777344,413.20904541015625
sample_504c999d76d1973f,378.89752197265625,378.71697998046875,380.28680419921875,381.5321960449219,385.45697021484375,391.0451354980469,397.52532958984375,403.706298828125,412.36199951171875,417.4321594238281,423.34735107421875,428.4914855957031
sample_87767396d5d151b4,439.8005065917969,429.0711669921875,417.6177673339844,407.6652526855469,396.5539245605469,386.56658935546875,379.07147216796875,372.8247985839844,368.020263671875,365.8713073730469,361.9834289550781,360.36163330078125
sample_f07891a646d82c36,411.7308044433594,409.8053894042969,406.5868225097656,402.688720703125,398.7862243652344,395.0033874511719,392.394775390625,389.7740478515625,386.9915771484375,384.6223449707031,382.2559509277344,381.2665100097656
sample_259e364a909508dc,399.10955810546875,394.8889465332031,392.2597351074219,390.56414794921875,388.2203369140625,386.0240478515625,385.9499206542969,384.8791198730469,384.1905517578125,383.1092224121094,382.6188049316406,382.98175048828125
sample_e87f68bb2139ad68,280.71453857421875,284.878173828125,290.92987060546875,296.066650390625,302.6870422363281,310.4085388183594,319.07257080078125,325.6216125488281,333.060302734375,338.76446533203125,344.1653747558594,348.4765625
sample_0399332d74a15c10,421.0194091796875,412.32666015625,401.25738525390625,391.3854064941406,382.6928405761719,376.9263916015625,370.5054931640625,366.2960205078125,362.38458251953125,356.609375,348.7669982910156,350.29833984375
sample_7d7c99d34cfc5e0b,421.5472106933594,416.876220703125,412.7593994140625,409.75347900390625,406.1475830078125,402.6064453125,400.0013427734375,396.8215026855469,394.83001708984375,393.085205078125,391.217529296875,390.79718017578125
sample_c44876cc1fc08034,422.9957275390625,421.857177734375,418.8896179199219,414.9091796875,413.0503234863281,410.79754638671875,403.4646301269531,401.1096496582031,394.6732177734375,393.06683349609375,396.2685241699219,395.1218566894531
sample_1fcea3cc348764b2,403.36602783203125,406.5710754394531,407.38067626953125,404.5269775390625,403.3725891113281,399.8321228027344,397.76202392578125,393.5372009277344,390.5177307128906,387.7684326171875,385.8034362792969,383.0327453613281
sample_2f053818c0fe1618,404.718505859375,400.1960144042969,397.2596130371094,394.2992248535156,392.8607177734375,393.00579833984375,393.8356018066406,395.1028747558594,396.6264953613281,399.4166564941406,400.52105712890625,402.8477478027344
sample_2e78b2ea251c44ff,367.2727966308594,373.2029724121094,379.25,380.6041259765625,383.38037109375,384.045654296875,384.9341125488281,384.0266418457031,384.3420104980469,383.771240234375,384.0423889160156,383.9518737792969
sample_6baa7771f9483f06,397.9653625488281,399.22747802734375,402.3661193847656,404.7956237792969,409.9315185546875,415.31805419921875,419.1739196777344,420.8995361328125,426.0464172363281,427.1654357910156,429.546142578125,431.86212158203125
sample_3f6c66823889d9dd,440.8911437988281,435.30914306640625,429.85626220703125,424.2151794433594,419.9590148925781,417.2946472167969,418.64007568359375,420.5943603515625,422.4134826660156,424.26348876953125,431.2634582519531,425.23223876953125
sample_e7bf46a4af65267e,395.84820556640625,408.6263122558594,423.93365478515625,440.570556640625,459.81494140625,476.55889892578125,488.792236328125,502.42169189453125,519.2808837890625,537.7539672851562,553.3526611328125,557.4083251953125
sample_c0ca21f284d5e0f7,416.59893798828125,412.6597595214844,410.8917541503906,409.37420654296875,408.60198974609375,408.36444091796875,410.08673095703125,409.4520263671875,410.4599914550781,411.169677734375,410.5407409667969,411.0030212402344
sample_258b571704293c54,724.4420166015625,698.6529541015625,664.9446411132812,631.4937133789062,599.0751342773438,567.78125,540.5706176757812,516.6788330078125,499.3318786621094,485.2663879394531,475.6601257324219,468.7064514160156
sample_23d98266f97001e5,473.735595703125,510.09075927734375,523.3036499023438,526.5235595703125,540.62353515625,548.730712890625,562.0135498046875,571.672607421875,567.6429443359375,571.4575805664062,568.0787963867188,565.7564086914062
sample_0b68eb15687b273f,534.0182495117188,555.0218505859375,575.519775390625,595.9639892578125,601.8170166015625,608.7084350585938,608.8840942382812,607.601318359375,604.3788452148438,581.7590942382812,572.6150512695312,559.1583862304688
sample_53c33b515348bd54,539.6433715820312,558.6978759765625,578.297119140625,598.789794921875,619.3690185546875,621.405029296875,625.1492919921875,621.1470947265625,621.1553344726562,612.8712768554688,591.763427734375,580.03759765625
sample_c2e064993bd288fb,388.114501953125,415.8650817871094,439.24456787109375,454.0494384765625,476.9473876953125,501.48626708984375,523.9371948242188,541.05908203125,553.4495239257812,553.7636108398438,555.9127197265625,545.9544677734375
sample_fb544b096b932b93,383.6788635253906,380.5507507324219,377.21844482421875,373.8619079589844,371.4580383300781,369.987548828125,370.1703186035156,371.1740417480469,375.4952392578125,379.89447021484375,384.8348083496094,392.3563232421875
sample_ffc6e5d1fe8faf7e,391.7516784667969,385.4415283203125,381.2032470703125,378.85186767578125,376.1470642089844,374.883056640625,376.0362548828125,375.82489013671875,376.34893798828125,378.1473693847656,377.32550048828125,378.8568420410156
sample_3ec36090fd8d2a14,561.709716796875,539.6570434570312,515.7794799804688,500.58233642578125,483.15789794921875,471.2672119140625,461.0675048828125,450.973876953125,442.4047546386719,434.2816162109375,425.77496337890625,420.2999267578125
sample_a3911689326cb0b1,297.3248596191406,299.95989990234375,304.2278747558594,307.6356201171875,312.2949523925781,317.88824462890625,324.553466796875,328.5300598144531,335.0202941894531,341.1928405761719,348.0739440917969,362.4791564941406
sample_622b6bd64247e4d2,462.3480529785156,478.452392578125,488.6854248046875,488.36328125,486.1731872558594,482.08807373046875,484.4939880371094,486.3639831542969,496.14263916015625,502.6031188964844,498.2492980957031,495.75933837890625
sample_dd116e215f9bde0f,288.32647705078125,291.0931701660156,295.31121826171875,299.0489196777344,304.43890380859375,310.4797058105469,316.8477783203125,321.9504089355469,327.267578125,332.37481689453125,336.7568359375,340.321044921875
sample_b217af9399994642,347.4427185058594,354.4096374511719,361.0420227050781,364.3158264160156,368.7189636230469,371.2510986328125,373.2620849609375,373.9300537109375,375.1287841796875,374.8984069824219,380.13800048828125,388.2409973144531
sample_5eea6a4d11c3c221,396.5560607910156,394.20635986328125,393.46539306640625,392.9623107910156,393.1642150878906,394.2519226074219,395.15106201171875,395.11602783203125,397.0359802246094,397.7443542480469,398.678466796875,399.5129089355469
sample_172854c94314a1c3,422.7367248535156,420.8980712890625,416.99658203125,412.7879333496094,408.58929443359375,403.3188781738281,398.7015380859375,394.5774230957031,390.156494140625,386.5115966796875,382.8796081542969,380.7178039550781
sample_2a6983c80013078a,508.8355712890625,496.5959167480469,482.644775390625,470.5644836425781,455.4018249511719,440.9490661621094,430.255126953125,423.0857849121094,419.11370849609375,417.73822021484375,409.9197998046875,402.7135925292969
sample_1f40ebfe6119d681,496.5281677246094,487.7403564453125,476.59063720703125,465.86444091796875,454.3045654296875,443.95623779296875,435.4369201660156,428.1061706542969,421.47149658203125,415.2440185546875,410.217529296875,406.1447448730469
sample_edaf53514bf0c32e,351.9549255371094,349.6520080566406,349.4862365722656,349.6690673828125,351.4286804199219,354.1673278808594,356.9754638671875,358.270263671875,360.594482421875,362.8705749511719,364.4960021972656,366.09283447265625
sample_346ef182e203eca4,500.3581848144531,502.3418884277344,499.3697204589844,494.03375244140625,490.5843505859375,486.61395263671875,482.88873291015625,479.62152099609375,476.8700256347656,474.5008544921875,471.578369140625,468.94207763671875
sample_da52f9b14d15c51f,305.46942138671875,311.7638244628906,324.6673889160156,332.8379821777344,338.945556640625,340.10516357421875,349.59295654296875,358.6826171875,369.3313293457031,372.5788269042969,371.69189453125,366.81292724609375
sample_f7b4477bc1cb1338,540.1980590820312,539.5437622070312,538.629150390625,537.5932006835938,538.611083984375,539.160888671875,540.4293823242188,541.4303588867188,540.4580688476562,538.3755493164062,535.84912109375,532.22314453125
sample_937752ac54c658e9,299.59735107421875,305.2968444824219,312.4722595214844,316.9436340332031,323.9754333496094,331.67901611328125,339.29022216796875,345.6080322265625,351.604736328125,356.376220703125,361.45867919921875,364.5320739746094
sample_61dd0aa65f0608b9,392.1202087402344,392.6605529785156,392.0714111328125,389.2091979980469,387.7038879394531,384.71453857421875,382.3490295410156,379.2791442871094,376.63897705078125,374.2304382324219,372.687255859375,371.0359802246094
sample_92e40598b255f307,289.8853454589844,292.51483154296875,297.4223327636719,301.478759765625,307.87353515625,314.2778625488281,322.30670166015625,329.0758361816406,336.4768371582031,342.1736145019531,348.2678527832031,352.70318603515625
sample_afa5130f3dfc8e4a,334.00653076171875,336.94390869140625,341.4917907714844,345.34649658203125,350.9546203613281,357.9471740722656,364.8338623046875,371.2012634277344,379.8781433105469,385.96563720703125,391.13623046875,396.42559814453125
sample_bf6ba33a8f0f19a2,411.7293395996094,416.06146240234375,417.4710693359375,416.9408874511719,415.69189453125,412.67132568359375,410.3771667480469,407.99853515625,405.7244873046875,403.5209045410156,401.4652099609375,399.70831298828125
sample_a311786a17a6a003,424.60382080078125,429.97705078125,436.08319091796875,436.9178466796875,435.8106689453125,431.6803894042969,428.8696594238281,423.2423095703125,418.5180358886719,414.3584289550781,410.9833068847656,408.12664794921875
sample_56f1852adabf9725,364.22454833984375,361.0316467285156,358.94757080078125,357.38287353515625,356.55230712890625,356.45196533203125,357.5818786621094,358.15118408203125,358.611572265625,360.1397399902344,360.743896484375,362.33984375
sample_612ce7c23f865092,393.74462890625,403.33917236328125,414.73736572265625,436.6431579589844,466.9153137207031,488.66888427734375,499.7728576660156,496.12677001953125,502.62811279296875,499.392578125,487.54522705078125,478.96258544921875
sample_1c90aec01a6b887e,387.4223327636719,388.53131103515625,391.248046875,391.5472412109375,394.51513671875,397.0788879394531,401.3453369140625,401.4757995605469,405.155517578125,406.8848571777344,409.52008056640625,410.9518737792969
sample_c856e1411e2c391b,322.9561767578125,325.2329406738281,329.734619140625,333.60235595703125,339.1918029785156,347.3891296386719,354.78924560546875,361.43853759765625,370.6514587402344,377.26544189453125,381.8367614746094,387.6470031738281
sample_734ec41bf9abcd52,351.9516296386719,363.64556884765625,378.4056701660156,400.76971435546875,432.992919921875,471.6638488769531,515.1312866210938,557.7032470703125,599.409912109375,646.7147216796875,675.3243408203125,678.5233154296875
sample_a7d0218b478669cb,694.4356689453125,675.7457885742188,653.2257080078125,632.91455078125,613.458984375,594.9365234375,579.7117309570312,565.6721801757812,554.03173828125,543.619873046875,534.0399780273438,526.4226684570312
sample_f16f8ec977b3afbf,309.51007080078125,321.35186767578125,345.5447082519531,370.7043762207031,393.59197998046875,414.01898193359375,430.6978454589844,443.8793640136719,455.15057373046875,477.95123291015625,483.759033203125,488.180419921875
sample_3c8cd59791d1d0f1,435.157470703125,441.8188781738281,443.7222900390625,441.13238525390625,440.3104248046875,435.70654296875,431.1038818359375,424.5337829589844,419.6327819824219,414.15838623046875,411.94488525390625,407.56146240234375
sample_30a44a9c5135b22d,378.24603271484375,376.5442199707031,375.5523376464844,375.0120849609375,374.6986999511719,374.38385009765625,376.1371154785156,375.65924072265625,376.5236511230469,376.7540283203125,377.3276672363281,377.4662780761719
sample_574b191e177d3d1f,303.395751953125,317.64971923828125,335.7674865722656,356.9689025878906,381.4673156738281,404.56610107421875,419.64349365234375,430.259033203125,444.3436279296875,452.616943359375,466.6335754394531,469.1836853027344
sample_ff92d6698d25e276,367.62127685546875,399.9847412109375,445.85809326171875,491.9105529785156,541.1605834960938,593.986572265625,630.8351440429688,640.7745361328125,633.1494140625,637.3250732421875,632.610595703125,600.1336669921875
sample_03a983adad29425d,447.91400146484375,469.21990966796875,487.1309814453125,489.0100402832031,494.7013854980469,494.823486328125,492.83746337890625,493.16400146484375,494.4744873046875,496.8144836425781,498.9189147949219,499.97235107421875
sample_ee0a4a285b9c628a,311.46856689453125,319.2304992675781,328.3341369628906,335.02789306640625,346.59637451171875,358.7512512207031,371.6505432128906,376.06231689453125,382.3095703125,386.1852111816406,393.17510986328125,395.7405090332031
sample_82b9dd50a84de564,383.8011779785156,379.7364196777344,376.07220458984375,372.49761962890625,369.62298583984375,367.3061218261719,366.97076416015625,365.3079528808594,364.91021728515625,364.99053955078125,365.37939453125,365.9685363769531
sample_e332768b00d9ab0e,364.8142395019531,366.3448791503906,369.0399475097656,371.4240417480469,376.36614990234375,382.963623046875,387.6217041015625,396.03173828125,403.3446044921875,407.68505859375,407.3442687988281,408.6600036621094
sample_42cb641ebb1a15cd,421.0415344238281,412.642333984375,405.6465759277344,402.1474609375,397.7638244628906,394.9031982421875,392.7904357910156,392.6180725097656,391.425537109375,391.59832763671875,390.3738708496094,391.384033203125
sample_da7778974d627008,300.4301452636719,303.94537353515625,308.8809814453125,312.1567687988281,317.7361755371094,322.36846923828125,329.32061767578125,334.04193115234375,340.5126647949219,345.27252197265625,349.4542541503906,351.6541442871094
sample_46e7884f7409a79f,436.74859619140625,432.91851806640625,426.030517578125,424.2334899902344,426.5148010253906,418.7735900878906,410.9566955566406,404.68927001953125,398.22161865234375,400.0558166503906,396.2091369628906,388.888916015625
sample_4dedd054176ba7fb,539.1250610351562,535.3357543945312,531.4895629882812,527.6473999023438,524.1519165039062,521.7085571289062,520.5859375,519.1757202148438,517.5045776367188,514.7955932617188,513.9244384765625,512.1376953125
sample_cee7931c68ffcd61,343.2289123535156,345.5173645019531,350.2067565917969,354.77593994140625,360.0699157714844,365.88824462890625,371.2368469238281,375.1063232421875,379.22857666015625,384.487548828125,389.25726318359375,402.26226806640625
sample_6d3d74b4ba87c6bb,562.8568115234375,561.3272705078125,558.389404296875,553.6975708007812,543.4012451171875,535.9656982421875,521.1028442382812,514.8994140625,513.8128051757812,507.35418701171875,498.759033203125,487.7379150390625
sample_93a3bf1a0e1f8624,326.0077819824219,332.03240966796875,340.0835876464844,344.8448486328125,352.00079345703125,357.55499267578125,364.48687744140625,368.0487060546875,373.3639831542969,375.5132751464844,379.106201171875,381.09375
sample_9f89dbc0255a869e,407.898193359375,437.2048034667969,475.52288818359375,515.9396362304688,556.6556396484375,599.2949829101562,634.845458984375,662.9439697265625,679.3446044921875,693.59521484375,699.8897705078125,696.0999145507812
sample_79114d2bd5413154,307.7640380859375,314.5781555175781,322.3753967285156,327.5311279296875,334.61358642578125,340.4771728515625,347.2721252441406,350.8046569824219,356.060302734375,358.54095458984375,362.74664306640625,364.7586975097656
sample_6cd800e5947c90c0,422.17181396484375,417.20050048828125,414.2036437988281,413.48089599609375,410.7416076660156,409.3267822265625,408.11163330078125,408.09100341796875,411.1260070800781,418.8382263183594,431.2550964355469,444.1116943359375
sample_0cc5bfec378d1b53,390.6922302246094,396.9847717285156,407.7360534667969,412.7287292480469,417.33123779296875,429.6632080078125,444.35040283203125,462.2046813964844,490.1119689941406,531.5081787109375,592.0682373046875,641.692138671875
sample_4949fd4e77ebcd20,434.15576171875,438.7354431152344,444.8809814453125,447.51202392578125,455.10516357421875,467.6486511230469,465.4544982910156,461.7843017578125,467.8815002441406,486.31573486328125,500.38092041015625,509.91748046875
sample_368590951eab001e,367.478759765625,374.3178405761719,387.9876403808594,400.269775390625,424.8255615234375,444.45684814453125,446.0917053222656,448.7606506347656,460.0577392578125,466.8571472167969,467.6521301269531,457.2911682128906
sample_d41da83daeaa3b22,454.2152099609375,447.97247314453125,438.81365966796875,429.10552978515625,422.1566162109375,423.31170654296875,423.1474914550781,409.4485778808594,397.6773681640625,391.052978515625,384.9162902832031,384.630126953125
sample_103e817bfcb27a8a,381.30584716796875,380.30908203125,380.7297058105469,381.5975036621094,382.42333984375,383.7713928222656,386.4692077636719,386.9658203125,390.6400146484375,392.4140930175781,392.6980895996094,394.23858642578125
sample_f18227eb5fe3a8a2,496.8398742675781,503.7184753417969,502.25,494.04852294921875,489.1508483886719,482.037353515625,474.54986572265625,466.1537170410156,461.8537902832031,462.6169738769531,464.6064453125,474.0357666015625
sample_8af66b34e7c8f108,403.0561828613281,427.8017578125,446.1315002441406,461.3027038574219,491.37109375,512.4078979492188,510.3214111328125,497.8522033691406,507.29827880859375,500.1671142578125,493.0946960449219,488.78369140625
sample_be7d45127f44ce5b,411.3209228515625,421.3601379394531,427.76513671875,430.1186218261719,431.8132629394531,431.4991149902344,432.6372375488281,434.38092041015625,434.205810546875,431.5189208984375,427.555419921875,425.6029357910156
sample_384dc906f5fec0bf,336.1539306640625,334.73876953125,335.25396728515625,336.20281982421875,337.8874816894531,340.15716552734375,342.81512451171875,344.7168884277344,347.3144836425781,349.58477783203125,351.9079895019531,354.5545654296875
sample_64d6cf25d35a78bc,409.6720275878906,410.21087646484375,413.9600830078125,417.345703125,422.4913330078125,421.92840576171875,421.9101867675781,419.1478271484375,418.9649658203125,419.9105529785156,418.5302429199219,416.3995056152344
sample_095896c7ec7c5fb4,392.4190979003906,392.5455627441406,392.6698913574219,391.68548583984375,390.8827819824219,388.71923828125,387.2598571777344,385.44610595703125,383.2579650878906,382.15838623046875,380.9013671875,380.00994873046875
sample_8b00910402f29d2a,350.89239501953125,349.0532531738281,346.4931945800781,347.9420471191406,348.73809814453125,350.2798767089844,351.59185791015625,352.723876953125,351.99188232421875,352.15380859375,353.1509094238281,354.2066955566406
sample_7daa30346b5498dc,444.9766845703125,445.267333984375,445.889404296875,445.4501647949219,445.9295959472656,446.0654602050781,446.54638671875,446.0152893066406,447.09429931640625,446.3399963378906,446.716064453125,446.9939270019531
sample_4e17f5b58ab55bcf,356.22674560546875,357.1332702636719,359.5655517578125,362.0142822265625,364.89959716796875,368.5205078125,372.4388122558594,374.15716552734375,378.08660888671875,380.8232421875,381.64862060546875,383.7695007324219
sample_01497d9025643a21,459.4210205078125,448.8173828125,438.5624694824219,436.18780517578125,430.2189636230469,421.3987121582031,412.7998046875,402.3129577636719,389.11572265625,377.90435791015625,372.84649658203125,363.2054748535156
sample_edb22022c13f4abf,344.6500244140625,344.0206604003906,344.3895263671875,348.42266845703125,350.884033203125,353.8442687988281,353.2056884765625,351.8537292480469,349.631591796875,350.4342346191406,351.70709228515625,354.1954040527344
sample_dc72f74ea9990f30,350.5381774902344,352.0777587890625,351.596923828125,354.51458740234375,354.7322082519531,357.0919494628906,358.7580871582031,358.0681457519531,359.5511779785156,360.6319580078125,365.5759582519531,376.46282958984375
sample_2e36ceb53a15200f,415.05633544921875,406.7297058105469,399.67449951171875,395.6103820800781,390.3700256347656,385.939697265625,383.6258239746094,380.13671875,378.5882873535156,376.2016296386719,373.8897705078125,372.5583801269531
sample_c30032e2fd158bbd,517.8776245117188,524.3370971679688,531.4866943359375,532.47265625,530.27392578125,530.9295654296875,530.9033813476562,529.0842895507812,527.9765625,529.0546875,530.1563110351562,531.4383544921875
sample_befe56d208aacf42,328.9200134277344,333.3439636230469,339.2772521972656,342.6368103027344,348.7306213378906,355.8583984375,366.5188903808594,378.0317687988281,386.1470031738281,393.6672668457031,402.2660827636719,415.0194091796875
sample_38c38c818c3343c7,472.7998046875,467.70977783203125,458.85626220703125,450.0079345703125,439.432373046875,429.1190490722656,419.56695556640625,412.1502685546875,404.98980712890625,398.8017883300781,393.6592102050781,389.9129333496094
sample_7d093f2510288b58,335.3032531738281,340.60394287109375,347.74993896484375,352.7452697753906,359.18780517578125,366.8729553222656,375.7365417480469,386.8758544921875,398.28143310546875,413.22503662109375,424.240478515625,443.33758544921875
sample_c4b8a8f2d72b4d65,313.0525207519531,317.58380126953125,324.1246032714844,328.3561706542969,333.9870910644531,338.9283142089844,342.4629211425781,347.15380859375,352.61029052734375,361.081787109375,366.3818359375,376.4229736328125
sample_da82e3009fad3435,325.6905517578125,331.4472961425781,340.8472900390625,352.4823303222656,366.80926513671875,377.9913635253906,385.41058349609375,393.5877380371094,400.35943603515625,415.9354248046875,419.47369384765625,426.34344482421875
sample_0e8b3508b9da53fb,428.4284973144531,422.6973876953125,416.36968994140625,409.5200500488281,399.79473876953125,392.4339294433594,386.41363525390625,382.8316345214844,377.664306640625,373.5277099609375,368.9931335449219,368.45709228515625
sample_e7c6f6ee70ae2f93,384.8690185546875,382.34613037109375,379.9406433105469,381.0859069824219,380.72161865234375,381.28082275390625,384.60430908203125,386.36474609375,389.7870178222656,391.3927307128906,394.8182067871094,394.7178649902344
sample_53675429d7ea34ad,330.96527099609375,335.306640625,340.79107666015625,343.4134216308594,347.4675598144531,350.45904541015625,353.74591064453125,355.3300476074219,357.962890625,357.6610412597656,360.4290771484375,360.75042724609375
sample_514fb24a6f3a68d7,366.6201171875,376.0210876464844,381.098388671875,387.67303466796875,391.32672119140625,406.1056823730469,420.7132873535156,453.06573486328125,470.7257080078125,468.9921875,468.0169677734375,478.9966735839844
sample_c26a68578e96bb4e,457.9493103027344,451.5522766113281,442.730712890625,435.478515625,426.19464111328125,417.53240966796875,410.73577880859375,404.18414306640625,398.178466796875,393.09283447265625,387.9639892578125,384.63079833984375
sample_53819814b69ab4e3,391.6778564453125,387.56707763671875,384.0511169433594,382.23309326171875,378.27276611328125,378.597900390625,379.80487060546875,381.12152099609375,385.873779296875,386.4158020019531,384.1899108886719,387.2181701660156
sample_866d3ab340811a66,374.2154846191406,378.1499938964844,383.2422790527344,385.2890319824219,389.7610168457031,391.85479736328125,395.8937072753906,400.04193115234375,403.21014404296875,404.13067626953125,408.281982421875,406.11065673828125
sample_5b4bd3d95208a20f,424.7346496582031,419.50311279296875,414.6898193359375,411.662353515625,408.6412353515625,406.8465576171875,405.9023742675781,404.6147155761719,402.5946350097656,400.3225402832031,398.2859802246094,396.5731506347656
sample_c0bb34a217f40088,391.473876953125,389.4109802246094,388.4447021484375,386.586181640625,386.9907531738281,387.5698547363281,391.34637451171875,388.116455078125,389.22430419921875,391.09930419921875,395.3067321777344,397.5935974121094
sample_1b4028bc2cfe9e29,277.376220703125,284.5674743652344,294.7229309082031,303.4165954589844,315.171630859375,326.4953308105469,337.22235107421875,343.91656494140625,352.10345458984375,358.17645263671875,364.70159912109375,368.40350341796875
sample_cbdd2f4c98d2e033,424.66607666015625,425.50152587890625,426.4009704589844,425.0781555175781,425.55682373046875,431.5749206542969,445.04150390625,467.6046447753906,493.973388671875,523.8381958007812,555.3084716796875,589.5245971679688
sample_4fdb09cabe463585,379.5393981933594,376.2321472167969,371.7110595703125,368.15869140625,364.42279052734375,361.3426208496094,356.0640563964844,356.78759765625,354.4742431640625,358.5339050292969,360.80010986328125,362.23223876953125
sample_9812c50640029887,456.0827331542969,455.9557800292969,452.4093017578125,445.2142333984375,440.2428894042969,432.721923828125,427.23291015625,420.3265686035156,414.89080810546875,409.2205505371094,405.73651123046875,401.50091552734375
sample_cc8f59f4abc6c6d0,390.1832275390625,389.53857421875,387.65704345703125,387.2112731933594,384.7170104980469,384.9286804199219,383.484375,383.8846740722656,382.4718933105469,378.8984069824219,377.69256591796875,378.7657775878906
sample_4675a3185caa92bb,342.2608337402344,342.5544128417969,344.96551513671875,346.4600524902344,348.9412536621094,353.1436462402344,358.0105895996094,361.0029296875,366.3338928222656,371.05975341796875,375.0611572265625,379.4166564941406
sample_9ff771201745b7cd,317.4403381347656,324.2328796386719,334.8199157714844,346.309326171875,357.584228515625,366.3457946777344,375.6518249511719,384.2555236816406,399.1923522949219,403.8158874511719,411.6053161621094,414.7340087890625
sample_05aedc1e74346cca,380.4854431152344,381.4685363769531,387.8454895019531,400.5045471191406,420.6830139160156,443.9931640625,458.4610290527344,473.57080078125,479.6195983886719,493.93682861328125,490.49664306640625,474.8515625
sample_15bad926f7d7652b,404.09466552734375,404.402587890625,406.418701171875,402.6615905761719,401.44134521484375,399.09173583984375,399.5931701660156,399.2647399902344,403.26611328125,402.48602294921875,403.3517761230469,404.2396545410156
sample_df2c52c3e8f9e389,496.1893310546875,488.6612854003906,478.8273010253906,470.87408447265625,460.9310607910156,449.3555908203125,439.462158203125,428.2892150878906,420.46929931640625,415.167724609375,407.4631042480469,403.4230041503906
sample_c7ebc1dd0438efc3,372.1610412597656,373.32916259765625,376.2002258300781,376.9493408203125,377.781494140625,372.715087890625,370.3841857910156,372.3634948730469,369.4158020019531,370.98260498046875,372.2900085449219,369.9804992675781
sample_dcd6f46df9aafe3a,368.2248229980469,375.1665344238281,381.5837707519531,383.8529052734375,386.82489013671875,387.3860778808594,388.50885009765625,387.52325439453125,387.2460021972656,384.4219970703125,384.36260986328125,382.07745361328125
sample_11fbf1aa3025466a,482.09783935546875,497.53765869140625,509.2967529296875,513.876953125,523.888916015625,527.8331909179688,526.4791259765625,518.509765625,516.2901611328125,505.69354248046875,505.07086181640625,498.8807678222656
sample_d0ceb9dbfda93e3b,459.1772766113281,448.9260559082031,437.70135498046875,428.2442932128906,417.2168884277344,406.9641418457031,398.3657531738281,390.3502197265625,383.92486572265625,377.4762878417969,371.73870849609375,367.53533935546875
sample_50dbbc15fdb347c7,468.3785095214844,457.3868408203125,446.2842712402344,437.76446533203125,426.51641845703125,418.3854064941406,413.17755126953125,411.984130859375,410.7425231933594,407.7254943847656,400.6053466796875,397.91229248046875
sample_a0bad5f0f49530ed,389.5142822265625,386.4621887207031,380.00982666015625,375.3901672363281,367.20330810546875,359.4964599609375,354.2493896484375,349.7401123046875,346.0828552246094,344.2431640625,341.8266296386719,341.25042724609375
sample_1df949e7e0a76d21,346.2915344238281,344.3783874511719,344.0039367675781,346.1368713378906,346.98358154296875,348.3778991699219,349.4859313964844,349.98699951171875,349.51995849609375,351.14013671875,351.61248779296875,353.1273193359375
sample_ebbc45a163d794e2,396.3592529296875,391.1791687011719,386.0922546386719,384.53814697265625,378.0279235839844,374.8940124511719,372.8952331542969,372.58758544921875,372.553466796875,372.034912109375,370.9388122558594,372.322021484375
sample_ec6b4ccecb6671a8,485.7801208496094,471.80084228515625,458.1443176269531,445.1007995605469,433.2016296386719,421.6025390625,412.557861328125,402.7502136230469,395.31982421875,388.0035400390625,382.6689453125,377.6051330566406
sample_0c7196db711c558d,455.9458923339844,492.1512451171875,518.359375,536.791259765625,554.0518798828125,560.09228515625,552.7108154296875,541.9437866210938,533.9035034179688,525.3197021484375,524.573486328125,521.447998046875
sample_b60c0bc9fbb94a44,466.420166015625,458.8191223144531,451.6608581542969,443.7587585449219,436.28179931640625,429.98712158203125,423.9854431152344,415.8994140625,408.482177734375,403.22113037109375,398.509033203125,395.4648742675781
sample_7cd140f3f33656a6,459.7106018066406,470.0018310546875,477.5155029296875,478.6891784667969,480.8760986328125,479.3671875,483.72100830078125,489.2588806152344,496.4974365234375,504.3849792480469,517.5302124023438,535.3538208007812
sample_11944bcae07de6ff,383.7154235839844,384.1395263671875,385.5829162597656,387.6836242675781,391.5184326171875,392.1488037109375,392.9602966308594,395.0791931152344,396.7276916503906,394.3646545410156,393.247314453125,392.25311279296875
sample_286b2e6a87db3156,305.1600341796875,308.3303527832031,314.4364929199219,320.09930419921875,329.17462158203125,338.9920959472656,350.182861328125,356.60467529296875,364.1990661621094,369.28778076171875,373.29083251953125,373.36614990234375
sample_27b22a1428d14435,521.35986328125,500.4521179199219,477.28009033203125,458.11138916015625,438.4325866699219,420.9918518066406,406.2848205566406,393.5467529296875,382.1424255371094,372.35650634765625,363.48345947265625,356.6466979980469
sample_97534e468152d7f0,487.4761962890625,466.8785400390625,445.89154052734375,429.66619873046875,412.458984375,396.9954528808594,385.2279052734375,373.59423828125,364.40692138671875,355.61785888671875,346.83502197265625,340.635009765625
sample_848c806d5b51010c,360.65631103515625,379.67657470703125,402.797607421875,423.55914306640625,442.6944274902344,456.7903747558594,476.9449462890625,501.848876953125,522.0809326171875,536.24365234375,547.2113037109375,544.0557861328125
sample_323c87d0e69bbe02,293.0991516113281,297.1446533203125,302.39508056640625,306.3472900390625,311.8177795410156,318.378173828125,325.3597412109375,331.4283752441406,337.70135498046875,343.1736145019531,348.13623046875,352.75933837890625
sample_e891fd1eae36515d,404.1524353027344,399.1471862792969,394.17559814453125,392.1744384765625,387.4344177246094,383.7414245605469,383.818603515625,383.1740417480469,381.72589111328125,380.7627868652344,378.66937255859375,379.73907470703125
sample_e5cbbf4aed2257da,356.1224060058594,369.624267578125,386.73931884765625,397.8753967285156,407.7125244140625,415.7408142089844,422.8083801269531,428.1640319824219,433.0860290527344,434.0880126953125,432.20513916015625,424.58111572265625
sample_dca2a122595c2244,366.9768981933594,409.08380126953125,457.02728271484375,509.9653015136719,566.166259765625,608.969970703125,623.013671875,621.574462890625,630.936767578125,631.19677734375,604.34912109375,586.8038330078125
sample_fc253cc925863782,429.6939392089844,437.1620788574219,440.9449157714844,435.958984375,432.641357421875,429.6238708496094,427.2015686035156,426.4367980957031,429.42022705078125,428.5262756347656,427.9105224609375,421.3853759765625
sample_e890c671f42ff821,485.5809020996094,477.6867370605469,471.133544921875,458.7337646484375,445.8681945800781,429.5762939453125,418.6962890625,409.689208984375,398.3392333984375,391.0934143066406,384.8712158203125,381.5398864746094
sample_cb61b8d75fe6ef67,356.8915710449219,372.673095703125,390.1564025878906,403.4632873535156,419.302001953125,428.1419677734375,435.7961120605469,440.45556640625,446.45684814453125,449.2176818847656,452.5205078125,447.010986328125
sample_72c567c744a6c144,506.9203186035156,488.0724792480469,469.6142578125,454.2951965332031,438.385009765625,423.7747497558594,411.65484619140625,400.61798095703125,391.39166259765625,383.5206604003906,375.99578857421875,370.5174560546875
sample_bb05939d5fb6ef26,506.7805480957031,506.5027160644531,500.8217468261719,493.9782409667969,485.8513488769531,476.5189208984375,468.28009033203125,459.2011413574219,446.8074645996094,440.9314880371094,434.5620422363281,430.23760986328125
sample_6c11f749e0f48a70,335.29278564453125,339.6116638183594,346.7494201660156,352.04205322265625,360.612548828125,367.4547119140625,374.87591552734375,382.42498779296875,388.5093078613281,394.33636474609375,396.6326904296875,398.75738525390625
sample_1f3863207a8a8c9f,392.4382629394531,406.46197509765625,425.9067687988281,442.084228515625,466.2169189453125,488.09375,517.622802734375,533.7742919921875,560.4800415039062,570.396240234375,568.9375,569.3973388671875
sample_333e2aef5bbc8794,349.2425537109375,348.7973937988281,350.30096435546875,351.91387939453125,353.7282409667969,356.4701232910156,360.90167236328125,362.9732360839844,368.4988098144531,372.2089538574219,374.21331787109375,378.5758361816406
sample_8ab717efec0cd812,397.5428161621094,395.17584228515625,391.96881103515625,385.7957763671875,382.3797302246094,380.18939208984375,379.25811767578125,378.701171875,382.1943054199219,385.3369445800781,389.5718688964844,395.61199951171875
sample_7753f69cfadfd44a,340.33648681640625,340.877685546875,342.357177734375,342.7679748535156,344.4278869628906,346.0536804199219,348.660400390625,350.3706970214844,351.887939453125,353.0218811035156,354.5178527832031,356.0126037597656
sample_6fa2abfe41baa524,622.4287719726562,592.1466674804688,562.8316650390625,538.6663208007812,515.4259033203125,494.91064453125,478.09979248046875,463.6076965332031,450.84564208984375,438.86004638671875,428.18310546875,419.570068359375
sample_6ee16a480120391e,369.208740234375,402.4978332519531,441.35870361328125,476.429931640625,510.85687255859375,546.791015625,584.88037109375,617.5372314453125,643.1080322265625,678.2374267578125,719.0982055664062,742.5908203125
sample_23578a88cbfed75a,426.26007080078125,421.8323669433594,417.4123840332031,413.56353759765625,409.09130859375,403.91162109375,400.0333557128906,395.8587646484375,391.9927673339844,388.2603759765625,385.56866455078125,383.38726806640625
sample_37186a3b276dc7cb,437.5557556152344,454.5335388183594,467.0743713378906,474.8277893066406,485.02679443359375,488.2386474609375,488.15704345703125,484.53350830078125,487.4136962890625,481.48699951171875,478.5664367675781,468.65155029296875
sample_e705e8cf916a1143,602.4920654296875,607.356689453125,611.6799926757812,626.71337890625,626.4189453125,621.045654296875,613.721923828125,611.440185546875,602.9321899414062,586.761962890625,575.6022338867188,567.04248046875
sample_8330aec2d76fad4c,471.2078857421875,492.5858459472656,503.4649963378906,503.54791259765625,504.5386962890625,500.739013671875,498.8387756347656,493.4385681152344,489.7088623046875,480.1026916503906,475.48516845703125,467.9447326660156
sample_8e5ae3bd1f4a7681,344.7266845703125,346.27545166015625,349.0848388671875,353.54803466796875,355.2624816894531,359.91015625,366.63140869140625,380.87921142578125,384.89556884765625,392.0766906738281,411.8420715332031,420.86260986328125
sample_77694d03b342fb1d,419.8223571777344,430.89935302734375,440.0715026855469,444.3681945800781,450.6217041015625,454.1372985839844,457.1369323730469,457.8927917480469,465.7001647949219,467.9082946777344,470.4410095214844,474.0892333984375
sample_8c6a5d7ed3cee9e3,403.73602294921875,398.30914306640625,394.5648193359375,395.6217956542969,405.08782958984375,426.0135192871094,438.9467468261719,445.09954833984375,457.9302062988281,473.1803894042969,470.72900390625,473.92657470703125
sample_b1c444b0bc8aa0cf,284.6854553222656,288.5157165527344,293.6727600097656,298.1654357910156,303.5927429199219,310.35748291015625,318.2300720214844,324.828369140625,331.6969909667969,337.66925048828125,342.9383544921875,348.2015686035156
sample_c539641296fe95ea,468.411865234375,469.0296630859375,466.64935302734375,463.3038635253906,459.05780029296875,453.408203125,446.8341369628906,442.1571044921875,435.1022644042969,427.17193603515625,422.592529296875,419.7759094238281
sample_43403b3ed71dd625,367.7739562988281,365.705322265625,366.3960876464844,367.5082702636719,364.2453308105469,363.43585205078125,363.7060852050781,366.59100341796875,368.8707275390625,372.0047912597656,374.3983459472656,379.02886962890625
sample_9048f454d7f5a4b9,354.32537841796875,374.59881591796875,398.21209716796875,407.2890930175781,403.1605224609375,420.46728515625,441.2340087890625,452.2488098144531,442.7302551269531,450.1866149902344,470.7289733886719,480.88238525390625
sample_c6362c501077a968,322.1868896484375,327.1455383300781,332.7635803222656,336.65374755859375,343.9374084472656,355.6297607421875,369.29736328125,377.625,386.82806396484375,394.9738464355469,407.4683837890625,411.849609375
sample_dc98b23f5bc438ac,370.8918762207031,392.6078186035156,421.2993469238281,450.38165283203125,480.9251708984375,505.52508544921875,523.3628540039062,531.3370361328125,537.158935546875,533.0289306640625,529.0399169921875,534.5096435546875
sample_92d142bfc005677f,311.0659484863281,316.9897766113281,324.1390075683594,330.8698425292969,340.2263488769531,354.12939453125,361.760498046875,366.0995788574219,370.5873107910156,371.63958740234375,380.9189147949219,400.90447998046875
sample_a9e9668f4f8f3dc9,350.72723388671875,353.37298583984375,353.984375,354.0103454589844,353.6023254394531,352.4725341796875,350.4594421386719,351.53680419921875,349.1422424316406,349.64617919921875,349.2856750488281,347.1641845703125
sample_e9977b96c0db5739,392.8740539550781,401.66070556640625,414.7939453125,425.2375183105469,440.6871643066406,452.7250061035156,457.8083801269531,467.9097900390625,487.7431335449219,505.638427734375,515.6494750976562,519.208984375
sample_1261f64ad94e38a1,500.8263854980469,489.9432373046875,477.4787292480469,468.23541259765625,458.41656494140625,446.698486328125,437.9737854003906,427.5603942871094,416.5973815917969,405.13861083984375,397.87213134765625,392.15838623046875
sample_6d853fe5bd665c40,510.09698486328125,502.0729064941406,496.09149169921875,491.6272888183594,488.47698974609375,487.60772705078125,487.98028564453125,487.8045349121094,486.9319763183594,483.6935729980469,478.55938720703125,473.692626953125
sample_084e2601c292bb06,426.711181640625,423.22027587890625,419.4683532714844,414.4730224609375,410.8667907714844,406.8386535644531,403.69732666015625,399.2248840332031,396.58056640625,392.87554931640625,390.8734436035156,388.57769775390625
sample_5d1127c63b3867c4,309.2350769042969,311.0643005371094,316.9429626464844,321.9331970214844,332.00531005859375,341.0650634765625,352.0990905761719,362.3199157714844,370.8975524902344,375.4957275390625,380.63800048828125,383.6966857910156
sample_107be4888c2f5735,365.1379089355469,368.3877868652344,372.1031188964844,372.6436767578125,374.66619873046875,374.7630615234375,375.52386474609375,374.0995178222656,374.5156555175781,373.9114074707031,374.6758728027344,374.84735107421875
sample_ab3df37e0c7d71ed,358.76995849609375,358.9363098144531,359.19818115234375,359.7615661621094,360.27008056640625,361.75689697265625,363.6087341308594,364.97747802734375,364.9300231933594,365.9461669921875,366.3612976074219,368.4745178222656
sample_e12f8be62f952a15,318.28521728515625,323.5965270996094,330.5275573730469,336.546875,345.025634765625,353.0018005371094,362.1466369628906,376.00128173828125,385.17510986328125,394.8334045410156,400.5346374511719,404.9632568359375
sample_850261c2482d1dc8,455.3638610839844,447.7465515136719,438.8551940917969,430.7998962402344,421.7688903808594,413.1920166015625,405.6924133300781,398.9163513183594,392.09173583984375,386.3858642578125,381.49755859375,378.41259765625
sample_5877fa94d038452d,355.33843994140625,360.0279541015625,370.65374755859375,375.6641845703125,392.0221252441406,408.6800537109375,438.40283203125,460.2962646484375,458.4328918457031,458.744384765625,470.0098876953125,475.4375915527344
sample_546c6e80338d7986,645.8914184570312,649.2607421875,647.2069091796875,643.9564208984375,644.0303344726562,639.8329467773438,635.6239013671875,628.8452758789062,624.9383544921875,617.1871948242188,610.8394165039062,600.7700805664062
sample_98352079a59dc8d3,331.0549011230469,338.3563537597656,350.3621826171875,361.31011962890625,372.29736328125,382.388916015625,393.74822998046875,408.8758850097656,413.5849609375,410.1885986328125,404.39154052734375,405.5249328613281
sample_b920d6a32456bc59,430.1670837402344,418.60003662109375,408.6455383300781,404.64990234375,397.00555419921875,392.075927734375,384.1303405761719,376.3536376953125,370.24578857421875,364.2541809082031,359.7731628417969,358.24603271484375
sample_404ad4d2a151ab3d,508.98162841796875,499.919189453125,485.56298828125,471.8805847167969,458.1788635253906,445.17694091796875,433.88580322265625,423.9095458984375,415.0529479980469,407.5943908691406,400.9197998046875,395.379150390625
sample_59b82f1dbc38f30c,514.3193359375,498.6667175292969,481.3378601074219,466.66937255859375,450.4869384765625,435.85308837890625,423.9019470214844,413.10272216796875,403.6670837402344,394.8150634765625,387.23431396484375,381.06683349609375
sample_caea16c6df19d99f,439.1202087402344,439.8204650878906,444.432373046875,441.54498291015625,437.4465637207031,432.6962890625,435.4258728027344,438.0964660644531,432.51336669921875,422.8421936035156,424.092529296875,419.6044006347656
sample_7ac51d2f994f9b8f,383.4248962402344,380.116943359375,378.1351013183594,377.8046569824219,375.8523864746094,375.38995361328125,376.447998046875,375.0452575683594,374.6368103027344,376.29315185546875,376.13348388671875,377.349365234375
sample_7db8c88f4aaec16e,296.0525207519531,301.0901794433594,308.6942443847656,314.79486083984375,323.8320007324219,334.0194091796875,343.8510437011719,350.1572265625,358.43548583984375,364.7746276855469,371.31378173828125,375.9122619628906
sample_0bad3a1e9637ddcb,459.68243408203125,453.8700256347656,447.96710205078125,442.4627685546875,437.7648620605469,430.5980224609375,425.9647521972656,421.1841735839844,417.2933044433594,414.03009033203125,412.8420715332031,410.2827453613281
sample_55f35b9e719b0c6c,392.87872314453125,389.9090576171875,387.2391662597656,383.9774475097656,379.3637390136719,374.4046325683594,369.5550231933594,366.2994384765625,364.430908203125,364.9049072265625,367.52227783203125,374.06634521484375
sample_8908cff9a5a8633d,402.44287109375,401.2759094238281,400.1585998535156,397.4460754394531,396.0376281738281,393.98114013671875,391.7715759277344,389.78424072265625,387.7783508300781,386.29541015625,384.7142028808594,383.910400390625
sample_19f1b6b442cd10eb,369.60791015625,371.9913024902344,374.2207946777344,372.86175537109375,376.8907165527344,381.32354736328125,388.5351867675781,395.828369140625,397.11474609375,403.8741149902344,409.75152587890625,409.9944152832031
sample_bcd4ff36014314d1,437.56085205078125,434.3224182128906,426.3918151855469,416.5296936035156,407.3898010253906,399.13055419921875,392.349609375,385.9163818359375,379.3606262207031,373.73565673828125,369.80145263671875,366.62493896484375
sample_e47531e184e1414a,508.4674377441406,506.8187255859375,505.7259826660156,506.5785217285156,508.4681091308594,511.978271484375,516.9490356445312,517.7994995117188,518.1483154296875,516.5642700195312,515.2692260742188,511.88983154296875
sample_b26e4e8d8111272b,330.5378112792969,338.057861328125,350.2788391113281,361.2109375,374.810302734375,387.18402099609375,399.2825012207031,409.5877685546875,420.2703552246094,432.649169921875,442.8667907714844,448.5525207519531
sample_2c21ed939621b5a0,362.2470397949219,363.3814697265625,366.3245849609375,369.068603515625,374.8443603515625,382.52410888671875,388.79052734375,399.1334533691406,402.86627197265625,407.1928405761719,407.3111572265625,408.3255920410156
sample_b84661b0dfd0098c,311.6946716308594,313.75262451171875,317.3387451171875,319.74249267578125,323.9850158691406,328.68218994140625,334.1307678222656,338.26226806640625,343.55938720703125,348.03009033203125,351.7846374511719,354.7439270019531
sample_3ead7d89d71ad5fd,470.57904052734375,460.7764587402344,446.8683166503906,435.40960693359375,422.6416015625,410.6158447265625,400.9026184082031,392.6993713378906,385.7361755371094,380.05694580078125,373.83502197265625,369.37200927734375
sample_f4e89abadb8232b1,467.7861633300781,471.47186279296875,475.3464660644531,479.8102111816406,487.799560546875,497.9300842285156,512.7533569335938,534.4453735351562,555.9276733398438,579.6559448242188,603.5293579101562,628.8590087890625
sample_f5868073728c18a2,358.4730224609375,359.72186279296875,362.78631591796875,364.1715393066406,366.2840270996094,368.828125,372.4569091796875,373.6147766113281,375.7563781738281,376.66302490234375,377.7044677734375,378.0516357421875
sample_2a10f8be893edd9a,428.2494812011719,440.1070251464844,466.84991455078125,489.0173034667969,523.5180053710938,565.962890625,605.756103515625,613.2489013671875,621.2586669921875,614.84521484375,595.2572631835938,572.3174438476562
sample_6f90f3754afde06c,364.0726318359375,362.23626708984375,362.97589111328125,364.3057556152344,365.6968688964844,368.28924560546875,371.3548278808594,375.2596740722656,380.0959167480469,385.0374450683594,387.45159912109375,393.1739501953125
sample_5ed14844cc701340,363.8578796386719,364.283203125,366.04638671875,366.75970458984375,368.896728515625,371.2782897949219,373.486083984375,374.83935546875,376.69244384765625,377.2298583984375,378.7603454589844,379.4990539550781
sample_2f83aa2fc2142416,392.94537353515625,395.301025390625,398.477783203125,399.24652099609375,405.2508544921875,411.1727294921875,424.5298767089844,437.6724548339844,441.6199951171875,447.5531005859375,472.9542541503906,493.4002685546875
sample_f25ae9688d616ff3,296.4241943359375,302.3054504394531,320.0985107421875,336.9149475097656,354.2872619628906,355.8040771484375,355.0088806152344,357.79791259765625,370.459228515625,384.7395935058594,406.44805908203125,443.2018737792969
sample_50121cbdd7188575,432.1386413574219,459.7495422363281,483.5231628417969,489.73492431640625,498.2945251464844,497.653076171875,504.8983459472656,489.601318359375,474.85400390625,490.3790283203125,485.6539001464844,488.7940979003906
sample_57bf77544beb515a,413.88323974609375,420.1087646484375,422.97259521484375,423.80291748046875,425.9743957519531,424.9629821777344,421.3482666015625,419.9842834472656,416.3990173339844,414.392333984375,416.2183837890625,410.01715087890625
sample_94216885b993979b,383.8321228027344,382.68072509765625,384.37548828125,393.55157470703125,409.0174865722656,427.6091003417969,450.75921630859375,470.45892333984375,483.62396240234375,495.049560546875,496.550537109375,491.78887939453125
sample_81002b38cb620e37,320.0814208984375,322.3288879394531,326.5262451171875,330.1477355957031,335.4135437011719,341.64019775390625,349.0220947265625,354.0012512207031,361.4898986816406,366.28466796875,370.9692687988281,375.0143737792969
sample_6e7d1b719276f08d,379.15283203125,380.03912353515625,380.0450439453125,378.2102355957031,377.646240234375,375.14068603515625,373.20123291015625,371.6545715332031,369.2124328613281,371.2372131347656,370.430419921875,375.3107604980469
sample_584b8435bd7fc36e,345.3726501464844,347.2468566894531,349.88702392578125,352.6966247558594,355.4781494140625,361.1812744140625,375.7362060546875,395.42498779296875,423.0622863769531,442.84698486328125,472.51873779296875,505.97393798828125
sample_559e7cb89b3b2dcc,299.4316711425781,304.2476806640625,307.87481689453125,313.7452697753906,329.32061767578125,345.04852294921875,369.0050048828125,409.14373779296875,414.2115478515625,419.82208251953125,417.087646484375,430.20965576171875
sample_aa6e37249116c6ef,556.607177734375,530.1095581054688,501.166748046875,477.6856384277344,455.728515625,437.1895751953125,421.39862060546875,407.6856689453125,397.298828125,387.2564697265625,378.078857421875,370.442138671875
sample_8e2f02aedf81cea9,377.1617736816406,374.7852783203125,374.2188415527344,373.3630065917969,372.443603515625,372.0896301269531,373.1021728515625,373.3782958984375,373.82952880859375,375.97088623046875,376.408203125,378.1880187988281
sample_d7745912ed0d4271,380.38800048828125,412.65740966796875,454.1374816894531,495.84600830078125,533.5599365234375,574.1130981445312,621.3009033203125,667.527099609375,693.4091796875,706.1139526367188,727.7625732421875,728.27001953125
sample_4d3288d6cc01322d,479.2647399902344,461.20452880859375,443.6146545410156,429.262939453125,412.9856262207031,397.9990234375,385.68975830078125,375.4145812988281,368.4783935546875,363.5672607421875,357.4498596191406,354.06488037109375
sample_33d1c742c461dfcc,425.7126770019531,428.6554870605469,433.214111328125,431.0603332519531,441.1763610839844,440.6900939941406,432.94915771484375,422.5281066894531,427.13922119140625,433.1688232421875,424.0600280761719,413.86920166015625
sample_7b0211f00a1b704b,354.9447326660156,350.9209289550781,348.308349609375,346.2334899902344,345.5049133300781,346.06475830078125,347.8858947753906,348.37744140625,349.7509460449219,352.3411865234375,353.6061096191406,354.92279052734375
sample_bb67cbe03a1ceb04,419.42144775390625,425.7892761230469,431.5833740234375,429.1158447265625,429.5762634277344,429.5040588378906,433.0958251953125,433.5113830566406,439.6722412109375,448.4183349609375,460.46661376953125,467.9033508300781
sample_53f3ce847818e52c,550.3939819335938,539.8125610351562,524.5628662109375,513.7652587890625,502.5671081542969,493.031005859375,487.1859436035156,474.0180358886719,462.7361755371094,450.973876953125,443.1830749511719,438.9324035644531
sample_9d99323fc111533f,609.7717895507812,588.3152465820312,562.4471435546875,540.5081176757812,519.6824951171875,500.428955078125,485.60693359375,472.9840087890625,462.44610595703125,452.06884765625,442.1424560546875,434.20513916015625
sample_59db1f99febfc1ca,349.2174987792969,365.5004577636719,396.3524475097656,433.47039794921875,479.6510009765625,525.3194580078125,569.13525390625,619.5880126953125,650.4984741210938,652.1218872070312,641.9144897460938,641.436279296875
sample_5e3cb7d240869594,387.6619873046875,391.60186767578125,395.103515625,397.3057556152344,399.7483215332031,402.52410888671875,407.027587890625,406.31988525390625,411.31646728515625,416.97637939453125,417.3690185546875,409.89312744140625
sample_9583823dcb12bd58,294.5750732421875,296.7899475097656,300.8526916503906,304.3957214355469,309.9198913574219,316.0742492675781,322.26336669921875,327.740234375,334.36737060546875,339.8167419433594,344.2956848144531,348.625732421875
sample_48efa204efb8b0a9,411.38726806640625,416.8277893066406,418.686767578125,418.78460693359375,416.8190002441406,412.8673400878906,408.6784362792969,405.84429931640625,402.4772033691406,399.8701477050781,397.16827392578125,395.4667053222656
sample_f2cbf7a5454b16da,542.3767700195312,528.989990234375,512.3951416015625,498.5564270019531,486.6025390625,477.6219482421875,466.71697998046875,456.6824035644531,447.8100280761719,437.4593200683594,427.2201843261719,419.49798583984375
sample_dd3b3f6f589d4016,329.0461730957031,329.9833068847656,333.85565185546875,337.7255554199219,345.7102966308594,354.1490173339844,364.1728210449219,371.5978698730469,378.1275939941406,385.0054931640625,391.5611572265625,386.5140686035156
sample_a0d70a6af2561d53,450.0511779785156,462.6290588378906,479.6827087402344,497.2882995605469,512.3131103515625,525.2562866210938,534.8323364257812,556.2149047851562,584.8751831054688,600.8579711914062,616.1370849609375,636.509033203125
sample_bf1cadde1567205e,361.1787109375,371.6799621582031,380.9044189453125,385.65692138671875,391.9587707519531,395.86376953125,399.6194763183594,400.7538146972656,403.4637756347656,402.36773681640625,403.0439147949219,402.40496826171875
sample_ab57192cf4103140,397.956298828125,394.51995849609375,392.6697692871094,390.2421569824219,389.6240234375,390.63800048828125,392.759033203125,393.9723815917969,397.26702880859375,401.55023193359375,403.0248107910156,407.06549072265625
sample_a4e89a8d866bed0c,384.8277587890625,383.7195129394531,382.614990234375,381.0740966796875,380.2908020019531,379.4537658691406,380.1789245605469,379.0994873046875,379.5987854003906,380.21942138671875,380.4480895996094,380.78399658203125
sample_ee3c3ae393d56c45,327.3515930175781,328.1803283691406,331.30694580078125,334.15911865234375,339.4345703125,344.95635986328125,350.1893005371094,353.3435974121094,361.90863037109375,365.6141357421875,369.3535461425781,370.0512390136719
sample_79c9d5616335ec4e,614.3652954101562,588.326904296875,560.7783203125,539.17431640625,519.15478515625,502.2010803222656,493.73370361328125,485.0416564941406,479.4417724609375,474.0357666015625,465.548828125,458.6434326171875
sample_b0c8589eab77d63f,428.61199951171875,430.1229553222656,433.4079284667969,435.0973205566406,439.5470886230469,443.62322998046875,446.7861633300781,447.49444580078125,454.07574462890625,455.2937316894531,458.0642395019531,460.8905334472656
sample_f417b352aafddf78,509.8697814941406,501.6277770996094,486.2580261230469,473.00555419921875,458.82965087890625,444.60791015625,433.54559326171875,424.18072509765625,416.24163818359375,408.63763427734375,401.5540771484375,396.5979919433594
sample_f89dc6e808393bd1,358.1318054199219,357.7716064453125,359.73065185546875,360.1777648925781,363.1934814453125,368.4898376464844,378.75689697265625,384.31988525390625,391.2622375488281,390.2191162109375,389.71087646484375,395.05511474609375
sample_000025152c108f31,429.488525390625,421.5034484863281,409.20208740234375,402.2127990722656,392.593505859375,384.78656005859375,379.451171875,377.23162841796875,373.423583984375,373.5277099609375,369.0470275878906,368.568115234375
sample_e2858275506e8103,304.1850280761719,309.703125,320.97259521484375,331.02789306640625,342.6338806152344,356.4460754394531,365.9991760253906,375.5267333984375,386.4418029785156,389.4640808105469,390.03729248046875,390.46356201171875
sample_1ffe72031ae9d429,411.969970703125,411.0260009765625,410.1601867675781,408.6568603515625,410.6405944824219,417.8292236328125,424.6465148925781,421.81390380859375,429.1371154785156,450.02838134765625,453.9524841308594,438.4237976074219
sample_aab971006a828b90,380.4578857421875,385.42388916015625,393.374755859375,405.1843566894531,424.65972900390625,450.1462707519531,472.09881591796875,489.6386413574219,501.00982666015625,510.91729736328125,518.3915405273438,514.0999145507812
sample_75147678152a2e0c,463.9175109863281,457.7802734375,449.2310485839844,440.2720642089844,431.30108642578125,421.8631286621094,413.7538757324219,405.71636962890625,399.03533935546875,392.9334716796875,387.76080322265625,383.46746826171875
sample_7da5721f1b53f741,375.73974609375,372.1734924316406,367.33599853515625,364.8861083984375,360.47906494140625,357.92132568359375,359.696044921875,362.26727294921875,366.888427734375,371.3013610839844,366.2842102050781,366.3797302246094
sample_67dd6de232bce4c8,577.4752807617188,568.7994995117188,556.0081176757812,542.40234375,532.8555297851562,521.6273193359375,505.044921875,492.32647705078125,474.61480712890625,463.1318359375,454.1724853515625,447.720703125
sample_0d209dc8bf9bbe86,314.2353820800781,320.41412353515625,330.1531677246094,333.8779296875,340.79449462890625,348.0638122558594,353.59844970703125,350.8554992675781,353.5083312988281,354.686767578125,359.94232177734375,362.6819152832031
sample_ca5fe93a5f3b0b20,341.1601867675781,352.4093017578125,364.01556396484375,371.897216796875,387.4859313964844,398.33355712890625,403.90863037109375,409.47589111328125,412.05792236328125,416.17303466796875,420.2890625,420.8541564941406
sample_38bf13ebd374f3ff,471.9576416015625,466.3538513183594,457.30035400390625,449.2720642089844,441.1824951171875,431.89654541015625,421.14715576171875,409.2112731933594,399.3542785644531,392.57489013671875,388.51611328125,387.3041687011719
sample_75bf90ad141fe1d3,376.2068176269531,375.3559265136719,374.64141845703125,373.6161193847656,372.98284912109375,373.0137634277344,378.483154296875,380.45330810546875,386.3912048339844,393.103271484375,397.9003601074219,406.503173828125
sample_c6f59951af22adf9,452.0841979980469,450.61676025390625,451.8927917480469,455.1572265625,459.4831848144531,465.0816345214844,469.22955322265625,468.8978271484375,470.20166015625,468.6774597167969,468.220947265625,469.7640686035156
sample_19e021a01fc40618,308.86297607421875,312.27911376953125,317.887939453125,324.24005126953125,334.0874328613281,344.1829833984375,355.280517578125,362.73687744140625,371.2402648925781,377.123046875,384.9127197265625,388.19183349609375
sample_597b0a0691bb8926,713.3311157226562,682.9114990234375,647.2210083007812,613.2518310546875,580.298095703125,549.3721923828125,524.2872924804688,504.1737365722656,489.9371032714844,478.2663879394531,468.87567138671875,462.3726806640625
sample_ab8d89e538a659a4,307.66717529296875,309.4967956542969,313.70684814453125,318.09832763671875,326.4173583984375,335.0681457519531,344.3681640625,351.1097412109375,362.3596496582031,368.44036865234375,373.2731628417969,380.03045654296875
sample_45eb54403c19139e,682.2068481445312,668.177734375,647.5888061523438,623.2886962890625,606.1863403320312,586.9990234375,568.5306396484375,553.0247192382812,543.2095336914062,533.0182495117188,522.4163208007812,514.1947631835938
sample_714adfc14cf89d90,342.18878173828125,349.2796630859375,364.40411376953125,381.3778381347656,397.049560546875,411.25445556640625,438.3291015625,458.6996765136719,467.49346923828125,496.2253112792969,521.2554931640625,527.8421630859375
sample_7ae3da267cb14fc0,356.2266540527344,356.2205505371094,359.4578552246094,364.6011657714844,363.931884765625,368.5621643066406,378.2547912597656,386.90631103515625,389.6407775878906,393.15667724609375,387.79791259765625,391.1132507324219
sample_947f2264c1f0cd42,348.1587829589844,346.7174377441406,345.3960876464844,346.5289306640625,346.3841552734375,349.463134765625,352.4503479003906,358.06646728515625,365.8627014160156,372.87353515625,376.2817687988281,376.28436279296875
sample_4168ba8f8e3b139c,380.4383239746094,378.9333190917969,377.5697021484375,377.4006042480469,376.609619140625,376.3011779785156,376.8651123046875,376.8613586425781,376.5529479980469,377.21051025390625,376.87579345703125,377.9672546386719
sample_2baff926a3490085,305.4428405761719,307.8293151855469,312.3598327636719,315.6438903808594,320.9700622558594,327.8103942871094,335.8115539550781,343.71990966796875,362.70233154296875,380.20611572265625,395.76165771484375,403.624267578125
sample_2ae2f1140b6ee516,373.68658447265625,375.7952880859375,378.1441345214844,378.86175537109375,378.61029052734375,377.40521240234375,376.668701171875,374.9094543457031,373.70703125,373.48046875,371.76336669921875,371.3905944824219
sample_e04dfd6ba15d693d,369.55804443359375,377.80853271484375,397.2655944824219,427.711669921875,452.7414855957031,469.7357482910156,470.38214111328125,486.3267822265625,488.5130920410156,484.00775146484375,480.2325134277344,482.66876220703125
sample_74ab52e5a79994e0,375.8353576660156,372.7672119140625,370.1420593261719,367.2669677734375,365.217529296875,364.67205810546875,365.3907470703125,364.5655822753906,364.6910400390625,365.4660949707031,366.26763916015625,366.93426513671875
sample_2d9ac60bf6dd11ed,299.3973388671875,301.1929626464844,304.7205810546875,307.6763610839844,312.67889404296875,318.4183349609375,324.20611572265625,329.4419250488281,335.7253112792969,340.8653564453125,344.44586181640625,348.82330322265625
sample_e3196926a8db2f67,386.2471008300781,385.9140930175781,386.53338623046875,385.5803527832031,388.8713684082031,394.6630859375,403.51416015625,414.6893615722656,430.4606018066406,440.9015197753906,445.56732177734375,451.5359802246094
sample_c4e67044a0c28aa6,405.23931884765625,401.6392822265625,398.34332275390625,398.8046569824219,393.5517883300781,392.03924560546875,394.2010498046875,394.2062683105469,391.33367919921875,399.2623596191406,397.5376281738281,399.24462890625
sample_a4d39cd513b6cc30,356.85302734375,359.4961853027344,364.43621826171875,367.9249267578125,377.34893798828125,401.73974609375,420.6156005859375,454.1165771484375,473.4241943359375,509.25836181640625,539.8544311523438,570.8272094726562
sample_f841d2e0736b9135,282.0484313964844,289.43096923828125,298.9590759277344,306.4577331542969,317.1838073730469,327.68438720703125,337.7857360839844,345.9707946777344,354.90606689453125,361.9684753417969,367.9471740722656,372.29248046875
sample_d1c1579245f696bf,390.3684997558594,392.4775390625,394.7900390625,395.20892333984375,398.534423828125,404.635986328125,407.2994079589844,410.6622314453125,412.4418029785156,416.2555847167969,417.66009521484375,420.0577392578125
sample_07e6839a5ad59f3e,350.7350158691406,374.0273742675781,398.3553161621094,424.1171569824219,439.47247314453125,463.5689392089844,483.080810546875,503.913330078125,522.733642578125,532.7130126953125,536.4498291015625,542.9317626953125
sample_5e54ae7ba7f95389,355.4108581542969,356.75897216796875,365.394287109375,372.4624328613281,376.3638916015625,379.2037353515625,383.1795959472656,387.591064453125,390.7611389160156,402.6070861816406,418.9683837890625,438.2486267089844
sample_9360cc5d50b95593,620.7579956054688,604.6303100585938,584.0878295898438,566.7597045898438,550.5614013671875,535.050048828125,523.1528930664062,511.26202392578125,502.67578125,493.13580322265625,484.73785400390625,479.18109130859375
sample_706e914595f01aab,454.2396240234375,457.597412109375,455.04058837890625,449.3614501953125,444.7103576660156,436.9084777832031,431.1759948730469,423.3452453613281,417.51544189453125,412.1527404785156,408.6724548339844,404.2432861328125
sample_2daf4b890294b103,578.9197387695312,570.1495971679688,557.4796142578125,544.8394165039062,533.141845703125,521.1453247070312,511.9556884765625,502.3163146972656,495.13531494140625,486.769287109375,481.00286865234375,475.2073974609375
sample_d1ae583b6dad3730,390.9918518066406,431.9063720703125,475.2497863769531,502.02667236328125,520.8056640625,539.9808349609375,543.6810913085938,547.0252075195312,545.6578369140625,540.7169799804688,546.416259765625,551.3927612304688
sample_3c3e5cd7f59afc9f,604.0646362304688,591.3290405273438,574.1449584960938,555.042724609375,539.96337890625,524.5418090820312,510.61474609375,497.329833984375,486.26361083984375,477.0628967285156,467.37213134765625,459.7349853515625
sample_5952b46b83dfd1e6,598.5679321289062,596.3092041015625,595.0352783203125,591.7227783203125,584.02392578125,575.5827026367188,567.658203125,551.3740234375,540.757568359375,528.2244873046875,520.856201171875,515.2989501953125
sample_54289f47c8d2d4c9,346.7124938964844,348.9529724121094,353.9149475097656,359.1807861328125,365.454345703125,372.33502197265625,380.856201171875,388.41143798828125,394.73065185546875,396.89642333984375,397.43658447265625,398.87884521484375
sample_4e85d72f03622a24,345.7197570800781,345.5943908691406,347.32708740234375,348.9217224121094,350.6402587890625,351.84197998046875,355.1248474121094,356.9435729980469,361.2640075683594,364.2852478027344,364.3873291015625,365.8857421875
sample_782444d504f562c1,373.9814147949219,382.7040100097656,399.40423583984375,418.1883239746094,441.4013366699219,464.0628662109375,480.98760986328125,498.01495361328125,506.7819519042969,508.8045654296875,508.48162841796875,511.7635498046875
sample_138f49ff45fb48fb,394.1496887207031,389.4497985839844,386.1622314453125,388.6058654785156,391.3090515136719,399.50189208984375,412.10955810546875,419.4740905761719,414.0728454589844,405.868896484375,400.6787414550781,401.7183532714844
sample_8acfaa1e2700f158,420.56365966796875,424.4866638183594,423.4016418457031,418.7912902832031,415.04388427734375,409.02685546875,404.6000671386719,398.2062683105469,393.4503173828125,389.8354187011719,387.0353088378906,383.3755798339844
sample_acc8dff9de87af8f,469.30511474609375,468.2945861816406,467.6586608886719,465.69012451171875,464.51446533203125,464.07623291015625,464.66290283203125,465.34442138671875,466.92059326171875,467.61761474609375,468.30126953125,469.0409851074219
sample_9662444e189fe50e,352.5840148925781,351.81085205078125,352.3514404296875,351.49212646484375,351.8103332519531,352.0794982910156,353.8418884277344,354.1505126953125,354.8206787109375,355.5340881347656,356.5549621582031,357.132080078125
sample_f6e2740d1cab318c,369.17010498046875,367.5015869140625,365.74322509765625,367.0370788574219,367.3724060058594,366.1434326171875,367.19012451171875,369.4251403808594,370.01666259765625,368.0854797363281,365.0776062011719,365.9123840332031
sample_81e2097242c2ef34,296.9200134277344,301.4132385253906,307.54119873046875,315.41461181640625,325.225830078125,335.2261047363281,341.5483093261719,352.1063537597656,364.125244140625,373.9893798828125,399.25726318359375,400.23046875
sample_937b6d0c1082f3a6,521.5798950195312,511.7915954589844,502.3684997558594,491.49267578125,481.5174560546875,471.5191345214844,463.650390625,455.1468505859375,448.4671325683594,442.6876220703125,438.5585021972656,436.30804443359375
sample_bcc77053144b40ba,308.0921630859375,310.4429016113281,314.4083251953125,316.7674865722656,321.9072265625,328.9295654296875,330.9564514160156,341.85546875,349.4378356933594,341.5864562988281,341.1296081542969,343.720703125
sample_d4d0e052ba442f5b,462.0053405761719,445.51129150390625,428.115234375,414.0242004394531,399.0616760253906,386.76251220703125,375.68719482421875,365.2857666015625,357.0596618652344,349.18243408203125,342.5152282714844,337.7291564941406
sample_e85f727841c15305,358.0994873046875,359.1664123535156,362.9146728515625,365.3038024902344,368.70458984375,371.7296142578125,377.4960632324219,379.5740966796875,383.3794250488281,384.5260009765625,382.4631042480469,381.98028564453125
sample_4bfe473e5c35c178,425.1555480957031,423.3710021972656,420.7812805175781,419.5736083984375,417.6526794433594,415.90667724609375,414.72967529296875,414.04864501953125,412.4041748046875,411.38641357421875,409.6064453125,408.0082092285156
sample_61c5b421e8012137,313.91790771484375,317.6415710449219,324.158935546875,329.7856140136719,337.6809387207031,346.22735595703125,355.7281188964844,360.19110107421875,366.9106140136719,372.19256591796875,376.9259948730469,381.1996154785156
sample_4b63eba56a42e54f,429.51068115234375,432.8580322265625,436.31121826171875,434.2874450683594,432.65386962890625,428.0622253417969,424.8163757324219,421.05712890625,421.58819580078125,422.4095764160156,424.3784484863281,429.0468444824219
sample_c2ce51e8eb3cca41,482.2123718261719,478.95257568359375,473.2599792480469,465.5716247558594,459.0345458984375,451.06243896484375,443.01361083984375,434.7638244628906,428.5037536621094,422.0233154296875,417.14862060546875,412.68048095703125
sample_dc81661bd17d9c58,410.04498291015625,454.5185852050781,489.6968994140625,501.44921875,513.60546875,530.3431396484375,543.036865234375,562.096435546875,580.867919921875,580.469970703125,589.1300048828125,584.8115844726562
sample_9649bb381cdcfe46,367.00152587890625,362.7950744628906,359.5653381347656,356.54742431640625,354.2076416015625,352.92071533203125,353.0391845703125,352.9469299316406,352.9991149902344,354.5415344238281,354.79193115234375,356.3248596191406
sample_fc91886fbe9df999,477.33233642578125,483.7872314453125,490.916748046875,503.06097412109375,521.1224975585938,536.8375244140625,542.3284301757812,536.2318115234375,538.3855590820312,542.5390014648438,531.3756103515625,520.15771484375
sample_3c747f0143d9975f,385.0731506347656,385.2152099609375,387.9767761230469,392.9192199707031,402.27569580078125,414.42254638671875,427.3277282714844,432.2080383300781,430.98883056640625,429.17559814453125,433.9339294433594,437.6851501464844
sample_52b3c6fc3ac4933f,596.258544921875,583.2224731445312,563.7835693359375,545.125,527.6876220703125,509.59716796875,492.0817565917969,476.89593505859375,464.79296875,455.33697509765625,445.900390625,438.96551513671875
sample_fa57f5866b05131e,380.99072265625,379.2990417480469,378.2294006347656,377.8095703125,376.65789794921875,375.6683654785156,376.1077575683594,376.289306640625,375.5697937011719,376.76446533203125,376.9361572265625,378.01300048828125
sample_0b96704dfb004e11,405.28717041015625,396.8555603027344,389.4243469238281,382.37811279296875,376.1566162109375,371.731201171875,368.9576416015625,366.01129150390625,362.55364990234375,361.48248291015625,359.2316589355469,358.1730041503906
sample_3e8a3147e93ec023,490.5207214355469,477.0841979980469,460.3110046386719,445.2822570800781,429.9507141113281,415.87249755859375,404.2926330566406,393.5501708984375,385.24615478515625,378.4613037109375,373.02935791015625,369.3895568847656
sample_51312cc2f76135f3,326.5869445800781,327.40869140625,329.471923828125,330.576171875,332.9384765625,335.81536865234375,339.4638671875,342.1605529785156,344.5296936035156,347.53558349609375,350.001953125,352.200439453125
sample_607f8e6a39c0bea9,368.33319091796875,373.6243896484375,388.16717529296875,412.17138671875,444.7901306152344,490.81768798828125,555.8958740234375,613.9879760742188,660.936767578125,688.4406127929688,700.522216796875,706.3012084960938
sample_6b495024367f4a9f,317.55560302734375,317.9051208496094,319.68695068359375,320.81756591796875,323.3397521972656,325.96551513671875,329.0091247558594,331.30120849609375,333.51129150390625,335.80517578125,338.0816955566406,340.32794189453125
sample_d3b984965bd28c61,384.02203369140625,383.5071716308594,382.2472839355469,379.1156311035156,377.66119384765625,375.98870849609375,375.148193359375,372.6528625488281,371.26043701171875,370.4279479980469,369.89044189453125,369.4213562011719
sample_5bbfe84a81e028d0,576.7071533203125,558.21484375,537.6149291992188,519.2129516601562,501.15997314453125,484.54254150390625,470.63800048828125,458.11285400390625,447.30712890625,437.6820068359375,429.1883850097656,422.30255126953125
sample_750ef37312834034,344.8798828125,360.5606384277344,395.4353942871094,426.08013916015625,466.34832763671875,509.29644775390625,544.7134399414062,569.0049438476562,575.6661376953125,584.4524536132812,570.1971435546875,572.371337890625
sample_3dc483367ea1c64b,382.14093017578125,410.83203125,453.7450256347656,517.2911987304688,578.1129760742188,634.34814453125,668.831298828125,687.5032958984375,698.6566162109375,682.57763671875,660.7837524414062,620.6907958984375
sample_812f84253ad71c53,368.587646484375,378.3477478027344,390.4734191894531,401.33514404296875,416.210693359375,442.38818359375,473.7198181152344,498.8929443359375,513.352294921875,535.703369140625,573.6901245117188,573.2745971679688
sample_c73ca9a6e3d06667,394.2530517578125,395.6125793457031,395.8892517089844,398.020263671875,397.64727783203125,398.8988342285156,401.63946533203125,403.824951171875,405.3329162597656,410.1024169921875,408.3966064453125,407.299072265625
sample_3bd4e2a9dc3eb878,337.9422912597656,346.426513671875,355.91778564453125,360.5404052734375,364.5076599121094,368.5598449707031,372.99591064453125,375.8148193359375,378.4974365234375,379.49603271484375,377.3288269042969,376.9911804199219
sample_26b47216cec630fa,334.77423095703125,343.0640563964844,352.52886962890625,358.7968444824219,367.2086181640625,373.3105773925781,379.1453552246094,382.5910949707031,387.7456970214844,390.3519287109375,393.6742248535156,393.9781799316406
sample_6e912f11b2a44500,449.1883239746094,438.9239807128906,428.5624694824219,415.54107666015625,404.2037048339844,386.18304443359375,372.4504699707031,362.8891906738281,353.1224365234375,352.82666015625,348.99755859375,348.1531982421875
sample_101492ae6c44a5e1,382.3621520996094,380.720703125,384.4356689453125,401.0989074707031,415.4189147949219,423.9349365234375,440.234619140625,457.78094482421875,462.31610107421875,470.90093994140625,473.5885314941406,477.3525390625
sample_ae2f2274e605f8ed,354.9647521972656,362.4632873535156,367.4578552246094,370.6368103027344,369.7450256347656,374.37152099609375,373.1739196777344,382.943603515625,395.387939453125,424.5268249511719,440.1812744140625,437.5784912109375
sample_964febf537e4313f,319.5724182128906,321.4227600097656,325.4184875488281,327.8580017089844,331.3534851074219,336.16302490234375,343.2423400878906,347.119873046875,352.6591796875,355.2103576660156,355.8270568847656,357.02606201171875
sample_3d016e039103dfeb,434.385009765625,431.6754150390625,427.9754943847656,424.1098937988281,420.1734313964844,415.8848571777344,413.442138671875,410.04522705078125,408.3451843261719,405.1007385253906,404.0434875488281,399.4918212890625
sample_e51396f123497d38,466.50634765625,504.0040588378906,541.5831298828125,583.7653198242188,629.5630493164062,658.23095703125,671.9864501953125,691.045654296875,687.9912109375,678.0501098632812,657.03466796875,656.5895385742188
sample_ed446ed6f40626e3,302.1398010253906,306.5411682128906,312.6800842285156,317.05859375,323.0058288574219,330.8218994140625,337.7559509277344,341.1842956542969,345.97576904296875,350.1337890625,352.4988708496094,357.317138671875
sample_70f393e247e51e43,519.9766235351562,499.556640625,478.55804443359375,461.21942138671875,445.4088134765625,430.8301086425781,417.53192138671875,405.98065185546875,395.8125915527344,386.49835205078125,377.92510986328125,371.52593994140625
sample_38b64893076ec63f,471.1630554199219,483.1338806152344,490.1268005371094,490.3008728027344,491.20098876953125,489.80914306640625,488.1825256347656,473.86053466796875,463.48724365234375,449.54351806640625,445.58477783203125,440.0617980957031
sample_0871302d13f949d1,442.7118225097656,444.93145751953125,444.2310791015625,441.62164306640625,436.5080871582031,430.8643798828125,425.7715759277344,421.9689636230469,417.4503173828125,414.56329345703125,411.8166809082031,409.31878662109375
sample_a9fbc42fc3152299,564.266357421875,563.2999267578125,563.4330444335938,564.0027465820312,566.8387451171875,568.5579223632812,568.0870971679688,567.0967407226562,563.25048828125,557.1405639648438,553.9417724609375,551.351318359375
sample_37ab36e40a247f8f,448.7743835449219,462.14215087890625,476.12823486328125,482.0810546875,488.9111633300781,489.5700988769531,493.91119384765625,488.4046630859375,481.44970703125,465.8447265625,455.90765380859375,448.56781005859375
sample_7a7f97e2833a6f37,390.6667785644531,386.9902038574219,385.8641052246094,386.275634765625,387.6559753417969,390.2856750488281,393.9279479980469,395.6545715332031,397.748779296875,400.60321044921875,401.2557678222656,404.8096008300781
sample_ef502177bff28290,611.9193725585938,606.1181640625,595.994873046875,584.49462890625,571.006103515625,557.4954223632812,549.6406860351562,545.31298828125,547.7316284179688,550.7998046875,559.0099487304688,564.195556640625
sample_3ace0b725d3e47f1,376.21795654296875,377.91845703125,380.45306396484375,381.5269775390625,384.0154113769531,385.93145751953125,388.22955322265625,389.1317138671875,391.1349182128906,390.803466796875,391.7945861816406,392.664306640625
sample_d4143f40636330df,515.1026000976562,503.85968017578125,487.6178894042969,472.1023864746094,457.5650634765625,443.7854919433594,431.9149169921875,421.37054443359375,412.3241882324219,404.2999572753906,397.46575927734375,391.8304443359375
sample_92856c976573fb13,551.1133422851562,530.2664184570312,506.724853515625,486.50006103515625,465.2075500488281,445.7596435546875,430.42840576171875,416.7501220703125,405.45050048828125,394.9891357421875,386.49578857421875,379.4272155761719
sample_7299ae23e67c4d8a,388.0377197265625,391.6009826660156,396.9783630371094,402.0085754394531,404.6799011230469,412.3447265625,413.553466796875,413.7808837890625,421.9747619628906,435.5740051269531,437.6667175292969,432.6025390625
sample_3560a7e9b382f557,471.9085388183594,459.8964538574219,446.5616760253906,436.4660949707031,426.85345458984375,409.6456604003906,399.5746765136719,383.66204833984375,371.4348449707031,364.03662109375,356.1848449707031,356.71875
sample_90f6e20ee5c8e6dd,339.18963623046875,345.3513488769531,349.56884765625,352.5291442871094,353.5982971191406,356.97882080078125,363.90631103515625,368.9571838378906,373.6732482910156,380.75091552734375,392.5196228027344,405.4772033691406
sample_e6bf507d7d197f5e,665.3804931640625,654.8084716796875,640.0626831054688,624.15234375,612.0283203125,598.5392456054688,587.627685546875,578.8688354492188,573.8489990234375,568.2338256835938,565.7333984375,563.1499633789062
sample_203884c3efecd9a0,561.7183837890625,549.6873779296875,535.1450805664062,520.2999877929688,506.52703857421875,488.3448181152344,480.7014465332031,469.47900390625,457.439208984375,456.5079345703125,454.5311279296875,453.4908447265625
sample_24638e409efc3293,381.1418762207031,376.3399353027344,369.95361328125,367.14984130859375,361.6407165527344,356.9766845703125,351.7933654785156,347.96722412109375,343.5524597167969,343.32452392578125,342.3230895996094,344.49505615234375
sample_35837ad202661420,628.6279907226562,623.0873413085938,615.53662109375,605.5115966796875,595.2944946289062,580.4224243164062,564.0436401367188,546.6112060546875,529.71240234375,512.03662109375,500.30499267578125,493.50384521484375
sample_f4d69c96872747cb,375.11541748046875,374.4857177734375,375.7134704589844,376.5080261230469,377.67840576171875,379.4405517578125,381.19171142578125,382.0643310546875,383.2658386230469,384.3287658691406,384.72137451171875,386.19757080078125
sample_156c643fb88c9b43,279.634765625,286.71673583984375,295.77838134765625,302.6557312011719,312.8959045410156,322.6667785644531,332.4383544921875,340.26910400390625,348.914794921875,356.0690612792969,361.58233642578125,365.85089111328125
sample_df3432caa1eab341,399.3865661621094,415.50872802734375,434.1847229003906,446.6705322265625,465.940673828125,491.3734130859375,517.571044921875,546.9437866210938,569.974609375,604.328125,629.7166137695312,665.4505615234375
sample_cc3f7fb140b6bbeb,382.8599853515625,391.74456787109375,405.5009460449219,418.665771484375,432.5730895996094,443.8867492675781,450.32843017578125,454.245361328125,461.5025939941406,469.30810546875,472.9471740722656,476.3486328125
sample_dfc2aa25883e71a5,399.2915344238281,398.12994384765625,396.50732421875,395.26007080078125,395.4441223144531,396.2801818847656,398.014404296875,398.42364501953125,400.316162109375,401.77593994140625,403.59368896484375,405.8739929199219
sample_6e38c9dc378ebe6f,275.98193359375,282.4161682128906,291.43096923828125,300.1020812988281,314.3216552734375,329.0503234863281,342.3814697265625,349.4656982421875,356.39190673828125,361.3877868652344,371.7846374511719,378.3408508300781
sample_bebcf9195357a092,473.51239013671875,461.3826904296875,448.33929443359375,437.1515808105469,423.2523193359375,410.330810546875,399.4504699707031,389.9841003417969,381.8187255859375,374.2115173339844,367.3756408691406,362.4947509765625
sample_e1d38151ca312685,348.99462890625,349.24505615234375,352.7653503417969,353.696044921875,359.0187072753906,374.988525390625,379.49072265625,398.09619140625,402.3661804199219,422.61865234375,441.92333984375,458.28533935546875
sample_8136baa8e6250d9f,371.3788146972656,371.06005859375,372.1024169921875,372.8267822265625,373.9104919433594,375.6846923828125,377.6463928222656,379.0846862792969,381.3456726074219,382.2264709472656,383.8131408691406,385.4662780761719
sample_eeabe228f72bad00,388.57110595703125,387.82952880859375,387.505859375,387.6429748535156,387.5852966308594,388.0174865722656,388.4370422363281,388.7687683105469,389.6513671875,389.5583801269531,390.26434326171875,390.9932861328125
sample_d368bcc490c8c4ee,399.94744873046875,394.8294372558594,390.2729797363281,387.7034912109375,383.70965576171875,381.6350402832031,380.8269958496094,380.7130126953125,381.16619873046875,381.5339050292969,381.10577392578125,383.45562744140625
sample_300813aa3b6b78ab,395.4456481933594,391.0541687011719,388.10693359375,384.919189453125,383.0013732910156,381.414306640625,381.6263427734375,380.4994812011719,380.2030334472656,380.9159240722656,381.05718994140625,381.5911865234375
sample_8da8345618d972cf,279.9128112792969,282.7147216796875,288.0821533203125,292.5781555175781,299.14874267578125,306.3653869628906,315.0515441894531,321.6385498046875,329.7197570800781,335.91705322265625,342.4710388183594,347.5888977050781
sample_ce6b0bfd9e6fc43e,400.1284484863281,395.2132263183594,392.3149108886719,391.04296875,389.63568115234375,389.5614318847656,391.20379638671875,391.1893005371094,392.09234619140625,393.66107177734375,393.0013122558594,394.0181884765625
sample_5466b07e5887a620,337.499755859375,337.3484802246094,339.6510925292969,341.0987243652344,343.31207275390625,347.2627868652344,351.6228332519531,355.74530029296875,360.4879150390625,365.2920227050781,368.9595642089844,373.1681213378906
sample_641e9309eaec5a91,297.1055908203125,301.2725830078125,308.19390869140625,314.1662292480469,323.63787841796875,332.175048828125,341.3879089355469,346.03515625,354.2988586425781,354.81646728515625,361.027587890625,362.03369140625
sample_b872110e5811f2cd,371.55908203125,372.83111572265625,376.7343444824219,384.5614318847656,402.3692626953125,424.80841064453125,440.49853515625,456.4962158203125,476.15313720703125,493.75115966796875,507.4639892578125,514.2077026367188
sample_2bd618f60ed6e4a8,353.9225158691406,354.7137756347656,356.8398742675781,357.7598876953125,360.08990478515625,362.0998840332031,364.22808837890625,366.06732177734375,367.26617431640625,369.24456787109375,370.13446044921875,371.5810241699219
sample_3565700a832ca7d7,483.5606384277344,479.66387939453125,478.09344482421875,478.8213806152344,485.587646484375,497.2779846191406,512.3316040039062,525.3029174804688,530.0159301757812,522.6245727539062,512.9854125976562,500.76470947265625
sample_fdd5ee11112cb779,455.41845703125,450.8003845214844,444.5788269042969,438.3643798828125,430.28997802734375,422.081298828125,414.9744567871094,408.62823486328125,403.85516357421875,399.9990234375,396.2740478515625,393.17755126953125
sample_d5c1126fd15ac3cf,454.563232421875,444.9473571777344,429.7286376953125,419.9459228515625,401.1398010253906,386.01593017578125,374.14776611328125,363.23834228515625,361.2156982421875,357.9306640625,353.8897705078125,355.0408630371094
sample_0b45e8704730cfa5,338.9195861816406,339.08984375,341.28253173828125,344.55157470703125,352.6099548339844,359.91436767578125,370.9189453125,374.38092041015625,382.91180419921875,391.09393310546875,395.5496520996094,396.9298095703125
sample_4133988025523aef,325.90850830078125,328.01708984375,335.4919128417969,342.85980224609375,347.70526123046875,352.6006774902344,352.902099609375,357.2249755859375,364.4465637207031,371.036865234375,374.7060241699219,382.01373291015625
sample_e7ef8c57b537df53,363.5161437988281,363.74896240234375,366.2337646484375,367.9849548339844,371.1977233886719,375.31658935546875,382.1794128417969,385.30120849609375,392.2232360839844,395.59521484375,395.4145202636719,396.69683837890625
sample_af347758c4d3e04d,531.5514526367188,528.11572265625,521.5375366210938,515.1417846679688,507.4592590332031,498.9542236328125,491.763916015625,483.7197570800781,475.5102844238281,468.7998046875,463.2148742675781,458.3499450683594
sample_ea0ad49b2f6ebfd9,355.6451721191406,354.9273986816406,356.24554443359375,357.00689697265625,358.6611328125,361.4701232910156,364.7914733886719,367.2257995605469,369.7257995605469,372.7376403808594,375.2256774902344,378.3986511230469
sample_b0da3f99902245f1,408.16534423828125,435.6367492675781,457.24468994140625,464.039794921875,471.6685485839844,478.05853271484375,484.79095458984375,492.7572937011719,496.0119934082031,494.12725830078125,491.97454833984375,488.44732666015625
sample_765721ffc14d9ff5,443.06280517578125,431.6915283203125,416.7286376953125,401.62255859375,389.22747802734375,378.2243957519531,367.4407958984375,367.18072509765625,375.4063415527344,384.2366638183594,383.46044921875,390.453857421875
sample_2a1c7bf14eea1334,407.9150390625,408.4051818847656,417.76239013671875,423.05718994140625,429.14215087890625,441.89971923828125,460.30706787109375,484.1538391113281,506.9211120605469,543.6694946289062,569.2042236328125,589.29541015625
sample_4b5b17c1fa94176a,353.52215576171875,363.0021667480469,374.5709228515625,381.6819152832031,391.8721008300781,401.6114196777344,409.7048645019531,415.92333984375,422.3117370605469,427.3411865234375,431.64239501953125,435.8522033691406
sample_c93bd68a22b80f43,325.89605712890625,326.806396484375,329.66986083984375,330.9316101074219,333.9371032714844,339.17401123046875,347.5421447753906,352.6249694824219,359.13531494140625,365.4338684082031,374.5474548339844,380.57086181640625
sample_bb29535b0cb683f5,390.2877502441406,404.3106384277344,420.2950744628906,429.0157165527344,442.30047607421875,448.4022216796875,455.83489990234375,461.2080993652344,463.78887939453125,467.855712890625,473.0964660644531,473.4590148925781
sample_3f4d46b0a84c8260,467.2593078613281,490.8595275878906,509.131103515625,524.1285400390625,535.46728515625,529.134033203125,527.4053955078125,520.6657104492188,516.821533203125,512.667236328125,511.1892395019531,513.8658447265625
sample_47a4e55ef92e437a,464.929931640625,457.635498046875,448.0777282714844,438.7257080078125,428.88140869140625,418.6212158203125,409.5682373046875,401.5027770996094,394.00286865234375,387.7707214355469,381.97723388671875,377.639892578125
sample_995c7d5b73db58e4,338.79010009765625,339.0839538574219,338.3246765136719,339.58441162109375,342.47381591796875,346.0354309082031,350.1932373046875,352.53851318359375,350.3204345703125,352.5028076171875,353.7199401855469,353.8883361816406
sample_b583d0b24f1525af,464.8545227050781,468.0495910644531,463.3143005371094,456.5183410644531,449.8360595703125,441.3413391113281,435.3724670410156,428.88250732421875,423.3560791015625,418.6797180175781,414.1013488769531,410.05352783203125
sample_0e7c81463fc92d85,344.26312255859375,344.77386474609375,346.6539611816406,347.5468444824219,349.3341369628906,351.3843688964844,354.8877868652344,356.09442138671875,358.9771423339844,359.7246398925781,361.28265380859375,361.6927185058594
sample_5909c1a068cec2b9,515.0912475585938,496.5518493652344,474.614501953125,456.7000427246094,438.0844421386719,421.3182373046875,407.424560546875,395.0755615234375,384.613037109375,374.87445068359375,365.9551696777344,359.1934509277344
sample_a17f9fa44f6cf8f0,372.87982177734375,401.8719177246094,433.0224609375,461.46551513671875,486.5252685546875,514.4107666015625,524.3460083007812,522.76416015625,518.4107666015625,516.2962646484375,518.6282958984375,523.075927734375
sample_3ccb0190af1886d8,440.2705078125,461.65460205078125,481.35400390625,496.0220642089844,510.49371337890625,518.1254272460938,522.1661376953125,520.4114990234375,522.736572265625,515.645751953125,514.509033203125,512.8450927734375
sample_2cfa8c0dcb858fef,427.5460510253906,427.9361877441406,426.6430358886719,424.210693359375,423.0268859863281,425.5487365722656,432.36602783203125,424.89312744140625,418.6240234375,417.5856018066406,415.7256774902344,417.20428466796875
sample_8595fcc01c5ad825,298.78155517578125,306.6421203613281,314.43096923828125,317.2662353515625,320.8750915527344,327.971435546875,335.94708251953125,342.1402587890625,348.2099609375,353.4005126953125,358.1954345703125,361.4223327636719
sample_6a7cbc925da0910e,465.3463439941406,458.9958801269531,452.63360595703125,448.2643737792969,442.6959228515625,437.67279052734375,433.0582275390625,429.2960510253906,425.53839111328125,424.0594787597656,419.97369384765625,419.47509765625
sample_d4d8d17910a53712,355.8053894042969,356.947998046875,360.60906982421875,364.49822998046875,368.6971130371094,373.40863037109375,377.99542236328125,380.5046081542969,385.12127685546875,389.80487060546875,391.4560241699219,397.8298034667969
sample_8cd836f0551153dc,339.3621520996094,338.5682067871094,340.65692138671875,342.3080749511719,346.0401611328125,350.63482666015625,355.7274475097656,358.2469787597656,361.9163513183594,366.48529052734375,368.51080322265625,371.7820739746094
sample_2d94481b0d4ddac3,455.5495910644531,453.435546875,451.3506774902344,447.9862976074219,444.9582824707031,442.3905944824219,441.7798156738281,439.7333679199219,438.3776550292969,436.0693664550781,434.9752502441406,433.74774169921875
sample_c5b746ccd215c9ae,360.1941833496094,359.75335693359375,360.0758056640625,358.62872314453125,356.65936279296875,357.8624572753906,356.3170471191406,357.16558837890625,355.564208984375,354.8961486816406,355.0916442871094,356.5321960449219
sample_da04265dc3a8048f,366.0213317871094,368.37567138671875,371.2485656738281,371.1181945800781,373.15936279296875,372.9342041015625,373.39544677734375,371.5554504394531,371.88201904296875,371.0501403808594,372.0550842285156,372.34332275390625
sample_c0c6acacddb71261,456.5411071777344,448.7850646972656,441.61907958984375,436.31280517578125,429.9072570800781,425.0381774902344,421.6355285644531,418.431640625,417.0438537597656,415.7978210449219,417.0991516113281,419.4156799316406
sample_f971e30e83a4a305,462.8272399902344,449.8262939453125,436.81134033203125,427.77978515625,416.7779235839844,406.36602783203125,397.17169189453125,389.6180114746094,382.69500732421875,377.31353759765625,371.54791259765625,368.1512451171875
sample_21f4d22f1e1652f9,380.76861572265625,396.9571228027344,411.8496398925781,418.0633544921875,429.7109680175781,443.5165100097656,456.5755310058594,465.28607177734375,467.279052734375,476.83819580078125,497.85443115234375,515.320068359375
sample_a07673c5f263e326,649.1668090820312,623.1370849609375,593.7781982421875,569.2066040039062,544.9783935546875,524.7919921875,507.5603332519531,491.2314453125,476.5223388671875,463.2185974121094,454.176025390625,446.5622863769531
sample_49602473e9c489e3,285.6822204589844,289.6649475097656,296.1382141113281,301.8271179199219,309.58111572265625,318.13677978515625,327.8439025878906,335.2724609375,343.6481018066406,350.5234375,357.2484130859375,362.2486267089844
sample_d4c639af61bdf07c,547.2630004882812,529.1316528320312,507.559326171875,489.6097106933594,471.985107421875,455.53460693359375,441.9769592285156,429.82135009765625,419.5023498535156,409.96966552734375,401.4516296386719,394.8564453125
sample_d9a94635c6104976,392.1537170410156,398.98529052734375,403.8474426269531,403.2404479980469,404.4862976074219,402.9429626464844,401.8084716796875,399.43341064453125,397.1517639160156,394.1241760253906,392.3918762207031,390.19195556640625
sample_b01704c4fe5f2b9a,501.5870666503906,483.8077087402344,466.6985168457031,452.03228759765625,437.0865173339844,424.3570556640625,413.705322265625,400.7738952636719,388.3764343261719,378.7198486328125,370.0911865234375,363.5155334472656
sample_c4611ca79700dc77,377.15020751953125,375.18829345703125,375.77447509765625,379.1098327636719,380.6026611328125,385.36676025390625,383.01171875,383.8312683105469,391.1189880371094,399.9351501464844,398.5924987792969,398.09588623046875
sample_a86ba11295571ce7,432.1797180175781,441.28106689453125,444.4734191894531,441.9605712890625,439.9992370605469,435.43658447265625,431.9074401855469,426.8274841308594,422.6805725097656,418.77783203125,415.95660400390625,411.8034973144531
sample_ba007c703a534695,601.2047119140625,576.5291137695312,547.667724609375,521.0501708984375,496.0787353515625,476.520263671875,460.130859375,446.495849609375,435.50054931640625,428.54412841796875,421.17425537109375,413.66162109375
sample_d6f80e26b1ba0efa,460.1237487792969,458.6083068847656,457.7088623046875,454.5119934082031,453.1140441894531,442.8611145019531,440.33203125,434.89947509765625,436.3738708496094,423.71954345703125,417.69720458984375,412.69329833984375
sample_fc9f7ba864db92ca,368.08929443359375,367.5356140136719,366.0315856933594,367.7688293457031,367.2725830078125,368.6183166503906,372.0284423828125,373.7166748046875,374.0369567871094,379.2386169433594,380.59393310546875,388.22015380859375
sample_d9905adccdd82699,410.0202941894531,401.373779296875,393.4796447753906,389.13861083984375,382.4566650390625,377.56585693359375,372.1012268066406,367.83502197265625,366.65777587890625,368.4703369140625,371.32086181640625,379.3575744628906
sample_d759bdbb274e9a26,435.78961181640625,431.8569641113281,429.7042236328125,427.6881408691406,427.0299987792969,426.8580627441406,427.8258972167969,427.7164306640625,428.0007019042969,429.3507995605469,429.0018615722656,430.044677734375
sample_05ad095f9b9e9c7d,365.6024475097656,372.4715576171875,379.97259521484375,384.20855712890625,390.64447021484375,395.2735595703125,399.782470703125,403.180908203125,407.20025634765625,408.92413330078125,412.20556640625,414.0143737792969
sample_69330f21cd9f0661,292.4921569824219,293.0574035644531,294.6600341796875,296.54083251953125,299.9806823730469,302.19012451171875,304.7232360839844,306.4554443359375,308.37408447265625,310.701171875,313.4184875488281,318.5064392089844
sample_8b5bcc04b9b33ddd,341.8138732910156,349.00250244140625,363.33453369140625,387.9576721191406,413.88995361328125,436.67681884765625,456.181640625,455.9471435546875,456.5174560546875,455.7754821777344,460.4710388183594,441.50933837890625
sample_a61d8168deb2a61a,316.37384033203125,322.1328125,331.4444580078125,339.9940490722656,352.3708190917969,366.1804504394531,376.7229919433594,385.39453125,394.25311279296875,395.3931579589844,400.0735168457031,404.2408447265625
sample_aa55d1005a185975,406.1893310546875,398.7785339355469,391.2998352050781,384.77569580078125,378.39483642578125,371.7980651855469,366.91302490234375,361.9706115722656,357.1610412597656,354.1792907714844,351.0885314941406,349.5106506347656
sample_15efe560047d252a,296.4991455078125,299.00848388671875,303.7833557128906,308.2721252441406,314.9110412597656,322.2906494140625,330.95806884765625,337.1199035644531,344.7989501953125,350.7333984375,356.7767028808594,360.6470031738281
sample_5e89b37df53074d9,399.454345703125,394.4755859375,391.02294921875,390.9187927246094,384.80340576171875,378.9147033691406,376.292724609375,374.19097900390625,373.460205078125,371.22564697265625,369.60400390625,370.881103515625
sample_93e946c81b037c52,547.7448120117188,523.5635375976562,498.16766357421875,478.53076171875,459.15582275390625,443.72442626953125,430.4115905761719,417.617919921875,406.5567932128906,395.9736328125,386.83148193359375,379.6518859863281
sample_3a146d6771c3fd9a,351.265625,353.2542724609375,356.991455078125,358.78363037109375,362.0909423828125,365.7265625,369.2547912597656,371.5113830566406,374.8284606933594,377.03375244140625,379.0404052734375,381.5303039550781
sample_766591bb2741c596,385.00067138671875,383.5489501953125,382.6219177246094,381.7519226074219,383.4718322753906,385.494140625,390.70074462890625,398.8478088378906,406.8268737792969,410.55029296875,412.5781555175781,416.4205627441406
sample_d1d282c470b2a41b,320.3625793457031,322.48345947265625,325.38720703125,328.03985595703125,333.3132019042969,339.2736511230469,344.15728759765625,348.4486999511719,354.1309814453125,359.6816711425781,359.9763488769531,361.71746826171875
sample_ab6247d0e456b195,630.5296020507812,604.5360107421875,576.7225341796875,554.6614379882812,534.3793334960938,517.0594482421875,500.040283203125,486.146728515625,473.59381103515625,460.94451904296875,449.1689453125,439.55645751953125
sample_aa864d4a7d6d8f0b,583.8171997070312,578.8160400390625,568.5928344726562,552.9825439453125,534.4429321289062,516.641357421875,504.9026184082031,493.0451354980469,484.896728515625,477.2979736328125,472.0152282714844,467.04278564453125
sample_15f4c4ffee4923fb,366.5617980957031,375.4096374511719,385.9314270019531,399.3681945800781,409.1098327636719,419.0582275390625,426.5528564453125,438.94708251953125,441.6544189453125,444.17303466796875,444.031982421875,449.07623291015625
sample_5fcbd458d7916852,303.6397705078125,304.65576171875,308.9632873535156,314.46142578125,324.667236328125,339.17327880859375,350.48687744140625,358.98431396484375,366.74786376953125,371.5997314453125,372.0576171875,372.1460266113281
sample_7534127ad40ca252,303.16009521484375,303.51983642578125,305.00067138671875,306.480712890625,307.65899658203125,309.1210021972656,312.6213684082031,313.55206298828125,314.1105651855469,314.9747009277344,316.9618835449219,318.3331298828125
sample_1f8086082466b381,421.06854248046875,420.9028015136719,421.3201904296875,420.58099365234375,421.14202880859375,421.8371276855469,422.7254333496094,422.4376220703125,424.0019226074219,423.971923828125,424.4620666503906,425.1613464355469
sample_2789292afa37c60e,392.3505859375,390.6626892089844,393.01434326171875,400.81982421875,415.8702392578125,421.8724060058594,420.8852844238281,423.12664794921875,429.48675537109375,434.1202087402344,433.31512451171875,432.4444274902344
sample_1951f03b97f3a0e8,506.3553161621094,505.5718688964844,502.2992248535156,497.25140380859375,492.13037109375,485.10430908203125,479.7684631347656,470.2384338378906,460.55462646484375,453.5517272949219,447.8482666015625,442.1749267578125
sample_b3d84d20c5d06aa9,338.681884765625,350.3773498535156,374.3504943847656,401.6059875488281,425.69287109375,450.9399108886719,451.895751953125,458.4454345703125,460.89697265625,471.98822021484375,456.44097900390625,450.4447326660156
sample_996623a97048b0c3,438.9440002441406,441.0765686035156,440.1300964355469,434.19183349609375,430.39117431640625,424.8753662109375,420.7143249511719,415.29437255859375,411.04742431640625,406.2722473144531,404.2259216308594,400.9617919921875
sample_9fcd2f9fed300ec4,298.9329528808594,303.94091796875,311.374755859375,316.7037353515625,324.9566955566406,335.5106201171875,344.6640930175781,352.919921875,358.9908142089844,364.18719482421875,368.2245788574219,373.1937561035156
sample_d8db8d8114f379b6,564.7798461914062,572.5905151367188,583.848876953125,595.3359375,621.58837890625,623.5420532226562,617.7048950195312,612.9131469726562,611.5028076171875,597.9068603515625,571.5428466796875,558.716552734375
sample_4958a187ce96057a,388.37261962890625,397.795166015625,412.90509033203125,433.02459716796875,460.81597900390625,492.640869140625,518.2476806640625,553.9912719726562,578.0416870117188,613.3416748046875,633.0628662109375,645.1258544921875
sample_1b5483166af7b5d9,441.0721435546875,435.4584045410156,428.50885009765625,422.727294921875,414.91436767578125,407.0636901855469,399.9841613769531,394.01806640625,388.2131042480469,382.90380859375,378.5620422363281,375.73663330078125
sample_2d6f129a3b49b471,371.6900634765625,375.3857116699219,380.0128173828125,388.298095703125,399.5628662109375,409.869873046875,421.7171325683594,451.93353271484375,472.556640625,473.08599853515625,459.9833984375,459.29766845703125
sample_fa486d33422db536,349.5530700683594,348.6102600097656,349.9017333984375,350.7640686035156,352.7973937988281,354.8345642089844,358.0997009277344,359.49951171875,363.0335693359375,365.119384765625,367.2992248535156,369.4283447265625
sample_cf41bde21f13a369,516.5364990234375,508.0622253417969,499.46612548828125,490.551513671875,481.8560485839844,473.66253662109375,465.68402099609375,458.163818359375,452.04620361328125,446.9300842285156,441.98870849609375,438.80255126953125
sample_f210b9b7bc7dc248,375.21160888671875,373.577392578125,375.0523986816406,378.396240234375,376.6640625,374.48443603515625,372.88323974609375,373.9503479003906,376.49652099609375,383.14013671875,387.5395202636719,395.20758056640625
sample_e5e4b43cc3aebffe,353.29815673828125,357.8289794921875,362.8744201660156,364.40496826171875,368.4173583984375,370.64019775390625,373.04571533203125,373.20123291015625,376.171142578125,374.6308288574219,376.98651123046875,376.2407531738281
sample_790d506e2f9d1edd,356.7809143066406,355.4023742675781,355.5387268066406,358.11279296875,357.34832763671875,358.7788391113281,360.67840576171875,362.7295837402344,360.9510498046875,359.2164001464844,359.6224670410156,360.6226501464844
sample_99cd980e3a61b512,517.134521484375,512.1124877929688,498.38397216796875,481.1136169433594,479.2073059082031,468.1683044433594,461.5753479003906,462.25872802734375,468.0644226074219,456.8430480957031,440.1795349121094,453.3421630859375
sample_e69a5a22e5590608,490.626708984375,473.9314880371094,458.28179931640625,446.1484069824219,431.86199951171875,418.67193603515625,406.9549865722656,397.1400146484375,388.0596618652344,380.2864074707031,373.83856201171875,370.3947448730469
sample_d6e0fe7664157816,495.521240234375,494.2852478027344,492.964111328125,489.9666442871094,489.08453369140625,486.44891357421875,485.0226135253906,482.0723571777344,481.9757385253906,478.801513671875,478.4955749511719,476.4107360839844
sample_c7f896e154ea9ec7,319.594482421875,322.30963134765625,327.04034423828125,330.99932861328125,337.573486328125,345.39398193359375,353.1770324707031,362.4927978515625,369.8195495605469,376.0210266113281,381.2855224609375,380.5379333496094
sample_0180242f06dc7d33,362.2179260253906,397.28460693359375,433.9139404296875,457.8074035644531,481.10260009765625,499.79248046875,511.68365478515625,512.8760375976562,512.9811401367188,509.7743225097656,510.94451904296875,512.40380859375
sample_14edc7b3c87ddad6,390.38934326171875,389.2276611328125,390.00030517578125,390.6405334472656,392.4844970703125,396.52984619140625,403.40936279296875,417.86395263671875,445.17315673828125,465.08319091796875,478.4392395019531,484.5203857421875
sample_45d4c93d5d3b75d1,620.1705932617188,616.0938110351562,609.176513671875,600.6869506835938,590.6336059570312,579.5883178710938,566.6018676757812,555.6756591796875,546.2457885742188,537.810546875,531.2467041015625,524.6967163085938
sample_e367736d39e5eabf,538.6876220703125,514.18798828125,488.05694580078125,464.20819091796875,436.4791564941406,417.24853515625,402.77252197265625,390.5704345703125,379.2879333496094,367.79193115234375,362.08416748046875,359.2122802734375
sample_5b253e2d2d8c9cf1,356.5456237792969,368.83160400390625,386.9884338378906,410.0995788574219,432.71563720703125,452.4208679199219,470.4675598144531,483.57086181640625,485.8860778808594,490.532470703125,495.5169677734375,496.3168029785156
sample_df5484cd6272f5d6,297.5599365234375,302.7084655761719,309.1524963378906,313.2819519042969,320.48126220703125,328.5088195800781,336.59423828125,343.5165100097656,350.6546325683594,356.26007080078125,361.5364074707031,365.253173828125
sample_f755f74eee262c28,450.5625,447.0177307128906,442.5307312011719,439.0185852050781,434.0416564941406,429.1438293457031,424.86322021484375,421.25537109375,417.93634033203125,414.535888671875,411.236083984375,408.9967041015625
sample_5cd08dfd3de0e122,509.2437744140625,493.2568359375,475.3665771484375,464.8782043457031,453.42718505859375,446.7046203613281,448.34765625,446.80108642578125,439.3109130859375,432.5073547363281,417.5054931640625,401.15643310546875
sample_fc06a256390ba12d,499.1391296386719,495.0369873046875,487.2732238769531,476.75189208984375,462.69439697265625,449.4971923828125,439.09539794921875,429.84515380859375,421.4605712890625,416.067138671875,411.63006591796875,408.47332763671875
sample_e487111c61e5e6f1,373.55926513671875,370.90252685546875,366.510009765625,365.457275390625,362.5363464355469,358.8818054199219,356.7113952636719,356.4520263671875,354.0701904296875,358.78765869140625,358.97015380859375,363.42767333984375
sample_28970732d915917c,401.9191589355469,407.0110778808594,410.80523681640625,409.7436828613281,410.82611083984375,409.3132019042969,406.8836669921875,403.706298828125,401.5349426269531,397.2083740234375,395.42333984375,392.5621337890625
sample_65fe4e19979f6315,419.34869384765625,416.162841796875,414.4266662597656,411.5643310546875,408.94232177734375,406.8921203613281,405.9276123046875,404.4164123535156,402.6439208984375,401.4714660644531,400.4498596191406,399.63671875
sample_6ddeed9597671fa7,402.28607177734375,404.7333679199219,405.88714599609375,405.4399719238281,404.98345947265625,402.9792175292969,401.82623291015625,400.33477783203125,398.7291564941406,397.7037353515625,395.7652282714844,394.95684814453125
sample_220c9279db129184,407.2262878417969,410.4023132324219,417.9991760253906,429.9686279296875,451.0718078613281,477.4927978515625,504.04449462890625,533.5404052734375,565.332763671875,596.6926879882812,622.61767578125,640.3700561523438
sample_843cfaf902fe734c,487.2334289550781,471.49407958984375,455.86572265625,443.9427490234375,429.6628112792969,417.37646484375,405.8463134765625,397.16375732421875,390.83831787109375,384.4127197265625,377.07708740234375,372.16680908203125
sample_a4b05ea8a8b14191,436.9768371582031,440.72772216796875,439.77642822265625,435.06988525390625,429.90740966796875,423.6707763671875,417.6627197265625,412.789306640625,407.97039794921875,404.325927734375,401.49224853515625,398.7939453125
sample_2ea5908e8c1e5f09,318.8853454589844,323.0445861816406,330.0061340332031,333.7438659667969,337.4361267089844,342.69915771484375,354.8772277832031,365.1707458496094,376.9518127441406,376.52880859375,385.40478515625,416.34735107421875
sample_c774eeccd46d9827,397.4404602050781,397.552490234375,396.4070129394531,396.4561462402344,395.1938171386719,393.7426452636719,393.16778564453125,391.7071228027344,389.05841064453125,387.8984069824219,386.0728454589844,385.68377685546875
sample_9b8f10582b86f210,374.3023986816406,386.9550476074219,406.2389831542969,419.677001953125,435.71356201171875,452.8702087402344,463.33038330078125,475.6013488769531,477.437255859375,483.27984619140625,485.94451904296875,486.999267578125
sample_8fdc80a3aeb68275,443.0425109863281,443.5558776855469,445.666259765625,446.3589782714844,451.1949462890625,456.59771728515625,463.404052734375,465.18768310546875,474.3143005371094,476.40277099609375,480.58148193359375,483.19134521484375
sample_265608f72f4ee52a,300.3175354003906,305.9643249511719,313.6943664550781,317.8690490722656,324.5502014160156,331.65350341796875,340.71002197265625,345.1402587890625,351.7587585449219,355.1007080078125,360.65655517578125,362.97882080078125
sample_fd6ff382a79e9865,375.4009094238281,376.25146484375,377.4283752441406,377.55096435546875,378.2347106933594,379.141845703125,381.0439147949219,380.05841064453125,380.9571228027344,380.466796875,380.62652587890625,380.6720886230469
sample_f2b15a2bf4fd39f5,351.7843017578125,360.0750427246094,375.0150451660156,392.58428955078125,415.8382263183594,438.7558898925781,451.043212890625,460.4488220214844,470.712646484375,474.32647705078125,482.6017761230469,475.8836669921875
sample_b13eeff5a2385b58,445.1034851074219,444.22613525390625,441.1031494140625,436.97491455078125,433.9372863769531,425.7808837890625,420.97076416015625,417.0418395996094,414.2453918457031,413.3883972167969,414.0311279296875,413.5699157714844
sample_fd79b24f029ee3d2,382.95391845703125,377.4883117675781,370.869873046875,364.6692199707031,359.67718505859375,355.685546875,358.0918884277344,366.3943786621094,366.28656005859375,369.61614990234375,365.5472412109375,362.819091796875
sample_ea08855b2c04a629,336.3240051269531,341.8150634765625,348.7637023925781,353.60455322265625,362.65057373046875,368.728271484375,375.1033020019531,379.004638671875,384.3661804199219,387.981201171875,391.91448974609375,396.86907958984375
sample_551ef77823be216e,328.9456787109375,330.2175598144531,333.5572509765625,335.7710266113281,341.1317443847656,347.30224609375,353.4473876953125,358.1368408203125,363.60491943359375,367.6158447265625,373.448974609375,377.1022033691406
sample_7e041e2bf5273785,356.67254638671875,357.1159973144531,359.12103271484375,362.03082275390625,364.49639892578125,372.065185546875,387.5799865722656,391.21820068359375,409.0690002441406,411.7975158691406,431.2784423828125,450.85089111328125
sample_162ba229903a7e64,352.1926574707031,370.1717529296875,389.6572570800781,406.4156494140625,435.3684997558594,459.83349609375,474.2308349609375,506.967529296875,534.1502075195312,546.2018432617188,569.1370849609375,581.1414794921875
sample_04385b85ef6cb292,349.6252746582031,348.1157531738281,349.5212097167969,352.09967041015625,354.5187072753906,358.6146240234375,364.42333984375,368.0486755371094,373.56494140625,378.09619140625,381.8414001464844,385.61358642578125
sample_d65977e6bf696255,307.6534423828125,309.7579650878906,313.456787109375,316.2549743652344,320.96954345703125,326.0773010253906,331.8267517089844,336.35040283203125,342.37823486328125,347.0976257324219,351.1795349121094,354.5192565917969
sample_e1b4b4295b357462,396.56207275390625,409.6600341796875,418.4057922363281,421.3197937011719,424.20965576171875,423.3184814453125,422.1116943359375,418.6419372558594,417.0680236816406,414.238037109375,411.7762451171875,408.8349914550781
sample_5296f52cbdf5dbc8,392.0146484375,390.3377990722656,388.7156982421875,388.0577697753906,383.95135498046875,378.1577453613281,372.78948974609375,374.1011657714844,370.3819885253906,374.397705078125,373.7577209472656,371.1622009277344
sample_1697b05153353710,501.1162414550781,487.80291748046875,473.3110046386719,459.3403015136719,444.48846435546875,431.68341064453125,420.2383117675781,410.25189208984375,401.83831787109375,394.37286376953125,387.96929931640625,384.05511474609375
sample_5240dbdba41f2822,293.7039794921875,303.7848205566406,318.43212890625,332.7496337890625,346.31158447265625,359.0380859375,375.1990966796875,390.4826965332031,400.6346435546875,410.47906494140625,416.027587890625,425.09991455078125
sample_92c8b1355d4a8c1b,400.5574035644531,396.06158447265625,390.2733459472656,385.13330078125,379.2281494140625,374.0466003417969,369.5701904296875,369.02825927734375,369.28558349609375,373.1787414550781,372.01654052734375,367.6861572265625
sample_d4785d3a95c44cd2,648.9202880859375,622.567626953125,590.8893432617188,560.1889038085938,531.4015502929688,505.6705322265625,484.56549072265625,466.4958190917969,453.0669860839844,442.54132080078125,433.5010986328125,426.90643310546875
sample_6c610a9a09ef8015,471.9931945800781,465.5543518066406,457.70318603515625,448.5281066894531,440.1697998046875,431.56585693359375,423.6911315917969,414.9536437988281,408.88348388671875,402.14141845703125,397.5152282714844,393.13372802734375
sample_d10648ced83dc465,455.6130065917969,458.84619140625,462.7629089355469,469.5706787109375,481.2253112792969,492.8619689941406,504.69903564453125,525.1063842773438,548.4699096679688,572.8153076171875,595.9780883789062,620.3018798828125
sample_ab6ff2d023a1cccd,368.95306396484375,365.2427978515625,363.4405822753906,364.085693359375,365.2889099121094,365.053466796875,366.00732421875,365.8206787109375,366.0749206542969,365.2372131347656,364.0868835449219,365.11212158203125
sample_decdeca7bf2cf5f3,535.0563354492188,519.0863037109375,507.7840576171875,494.0523681640625,482.99029541015625,473.07666015625,473.633544921875,463.689208984375,445.8533935546875,455.3358459472656,458.2705078125,446.9768981933594
sample_0c9dcfab719d457a,406.3223571777344,400.968017578125,396.3424072265625,395.0921936035156,393.0852355957031,394.34197998046875,398.25262451171875,402.26727294921875,406.7422180175781,410.1569519042969,409.31390380859375,410.1852111816406
sample_b705a4390025b1c9,322.125,329.1029052734375,336.180419921875,350.60650634765625,353.00738525390625,355.9142761230469,366.65570068359375,370.2758483886719,368.996337890625,372.1736145019531,366.439697265625,361.13385009765625
sample_216539d910306288,500.33514404296875,488.6853332519531,476.4508056640625,466.08624267578125,455.2660217285156,444.4249572753906,434.8049621582031,425.804443359375,417.84466552734375,410.7017822265625,404.23077392578125,399.5979919433594
sample_c7b4326164496add,340.7560729980469,343.50152587890625,350.38092041015625,356.3472900390625,371.49444580078125,386.35980224609375,396.80511474609375,396.2589111328125,396.756591796875,400.6084899902344,408.42864990234375,404.86907958984375
sample_f7bca37139f1b276,326.1971130371094,333.08984375,341.8756103515625,350.29241943359375,358.03326416015625,362.4662170410156,368.0838928222656,373.597900390625,379.84765625,384.02783203125,387.9136047363281,386.58953857421875
sample_9be83d1a083787c7,450.3480529785156,440.1777648925781,431.2014465332031,425.1458740234375,418.993408203125,414.72149658203125,410.1109313964844,407.12652587890625,402.119873046875,400.5796813964844,399.87298583984375,405.11749267578125
sample_7fff4f672bd0ab24,477.86688232421875,491.6064147949219,500.21197509765625,506.6520080566406,514.1118774414062,520.1189575195312,526.2029418945312,538.4487915039062,555.0599365234375,569.2001953125,576.9622192382812,573.0006103515625
sample_71433191ae305da2,315.1260986328125,317.81866455078125,322.8529357910156,326.9168701171875,333.267333984375,341.28271484375,351.1673278808594,358.51312255859375,365.0690002441406,371.6449279785156,370.9507141113281,374.5940856933594
sample_ead607759eb0763d,469.9192810058594,479.47601318359375,496.93182373046875,513.2867431640625,529.74951171875,547.3961181640625,561.0639038085938,571.0081176757812,578.5413818359375,582.744384765625,594.9798583984375,615.5382080078125
sample_b8de54ddcfdb9300,405.0207214355469,409.78515625,413.7217712402344,413.0575866699219,414.7229919433594,413.0238342285156,409.9129333496094,406.22918701171875,403.2524108886719,399.6429443359375,397.4244689941406,394.6466979980469
sample_66991935212b364b,370.4678649902344,385.0204162597656,398.26739501953125,409.1899108886719,423.2386474609375,434.4136962890625,442.25213623046875,449.2657470703125,453.01220703125,455.0981750488281,458.5567321777344,457.78759765625
sample_5b9204db66801e0d,321.0358581542969,324.39105224609375,329.4989929199219,334.33056640625,341.0990905761719,349.4656982421875,358.2203674316406,365.74365234375,375.2077941894531,382.0001220703125,388.6141357421875,393.86260986328125
sample_9c22c890dd26f767,524.0449829101562,503.177001953125,479.5023498535156,460.30975341796875,440.5826416015625,423.1572265625,408.5526123046875,395.45184326171875,383.7432861328125,373.73260498046875,364.8367919921875,357.98046875
sample_b58a08c83706dcf3,407.4829406738281,398.98553466796875,391.86895751953125,387.7095642089844,383.5889892578125,382.652099609375,383.815673828125,383.52655029296875,383.63482666015625,384.1371765136719,381.921142578125,382.96307373046875
sample_a8fc20bf1e78b811,326.0355224609375,331.4801330566406,338.02789306640625,344.4895935058594,356.3079528808594,362.507568359375,367.4144287109375,371.17755126953125,372.26422119140625,386.88739013671875,403.43304443359375,408.7418212890625
sample_fbf18be631910370,409.7539367675781,410.4048156738281,411.5602111816406,411.46087646484375,412.8666687011719,413.2608337402344,414.6463928222656,413.8423156738281,415.4488830566406,414.6349182128906,414.3871154785156,414.3847351074219
sample_a04b1e6fb8c6babf,332.45556640625,332.05206298828125,333.18402099609375,336.26165771484375,339.9023742675781,346.1819152832031,352.6634216308594,366.62835693359375,376.3402404785156,389.0574951171875,387.828369140625,378.6051330566406
sample_d9431f6acf1eb8bf,345.4578857421875,350.1787109375,356.06890869140625,359.3888244628906,365.39306640625,372.38299560546875,379.6359558105469,385.4927978515625,391.59722900390625,395.7975158691406,400.72900390625,405.0369567871094
sample_63fa0fd4e2db7a56,367.00714111328125,365.5276184082031,364.8893127441406,364.38427734375,364.3489685058594,364.9054260253906,366.17620849609375,367.5937805175781,369.51422119140625,372.41796875,378.6141662597656,383.8189392089844
sample_b563817dc966845d,356.58880615234375,373.7687072753906,396.7411193847656,419.99627685546875,444.8946228027344,472.25836181640625,498.56463623046875,527.7167358398438,559.9005126953125,596.0987548828125,634.430419921875,664.9778442382812
sample_01ddf65479db8931,325.5187683105469,328.0904846191406,332.1167297363281,336.1977233886719,343.3798522949219,349.9805908203125,362.082275390625,371.8351745605469,375.71759033203125,373.79412841796875,380.3040771484375,386.9814147949219
sample_11aabe3f3aff991c,322.6846008300781,328.4674072265625,336.83355712890625,346.3912048339844,361.1341247558594,372.5366516113281,382.909912109375,394.4725036621094,409.7779846191406,414.8348083496094,413.88092041015625,404.3544921875
sample_49a5b6d2577eafa9,338.0177307128906,338.7464294433594,339.6444091796875,342.15667724609375,343.9820556640625,346.40472412109375,349.0760803222656,351.1232604980469,351.6278991699219,356.3250732421875,358.8091735839844,362.13232421875
sample_f9b98f95bcca1896,594.3934326171875,580.706298828125,562.5340576171875,542.0096435546875,526.8133544921875,513.1953125,499.04296875,488.12646484375,483.84051513671875,484.23583984375,484.5487976074219,478.1590576171875
sample_d05b7f1dafbbf945,389.5218505859375,386.7725524902344,384.996337890625,384.04437255859375,383.0807189941406,382.4647216796875,383.1174621582031,382.6172790527344,382.5139465332031,383.5474853515625,383.29205322265625,383.66168212890625
sample_3be4dfe463a05b62,520.581298828125,528.955078125,531.1812133789062,527.6041259765625,526.0577392578125,523.0986328125,519.8836669921875,515.3418579101562,512.8355102539062,510.2603759765625,509.88671875,508.79962158203125
sample_0ecefccf73746a1c,406.0863342285156,407.4125671386719,414.7831115722656,426.9013366699219,439.65057373046875,453.8303527832031,460.8956604003906,460.56060791015625,466.35528564453125,471.74017333984375,467.3517761230469,462.7374267578125
sample_3c4d65503cc6d78f,379.4336853027344,383.26373291015625,395.80535888671875,426.6593017578125,464.6913146972656,510.01824951171875,549.8828735351562,591.1099853515625,631.0303955078125,648.40869140625,651.4445190429688,628.91552734375
sample_74c44d10d8ce545b,367.7706298828125,382.7583923339844,401.6010437011719,417.26568603515625,433.7652893066406,443.26776123046875,452.2230224609375,458.09625244140625,463.5413818359375,470.75994873046875,475.3455810546875,476.7759094238281
sample_00b4f4146ec5a6fa,315.656005859375,323.30511474609375,332.25079345703125,338.18475341796875,350.0712890625,360.64306640625,368.8665771484375,371.9470520019531,378.0775146484375,381.60650634765625,387.8526611328125,389.8580322265625
sample_0179644f5d89bff2,457.5853576660156,444.8730773925781,431.28375244140625,418.8290100097656,405.8397521972656,393.95086669921875,383.9233093261719,375.2620849609375,368.410888671875,364.074462890625,359.967529296875,356.9317626953125
sample_47e893557fd13cc8,315.34747314453125,317.9652404785156,321.8111572265625,324.3460998535156,328.8603210449219,333.15997314453125,332.277099609375,336.148681640625,336.2070007324219,338.071044921875,343.8456115722656,345.8905334472656
sample_649bf1fa6fce022e,310.3110656738281,314.94091796875,321.40240478515625,327.4061584472656,336.0317077636719,345.9112243652344,354.23590087890625,358.4148254394531,364.90191650390625,368.9481201171875,371.5726318359375,372.9233093261719
sample_fadde32f6475e169,354.757080078125,359.5005798339844,365.9302673339844,371.2904357910156,382.35711669921875,396.773193359375,407.29608154296875,416.0826416015625,435.74334716796875,450.850341796875,452.7546081542969,477.5505676269531
sample_7c2f3108dbd1db66,316.29949951171875,320.1659851074219,325.31866455078125,329.62835693359375,335.5303955078125,343.05230712890625,352.01953125,358.889404296875,365.0169372558594,371.7367858886719,376.2554931640625,383.3655090332031
sample_589b06059dba4097,498.2456359863281,493.3775634765625,495.07208251953125,503.4997863769531,510.5094299316406,514.8263549804688,521.1695556640625,526.2876586914062,532.930419921875,533.4081420898438,530.53662109375,530.7172241210938
sample_fa493bd2de74e2b5,327.5898742675781,334.87164306640625,350.9731140136719,368.7657470703125,389.5625,408.90185546875,421.9021911621094,431.80474853515625,442.0272216796875,450.6627197265625,460.38623046875,466.5421142578125
sample_609e4d9b24255122,526.543701171875,510.55804443359375,493.8656005859375,478.7435607910156,464.0870361328125,450.506591796875,438.86572265625,427.9060974121094,418.76251220703125,410.10272216796875,402.713134765625,396.6207275390625
sample_5503c95edd34c590,389.772216796875,391.9898376464844,397.7557067871094,408.1081848144531,414.7559509277344,423.5167236328125,432.0363464355469,438.1402587890625,442.4637756347656,445.91705322265625,439.9154052734375,437.93499755859375
sample_286c74d2778e3c30,381.3097229003906,386.6358947753906,391.8885803222656,393.4880065917969,396.0174865722656,396.2760925292969,396.229736328125,394.9571533203125,394.3778381347656,391.0244445800781,389.9893798828125,388.3060302734375
sample_293894431e5ca692,399.269775390625,395.2374572753906,386.12017822265625,380.3474426269531,373.78363037109375,366.5153503417969,366.98577880859375,367.48248291015625,365.8658752441406,371.0089111328125,366.7325439453125,365.2703857421875
sample_3184df7f7910745f,343.6061706542969,355.8271484375,375.4334411621094,391.95037841796875,407.52655029296875,437.082275390625,457.59173583984375,471.17767333984375,499.6211853027344,526.4205322265625,534.26611328125,556.9337158203125
sample_359ba9f5c3a4cfbe,364.00347900390625,365.1688537597656,367.78619384765625,368.8902893066406,371.6182861328125,375.05548095703125,379.5950012207031,382.4266357421875,387.8181457519531,389.53900146484375,387.9615478515625,388.57647705078125
sample_5eaecbcf5c9bacc8,442.7535400390625,435.2816467285156,426.5082092285156,417.74224853515625,409.3441467285156,401.17620849609375,394.32568359375,387.3841552734375,381.7337951660156,376.3372497558594,372.509033203125,368.5765686035156
sample_d8050f1df15754e3,407.88519287109375,404.10955810546875,404.4130554199219,412.6803283691406,418.3725891113281,417.4518737792969,416.16796875,417.99908447265625,416.8211669921875,419.5716247558594,420.2599792480469,426.4587097167969
sample_89466a3935ad95dd,379.9175109863281,376.925048828125,374.6280822753906,374.1185607910156,372.8429870605469,372.6999816894531,374.1788330078125,374.5545654296875,374.7425231933594,376.3411865234375,376.1915588378906,376.8338623046875
sample_65bb5e878a0fe1bf,468.5266418457031,466.2504577636719,461.4825134277344,455.779052734375,450.697998046875,444.17242431640625,437.7613525390625,431.82147216796875,426.577392578125,421.4632568359375,416.99755859375,413.0044860839844
sample_bb6673ded190c7c2,401.5912780761719,402.82464599609375,408.828125,415.4950866699219,425.04888916015625,436.1605224609375,449.0224304199219,464.0555114746094,485.10345458984375,497.51947021484375,507.6167907714844,516.3382568359375
sample_c02fab6a598140ad,407.65301513671875,404.3908386230469,401.69073486328125,400.507080078125,396.8082580566406,397.6769104003906,396.2903137207031,395.2333679199219,400.4618835449219,401.97076416015625,401.34283447265625,404.96441650390625
sample_4efd8d3ec97023e2,432.81072998046875,423.3545227050781,412.3960266113281,409.5765075683594,405.0319519042969,397.8631286621094,395.4667053222656,390.4485778808594,390.25213623046875,393.34375,387.90216064453125,391.4744567871094
sample_a1790b507494a624,315.928955078125,318.62677001953125,323.3598327636719,326.6356201171875,332.09197998046875,338.4383850097656,346.030517578125,350.4486999511719,356.6894836425781,360.6607666015625,365.5920715332031,368.7374267578125
sample_c8893916d5807e79,401.6609802246094,406.5690002441406,416.9998474121094,428.2008972167969,441.8087463378906,456.65277099609375,475.59490966796875,494.130126953125,509.14227294921875,523.1029663085938,531.0452270507812,540.208984375
sample_5caa87d5d91d1caa,472.14208984375,498.6587219238281,523.1326904296875,551.2574462890625,576.84912109375,592.56103515625,589.7470092773438,583.8861694335938,580.0878295898438,574.3021850585938,568.42333984375,546.7346801757812
sample_934b8a465f3b26f1,494.03131103515625,490.231201171875,482.2669372558594,472.04217529296875,463.2149658203125,452.89044189453125,443.91302490234375,434.4621276855469,426.2283630371094,419.5850524902344,413.161865234375,407.52301025390625
sample_883655e55f4702fe,301.234375,304.2983703613281,309.6585998535156,314.76019287109375,322.21160888671875,329.6182861328125,337.4574279785156,342.8046569824219,350.52020263671875,354.88934326171875,359.4833984375,362.315185546875
sample_9e22233a68bcc2f0,342.9162902832031,347.4783935546875,352.415771484375,361.34808349609375,366.1371154785156,366.9599304199219,370.31219482421875,370.65887451171875,366.7991638183594,364.9800720214844,365.99578857421875,373.7510681152344
sample_4845c66961c1566b,332.7916259765625,334.270263671875,336.8697814941406,338.0725402832031,341.50628662109375,345.1351013183594,350.51141357421875,356.93682861328125,367.65264892578125,373.6053771972656,383.7506408691406,390.59539794921875
sample_f7083fb76a098e82,446.8642883300781,470.07000732421875,489.74359130859375,502.19622802734375,516.7942504882812,528.070068359375,535.9669189453125,545.1471557617188,557.267822265625,559.0436401367188,563.04345703125,563.6473388671875
sample_7eca6dfd8268048b,395.1993713378906,397.5127868652344,401.3526306152344,405.83380126953125,408.2381896972656,409.56121826171875,410.4876403808594,411.5842590332031,412.9413146972656,413.429931640625,411.872314453125,411.0535888671875
sample_18d0773d782c615f,388.3228454589844,384.62451171875,383.8642272949219,394.3406982421875,414.0235595703125,430.3641357421875,434.1087951660156,452.9673767089844,466.0753479003906,471.15411376953125,475.8226318359375,478.690185546875
sample_2ff5bfa8bd01eefb,300.3337097167969,305.56988525390625,312.8470458984375,318.56341552734375,327.1568908691406,336.2625732421875,345.3516845703125,350.9775390625,357.29669189453125,362.63958740234375,367.5540771484375,370.696044921875
sample_bde7594164ccb354,320.60675048828125,321.8977355957031,325.05718994140625,327.6015625,331.6783752441406,336.3569641113281,341.8992004394531,346.7198791503906,352.9357604980469,358.9139404296875,364.80230712890625,379.3733215332031
sample_0a236ebfcf22d2f0,393.9163818359375,391.2916259765625,389.00341796875,387.44940185546875,385.61187744140625,383.4185485839844,381.9332580566406,380.23675537109375,378.27349853515625,377.4488525390625,376.3297119140625,376.5640563964844
sample_7702c0447c0f1e5c,540.3552856445312,540.533935546875,538.2543334960938,529.441162109375,524.517578125,511.2088928222656,508.390380859375,507.7740173339844,503.4103088378906,494.3106689453125,483.24932861328125,486.9457092285156
sample_ea1dbe37847f104f,419.8882751464844,411.30328369140625,402.0352783203125,395.4853820800781,385.5433349609375,375.85162353515625,366.93499755859375,361.692626953125,358.1438293457031,356.81732177734375,353.2395935058594,350.4648742675781
sample_051c73d314c33f08,528.81689453125,507.7272033691406,486.89141845703125,469.94683837890625,454.458984375,438.58209228515625,424.46075439453125,412.8416748046875,403.8125915527344,396.4740295410156,388.94281005859375,385.18890380859375
sample_686df92913f5a3dc,369.3182678222656,366.1968994140625,362.9335632324219,361.3578796386719,357.5578918457031,354.85870361328125,353.0196228027344,352.75201416015625,351.7312316894531,352.9930725097656,351.8074035644531,353.06439208984375
sample_1cb4971087b1b9c1,516.8753662109375,517.967041015625,518.7409057617188,519.1337280273438,520.7888793945312,524.6630859375,528.2476806640625,531.9351196289062,537.4358520507812,537.1456298828125,535.4215698242188,533.4421997070312
sample_1eeaaad087bba564,449.0682678222656,437.2781677246094,425.2006530761719,418.1031494140625,406.9913330078125,399.8401184082031,392.30303955078125,382.87567138671875,377.323974609375,372.2960205078125,365.81646728515625,364.42169189453125
sample_7134a9a8e44990a0,343.7364501953125,357.96746826171875,371.7668151855469,381.63507080078125,395.23760986328125,407.2465515136719,421.05548095703125,429.5911560058594,434.85382080078125,441.20892333984375,451.4833984375,454.6642150878906
sample_1ce7c8abd84b0a69,587.7022705078125,562.2801513671875,535.5559692382812,512.9259643554688,490.7290344238281,470.51239013671875,453.844970703125,438.261962890625,424.8086242675781,411.9775695800781,401.8880310058594,395.224609375
sample_3198fa2e606e9f97,541.6112060546875,529.9390869140625,517.0895385742188,504.41607666015625,491.1899719238281,478.48822021484375,467.209228515625,455.8451232910156,447.1224365234375,439.1318359375,432.43572998046875,427.1629333496094
sample_8cde586767a247b3,421.2910461425781,419.9499206542969,419.3960876464844,418.7475891113281,417.77978515625,416.993896484375,417.2304992675781,416.7079772949219,416.6571044921875,416.8026123046875,415.8884582519531,415.7720642089844
sample_1ae46745bc70396d,265.67254638671875,270.8589172363281,280.8055114746094,290.3577575683594,303.45849609375,317.4618835449219,330.4273986816406,341.37420654296875,353.2834167480469,362.1866149902344,370.550537109375,377.55902099609375
sample_592b86361f4540ad,384.5659484863281,384.58319091796875,384.93988037109375,384.1287841796875,383.94366455078125,383.5369567871094,382.71600341796875,382.2912292480469,380.55889892578125,379.67279052734375,378.1856689453125,377.92626953125
sample_5b8a515748f8173a,367.2537536621094,369.02447509765625,370.85589599609375,371.6220397949219,376.5189514160156,383.5685119628906,383.5853271484375,392.0283508300781,392.9466552734375,393.4375305175781,399.3213195800781,410.9653625488281
sample_50ddcee6c4ea96f1,344.9911193847656,348.99749755859375,352.6102600097656,354.0656433105469,356.4229431152344,359.64324951171875,362.4236145019531,370.8012390136719,379.74591064453125,398.281005859375,414.1706848144531,430.0755920410156
sample_55414231572590fe,341.8276672363281,345.3717956542969,352.5827331542969,359.8110046386719,369.5755615234375,374.19879150390625,380.65277099609375,390.94024658203125,396.20562744140625,405.53558349609375,399.7767028808594,403.31390380859375
sample_39e29a45ec2f6aa1,363.5154113769531,363.01654052734375,365.4728698730469,369.0630798339844,372.8357849121094,380.9363098144531,388.56024169921875,391.17242431640625,398.8902282714844,404.2363586425781,404.5306701660156,411.5224914550781
sample_d65a4e1f558d628f,381.76318359375,390.4392395019531,393.09759521484375,394.41461181640625,395.2055358886719,391.8833923339844,388.52532958984375,384.9893493652344,387.3719177246094,394.3033142089844,392.9003601074219,395.47930908203125
sample_def2555f167fc28e,351.6784973144531,353.1050109863281,353.7618713378906,352.3670654296875,352.41778564453125,351.8799133300781,351.85693359375,355.530029296875,357.9902038574219,356.0451965332031,355.71746826171875,354.96075439453125
sample_2573593e432c3e1a,472.86859130859375,456.75885009765625,441.1149597167969,427.04034423828125,411.3612060546875,395.56195068359375,382.47503662109375,370.12982177734375,361.38299560546875,354.51190185546875,348.138916015625,346.39996337890625
sample_55fb006831c5bbfb,542.3164672851562,554.1463012695312,555.0156860351562,544.50537109375,533.4439697265625,527.1726684570312,518.7800903320312,508.4520263671875,500.0679931640625,489.3988342285156,488.34295654296875,484.18646240234375
sample_de0288237ad12e68,330.4913635253906,330.8761291503906,332.938720703125,334.5346374511719,338.3838806152344,343.5436096191406,350.9912109375,355.2046203613281,361.1917419433594,365.4166259765625,369.8478088378906,373.2178039550781
sample_81953ca2c40525b3,437.08233642578125,432.2780456542969,426.06488037109375,420.95953369140625,413.9027404785156,408.7937316894531,403.60223388671875,399.431640625,394.8854675292969,393.4892578125,390.8297119140625,392.16650390625
sample_9f95926706751ba2,393.0181884765625,391.93865966796875,393.7836608886719,401.4854431152344,407.6783752441406,418.5575256347656,430.4852294921875,436.3164978027344,438.8641052246094,449.02978515625,464.6742248535156,485.07623291015625
sample_9d32c3f8308e2761,628.767333984375,617.0753173828125,602.8121337890625,586.8209228515625,573.4773559570312,558.8426513671875,547.6652221679688,536.6620483398438,526.9293823242188,516.9326171875,509.1848449707031,501.7239685058594
sample_584b0116b3667d14,381.1155090332031,376.66094970703125,374.4817199707031,374.0599060058594,372.71728515625,372.4526062011719,374.1787414550781,374.5147399902344,376.3726806640625,380.146240234375,381.6869201660156,385.3691101074219
sample_520e774f2f740080,372.95794677734375,380.30303955078125,389.8896179199219,394.11822509765625,400.75750732421875,405.931884765625,410.5091857910156,413.0758361816406,417.9171447753906,421.8252258300781,424.0284729003906,430.5359802246094
sample_95ded46a08b2dbf9,537.8783569335938,535.4337768554688,528.0100708007812,519.819580078125,510.9154052734375,500.43267822265625,489.85028076171875,477.5638122558594,468.88348388671875,461.1535949707031,454.92864990234375,449.8580627441406
sample_39efe3ee0dddc4cb,352.99298095703125,357.9323425292969,362.59674072265625,364.85980224609375,368.1862487792969,370.09490966796875,371.7109680175781,371.3232727050781,372.0404968261719,371.0572204589844,370.86724853515625,369.6749267578125
sample_d3cc67b23af2eacf,370.0837097167969,367.5732727050781,367.42694091796875,368.66473388671875,369.4642639160156,371.0683288574219,373.8428955078125,374.84588623046875,377.9034729003906,380.5504455566406,382.4179992675781,385.4196472167969
sample_3720d276056c698b,304.38787841796875,307.35699462890625,312.6585998535156,317.5948791503906,324.9302978515625,333.9823913574219,343.9833068847656,345.2588806152344,350.8011474609375,356.9534912109375,361.9984130859375,365.6483154296875
sample_5b348f7524cfbeb0,384.36773681640625,383.9195251464844,381.5248107910156,380.7521057128906,377.76104736328125,372.224609375,368.8286437988281,368.66387939453125,364.0533447265625,364.824951171875,364.0063781738281,364.57794189453125
sample_7d29efa8c0964ed1,283.9911193847656,289.0848388671875,296.777587890625,303.12548828125,312.1883239746094,321.85406494140625,332.1634521484375,338.44195556640625,345.4376525878906,351.266845703125,356.99664306640625,360.41455078125
sample_8729f5c41418e0e0,402.5831604003906,403.4600830078125,403.9631652832031,401.4208984375,400.29888916015625,396.98291015625,394.586181640625,391.8537292480469,388.640869140625,386.1151428222656,383.71112060546875,381.9520568847656
sample_8b4196a3682af93d,436.2406921386719,430.9529113769531,425.6343994140625,421.1167907714844,416.35333251953125,411.0800476074219,406.10577392578125,401.35028076171875,397.10345458984375,392.6712341308594,389.69500732421875,387.2801513671875
sample_75d22c037dc4db17,464.26129150390625,456.43121337890625,448.72991943359375,440.9813537597656,432.49365234375,422.09173583984375,411.8903503417969,400.71295166015625,393.16558837890625,386.2197265625,380.94189453125,379.8638916015625
sample_3a226e4be37f66a8,618.9857788085938,595.9940795898438,571.5570068359375,550.0517578125,529.1558227539062,509.8387451171875,493.8954162597656,479.4552001953125,467.3768310546875,456.61505126953125,446.80853271484375,438.881103515625
sample_3b1bdf2083e446c4,381.8215637207031,380.8228454589844,380.2662353515625,378.495849609375,378.2973937988281,378.49462890625,378.7759094238281,377.8520202636719,378.4176330566406,378.8905029296875,379.7823181152344,380.9653015136719
sample_f7b67417a6b1a3a4,453.0578308105469,447.6736755371094,441.0646057128906,434.32244873046875,427.8084716796875,421.7220153808594,415.5811767578125,409.8587646484375,404.25213623046875,399.31097412109375,394.95074462890625,391.6778564453125
sample_4bc280cc70295da1,406.2687683105469,400.13446044921875,395.91168212890625,393.7445983886719,390.9159240722656,389.95782470703125,390.8842468261719,390.3943786621094,391.0349426269531,392.654296875,392.25506591796875,393.49530029296875
sample_ed141dba568f8575,404.8496398925781,399.4039001464844,391.1478271484375,383.4377746582031,374.51397705078125,366.8728332519531,360.19891357421875,354.9265441894531,350.36279296875,346.9834899902344,343.471923828125,342.9554443359375
sample_7ce22e308ba4bdef,451.19207763671875,471.9998474121094,489.5762634277344,508.055908203125,524.2697143554688,522.653076171875,510.7961120605469,511.7538757324219,504.0947570800781,488.70709228515625,485.1653747558594,476.5960388183594
sample_b95b1562ff5e6241,369.21795654296875,371.8139343261719,373.45306396484375,374.7790832519531,375.9558410644531,378.5956115722656,380.11376953125,381.2774963378906,381.4407958984375,379.3646545410156,379.399169921875,379.35589599609375
sample_64166586ecdadc21,365.86846923828125,374.8570556640625,382.32061767578125,385.1186218261719,389.2511901855469,390.2814636230469,390.6275329589844,389.14361572265625,388.6320495605469,386.28497314453125,384.9803161621094,383.0180358886719
sample_5dbd77c5d0a5f0be,342.5363464355469,342.46380615234375,343.9318542480469,345.44537353515625,349.485107421875,357.9077453613281,366.5574951171875,371.004638671875,373.9422912597656,375.3490905761719,381.3389892578125,388.4663391113281
sample_39fba3862ddf32c0,386.8301086425781,426.378173828125,470.4709777832031,509.7879638671875,533.1072998046875,546.453125,559.8919677734375,561.6048583984375,559.5340576171875,554.84326171875,548.3385009765625,552.0609741210938
sample_d6eda4a92598939a,669.84765625,656.6427001953125,642.0060424804688,625.9193115234375,612.6141967773438,601.1812744140625,592.0934448242188,582.984130859375,577.5128784179688,571.474853515625,567.3809814453125,559.4921875
sample_e3ad30e31119fc0d,416.5602722167969,416.6125183105469,415.0624694824219,413.05609130859375,410.533203125,407.4255065917969,404.8775634765625,402.6774597167969,400.0299987792969,397.8006591796875,395.57220458984375,393.815185546875
sample_fcb9c6c454ca3e03,523.3969116210938,507.538818359375,491.9491882324219,478.7443542480469,466.3506164550781,455.35272216796875,446.1128234863281,438.1434326171875,430.9272155761719,426.17169189453125,421.13006591796875,419.60321044921875
sample_951b5d364ef840c2,484.1900634765625,504.98333740234375,527.68701171875,547.9978637695312,565.94482421875,576.55029296875,588.66162109375,593.4251098632812,592.1919555664062,585.5985717773438,575.3102416992188,570.9502563476562
sample_e3f7c6c89588251f,344.45001220703125,344.941650390625,346.822509765625,349.506103515625,350.61029052734375,352.48223876953125,355.8125,359.5554504394531,360.047607421875,365.0936584472656,364.91693115234375,369.1177978515625
sample_fe5a42d42d758eee,348.8762512207031,347.57293701171875,348.81317138671875,349.16168212890625,350.9263916015625,353.5606994628906,356.26007080078125,357.9062805175781,359.96929931640625,362.5791015625,363.88104248046875,366.3602600097656
sample_0bf6bc9aaf25d49c,448.64080810546875,442.27337646484375,435.48016357421875,433.6192321777344,433.04010009765625,440.3267822265625,432.1491394042969,418.8384094238281,437.7979431152344,454.1340637207031,444.7784729003906,457.5328674316406
sample_2ca26f7cd6e98d94,333.8121643066406,353.721923828125,383.24169921875,410.0639953613281,437.9215393066406,444.2547912597656,453.87506103515625,464.06243896484375,479.2373046875,466.31573486328125,464.36151123046875,482.30706787109375
sample_f92ae943c019ecc0,389.99658203125,390.31610107421875,390.0853271484375,387.81884765625,387.0752258300781,385.19476318359375,383.9753112792969,382.29779052734375,380.5697937011719,378.6644592285156,377.51068115234375,376.3367919921875
sample_a5b722e57b6f8d71,539.0515747070312,522.3916015625,502.6431884765625,487.0242004394531,471.5365905761719,457.03424072265625,445.6522521972656,434.5840759277344,425.3699035644531,416.5672607421875,409.0487976074219,402.84539794921875
sample_4f4f385130e04316,395.4332275390625,394.86669921875,393.1356201171875,392.8591613769531,390.50457763671875,389.3972473144531,388.6585998535156,389.6757507324219,388.7425231933594,390.3671875,389.3899841308594,391.09759521484375
sample_05ab77d564c39dff,324.52215576171875,333.3731994628906,345.26531982421875,354.53350830078125,365.6475830078125,374.7609558105469,384.7663269042969,393.4725036621094,403.8387451171875,414.77069091796875,419.9940185546875,435.8888854980469
sample_a281acb679ad7925,450.3573913574219,441.24346923828125,429.3407287597656,423.1547546386719,415.3061218261719,407.861328125,404.97705078125,391.9231262207031,385.6448974609375,375.0428161621094,366.851806640625,365.91748046875
sample_1a3b943f877769ac,355.57745361328125,364.6720275878906,383.654541015625,406.27215576171875,427.07696533203125,428.2465515136719,433.5755310058594,433.26910400390625,418.1361083984375,408.34515380859375,415.6326904296875,431.5817565917969
sample_c682dfd2919f454d,380.46124267578125,393.27899169921875,407.0163269042969,424.07379150390625,449.4652404785156,480.3497009277344,509.28387451171875,537.7844848632812,570.34326171875,596.1512451171875,632.3137817382812,651.672607421875
sample_cebe6951b6def4d6,406.4307556152344,407.7794189453125,404.5978698730469,402.6198425292969,399.5828857421875,397.8054504394531,397.39501953125,397.9249267578125,396.16876220703125,396.3330078125,395.42987060546875,397.2029724121094
sample_07478efbc32bddde,508.11248779296875,523.82373046875,532.9623413085938,535.99072265625,539.423583984375,537.5938110351562,541.25146484375,541.065673828125,540.6567993164062,529.1928100585938,522.925537109375,511.0186767578125
sample_80ffa10ef749dd71,298.97833251953125,310.85260009765625,326.0998229980469,337.6431579589844,350.9998779296875,353.292236328125,364.1751403808594,369.601318359375,377.13592529296875,382.76727294921875,390.4312744140625,395.4525146484375
sample_3039e4a78a26e09e,389.29937744140625,388.15985107421875,386.6565246582031,388.06414794921875,388.1272277832031,387.7658996582031,386.7103271484375,392.5745849609375,391.89886474609375,393.517822265625,395.0113220214844,394.69140625
sample_bd1ecd558e8d39f1,414.2527160644531,414.9403991699219,414.56195068359375,413.4436340332031,411.40576171875,408.556640625,406.284912109375,403.9545593261719,401.707275390625,399.4409484863281,397.13909912109375,395.1457214355469
sample_63ac536179a39222,330.281982421875,334.72772216796875,340.20782470703125,343.1242980957031,348.0240783691406,351.60858154296875,355.5130310058594,356.9402160644531,360.38043212890625,361.8602600097656,364.3597412109375,366.49603271484375
sample_f4110a61ad7069c4,418.8358459472656,448.59136962890625,473.0240173339844,490.7219543457031,507.62408447265625,520.17138671875,539.4921875,546.587890625,552.8966064453125,546.4799194335938,549.96923828125,546.9674682617188
sample_cf279dc9eb8b95cd,599.2437744140625,585.644775390625,569.8115844726562,552.0015869140625,538.5137939453125,518.9710083007812,504.740234375,491.8111877441406,482.463134765625,472.64697265625,462.7254638671875,455.95709228515625
sample_37f9347bda25fabd,402.8290710449219,402.8494873046875,403.7115783691406,402.71649169921875,400.24072265625,395.38140869140625,394.2374572753906,392.9283142089844,392.40576171875,392.008056640625,390.2308654785156,387.78289794921875
sample_fb5ebc7a0cce729c,387.9542236328125,391.6531066894531,397.61065673828125,397.4212951660156,401.573486328125,406.27301025390625,405.3497009277344,409.4317321777344,415.2600402832031,415.9747009277344,409.42376708984375,402.6484680175781
sample_ed71b02d6beeca5a,498.44085693359375,497.796142578125,489.0875244140625,479.3085021972656,469.69140625,463.74627685546875,456.0834655761719,455.0994567871094,463.9666442871094,476.7650451660156,481.5920715332031,473.67315673828125
sample_8016c405d7bfb273,376.0101318359375,374.9573059082031,376.5770568847656,379.5474853515625,384.2460021972656,393.84814453125,407.57159423828125,419.3876953125,427.8260803222656,437.8009033203125,445.3570861816406,462.91290283203125
sample_a415d011363adf25,294.6674499511719,297.78875732421875,303.1031188964844,307.5122375488281,314.85528564453125,322.5149230957031,331.70709228515625,338.15380859375,346.2143249511719,352.1007080078125,358.5726318359375,362.5882568359375
sample_a47db001a242154b,298.1882629394531,303.1168212890625,309.3607482910156,313.3396301269531,318.36822509765625,322.91552734375,329.1365966796875,332.414794921875,337.1612548828125,339.97271728515625,344.0531921386719,345.4056091308594
sample_38388ee0ea6e6d93,459.3601379394531,448.7362365722656,436.9236145019531,425.591064453125,414.8291320800781,404.1866455078125,395.4912414550781,386.5976867675781,379.1830139160156,374.5005798339844,369.01434326171875,365.8691101074219
sample_df51f200b60a62c1,325.57470703125,331.9577941894531,344.3480224609375,356.38433837890625,371.8229675292969,387.93780517578125,411.0820007324219,429.12677001953125,447.502197265625,453.39739990234375,459.8826904296875,465.87200927734375
sample_1a0e913dc6e66065,505.5450744628906,503.0366516113281,495.71142578125,487.10870361328125,477.0963439941406,467.1512145996094,455.84185791015625,443.6180419921875,435.3867492675781,429.3095703125,423.251953125,418.857421875
sample_3734ac273f7fcee9,512.3672485351562,511.31976318359375,511.2886962890625,512.3660888671875,515.65673828125,516.111328125,516.1853637695312,515.2478637695312,514.6887817382812,511.429931640625,508.6366882324219,504.543701171875
sample_c1ca7e35febbd9dc,385.419189453125,383.0852355957031,379.8090515136719,378.4330749511719,371.4580383300781,367.40399169921875,365.0042419433594,361.3265686035156,358.7442932128906,358.6622009277344,356.2259216308594,359.2771301269531
sample_eebfb11fd828a089,523.353515625,508.9480285644531,493.0883483886719,478.6040344238281,461.037353515625,446.66400146484375,434.75836181640625,424.6145935058594,415.0596618652344,407.07843017578125,400.19189453125,395.507080078125
sample_e253f8f2f650441f,326.7713623046875,331.3332824707031,338.73577880859375,349.1343688964844,366.1589660644531,388.20953369140625,405.9591064453125,421.781005859375,430.5457458496094,436.1204833984375,430.7121887207031,427.89862060546875
sample_2da58d2cbb5fc76a,366.0931701660156,373.8852233886719,385.3341369628906,396.9214172363281,413.1980285644531,421.4144287109375,421.8219299316406,425.70635986328125,429.2315368652344,434.4505310058594,439.1821594238281,441.3590087890625
sample_6014883b3ba6fbea,365.351318359375,365.03607177734375,366.4093017578125,367.04571533203125,368.61138916015625,370.2169189453125,373.62969970703125,373.7520446777344,376.9796142578125,378.18267822265625,379.8204345703125,381.12493896484375
sample_26a7d80cbe235075,535.3595581054688,565.3947143554688,585.691162109375,595.2252197265625,602.5216064453125,598.003173828125,592.7030029296875,595.1267700195312,596.8385620117188,601.09619140625,604.6512451171875,608.9979858398438
sample_2d72d79961f7ef99,330.8121643066406,341.6393737792969,353.98828125,361.43511962890625,372.210693359375,380.8199157714844,389.9978942871094,395.6182556152344,402.0491943359375,406.2284240722656,412.0549621582031,413.849609375
sample_2f662b18a94d1bbb,538.7368774414062,529.7957153320312,517.8684692382812,505.2112121582031,493.72930908203125,482.1866455078125,472.50933837890625,462.1773376464844,454.0398864746094,446.15753173828125,439.68572998046875,434.59735107421875
sample_2e8eb4ac52f1dd09,375.7022705078125,396.0630798339844,422.46356201171875,448.82366943359375,479.6214904785156,512.2144775390625,542.5594482421875,558.8353881835938,567.6360473632812,590.3592529296875,610.36328125,629.2388916015625
sample_b51b61e2135e7378,343.4671325683594,344.0414733886719,345.6192321777344,346.9580993652344,348.9646911621094,351.8518371582031,355.0314636230469,357.8113708496094,361.1950988769531,363.31292724609375,365.7656555175781,369.04840087890625
sample_3e9c0e0a703167d3,314.9222412109375,317.4168395996094,322.0679931640625,330.8265380859375,338.6743469238281,358.0528564453125,376.8038330078125,395.22503662109375,399.096923828125,410.1312255859375,413.9825134277344,421.73077392578125
sample_2d4d0fda0f974a8a,468.8634338378906,461.4415283203125,451.14691162109375,441.2127990722656,429.3431091308594,418.867431640625,409.56951904296875,401.4722900390625,394.91180419921875,388.2474060058594,383.0434875488281,379.0311279296875
sample_7dfe28e621684a2e,347.6852722167969,348.9236755371094,352.8140869140625,356.0107421875,361.26300048828125,367.8499450683594,375.03179931640625,379.062255859375,386.54852294921875,390.2154541015625,395.11944580078125,399.2674560546875
sample_bfd89b88f32a5fed,377.7715148925781,438.4498291015625,495.367431640625,528.2361450195312,544.3649291992188,554.790283203125,552.421142578125,546.82861328125,548.0870361328125,531.3058471679688,569.0098876953125,575.0245971679688
sample_3f80bffc62035bc3,497.0469665527344,495.5390319824219,492.26409912109375,487.9782409667969,485.1397399902344,480.7395324707031,476.6513977050781,471.8282775878906,469.095703125,465.26885986328125,462.9688415527344,460.075439453125
sample_c3d7b8c380921a8a,346.2423400878906,347.17218017578125,349.85565185546875,353.0477294921875,359.488037109375,369.9216613769531,380.5744934082031,389.3775329589844,394.20245361328125,397.8599853515625,399.3433837890625,396.9065856933594
sample_6f524dd44a1704be,348.9553527832031,363.20819091796875,378.18408203125,384.5608825683594,392.3992614746094,401.8885498046875,417.5212097167969,446.018310546875,477.3653869628906,518.1815185546875,555.4374389648438,599.127197265625
sample_e3d696b669fff4bc,365.03375244140625,366.50537109375,369.12664794921875,370.378173828125,371.8339538574219,372.4873962402344,373.223876953125,373.9673156738281,373.206298828125,373.0769958496094,373.25042724609375,373.4474182128906
sample_9398a2a6a16af64b,341.80218505859375,342.1873779296875,344.4247741699219,346.1296081542969,348.4991760253906,352.510498046875,357.3118591308594,362.3995361328125,368.1278076171875,373.3872375488281,379.4498291015625,385.9395446777344
sample_60d9f6807057e14a,458.43109130859375,479.3052062988281,499.5201721191406,512.2688598632812,510.21484375,513.1322631835938,507.613037109375,505.25213623046875,504.8236999511719,503.8509216308594,505.79345703125,509.1395263671875
sample_e77531b0712bcce2,379.1109313964844,374.71630859375,371.7039794921875,371.0185852050781,369.5297546386719,369.4422607421875,370.732421875,371.3605041503906,371.28973388671875,372.90887451171875,372.5101318359375,373.1841125488281
sample_247ac003a597ce1e,354.2962951660156,360.9856262207031,379.3207702636719,393.8318786621094,399.8599548339844,406.4953308105469,419.3646545410156,428.2351989746094,430.1078186035156,425.17840576171875,418.9975280761719,417.1460266113281
sample_ce4f2777cb640d08,384.95880126953125,391.0495910644531,400.722412109375,405.6464538574219,417.4828186035156,437.85943603515625,446.86529541015625,434.50634765625,439.8021240234375,447.2236328125,448.1892395019531,460.63726806640625
sample_31e7a82bea2d66c5,361.20428466796875,360.8828125,361.69091796875,362.2088928222656,362.92138671875,364.2818298339844,366.6728515625,368.3016357421875,370.7220458984375,371.70654296875,373.0856628417969,374.8070068359375
sample_088ecd57c002a6d2,304.9846496582031,310.0048828125,316.2218322753906,321.2158203125,328.6500549316406,337.2942199707031,344.3934020996094,350.5198974609375,354.7132263183594,359.6327819824219,365.3871154785156,367.36810302734375
sample_c0b5f79255f15b9a,347.2935485839844,361.5265808105469,387.18408203125,409.762451171875,414.3389892578125,425.0258483886719,427.7708740234375,418.0962219238281,412.576416015625,421.8975524902344,438.12652587890625,456.22589111328125
sample_c7390a5a5f6fbea6,360.785400390625,363.2131042480469,366.3874816894531,367.8499450683594,368.8907165527344,367.5208435058594,368.22808837890625,367.5401916503906,366.4080505371094,365.4782409667969,364.20245361328125,362.21124267578125
sample_38c41d494969f1b7,405.47186279296875,397.7231750488281,390.8692321777344,384.9740905761719,378.65740966796875,373.4928894042969,370.55047607421875,367.0960388183594,364.2455749511719,363.27789306640625,361.5156555175781,360.9476623535156
sample_4df6609ce8f7e223,367.786865234375,364.9377746582031,364.1353759765625,362.2262268066406,361.8589782714844,362.7279357910156,364.6879577636719,365.2859191894531,366.41046142578125,369.2049255371094,370.37872314453125,372.14227294921875
sample_ca9edabe81317f9c,469.2886047363281,485.52178955078125,505.87884521484375,524.5721435546875,540.540771484375,546.6063842773438,547.2521362304688,538.7470703125,529.0753173828125,510.8096923828125,502.6106262207031,494.6929626464844
sample_8923a242befbdcf8,337.6203918457031,337.598388671875,339.2559814453125,340.0661926269531,342.32379150390625,345.33270263671875,349.46240234375,352.05206298828125,356.5693054199219,359.8337097167969,363.35223388671875,367.0325622558594
sample_61aee30832e3ecbd,322.4053039550781,323.0338134765625,326.2427062988281,332.6680908203125,340.4637451171875,350.3113098144531,366.72393798828125,387.187744140625,402.20977783203125,409.20074462890625,395.2307434082031,390.36810302734375
sample_bb0df1608fd9996a,566.8849487304688,574.0131225585938,575.2772827148438,584.191650390625,592.83203125,616.8260498046875,615.4396362304688,609.3809204101562,602.8890380859375,599.3038940429688,583.9750366210938,558.2637329101562
sample_63e8a80739fbc3b2,375.274658203125,386.0021667480469,403.3216552734375,418.5028381347656,437.00091552734375,452.3899841308594,465.865966796875,476.08270263671875,486.52178955078125,486.839599609375,491.5010681152344,493.3298034667969
sample_194876abba0460e7,312.65289306640625,316.6095886230469,324.52716064453125,331.23236083984375,340.8629150390625,351.4072570800781,361.869140625,368.4453430175781,377.08624267578125,384.1385803222656,389.82879638671875,395.2453918457031
sample_0d12d8e5d22e37aa,328.0411071777344,337.3453674316406,348.2376708984375,355.57464599609375,364.5720520019531,370.93243408203125,377.34912109375,381.9945068359375,388.1274108886719,391.71051025390625,396.07440185546875,397.4151916503906
sample_bf39199c65bce4e8,433.46453857421875,427.0299072265625,420.1892395019531,415.31396484375,409.2646179199219,402.91595458984375,397.0456237792969,392.0960388183594,387.74884033203125,383.28668212890625,380.99224853515625,379.56292724609375
sample_5730a034af44bac4,462.58447265625,454.3565979003906,447.2160949707031,441.59344482421875,434.8069152832031,428.8138732910156,424.3955383300781,421.25537109375,418.0569152832031,415.4669494628906,412.6212158203125,411.3421630859375
sample_7d3887a4d75905ce,466.4609680175781,462.20428466796875,453.3704528808594,445.3143615722656,436.42071533203125,427.6089782714844,420.7610168457031,414.8282470703125,408.8638916015625,403.59185791015625,399.34649658203125,395.9593505859375
sample_18d14c592d788c0f,543.1541748046875,529.276123046875,511.0052795410156,495.8274230957031,480.1128845214844,464.9788818359375,452.0972900390625,440.6145935058594,430.6605529785156,421.4146728515625,413.49755859375,408.2869567871094
sample_e8568dcf48a61672,420.09564208984375,422.2104187011719,421.4251708984375,419.23272705078125,415.16900634765625,410.24432373046875,405.9110412597656,402.1469421386719,397.83697509765625,395.21319580078125,392.6923522949219,390.3597717285156
sample_e21ece8800b6506e,390.184326171875,389.4344787597656,388.3339538574219,385.0162353515625,383.1374816894531,380.71002197265625,379.26947021484375,377.36895751953125,375.466552734375,373.8274841308594,373.1452941894531,372.07696533203125
sample_dadd2fec4e8eb683,617.677001953125,611.6331176757812,603.1061401367188,591.7510986328125,578.1687622070312,561.51123046875,543.8133544921875,527.394287109375,514.2178955078125,504.1318359375,497.5434875488281,490.16424560546875
sample_b0963902653010f3,450.31072998046875,458.0960388183594,461.125244140625,460.2239074707031,460.6048889160156,456.89434814453125,453.22955322265625,447.09613037109375,443.4641418457031,439.5299377441406,437.15618896484375,434.32183837890625
sample_0b2211f9692a8a42,516.6126708984375,535.11669921875,558.1013793945312,583.1688842773438,607.0436401367188,637.0340576171875,645.855712890625,642.848876953125,632.5087280273438,618.9368286132812,595.7740478515625,580.0311279296875
sample_a5bad79b9e0492b7,467.0458679199219,466.293212890625,465.6081237792969,464.5605163574219,464.6753234863281,465.24468994140625,466.13226318359375,466.49151611328125,468.49749755859375,468.5048828125,468.8968200683594,469.3350830078125
sample_7ecaf5a68ca31e7e,378.5213623046875,375.07550048828125,373.74603271484375,374.7715759277344,372.3460388183594,373.4440612792969,376.5163879394531,378.2562561035156,379.06121826171875,381.3584289550781,381.06158447265625,388.1216735839844
sample_398971cbbd2dddb9,323.18939208984375,327.1266174316406,331.7698669433594,338.1739196777344,339.1796569824219,342.18548583984375,346.1838073730469,344.5130920410156,343.3940734863281,347.68365478515625,346.6963195800781,343.2301330566406
sample_22a4a10989d27512,388.1121826171875,386.47698974609375,384.57666015625,381.8670349121094,380.2527770996094,377.9893493652344,377.3433532714844,375.7638854980469,374.5289001464844,372.970458984375,372.4686279296875,371.57666015625
sample_def1593c707df587,416.2525329589844,423.70159912109375,433.3066101074219,446.6246337890625,455.1848449707031,445.2784118652344,447.82708740234375,449.4724426269531,448.44000244140625,457.2620544433594,455.5713195800781,446.27459716796875
sample_9dfe86193c93c72e,432.38800048828125,429.2469177246094,423.447265625,425.8459777832031,427.6405334472656,427.98870849609375,434.8826599121094,419.41473388671875,413.706298828125,411.4186096191406,407.16583251953125,400.2684326171875
sample_6954a2ee3a530e0c,354.8633117675781,355.06536865234375,357.2245788574219,358.85455322265625,361.7490539550781,365.001708984375,370.352294921875,373.2910461425781,379.7953796386719,385.8794860839844,387.8456115722656,386.3650207519531
sample_c2e881f9ea06a300,437.1478271484375,431.04058837890625,423.7864074707031,418.3055114746094,410.71417236328125,402.90625,396.0915222167969,390.3536682128906,384.4647521972656,379.53985595703125,374.9154052734375,372.45904541015625
sample_e24c78be700a59ee,311.6550598144531,314.5255126953125,318.4847106933594,321.71807861328125,327.2949523925781,332.04083251953125,338.504638671875,341.560546875,343.06048583984375,346.8082580566406,349.8447265625,351.5793151855469
sample_4b2005b2872dddfd,353.4430847167969,358.8269348144531,372.4448547363281,392.5093078613281,419.4383239746094,442.4999694824219,459.1311950683594,474.36407470703125,485.3871765136719,485.02130126953125,486.4639892578125,483.54730224609375
sample_b5eb8930f4e4767f,356.5083312988281,356.98614501953125,358.8770751953125,359.93328857421875,364.6042175292969,371.71380615234375,377.63836669921875,380.824951171875,386.1689758300781,386.60736083984375,391.4290771484375,392.8608093261719
sample_d02aa28a72516a12,324.77783203125,329.7063903808594,333.6312255859375,336.9091796875,339.08587646484375,340.904052734375,342.6356201171875,342.6978454589844,343.2070007324219,342.53643798828125,343.4631042480469,343.1468505859375
sample_5739d899257ebc50,370.0439453125,372.11181640625,377.9989318847656,382.0989074707031,385.13885498046875,379.14056396484375,379.7832336425781,385.9605407714844,393.15057373046875,404.1982116699219,406.3866882324219,419.6832275390625
sample_bd76ea1f7eabee01,415.5084228515625,411.3719177246094,407.8428649902344,405.861328125,402.4542236328125,400.0787658691406,399.6806640625,398.7706604003906,397.9725646972656,396.9117126464844,396.15655517578125,395.7484130859375
sample_3ade44cde4583463,483.8875732421875,518.623046875,549.6921997070312,571.26220703125,581.4005737304688,587.403564453125,570.0367431640625,566.1234130859375,551.5413818359375,517.1142578125,494.6667175292969,486.43792724609375
sample_e72d45f067e8efa6,475.70916748046875,466.04742431640625,458.20208740234375,456.50311279296875,457.7212829589844,460.4696960449219,458.7335510253906,461.2316589355469,463.97039794921875,461.04083251953125,457.30364990234375,456.9036865234375
sample_c325fa534be5ca81,369.5498352050781,370.0267333984375,377.5329284667969,391.77752685546875,399.6561279296875,420.1865539550781,438.909912109375,448.2419738769531,457.2964782714844,461.7882080078125,464.97723388671875,465.90643310546875
sample_b1b6a3bffe3c04b8,303.19012451171875,310.5440979003906,320.04217529296875,330.846435546875,340.971435546875,355.4794921875,371.0509338378906,384.1572570800781,410.6346435546875,414.65594482421875,405.7121887207031,420.66485595703125
sample_a6e7d2473da21122,445.880859375,441.6126403808594,435.66241455078125,428.9514465332031,423.2656555175781,416.8271484375,410.9146423339844,403.7977294921875,399.0167236328125,393.6263122558594,390.2316589355469,386.34149169921875
sample_a28dc11ac34655a0,361.9564208984375,365.3037109375,369.17230224609375,377.1819763183594,385.72454833984375,396.1161193847656,413.5205078125,437.0013122558594,446.8431091308594,450.04815673828125,465.0478820800781,484.2200622558594
sample_f2d838b56a78bf50,412.38934326171875,408.9463806152344,406.21832275390625,403.7048645019531,401.58929443359375,399.49151611328125,399.02105712890625,397.5079345703125,396.8017272949219,397.474853515625,395.30584716796875,394.8568420410156
sample_9fb6560197d64d85,392.36114501953125,388.2046203613281,386.20404052734375,385.24176025390625,383.2765808105469,382.0161437988281,382.0099182128906,382.00286865234375,381.9844665527344,382.9184875488281,382.1722412109375,382.57598876953125
sample_d5ed5d16eb051db3,447.07861328125,440.88275146484375,433.3975830078125,425.5531005859375,416.50738525390625,407.3591613769531,399.6465148925781,392.80450439453125,386.08087158203125,380.4290771484375,375.2395935058594,371.5765686035156
sample_dee272b4d9b6e7f6,411.6390686035156,406.56500244140625,402.6342468261719,399.9433898925781,396.284912109375,393.56512451171875,391.9609069824219,390.7164001464844,390.12066650390625,389.3363952636719,389.5730895996094,391.471435546875
sample_be6d5d84fd75cb5f,483.79656982421875,481.3375549316406,480.3089904785156,479.0693664550781,478.7544250488281,478.3507385253906,479.0756530761719,478.9130554199219,479.0085144042969,478.8277893066406,478.9288635253906,478.59857177734375
sample_86a11abbdac3a4fd,379.8329772949219,380.2228088378906,380.2511291503906,377.8539733886719,377.3283996582031,376.2101135253906,374.7061462402344,373.2439880371094,371.0125732421875,369.853759765625,368.1573486328125,367.90521240234375
sample_ad67c2d30bbb79cb,305.0506591796875,309.4324951171875,317.87469482421875,330.58111572265625,342.08343505859375,347.6157531738281,347.24560546875,354.17755126953125,364.1947326660156,374.1507263183594,376.67950439453125,371.69927978515625
sample_b9c99eeb78309b0b,476.4869689941406,477.4955749511719,469.7437438964844,459.9282531738281,452.82928466796875,445.3663330078125,438.7125244140625,431.9943542480469,425.5589904785156,420.34375,415.27935791015625,411.007080078125
sample_64e63a14f89f1822,729.6775512695312,709.8888549804688,685.336181640625,656.4904174804688,626.0047607421875,596.8826293945312,570.741455078125,545.34326171875,523.6787109375,505.855224609375,492.9039306640625,484.696044921875
sample_7bdb6312580a1772,455.02093505859375,449.08941650390625,441.2728271484375,433.0575256347656,425.0953063964844,416.83148193359375,409.61871337890625,402.1739807128906,395.8725891113281,390.01654052734375,385.0655822753906,380.9077453613281
sample_c76758afe769c314,618.2977905273438,586.49609375,552.220458984375,523.7066650390625,497.09942626953125,473.7496337890625,455.9600524902344,440.69921875,428.0735168457031,416.58990478515625,406.3279724121094,397.7999572753906
sample_87a518e543389d70,348.7059631347656,349.6293029785156,349.9857482910156,351.696044921875,354.6323547363281,356.1436462402344,356.4470520019531,356.765625,356.2686462402344,358.0007019042969,357.97479248046875,360.96533203125
sample_4aafd7771b5626da,549.8916015625,528.0985717773438,506.5572509765625,489.5984802246094,471.6074523925781,455.4879150390625,440.8204040527344,428.30609130859375,416.6413269042969,406.564453125,398.13006591796875,393.08953857421875
sample_34e62ce6407c3216,328.454833984375,331.299560546875,335.7901916503906,338.5029602050781,343.3446044921875,350.5575256347656,358.1113586425781,368.48260498046875,376.6763916015625,386.1250305175781,394.89593505859375,404.8619384765625
sample_602a952ffc76b1f9,478.12139892578125,482.2029724121094,482.5061950683594,480.2634582519531,475.0008239746094,465.9646911621094,457.86639404296875,452.59271240234375,445.60870361328125,437.62066650390625,428.55322265625,424.16326904296875
sample_0f0021f0e9dbade4,364.4919128417969,364.6463623046875,366.9854736328125,370.8324279785156,381.0164489746094,401.47540283203125,424.7870178222656,442.81146240234375,457.18365478515625,474.9212646484375,491.2554931640625,506.4317321777344
sample_502106b0ea218586,504.84014892578125,521.9599609375,535.0189208984375,546.29150390625,560.0156860351562,570.4093627929688,589.1661376953125,599.370849609375,619.9706420898438,622.9396362304688,624.8880004882812,611.7687377929688
sample_43c42d653a087210,306.2906188964844,307.5086364746094,310.3938903808594,313.53131103515625,318.1284484863281,323.0286865234375,328.62445068359375,332.3876647949219,338.1873779296875,342.65228271484375,347.4613342285156,350.68841552734375
sample_23df036abcd6ffd2,315.0259094238281,317.2962951660156,321.5333251953125,323.8914794921875,328.5696716308594,333.3976745605469,339.5854797363281,344.2520751953125,349.9769287109375,354.6435241699219,359.63446044921875,363.6012268066406
sample_c32324e056c04586,362.5169677734375,361.3804626464844,362.40093994140625,365.5569763183594,363.1154479980469,362.2913513183594,361.315673828125,360.0562744140625,359.8728942871094,361.95556640625,362.3686218261719,364.566650390625
sample_a374ec0dfd91e4dd,426.4620056152344,426.5637512207031,426.6865539550781,425.7917785644531,425.3766784667969,424.8148193359375,425.374267578125,424.6761779785156,425.5567321777344,425.08306884765625,424.3445129394531,424.09844970703125
sample_db06b69b127465ae,346.0894470214844,349.366455078125,353.5267639160156,356.7351989746094,361.87353515625,369.39398193359375,379.14080810546875,394.94024658203125,418.31610107421875,444.89019775390625,464.02227783203125,482.4317321777344
sample_a5b7033872f30114,293.89691162109375,297.540283203125,303.4366149902344,308.2811584472656,316.5557556152344,326.7647399902344,335.5719299316406,344.6995849609375,353.546142578125,360.8232421875,366.8411865234375,370.6379089355469
sample_200674dacd7791b2,563.3352661132812,551.4439086914062,533.7565307617188,516.92822265625,501.21429443359375,486.246337890625,473.04168701171875,461.20782470703125,450.44573974609375,442.2135009765625,433.39508056640625,426.949951171875
sample_1dbc98c7f7ac8616,431.61004638671875,443.9309997558594,454.0722961425781,459.6092834472656,468.9360046386719,477.96942138671875,495.62017822265625,514.1098022460938,531.923095703125,553.8444213867188,581.1494750976562,608.39599609375
sample_80aca2705af14aa9,300.6475524902344,302.3974609375,306.7657470703125,310.1971130371094,316.38543701171875,324.0249938964844,331.7627258300781,336.92327880859375,345.45843505859375,351.0541076660156,356.1724548339844,361.4830627441406
sample_e7a90a20639cc6af,374.7907409667969,383.87457275390625,404.8770446777344,439.09307861328125,481.9706726074219,547.57177734375,602.8493041992188,653.5372314453125,681.9019775390625,691.1529541015625,697.9780883789062,671.1051025390625
sample_2305f19115f72293,384.6975402832031,389.1668701171875,390.17962646484375,390.081787109375,390.7004089355469,391.9800720214844,394.6549987792969,394.6351318359375,388.7591552734375,384.4741516113281,381.9122314453125,379.4613037109375
sample_708bd380478610e5,331.91485595703125,358.52252197265625,398.9119873046875,421.407470703125,440.0989990234375,450.19512939453125,472.5814514160156,494.77435302734375,492.58197021484375,490.710205078125,507.2183837890625,521.7180786132812
sample_718a425a7f32152d,585.9431762695312,587.5711059570312,585.123291015625,582.788818359375,583.5286865234375,579.1466064453125,567.6488037109375,559.5435180664062,552.64013671875,538.72998046875,529.4193725585938,518.562255859375
sample_7034f269e20531c6,283.2542724609375,287.86956787109375,294.0827941894531,299.42230224609375,306.599853515625,314.6407470703125,322.9024658203125,330.1368713378906,337.5548400878906,344.1959228515625,348.6441650390625,353.1414794921875
sample_dfa23604ffe4e871,303.36016845703125,308.29510498046875,317.1800231933594,328.0432434082031,334.5694580078125,336.89666748046875,340.32354736328125,344.9504089355469,348.03216552734375,352.43017578125,357.4988708496094,372.69927978515625
sample_c57371b9cbb0b5eb,311.3597106933594,326.3278503417969,344.3506164550781,368.225341796875,407.8951416015625,423.57757568359375,434.28515625,437.1268310546875,453.9444885253906,472.0794982910156,466.5028381347656,459.64080810546875
sample_a6ff4f7128129243,476.3594055175781,478.3488464355469,488.0613098144531,512.8052978515625,535.2487182617188,563.3899536132812,587.7560424804688,619.8284912109375,631.6473388671875,627.37109375,618.0205078125,608.438232421875
sample_c66bf023db6fb236,547.0460815429688,551.62646484375,557.8745727539062,563.1331787109375,565.999267578125,568.174560546875,565.5951538085938,560.0350952148438,558.6712646484375,556.7506103515625,553.6214599609375,550.23291015625
sample_7d72f29d28a462eb,353.624267578125,353.4618835449219,355.1035461425781,357.1296081542969,364.7313232421875,379.5958251953125,392.1673278808594,403.4283752441406,411.05810546875,416.96026611328125,425.5841064453125,430.5843505859375
sample_e5d38682b9e3c759,358.5888671875,358.1533203125,358.86279296875,358.9686584472656,360.2452697753906,361.8876647949219,364.18890380859375,364.64019775390625,366.8115234375,367.4132385253906,369.1089782714844,370.1622314453125
sample_87edf5483f8e2644,392.7415771484375,391.4390869140625,387.8196105957031,385.35040283203125,381.3929138183594,377.76263427734375,375.4185485839844,373.06048583984375,368.2637939453125,365.71417236328125,363.3875732421875,362.7655334472656
sample_45b027b80ec145c0,395.9656982421875,418.2433166503906,445.6878967285156,461.90753173828125,479.72027587890625,512.1044921875,530.0109252929688,526.3505859375,513.4695434570312,520.2030029296875,515.84033203125,504.76873779296875
sample_d694ab0aa6d155dd,341.3658142089844,343.64337158203125,347.89434814453125,350.1888427734375,354.0037536621094,358.2171325683594,362.9703369140625,369.30633544921875,378.9975280761719,391.3400573730469,397.6812744140625,405.8135681152344
sample_d6d9abdc330155b5,492.9777526855469,479.636474609375,464.505615234375,454.8290100097656,444.54022216796875,431.52166748046875,419.7894287109375,413.87225341796875,412.9921569824219,411.2007751464844,405.990478515625,397.7064514160156
sample_adb910fbf1a11043,381.0712585449219,378.8172607421875,378.2153625488281,378.1317443847656,377.6672668457031,377.7431335449219,379.68243408203125,379.67999267578125,380.6795654296875,381.7808532714844,382.0349426269531,382.8629455566406
sample_4d7d7cbab0c075fe,373.2789611816406,368.2898864746094,364.0926513671875,360.03411865234375,356.7785949707031,355.1851806640625,355.0585632324219,354.1842041015625,353.7149963378906,354.01483154296875,353.9006042480469,354.6506042480469
sample_fdf6e82afea20072,657.1653442382812,647.8297729492188,635.0629272460938,621.4176635742188,607.2412109375,596.0863647460938,585.849609375,581.8824462890625,578.3739013671875,584.00634765625,578.4021606445312,571.3623046875
sample_7c20fa52031240a1,315.64990234375,318.8974304199219,323.3670349121094,325.9251403808594,330.0732116699219,333.4414367675781,338.2730712890625,340.64190673828125,344.81103515625,346.9105529785156,350.25506591796875,351.58062744140625
sample_ef774bda3503132c,469.74249267578125,459.5653381347656,451.5775146484375,444.1555480957031,430.20574951171875,423.4971923828125,426.3062744140625,427.8587646484375,410.42791748046875,397.7099609375,388.86328125,384.41650390625
sample_5b0a60687c358002,437.0146484375,435.1192626953125,432.0175476074219,428.7469787597656,424.3614807128906,419.15838623046875,415.50213623046875,411.2825012207031,407.3495178222656,403.735107421875,400.78643798828125,398.13226318359375
sample_ce81b0d4f259d830,338.5737609863281,339.02728271484375,340.73382568359375,343.05126953125,341.87371826171875,343.0229797363281,344.39117431640625,346.62408447265625,347.18353271484375,347.0761413574219,346.30712890625,347.40643310546875
sample_56700f5fb7f5babe,407.3505859375,404.74591064453125,403.6700134277344,403.96624755859375,405.4267578125,409.1300354003906,415.29071044921875,422.6435852050781,434.24658203125,449.64013671875,465.2625732421875,487.5849914550781
sample_dd4aa21a823dc4b4,330.82586669921875,331.479248046875,334.3538513183594,336.3573303222656,340.1419982910156,344.59771728515625,350.26593017578125,353.1164855957031,358.77203369140625,361.6732177734375,365.7254638671875,367.7768859863281
sample_ddc1f1ea5e6b0a7d,391.2216491699219,384.8019104003906,379.49468994140625,375.2974548339844,371.28997802734375,368.9305114746094,367.8464050292969,366.285888671875,365.0860290527344,364.9413757324219,364.83721923828125,365.1851806640625
sample_c223e0d5fbfdc3b5,359.91558837890625,375.4151916503906,392.6562194824219,408.3229675292969,423.4520263671875,441.56683349609375,452.1143798828125,459.1199951171875,466.62158203125,477.0300598144531,483.89508056640625,494.2051086425781
sample_66967f158aec8750,401.4451599121094,396.24517822265625,390.03668212890625,385.51275634765625,378.5960998535156,373.52020263671875,369.7095947265625,368.42486572265625,369.8929748535156,373.3572998046875,372.9988708496094,375.2393798828125
sample_17c577d41bca1de0,702.6838989257812,678.2691650390625,651.5565795898438,628.7533569335938,606.6798706054688,586.4728393554688,569.8436279296875,554.5772094726562,541.9951171875,530.4644165039062,520.0010986328125,511.66552734375
sample_6fece599c3084123,344.3651428222656,349.7040100097656,355.7639465332031,364.2089538574219,370.1634826660156,372.81884765625,377.47003173828125,378.80804443359375,388.6177978515625,402.18377685546875,406.29083251953125,428.6294860839844
sample_baf8b5227538eda2,369.08087158203125,370.8858947753906,373.5052795410156,374.7131652832031,376.4326477050781,376.856689453125,377.45123291015625,377.720703125,376.90478515625,376.4344482421875,376.3043212890625,376.1490173339844
sample_e654a62f88d26b1a,472.1668701171875,469.8646240234375,467.29510498046875,463.1018371582031,461.05206298828125,459.64105224609375,459.4200134277344,457.7147216796875,459.1048278808594,458.5943908691406,459.01788330078125,459.0472717285156
sample_3d8da33279907f82,392.8360900878906,391.66162109375,391.0630798339844,389.66119384765625,388.7957458496094,387.626708984375,386.721435546875,385.79693603515625,384.1104736328125,382.8455810546875,381.6619873046875,380.8579406738281
sample_6e1e4dcba55153e6,397.9402770996094,401.5515441894531,406.6933288574219,406.7178955078125,406.9657287597656,406.1408996582031,407.8905944824219,409.4910583496094,414.6419677734375,421.08404541015625,430.2674255371094,441.882080078125
sample_3601dc0b71150778,332.9825439453125,336.5935974121094,341.019775390625,346.90093994140625,353.90545654296875,362.8918151855469,373.00982666015625,384.22161865234375,392.2467956542969,406.166259765625,414.8941650390625,423.4622802734375
sample_b9907020802de2d4,409.1939697265625,410.3768615722656,410.70977783203125,408.7109375,407.3949279785156,404.0499267578125,401.51226806640625,399.06390380859375,396.9046630859375,394.4093017578125,392.499755859375,391.2415771484375
sample_68a3bfb758091af6,300.5968322753906,304.384521484375,309.12420654296875,311.63623046875,314.2795104980469,317.7308044433594,320.33160400390625,321.9130859375,321.33984375,323.76165771484375,325.606201171875,328.2798156738281
sample_338e4046afb5ffb0,271.5133056640625,277.8298645019531,286.1113586425781,292.8782958984375,301.9952392578125,311.57440185546875,320.9752197265625,328.8080749511719,337.6241455078125,344.3377685546875,349.94805908203125,354.35382080078125
sample_2b00abc3642ecdf9,341.6335144042969,344.5089111328125,348.83905029296875,351.15618896484375,354.7384338378906,359.64569091796875,365.0722351074219,369.35040283203125,373.40753173828125,376.6141357421875,379.0333251953125,383.0499267578125
sample_70e291b1bd001d22,379.51007080078125,384.1775207519531,387.832763671875,389.9339904785156,391.4295349121094,393.0462951660156,395.0553894042969,397.44189453125,408.4053649902344,429.3572998046875,449.8650207519531,476.7333679199219
sample_258f733430c0090d,298.8147277832031,302.6809387207031,308.0339050292969,312.3968811035156,318.9429931640625,326.7757263183594,336.35845947265625,345.42498779296875,361.9864501953125,374.70172119140625,382.6962890625,381.1336975097656
sample_123c825a6b630e9e,339.1616516113281,342.5355529785156,348.0892333984375,353.72735595703125,358.0174865722656,371.6486511230469,389.8510437011719,400.61822509765625,397.5505065917969,412.28240966796875,428.360595703125,428.0194091796875
sample_ac797d4a3d55825e,372.7181396484375,372.85223388671875,376.6263122558594,385.94952392578125,404.4691162109375,426.5269470214844,440.50823974609375,452.1402893066406,463.3376770019531,473.61468505859375,475.06024169921875,469.12786865234375
sample_f366ebfe402e459f,353.1180725097656,353.4931945800781,355.09051513671875,356.2099914550781,358.1395568847656,361.0819396972656,364.6632385253906,367.47918701171875,372.1679992675781,374.4437561035156,377.5978088378906,380.4919128417969
sample_7892099e0f838c55,439.6086120605469,434.2898864746094,427.4117431640625,421.8514709472656,414.17083740234375,406.40716552734375,399.5462646484375,393.6790771484375,388.1089782714844,382.9834899902344,378.717529296875,375.9018859863281
sample_9a6caef8a292d7ff,519.9991455078125,512.1004028320312,505.2167663574219,495.08941650390625,486.83172607421875,475.6133117675781,466.8179016113281,459.7333068847656,457.4366455078125,454.4290771484375,448.6468505859375,446.9090270996094
sample_a833807190d91de7,310.2957763671875,313.2051086425781,317.7418212890625,321.4208984375,326.9639892578125,333.18243408203125,339.5841979980469,345.2554931640625,351.5875244140625,357.3643493652344,360.83148193359375,365.48565673828125
sample_185e90e1b74d1d8e,436.61724853515625,437.03826904296875,432.6220703125,429.87158203125,429.8768615722656,423.224609375,415.63330078125,403.70623779296875,394.4233703613281,388.7110900878906,386.661865234375,389.16455078125
sample_95bef81cc759e0c4,398.6317443847656,395.815185546875,394.0032653808594,393.6147155761719,393.27154541015625,394.9112243652344,400.4244689941406,409.0164489746094,415.1062316894531,421.0001220703125,422.4754638671875,420.45611572265625
sample_c1e85d760a5a250a,332.9902648925781,339.738037109375,346.7919921875,351.2581481933594,357.3631896972656,361.19879150390625,365.19805908203125,366.83514404296875,369.95953369140625,369.1651611328125,371.0417175292969,370.6600036621094
sample_be78d18cc91a3a9e,494.68890380859375,485.92779541015625,473.2853088378906,462.58380126953125,449.94219970703125,437.7574462890625,426.86639404296875,418.6451416015625,410.4346618652344,403.7969970703125,397.24224853515625,392.76129150390625
sample_3338b9101c9c74e3,467.3526916503906,462.1649169921875,453.1064147949219,443.8014831542969,434.7765197753906,424.7646179199219,416.67303466796875,407.95025634765625,400.38458251953125,394.14141845703125,387.7369384765625,383.02398681640625
sample_7bfe83a2cc70b36c,374.507568359375,371.7319641113281,370.8229675292969,369.0115051269531,367.8495788574219,368.8674621582031,371.46343994140625,371.4876403808594,373.51116943359375,375.58026123046875,376.4932556152344,378.53216552734375
sample_d167348554f5471e,585.977783203125,563.8950805664062,537.7808227539062,513.8388061523438,490.9571533203125,475.08245849609375,460.21368408203125,454.71624755859375,446.72149658203125,434.115478515625,433.03289794921875,425.970703125
sample_577f4ae887d29168,662.5755615234375,628.4561767578125,594.1082153320312,564.9857177734375,535.4972534179688,507.5533752441406,483.2161560058594,462.46527099609375,447.5423278808594,434.3149719238281,422.6247863769531,413.9337158203125
sample_53017a19ad113099,333.18878173828125,341.27105712890625,353.9733581542969,361.20208740234375,371.4342041015625,381.999267578125,398.2210693359375,403.8080749511719,402.365966796875,392.1318054199219,397.74578857421875,401.1408386230469
sample_c1f1ca90ba44eb6a,592.7902221679688,592.4374389648438,588.0701904296875,581.598388671875,577.2991333007812,569.9906005859375,560.55078125,545.3197631835938,533.0070190429688,522.148193359375,514.58056640625,508.3538513183594
sample_bcc7c5ccfc0148cc,296.5658874511719,300.2705383300781,305.9019470214844,309.851318359375,313.49237060546875,318.2237854003906,324.1155700683594,331.0385437011719,341.6763916015625,355.2843933105469,363.2369384765625,371.6385803222656
sample_cbc5b2e481e2cbb8,374.1412658691406,373.6029968261719,373.46417236328125,373.91162109375,374.04241943359375,375.1335754394531,376.67138671875,378.44378662109375,380.1891174316406,381.099609375,382.7210998535156,384.0108642578125
sample_4f2ea21de5cc10e9,421.3187561035156,419.2643737792969,416.69793701171875,414.65606689453125,411.55230712890625,408.12432861328125,408.0517883300781,407.3909912109375,409.06524658203125,411.0518493652344,409.4862976074219,409.39361572265625
sample_cc5eed2a4839bf80,460.4451599121094,455.0533142089844,449.3978576660156,445.10791015625,436.9397277832031,430.57733154296875,425.36224365234375,420.7807922363281,416.3453674316406,413.8741149902344,410.0399475097656,407.950927734375
sample_a9d015e738b93468,594.919189453125,626.1897583007812,636.801513671875,637.6768798828125,619.8397827148438,601.760986328125,586.8173828125,575.4114379882812,568.2254028320312,557.1795654296875,552.7457885742188,548.4805908203125
sample_4c04fe400abe409b,434.4707946777344,439.018798828125,439.67236328125,440.1971130371094,437.144775390625,432.6885681152344,428.9398498535156,430.2842712402344,434.9655456542969,446.51837158203125,464.0518798828125,499.4223327636719
sample_d2c85ad0c10e641c,510.6705322265625,506.45892333984375,500.41973876953125,488.7196044921875,477.539306640625,463.036376953125,448.92529296875,438.03497314453125,428.56256103515625,421.15557861328125,415.2113342285156,410.5882568359375
sample_a703badef0896e21,433.83929443359375,424.3717041015625,415.14599609375,408.6087951660156,399.8930358886719,393.21575927734375,388.1568603515625,383.86212158203125,380.0309753417969,377.652587890625,374.7899475097656,373.515869140625
sample_580c0c5cc02df7d3,425.1073303222656,423.68487548828125,420.7571105957031,417.65606689453125,416.21197509765625,414.7413330078125,415.9110412597656,415.3443908691406,414.2978515625,414.48077392578125,413.3080749511719,413.18475341796875
sample_09463368b15d29df,303.87664794921875,309.6785583496094,318.5001525878906,327.23394775390625,339.758544921875,349.53485107421875,361.2947692871094,376.9945373535156,385.94073486328125,413.3682861328125,413.7713928222656,403.28790283203125
sample_b7f8ee02ad176a07,440.75311279296875,447.4880676269531,453.9595947265625,453.7545166015625,456.519287109375,450.802490234375,446.0177307128906,441.55206298828125,437.90447998046875,433.88201904296875,431.9231872558594,428.47039794921875
sample_e086ccac3b42e242,378.11962890625,381.6341857910156,392.9997253417969,404.96942138671875,422.2218322753906,437.6624755859375,448.087158203125,460.8792724609375,471.5740661621094,474.158935546875,469.73162841796875,469.29571533203125
sample_432062ee747b67b0,464.1496887207031,457.0192565917969,443.46612548828125,438.9986877441406,430.84442138671875,417.951904296875,413.20989990234375,420.9570617675781,421.939697265625,406.78765869140625,393.2634582519531,386.85546875
sample_e52491f5b7443a51,387.6001892089844,386.9014587402344,384.1288146972656,381.60687255859375,377.0867919921875,376.193603515625,369.5928649902344,366.1977844238281,364.5859069824219,362.1699523925781,364.1534729003906,368.1754150390625
sample_aa0205170e5bc96a,468.377685546875,465.9654235839844,460.2464904785156,451.9109191894531,445.4349365234375,437.14996337890625,429.82537841796875,421.54010009765625,415.69677734375,409.7147521972656,405.2440185546875,400.7889099121094
sample_8f719fbbfb4eb4d9,370.7513122558594,368.28424072265625,367.6007080078125,367.34234619140625,366.62176513671875,366.6063537597656,368.42437744140625,369.27069091796875,370.32720947265625,371.9108581542969,372.0517578125,373.864013671875
sample_7c04944737a22f65,350.59991455078125,351.3585205078125,354.06622314453125,357.65057373046875,360.5807800292969,362.9238586425781,366.8544006347656,377.1808776855469,389.2535095214844,395.9953308105469,395.6199035644531,419.9239501953125
sample_441985d03a421f6e,381.6209411621094,381.35113525390625,383.6150817871094,388.30340576171875,396.5222473144531,410.050537109375,426.005615234375,444.5809326171875,467.65008544921875,491.46551513671875,510.3332214355469,526.54150390625
sample_f388ab5aea59ea4f,510.3894348144531,493.01678466796875,474.225830078125,458.3371276855469,440.66021728515625,424.69207763671875,411.4944152832031,399.71966552734375,389.49798583984375,379.84136962890625,371.60711669921875,365.188232421875
sample_952cf4fee3d13ea7,339.9052734375,339.32635498046875,339.4020690917969,343.05126953125,346.121337890625,351.6366271972656,353.5126953125,354.31817626953125,353.1642150878906,354.41351318359375,352.8981628417969,351.9451599121094
sample_552461cfa52bb154,599.9157104492188,579.944580078125,560.0029296875,543.6500244140625,530.0099487304688,521.8926391601562,520.4362182617188,518.0552978515625,510.93157958984375,505.57208251953125,500.43572998046875,493.9414978027344
sample_87a6ae36be10d748,560.92578125,536.5635375976562,518.3352661132812,502.3758850097656,483.03271484375,472.10186767578125,455.0157470703125,446.563720703125,434.92327880859375,433.0979309082031,443.80322265625,447.505126953125
sample_70fdd372dfb09700,341.0719299316406,346.0262145996094,353.1524963378906,357.46380615234375,364.6687927246094,371.68206787109375,378.0948791503906,383.3165283203125,389.6156311035156,392.56524658203125,396.106201171875,398.9820861816406
sample_eba74674c70bc28e,309.6337585449219,313.05731201171875,318.0754699707031,321.0823974609375,325.573486328125,329.54962158203125,334.9286193847656,340.0520935058594,346.843505859375,361.7333984375,377.26080322265625,398.40740966796875
sample_d7c0f7f9befcc3c5,459.1695861816406,454.4379577636719,446.9397277832031,440.3639831542969,431.7020263671875,423.2910461425781,416.02880859375,409.9706115722656,403.4647521972656,398.53985595703125,393.6459655761719,389.90447998046875
sample_5c72a5b97c3c72b6,365.9112548828125,365.3078918457031,365.8853759765625,365.8839416503906,368.3652648925781,373.01751708984375,382.33837890625,397.04193115234375,407.3446044921875,415.22052001953125,420.6128234863281,425.70709228515625
sample_2a78b8d6db2c3bf9,573.7672119140625,555.3235473632812,531.7813110351562,511.5097351074219,490.48382568359375,470.86962890625,454.76605224609375,440.82470703125,429.93634033203125,419.4361572265625,410.638916015625,404.08953857421875
sample_5409aef1334cbab4,357.69561767578125,357.9469909667969,360.71673583984375,372.4626159667969,378.74884033203125,390.9459228515625,389.90081787109375,387.2554626464844,385.96942138671875,390.6107482910156,390.2435607910156,391.00091552734375
sample_8f3fc6ae465db9f7,348.306396484375,375.08099365234375,403.5218505859375,425.4219970703125,439.6965026855469,453.9434814453125,456.4999084472656,459.7980041503906,469.7623291015625,487.65679931640625,503.32794189453125,526.5018310546875
sample_3d143561647b56ea,411.1357727050781,404.138916015625,397.95269775390625,394.90875244140625,389.1581726074219,385.3627624511719,382.9104309082031,380.90283203125,379.7498474121094,378.1165771484375,375.11370849609375,374.9147033691406
sample_6dd569fc00896435,458.17181396484375,453.4243469238281,450.73150634765625,449.92724609375,449.7983703613281,451.4343566894531,456.7255554199219,461.416015625,473.8240051269531,490.1473388671875,503.7462158203125,519.822021484375
sample_50d6a8b849bea319,312.2671813964844,316.4271545410156,322.6243896484375,328.2404479980469,341.4696350097656,356.8892822265625,368.6615295410156,379.2589111328125,391.0014953613281,406.8868103027344,411.86236572265625,408.6798095703125
sample_e4b14390a631a02e,450.19036865234375,477.1525573730469,492.63311767578125,506.2139587402344,522.0704956054688,535.9082641601562,548.873779296875,552.9234619140625,552.174560546875,552.572265625,549.9427490234375,548.7667846679688
sample_b52e54daabfeffa9,441.45465087890625,444.4197692871094,445.8111572265625,443.24591064453125,441.9740905761719,438.3541564941406,436.0597839355469,433.21942138671875,431.75970458984375,429.16656494140625,427.6122741699219,426.04400634765625
sample_59f6dea3cba0ebc1,573.3587036132812,544.9458618164062,517.554931640625,496.0485534667969,477.50347900390625,467.04364013671875,457.50213623046875,451.42132568359375,444.34417724609375,434.73260498046875,425.51348876953125,417.31488037109375
sample_317ff04b207aa53d,359.46954345703125,359.8164978027344,361.0844421386719,361.404052734375,362.8830871582031,364.51129150390625,367.43304443359375,368.2647705078125,370.7716369628906,371.5206298828125,372.6048889160156,373.75018310546875
sample_e6fd39edff16a250,461.5878601074219,456.41455078125,449.5646667480469,443.3804931640625,434.7582702636719,426.3943786621094,418.93951416015625,412.8757019042969,406.664306640625,402.05975341796875,396.48431396484375,393.51519775390625
sample_1570f6066b5f8930,390.1930847167969,384.4136962890625,380.1340637207031,378.3482360839844,375.3786926269531,373.9085693359375,374.442138671875,374.48590087890625,374.5213623046875,376.1741943359375,376.1980895996094,377.6473388671875
sample_0117adff8598e079,405.296142578125,402.6940612792969,400.5104064941406,398.9784240722656,396.9963073730469,394.72857666015625,392.9332580566406,390.1689758300781,387.9139709472656,386.1741943359375,385.3224182128906,385.3849182128906
sample_ec9ca320e737e600,658.8168334960938,657.2799682617188,653.028076171875,649.0280151367188,645.5523071289062,640.925537109375,634.1743774414062,627.2485961914062,617.24658203125,606.44775390625,593.03466796875,583.5713500976562
sample_bc925424b9053bd8,406.62017822265625,403.1468505859375,401.4405822753906,399.5645446777344,399.60858154296875,401.87017822265625,409.9502868652344,416.9367980957031,415.6216125488281,422.0648498535156,440.6092834472656,446.445068359375
sample_b189a8d21b4d8992,330.73394775390625,333.9080810546875,338.1933898925781,340.6771545410156,345.09197998046875,348.7308044433594,353.4962158203125,355.4283447265625,359.13751220703125,361.10467529296875,363.98870849609375,365.63677978515625
sample_cbb02267494e2ebc,333.1947326660156,337.69573974609375,343.3189392089844,350.4061584472656,356.3499755859375,355.2286376953125,360.78924560546875,361.6487121582031,368.14501953125,378.5081787109375,373.47589111328125,381.73809814453125
sample_805a2fa8ebc508e4,470.21685791015625,471.1070861816406,467.1653137207031,461.08648681640625,456.1557312011719,449.4501647949219,442.81732177734375,437.34014892578125,432.13372802734375,427.79583740234375,423.5625,419.7759094238281
sample_f2fbe0537d9bdfb4,444.3576965332031,447.15325927734375,445.5885009765625,441.5352783203125,439.0738525390625,435.7503967285156,431.7116394042969,428.9494934082031,423.8179626464844,421.35870361328125,416.97216796875,411.09735107421875
sample_657105f64fe32247,296.8936767578125,300.27911376953125,305.2906494140625,309.3468933105469,315.44879150390625,321.84869384765625,329.5787048339844,335.64532470703125,342.8260803222656,348.4855651855469,352.759033203125,356.59344482421875
sample_837f7a5589ab32e0,581.57421875,576.539794921875,564.6694946289062,546.9825439453125,529.0055541992188,524.7786254882812,511.9796142578125,503.5604248046875,502.994140625,502.80517578125,489.7254638671875,472.1466979980469
sample_3d7ece1bbecb2b5f,305.6415710449219,307.0164794921875,310.2484436035156,315.50335693359375,317.8664245605469,323.8833923339844,330.03179931640625,328.08258056640625,330.5225830078125,333.28326416015625,333.9803161621094,341.2759094238281
sample_25223a5593072d0f,434.16387939453125,434.0080871582031,434.6214599609375,434.6968994140625,435.3393249511719,436.8477783203125,439.04803466796875,440.80926513671875,443.9839782714844,444.7650451660156,446.5504455566406,447.668212890625
sample_62a5f3cab857cfe2,327.8118591308594,327.63836669921875,329.9481506347656,331.6522521972656,335.0054931640625,338.46917724609375,342.9548034667969,346.3706970214844,352.1695861816406,357.7754821777344,359.9803161621094,365.99896240234375
sample_eda562c01a689d20,390.7752990722656,387.418701171875,385.2322082519531,383.5562744140625,382.0614318847656,382.30487060546875,389.09521484375,396.3819580078125,402.5870056152344,411.46551513671875,406.281005859375,405.01715087890625
sample_4dc8c963cb8606de,379.64093017578125,375.7770080566406,369.8148498535156,368.06756591796875,365.0289611816406,361.4331970214844,363.6583557128906,365.523193359375,364.87872314453125,362.9263916015625,359.81976318359375,359.2903747558594
sample_6c15b0a20c23ea3b,316.6148681640625,321.0422058105469,325.9855651855469,328.3142395019531,332.373779296875,335.4176940917969,338.85748291015625,340.37750244140625,344.06048583984375,345.6766052246094,346.96484375,347.05511474609375
sample_c19aba32c5f92358,446.96685791015625,440.81671142578125,433.6058349609375,426.91680908203125,419.6827392578125,412.61688232421875,405.91302490234375,400.5909423828125,394.8638916015625,390.16375732421875,385.8853759765625,383.4583740234375
sample_ab6be72e02c4ff50,505.5890808105469,492.72796630859375,476.1724853515625,460.4645080566406,445.576171875,431.2700500488281,419.3456726074219,408.448486328125,398.8448486328125,391.9812316894531,386.02935791015625,382.5006103515625
sample_198309b96ea70c0f,462.07171630859375,441.7038269042969,424.9473571777344,414.4693908691406,400.7109375,390.4476318359375,383.20465087890625,374.038330078125,366.4522705078125,359.4457702636719,353.25726318359375,348.947998046875
sample_69013b5d956a398f,284.18231201171875,290.7572937011719,300.68115234375,313.7230529785156,327.9851379394531,342.87884521484375,355.82647705078125,366.0555419921875,375.51763916015625,383.4776611328125,389.75372314453125,392.00384521484375
sample_4668b6eab182da1c,363.2982482910156,362.8529052734375,363.463134765625,363.9385070800781,367.466796875,371.6089782714844,374.00494384765625,376.0791931152344,382.81658935546875,384.1188049316406,384.49932861328125,384.856689453125
sample_573c9dfaf0497581,453.9151306152344,448.65887451171875,440.4808044433594,437.537353515625,423.5321960449219,413.7056884765625,405.7720031738281,395.53668212890625,385.54949951171875,373.8193054199219,374.4560241699219,375.41259765625
sample_d8a723ac7e1a33f5,317.13348388671875,333.6710205078125,345.65557861328125,355.94073486328125,373.3131408691406,390.47265625,393.288330078125,395.85894775390625,395.63482666015625,408.6700744628906,439.3084716796875,459.53369140625
sample_d9359c4ce4bcaca3,377.6972351074219,378.77783203125,380.17498779296875,380.6751708984375,382.5694885253906,384.815673828125,386.59210205078125,387.38848876953125,389.84210205078125,389.3914794921875,390.9722595214844,391.82586669921875
sample_57ef4f4da1f27393,573.2410278320312,559.798095703125,538.61669921875,519.3395385742188,501.51226806640625,484.7704162597656,470.0455322265625,458.7806701660156,450.7712097167969,442.98321533203125,434.6177062988281,427.62396240234375
sample_377daa56011fcf8a,445.2914733886719,444.300537109375,439.7573547363281,434.4742126464844,426.4139404296875,420.13592529296875,415.97900390625,411.39776611328125,408.85931396484375,409.631103515625,407.16363525390625,405.90887451171875
sample_725388546151d528,513.2927856445312,504.6485595703125,492.56298828125,480.269287109375,467.654296875,455.4839172363281,445.0811462402344,436.1298828125,427.4910888671875,420.4175109863281,413.6318359375,408.486328125
sample_2f1ffb2a8a5dc4f5,311.7996826171875,314.125732421875,318.1860656738281,321.1146545410156,325.8603210449219,331.52410888671875,337.2995910644531,342.9131164550781,348.9975280761719,354.39910888671875,358.81689453125,364.04345703125
sample_37f005a83e22e760,524.691650390625,521.2799682617188,509.7250671386719,491.0898132324219,472.2802734375,458.9896545410156,452.56109619140625,445.7604064941406,446.69696044921875,452.3804931640625,454.3941955566406,450.95806884765625
sample_e984469e50095ddb,426.4266357421875,416.14337158203125,405.5628662109375,398.40234375,388.8930358886719,387.17620849609375,395.7458190917969,410.021484375,415.87872314453125,432.7215270996094,437.0168151855469,414.74578857421875
sample_4235aa7c3e3b2b8e,384.3630065917969,379.0766906738281,371.6894226074219,367.43011474609375,359.8647155761719,355.685546875,352.6245422363281,350.021484375,345.4320983886719,342.4632568359375,338.4825439453125,340.1671447753906
sample_5d7c603184898c81,335.9569396972656,338.0285949707031,340.76947021484375,345.9085998535156,355.2678527832031,367.80609130859375,367.2886047363281,376.35040283203125,404.2250061035156,417.9927673339844,411.6132507324219,398.8684387207031
sample_e8acf05ee15f0457,349.8126220703125,355.96343994140625,376.626220703125,402.7762145996094,439.1170654296875,466.2943420410156,503.0122375488281,543.6455688476562,575.8853149414062,592.8285522460938,592.7766723632812,599.359619140625
sample_9e20cbb59cd91dc1,389.32012939453125,386.6520080566406,385.42706298828125,386.7475891113281,389.14129638671875,399.6272277832031,412.7457275390625,426.90972900390625,435.6894836425781,440.70062255859375,445.9661865234375,437.2720031738281
sample_8f128ebd2cb7c5dc,346.6922302246094,367.15869140625,394.0754089355469,413.6994934082031,436.844970703125,453.4949035644531,469.8194580078125,481.17431640625,495.6190185546875,502.807373046875,515.4710693359375,522.064208984375
sample_be38829a55ee5698,348.507568359375,347.6081848144531,348.81304931640625,350.3001403808594,351.86309814453125,354.81646728515625,358.3228454589844,362.1334228515625,365.5281066894531,369.98712158203125,373.2806701660156,380.83758544921875
sample_0c640fa1d7f7b9ff,405.3914794921875,404.8394470214844,405.14642333984375,405.02301025390625,404.964111328125,404.86907958984375,405.7355041503906,405.9338073730469,407.23822021484375,408.1016540527344,407.52215576171875,408.3639221191406
sample_70c2fc7969f60f1b,489.6024475097656,490.9122009277344,483.7234191894531,475.7145080566406,466.49554443359375,458.2392578125,451.0333557128906,444.1536865234375,436.8312072753906,432.2674560546875,426.5187683105469,422.33953857421875
sample_a48c82d18415f6db,377.6662292480469,387.19610595703125,399.07110595703125,412.2205810546875,429.0870666503906,448.5456237792969,476.84527587890625,509.492919921875,534.117919921875,550.4779052734375,580.73779296875,603.0362548828125
sample_11fb25fd2abf05d1,333.1778564453125,333.154052734375,334.6538391113281,336.1263122558594,339.1241149902344,342.9576110839844,347.1291198730469,349.8639221191406,354.126220703125,357.9792175292969,361.2890625,364.39215087890625
sample_db270e1ecfb524ea,598.9049682617188,587.8875122070312,573.47900390625,558.1685180664062,544.20263671875,529.1654663085938,515.0584716796875,501.390869140625,488.8448486328125,478.02984619140625,466.00640869140625,455.17852783203125
sample_845d3768e5de10b4,414.4732666015625,413.9010009765625,411.4130859375,406.5409240722656,403.0558776855469,397.620361328125,393.6486511230469,388.84521484375,384.220458984375,380.1908874511719,377.5916442871094,374.7978210449219
sample_4bbe33875800b890,526.2050170898438,513.7107543945312,496.81158447265625,481.6798095703125,466.1139221191406,451.8408508300781,439.1490478515625,429.156982421875,419.5411682128906,411.50115966796875,403.9516296386719,398.3914794921875
sample_e7c90875358de065,341.8609924316406,348.7593688964844,359.3341369628906,364.22589111328125,372.5329895019531,381.649169921875,387.47589111328125,392.9673767089844,396.1470031738281,401.171630859375,404.2369384765625,406.80902099609375
sample_706d58b8d5c5da47,411.2590026855469,415.2583312988281,418.3330993652344,419.1739196777344,421.8111877441406,418.9484558105469,417.91162109375,416.2825622558594,415.4261474609375,417.7523193359375,412.6753234863281,418.8169860839844
sample_b744028a2d45869e,391.0572204589844,388.9119873046875,388.81640625,391.24847412109375,393.00360107421875,396.37969970703125,403.4289245605469,408.19952392578125,414.4109191894531,417.525146484375,413.1490478515625,415.23077392578125
sample_ad389ea0deb521fe,411.481201171875,408.2747802734375,406.08636474609375,406.16815185546875,404.35540771484375,404.7309875488281,405.0574645996094,404.5079650878906,403.5744323730469,403.492919921875,401.69146728515625,401.7967834472656
sample_0d5d9d0beb541471,404.19610595703125,403.90045166015625,403.4562072753906,402.01287841796875,401.0367736816406,399.57470703125,398.2165832519531,396.8172912597656,394.3786315917969,392.59210205078125,390.9883728027344,389.698974609375
sample_c6516d6be3104972,316.8791809082031,317.4158020019531,318.8249816894531,319.7617492675781,321.5404052734375,324.0096130371094,327.36199951171875,329.56561279296875,331.5508728027344,333.9082946777344,335.84228515625,337.2459716796875
sample_41d7ddeff130863a,466.6033020019531,469.37713623046875,469.8110046386719,464.87127685546875,462.30072021484375,458.20770263671875,454.2751159667969,450.8960876464844,449.11077880859375,445.7893371582031,443.2696228027344,441.16156005859375
sample_bbcffd8f6aba6d14,312.34967041015625,314.5074462890625,318.0157775878906,321.1888427734375,324.9568786621094,328.41107177734375,332.754150390625,333.50799560546875,336.1153259277344,339.8534851074219,340.5792541503906,340.6981506347656
sample_8c4442013ec4b4f3,358.9071960449219,359.2933044433594,361.551513671875,361.021240234375,360.3064270019531,359.7762451171875,358.2780456542969,360.2485046386719,360.90838623046875,362.6933288574219,364.1446228027344,363.98394775390625
sample_7cda695a0cca46fb,291.3202819824219,294.50299072265625,299.1378479003906,302.95013427734375,308.1360778808594,314.1951904296875,321.61492919921875,326.8453063964844,332.9096374511719,338.5601806640625,343.71441650390625,348.81683349609375
sample_958796981e4a123b,280.8677978515625,284.3217468261719,289.7629089355469,294.31402587890625,300.6677551269531,307.81219482421875,315.765625,321.8758239746094,328.9215087890625,334.4092712402344,339.6150207519531,344.0911865234375
sample_260092eed1f4d1a5,563.148681640625,552.5997314453125,538.6456909179688,523.8297729492188,509.84027099609375,494.4134521484375,481.5759582519531,469.0484924316406,458.03570556640625,446.5653076171875,435.64068603515625,427.507080078125
sample_b76d9590a300c037,330.93756103515625,334.6436462402344,339.8394470214844,342.90899658203125,348.80511474609375,355.0346984863281,361.8645935058594,366.55718994140625,372.8575439453125,376.9882507324219,380.88226318359375,383.1809387207031
sample_f1673c7a29f4feec,432.139892578125,432.24267578125,431.7152099609375,430.3309326171875,429.23974609375,427.9727478027344,427.4508972167969,425.9715270996094,424.7506408691406,423.73028564453125,422.3728942871094,421.2181701660156
sample_53b9f6f6279d7338,393.21484375,389.1521911621094,385.07220458984375,383.8782653808594,380.2076416015625,377.2878723144531,368.97479248046875,368.0791015625,366.4764404296875,370.0001525878906,371.4964599609375,368.9862976074219
sample_ad5bef6675adf430,305.6329040527344,312.61871337890625,330.26544189453125,345.4439697265625,361.049560546875,369.3019104003906,375.01470947265625,380.6047058105469,392.4786376953125,413.53643798828125,435.2484130859375,470.0784912109375
sample_1c3df7365a7c963f,314.1392822265625,317.5296325683594,327.7635803222656,343.1270751953125,361.797607421875,370.8849792480469,383.26568603515625,392.130126953125,402.0838623046875,410.8226623535156,417.0178527832031,415.566162109375
sample_df562b833fd8d257,469.09326171875,460.2265930175781,453.20208740234375,447.5684509277344,442.0694580078125,439.120849609375,437.3984680175781,436.9638366699219,438.52752685546875,444.79754638671875,448.1813049316406,458.3300476074219
sample_0915cc2019355842,302.1583251953125,309.4416198730469,317.9172668457031,323.6637878417969,331.1077575683594,337.76348876953125,344.1285400390625,348.41143798828125,353.5027770996094,356.44036865234375,360.3570861816406,361.7567443847656
sample_a69f22bced4eb9f0,376.9925842285156,377.2146301269531,377.5068664550781,379.9328918457031,385.2445983886719,390.8305358886719,394.4164733886719,395.91986083984375,399.27587890625,409.4132385253906,416.58148193359375,421.57867431640625
sample_3ffe7b9a5244d865,452.5018615722656,452.3572692871094,452.9619140625,452.1153869628906,455.0110778808594,458.6144714355469,463.2727355957031,464.21307373046875,471.729248046875,472.8978576660156,476.0185241699219,477.5903625488281
sample_3fcfd2bbcabf2252,379.2630310058594,418.0865478515625,480.3612976074219,544.2329711914062,606.2200927734375,649.6227416992188,670.64892578125,688.9304809570312,680.468017578125,666.0421752929688,637.6530151367188,622.7921142578125
sample_b776f9d0560c0864,438.47601318359375,437.2466125488281,435.0282287597656,432.62359619140625,429.06524658203125,424.7984924316406,421.1772766113281,418.1316833496094,414.6108703613281,411.49407958984375,408.8456115722656,406.43304443359375
sample_d18cb40b8427b18e,492.6453857421875,481.324951171875,468.8397521972656,457.09429931640625,443.4778747558594,430.8444519042969,420.02099609375,410.685791015625,402.01177978515625,394.53900146484375,387.7166442871094,382.6038513183594
sample_87f9f161f1ca74df,365.05078125,364.57501220703125,364.9625244140625,365.8942565917969,366.54736328125,367.8587646484375,370.2460632324219,373.0372314453125,375.96307373046875,377.4352722167969,379.5173034667969,381.5621643066406
sample_f2ff8e78b4d826fa,370.5129089355469,369.8468322753906,369.98333740234375,369.4962463378906,371.2672424316406,373.6151123046875,376.69378662109375,378.5562744140625,383.7257995605469,389.103271484375,399.49114990234375,414.5509033203125
sample_e9a4f6e73625ca78,294.0630798339844,296.8932800292969,301.6932067871094,305.5862121582031,311.8547668457031,318.0091857910156,325.50335693359375,330.299560546875,336.8597412109375,342.6641540527344,347.7952575683594,352.2616271972656
sample_f89b0821e7bb2ba8,606.6856079101562,579.9967651367188,552.0553588867188,527.6437377929688,503.1025390625,480.8473815917969,463.50860595703125,448.3466796875,436.628662109375,426.42657470703125,417.3915710449219,411.1168212890625
sample_8d75da0b19d1e658,316.2924499511719,318.6599426269531,324.6097412109375,333.5456848144531,344.0874328613281,365.7160339355469,386.39117431640625,406.85894775390625,413.66949462890625,403.0845947265625,399.22369384765625,399.63531494140625
sample_7665881123da6fbc,379.28729248046875,374.88360595703125,371.9124755859375,369.0845031738281,366.4200134277344,364.8045959472656,364.75604248046875,363.7401428222656,363.0679931640625,363.629150390625,363.9659729003906,364.8416748046875
sample_2c0593a6e7a08855,400.3529357910156,399.6629638671875,399.8444519042969,398.4278564453125,398.7718811035156,399.00341796875,399.3519287109375,398.4566955566406,398.62750244140625,398.0269775390625,398.31756591796875,397.7930908203125
sample_46a7d0f89db0e98a,613.671875,601.6399536132812,583.6456909179688,563.17578125,544.9385375976562,525.0694580078125,509.705322265625,493.35693359375,480.0858154296875,471.80828857421875,463.7201843261719,458.18304443359375
sample_8f78daee4e0ae1e1,520.9495849609375,524.5272216796875,521.394287109375,512.5501708984375,504.3277893066406,498.4963684082031,492.4282531738281,489.6553955078125,475.4168395996094,464.8133544921875,459.2731628417969,456.1161804199219
sample_0151a39b492bf0f0,478.56488037109375,478.7077331542969,480.01934814453125,480.8659362792969,483.09735107421875,487.7147521972656,497.0162658691406,505.648681640625,518.3467407226562,528.8582763671875,531.3195190429688,531.9608154296875
sample_620964a8815814a4,390.0471496582031,384.3988952636719,381.38397216796875,380.1663818359375,377.791259765625,377.6240539550781,377.52447509765625,376.9011535644531,377.4069519042969,379.2010498046875,378.7234802246094,380.6466979980469
sample_36b24db32b8e8687,345.43353271484375,353.63970947265625,366.07098388671875,373.60772705078125,380.65924072265625,380.78900146484375,386.9137878417969,393.63519287109375,402.93438720703125,405.75909423828125,406.69189453125,403.64508056640625
sample_768f937fbf9b6064,389.6581115722656,387.52288818359375,383.9339599609375,382.49072265625,378.35211181640625,373.6544494628906,368.4867858886719,363.052001953125,360.72589111328125,363.71417236328125,364.0010986328125,369.0379333496094
sample_8328406585c29923,296.2973937988281,299.24774169921875,305.31146240234375,310.3222961425781,317.8492126464844,327.6978759765625,332.7475280761719,337.3775329589844,345.52020263671875,350.8252258300781,356.2616882324219,359.59149169921875
sample_b187541e962083c0,409.9119873046875,426.74737548828125,442.96246337890625,455.1084289550781,464.81390380859375,471.76812744140625,478.2799377441406,477.1640319824219,476.14898681640625,474.40533447265625,475.8164367675781,478.35577392578125
sample_e4abdee3cb23e13c,350.494140625,347.8824157714844,348.00341796875,348.63580322265625,349.66119384765625,352.2774353027344,354.7020263671875,356.700439453125,358.99639892578125,361.74951171875,362.0475158691406,364.26068115234375
sample_78b755e12df700c9,425.2512512207031,417.7187194824219,412.1336669921875,408.8680114746094,407.0406188964844,414.8921203613281,427.8163146972656,444.0173034667969,438.6016540527344,450.6361999511719,456.2879638671875,449.5539245605469
sample_3189bb42b1dc1a1e,358.88433837890625,359.27606201171875,358.47357177734375,358.9887390136719,358.2906799316406,358.18914794921875,357.13018798828125,356.1715393066406,354.56732177734375,355.4104309082031,355.7486572265625,357.29669189453125
sample_7c6224c88dd0ed70,362.7650451660156,371.7717590332031,380.8486022949219,385.21014404296875,390.8457336425781,394.1020812988281,396.7323303222656,397.4622802734375,398.9530029296875,396.67291259765625,397.25726318359375,394.9666442871094
sample_f3d4458bc0c78c7a,370.5581970214844,383.15106201171875,399.7666931152344,412.7181396484375,426.675537109375,437.1146240234375,451.9746398925781,457.072509765625,461.5588073730469,467.08941650390625,472.4003601074219,477.22393798828125
sample_9fd262ddb50ed4db,287.3605651855469,295.0406799316406,304.0147705078125,309.91217041015625,318.25830078125,325.773193359375,334.1983947753906,338.8656921386719,345.1860046386719,348.2911682128906,353.1406555175781,354.75091552734375
sample_f36f8440ec488272,397.4849548339844,394.6999816894531,392.4060974121094,390.969970703125,391.1777648925781,392.8802185058594,395.09942626953125,396.2643127441406,400.1127014160156,404.26849365234375,405.74749755859375,408.5701599121094
sample_d6b21cf10569f6cd,429.07818603515625,428.4228820800781,424.3197937011719,420.5157470703125,414.8270263671875,408.5669250488281,403.9023742675781,401.404541015625,397.8506164550781,397.2567138671875,395.7471008300781,394.4898681640625
sample_70349d47ebb89796,458.08233642578125,452.6864013671875,443.38385009765625,435.1978454589844,425.9761962890625,416.56585693359375,408.1109313964844,401.37738037109375,394.9810791015625,389.84503173828125,384.6168212890625,381.40936279296875
sample_b4b344524898d8ea,463.2638244628906,459.8492431640625,454.114013671875,448.4312744140625,440.884521484375,432.5250549316406,425.2144470214844,418.9943542480469,412.8486328125,407.50677490234375,402.8668212890625,399.5106506347656
sample_3f0a9aa8f093eda5,357.0636291503906,357.2334899902344,355.3116455078125,355.23626708984375,353.8607482910156,354.0859375,356.2168273925781,359.2030944824219,356.46832275390625,356.7032165527344,355.0708312988281,353.8924255371094
sample_70b4b25066b838a5,340.6886901855469,344.72357177734375,350.33258056640625,354.0083923339844,360.9429931640625,368.010986328125,374.0515441894531,377.4351501464844,381.8098449707031,386.54632568359375,389.4542541503906,392.2648620605469
sample_1d3d677b388b32de,388.3646545410156,393.7105407714844,398.9302673339844,400.0416564941406,401.94854736328125,400.2998046875,399.27984619140625,397.31817626953125,396.5384216308594,394.34600830078125,392.59759521484375,391.1837158203125
sample_0a937fa947e2addb,488.1209716796875,476.4143371582031,463.3121643066406,450.1935119628906,436.5528869628906,423.8031005859375,412.8870849609375,403.16375732421875,394.71240234375,387.4350280761719,382.333251953125,379.0460510253906
sample_8a71935fbab64d21,498.5992736816406,488.80224609375,473.9233703613281,459.0693054199219,441.3394775390625,426.4450988769531,411.952392578125,396.22137451171875,387.74945068359375,380.3816223144531,375.6282958984375,371.50189208984375
sample_b9f3318720a496dc,332.5138244628906,333.475341796875,336.279296875,338.10540771484375,342.83447265625,349.01837158203125,356.08612060546875,359.265625,365.98345947265625,368.9642333984375,374.10797119140625,378.0208740234375
sample_cb841937b7699d4f,359.5495910644531,357.5474853515625,358.1218566894531,359.76263427734375,356.9424743652344,359.05267333984375,358.03668212890625,357.90838623046875,355.3493347167969,356.3623962402344,356.0506591796875,357.99847412109375
sample_a3f7c7635cd34c3b,369.992431640625,385.2013244628906,394.68426513671875,400.9165344238281,408.2994384765625,415.5657653808594,421.0063171386719,424.04876708984375,430.0513916015625,437.72406005859375,447.1441650390625,462.6700439453125
sample_bea3f3d8517c8aa0,422.3415832519531,421.86370849609375,417.1601867675781,412.8133239746094,407.2395935058594,402.61309814453125,397.4867858886719,395.0655517578125,390.8983459472656,389.6726379394531,389.28289794921875,388.6551513671875
sample_173d683a1bb1643e,410.7664794921875,406.01068115234375,402.898193359375,401.3816833496094,398.5540771484375,397.2027893066406,397.68487548828125,398.7130432128906,399.28814697265625,399.5918273925781,398.4374694824219,398.0227355957031
sample_e740a0b9c961ff23,462.3990478515625,457.49658203125,449.55078125,440.0409851074219,430.95135498046875,421.35125732421875,413.0035705566406,406.1366882324219,399.23052978515625,394.7808837890625,389.7484436035156,386.57525634765625
sample_3e5bd85fe66b6f24,605.2702026367188,581.7382202148438,557.9459228515625,535.1920166015625,518.4564208984375,500.7165222167969,489.3572692871094,479.97723388671875,470.53936767578125,462.47601318359375,453.93218994140625,446.8668212890625
sample_711166bdf5386b2d,395.59368896484375,446.7455749511719,480.4767150878906,499.3298034667969,511.1093444824219,517.4136352539062,525.1778564453125,517.7337036132812,555.0696411132812,564.2046508789062,591.2890625,612.88818359375
sample_a221f312af6a2fe3,516.7901611328125,497.417724609375,476.7253723144531,461.2951965332031,444.48486328125,430.2786865234375,419.9045104980469,409.23150634765625,397.59344482421875,385.3214416503906,376.4216003417969,368.8564453125
sample_bf23af59c6d28ace,340.153564453125,342.445556640625,346.36663818359375,348.5608215332031,352.3038024902344,357.52960205078125,362.2423400878906,366.26226806640625,370.1624450683594,373.092529296875,377.3327941894531,380.689697265625
sample_b925a028a4d14995,355.8598327636719,353.9552307128906,352.3681640625,350.7058410644531,346.8523864746094,348.88568115234375,347.43682861328125,349.99609375,348.6177978515625,347.9300537109375,348.4267578125,349.5152893066406
sample_a765f49e870ca370,422.3265380859375,419.1412048339844,412.95452880859375,406.3570861816406,396.55303955078125,388.51226806640625,382.415283203125,377.1570739746094,371.6946105957031,367.0024108886719,363.10003662109375,360.34149169921875
sample_4c538e6cf1b2974e,383.29205322265625,433.27642822265625,494.03167724609375,539.9458618164062,566.3157958984375,574.4358520507812,573.88427734375,563.2591552734375,550.5188598632812,542.4827270507812,523.6088256835938,558.3797607421875
sample_aad310fc66b072e2,429.9243469238281,423.51409912109375,418.536376953125,415.9176025390625,414.9970397949219,418.6575012207031,422.43389892578125,426.0011901855469,427.0982971191406,426.0379943847656,423.6676025390625,422.4649658203125
sample_9c72c12362d04847,338.48065185546875,349.1469421386719,361.7381286621094,374.5020446777344,391.2999572753906,400.6915588378906,418.90350341796875,411.0250549316406,405.71087646484375,415.74835205078125,415.12738037109375,411.8012390136719
sample_3838e4feff2f1bf4,361.9458923339844,364.2065734863281,368.3045349121094,371.2392578125,377.69866943359375,379.0614929199219,378.8210754394531,376.2334289550781,373.895751953125,374.76617431640625,376.3003234863281,374.94189453125
sample_3013232700a0503a,333.942138671875,336.8953552246094,338.23455810546875,341.8832092285156,344.7318420410156,343.26458740234375,345.69122314453125,346.6385192871094,346.1246337890625,352.61358642578125,354.34185791015625,354.3689270019531
sample_d15633811a15d3ec,445.38592529296875,441.18975830078125,431.25946044921875,427.52203369140625,422.25347900390625,411.1402587890625,405.4375915527344,397.80792236328125,393.94622802734375,395.6435546875,392.45867919921875,390.6423034667969
sample_655a511c1d034921,527.1920776367188,546.2515869140625,550.0186767578125,548.7100830078125,550.31103515625,544.7494506835938,538.7281494140625,529.475830078125,524.715576171875,518.148193359375,515.7387084960938,510.1236267089844
sample_4234cafa1e6ea08c,378.2752685546875,378.8423767089844,379.1608581542969,376.7506408691406,375.02972412109375,372.59295654296875,371.42437744140625,369.6901550292969,369.6383972167969,369.4841613769531,369.218505859375,370.1045227050781
sample_e9d7d09a0f1155b0,445.4078369140625,478.191162109375,492.30340576171875,495.5397033691406,499.24639892578125,487.5704040527344,512.7508544921875,519.0386962890625,546.326171875,567.309814453125,587.684814453125,607.1550903320312
sample_e8ba36a46aa9a12a,506.08868408203125,500.98663330078125,491.2456970214844,480.9837341308594,470.65789794921875,459.80596923828125,449.97705078125,441.09942626953125,432.4908752441406,426.1778869628906,418.9648742675781,414.08209228515625
sample_5b7471d51275bfea,509.0987243652344,523.1456298828125,524.350341796875,516.2351684570312,509.27496337890625,501.4700012207031,495.2560729980469,488.03680419921875,481.25482177734375,475.1715087890625,470.3526611328125,466.01885986328125
sample_380036c2d6cf2e7f,621.2110595703125,592.5703735351562,562.3883666992188,537.138916015625,514.8273315429688,493.9300537109375,475.79449462890625,458.78399658203125,444.24041748046875,433.8114318847656,424.14068603515625,416.78826904296875
sample_1a2482cdda1679ef,335.1187438964844,336.5592956542969,339.9599609375,343.0975341796875,347.06280517578125,351.6153259277344,356.33013916015625,361.767333984375,370.4053649902344,381.94671630859375,393.0585021972656,402.4791564941406
sample_cce3b3bd5f45773d,346.71575927734375,344.4974365234375,344.89599609375,345.4129943847656,348.2102355957031,352.3386535644531,359.1415710449219,366.970703125,376.58929443359375,389.4460144042969,404.531982421875,406.2093505859375
sample_085c49697f78ee82,408.3443298339844,397.57666015625,388.5899963378906,383.0628356933594,376.25543212890625,371.12518310546875,368.6827392578125,367.2689208984375,365.96148681640625,365.36297607421875,363.9145202636719,364.6733093261719
sample_a28a61f1af16684c,312.97259521484375,316.34100341796875,321.6238708496094,328.7771301269531,335.1305236816406,336.5958251953125,340.2856750488281,344.5063171386719,341.31646728515625,342.1151428222656,345.3482666015625,345.3617858886719
sample_f9e6da9a309edbda,321.198974609375,330.45849609375,344.40447998046875,357.5512390136719,374.5371398925781,398.21673583984375,420.50634765625,438.07257080078125,447.78631591796875,452.84442138671875,463.7678527832031,467.6440734863281
sample_ebfe05d202c082a0,448.6510009765625,440.6571350097656,433.81353759765625,429.15594482421875,422.22607421875,416.95550537109375,409.3509216308594,403.17059326171875,400.3128967285156,393.96795654296875,391.4242248535156,387.014892578125
sample_ffd9a4ca180c8eb6,417.412841796875,412.1065979003906,407.0646057128906,403.8272705078125,398.85308837890625,394.93536376953125,391.53399658203125,388.48248291015625,385.61859130859375,382.5203552246094,380.0267028808594,378.8307800292969
sample_7cc14d3101badb48,423.0462951660156,418.27923583984375,413.73150634765625,410.38128662109375,406.5535583496094,403.2423400878906,400.6846923828125,397.6824951171875,395.75738525390625,394.12335205078125,392.0320129394531,391.881103515625
sample_c91a66114fc87c1a,447.7114562988281,454.8401794433594,457.3473815917969,453.86785888671875,450.8818664550781,445.12054443359375,439.3074035644531,434.1922912597656,429.7359924316406,425.5531311035156,422.7691955566406,420.5892333984375
sample_1a46d3213e28e4fa,302.64990234375,306.8088684082031,313.7771911621094,319.2569580078125,327.706298828125,336.89361572265625,346.5399169921875,352.03515625,358.4029846191406,364.975830078125,370.15301513671875,374.80706787109375
sample_d24bfd7c84dd764d,513.7901000976562,503.8593444824219,485.31268310546875,467.39996337890625,452.00244140625,443.043212890625,434.6361083984375,431.9366760253906,436.3109130859375,435.3304748535156,430.5099182128906,423.6954040527344
sample_7362d520a9d06981,369.6557312011719,366.989013671875,366.7811584472656,367.01995849609375,368.08453369140625,379.1315002441406,390.3049011230469,401.1029357910156,411.47802734375,410.8984069824219,410.21044921875,416.1073913574219
sample_db184ad53ecc678b,367.30023193359375,364.85577392578125,365.89935302734375,366.9790344238281,369.5843505859375,374.7391052246094,379.412109375,381.4723815917969,387.3638000488281,393.7687072753906,393.7552795410156,395.161376953125
sample_a64acba9f58b69c6,500.3914489746094,517.452392578125,533.7417602539062,540.3576049804688,537.4003295898438,521.0467529296875,517.3348388671875,503.1063232421875,492.4233703613281,485.3476867675781,481.03851318359375,477.6436767578125
sample_b31dcf5e37f5796f,474.8881530761719,496.60369873046875,514.4088134765625,534.162353515625,553.8444213867188,571.0146484375,575.9837646484375,588.9302368164062,592.6690673828125,588.5966186523438,584.601806640625,573.1090087890625
sample_ea3783e6710afa29,567.1090698242188,554.2073364257812,542.2293701171875,528.9297485351562,517.4788818359375,508.80670166015625,493.86767578125,480.3468322753906,467.2178649902344,457.3398132324219,451.40570068359375,446.2733154296875
sample_9ca5bc2117591b35,569.4365844726562,568.4307861328125,560.048828125,550.853271484375,537.958984375,524.4849853515625,510.262939453125,498.7773742675781,486.1568908691406,476.9874267578125,471.93572998046875,466.5321044921875
sample_6bc059817194ec80,396.0800476074219,413.2803955078125,433.157470703125,456.6817626953125,480.218994140625,512.911865234375,531.1376953125,561.11669921875,572.757568359375,572.292236328125,577.1883544921875,587.27587890625
sample_c752bc2acb216891,312.76861572265625,318.8938293457031,328.09759521484375,333.448486328125,342.56390380859375,356.0054016113281,367.55413818359375,380.1538391113281,393.24224853515625,399.27166748046875,393.1035461425781,401.2388916015625
sample_1f3517506abe10c2,318.0252990722656,322.1488037109375,330.0693054199219,332.9182434082031,341.58770751953125,346.8760070800781,351.5509033203125,350.3470153808594,346.8565673828125,353.82550048828125,351.79083251953125,360.7968444824219
sample_31a69baf898cfc88,344.8306579589844,348.6202392578125,353.7976379394531,357.809814453125,363.4112854003906,368.81524658203125,373.4503173828125,377.7131042480469,381.74591064453125,388.2188415527344,399.1963195800781,406.64764404296875
sample_7671eb38abbb7793,586.5062866210938,580.2682495117188,572.3428344726562,558.2059326171875,549.9949340820312,542.426025390625,532.8696899414062,521.106201171875,506.8076477050781,507.39801025390625,500.6954345703125,489.1976623535156
sample_71b4a8fb835d5096,487.2023010253906,487.5127868652344,484.1724853515625,477.5119934082031,473.71832275390625,468.67205810546875,463.4324645996094,458.6587829589844,454.4970397949219,449.6571044921875,445.8434143066406,442.43890380859375
sample_a56e9a2aed17fd9e,341.736572265625,342.7301025390625,344.17486572265625,345.1172180175781,345.46209716796875,344.8758850097656,345.299072265625,344.34442138671875,344.405517578125,349.03631591796875,351.14263916015625,362.45416259765625
sample_461c2ce8b4b005ab,339.28955078125,344.9388427734375,353.6247863769531,361.696044921875,368.0068664550781,374.0589599609375,380.4380187988281,384.52667236328125,390.3639831542969,396.1007080078125,399.6088562011719,403.4791564941406
sample_9844435d70d7333a,385.5890808105469,413.6711120605469,444.13421630859375,470.83807373046875,498.82635498046875,526.7766723632812,553.8221435546875,576.981201171875,596.653076171875,618.169677734375,641.88623046875,661.989501953125
sample_3227d9bc3a8bb2fd,452.0175476074219,443.9322509765625,435.9521789550781,430.3785400390625,422.90673828125,415.4576721191406,408.8877868652344,404.13330078125,399.12420654296875,394.952392578125,390.7899475097656,388.68304443359375
sample_928bbb26733ba875,399.0466613769531,398.0987548828125,395.8634033203125,391.763916015625,389.31842041015625,385.6769104003906,383.0406494140625,379.47235107421875,376.431884765625,373.30078125,371.43218994140625,369.4033508300781
sample_6b6d381fb6a6f3e3,349.907958984375,353.8740234375,364.87469482421875,381.5323181152344,401.7231140136719,425.41192626953125,444.6343994140625,456.5132141113281,462.73223876953125,471.791015625,473.7943420410156,479.21551513671875
sample_1903ca2e9fa709a7,536.5597534179688,535.26318359375,534.21923828125,532.5824584960938,530.9813842773438,528.92431640625,527.9766235351562,525.8994750976562,524.9111938476562,522.7252197265625,522.2064819335938,519.854248046875
sample_1857e900ff3da5b8,445.2854309082031,481.25439453125,527.5826416015625,574.691162109375,612.661865234375,631.53076171875,646.63330078125,653.8998413085938,660.4295654296875,657.0277709960938,655.0098876953125,658.5817260742188
sample_9169f85750544583,340.6855773925781,340.7069091796875,342.69146728515625,344.9527282714844,347.4325866699219,351.9576110839844,356.11798095703125,360.8571472167969,365.7953796386719,371.9054870605469,378.15655517578125,391.7413330078125
sample_09d8169d778769ab,498.64251708984375,484.1378479003906,469.8940124511719,459.0015869140625,445.5888366699219,431.6755065917969,420.22021484375,411.624755859375,403.532470703125,395.97247314453125,389.4480895996094,385.2759094238281
sample_3ab3e539bbe1175a,409.94244384765625,409.23590087890625,407.4851379394531,402.6442565917969,399.49658203125,395.0155029296875,391.7798156738281,388.1672668457031,385.05987548828125,381.39007568359375,380.2197265625,377.7377624511719
sample_c51413263be07a29,281.06732177734375,287.1689147949219,296.9170227050781,304.8125915527344,316.158447265625,327.1549072265625,338.2501525878906,344.93011474609375,352.3638000488281,358.9130859375,364.4745788574219,368.1846618652344
sample_8d0d85773875a94d,409.051025390625,435.6725158691406,464.74658203125,491.29449462890625,504.87548828125,521.3245239257812,531.794921875,541.9472045898438,548.88134765625,555.7568359375,561.2784423828125,564.3934326171875
sample_95cb8688f5d1d059,386.36810302734375,384.0849609375,385.23968505859375,387.2437438964844,389.6931457519531,393.2727966308594,398.0997009277344,401.40374755859375,406.7130126953125,410.9360046386719,412.9977722167969,416.95123291015625
sample_def1a091d4c7e2b7,360.7843017578125,368.3927917480469,384.76513671875,415.8681335449219,454.3183288574219,483.47119140625,502.800048828125,529.7200927734375,566.7227783203125,576.288330078125,572.3244018554688,564.8317260742188
sample_3aab0d036a79b624,409.91888427734375,407.1415100097656,404.982177734375,403.13470458984375,400.1111145019531,397.8921203613281,395.1311950683594,396.0570983886719,396.113525390625,400.1402893066406,401.0013122558594,401.9626770019531
sample_89dcfae40cb3d522,582.586181640625,566.775390625,542.281494140625,522.427490234375,503.8345642089844,486.89697265625,472.7816162109375,458.08233642578125,448.31585693359375,439.3544921875,431.27850341796875,424.1934509277344
sample_10f7ebfecbf3e194,359.4947814941406,362.4123840332031,364.6861267089844,366.23846435546875,368.3722229003906,370.09375,373.5364685058594,377.3096923828125,378.7953796386719,381.9809265136719,383.6528015136719,384.5738830566406
sample_193896d59af9b603,417.8818359375,441.302490234375,461.1324157714844,473.99786376953125,488.71923828125,501.22747802734375,511.53741455078125,517.8115844726562,526.7732543945312,536.86669921875,542.3720703125,544.41943359375
sample_3f14aad686acc4a9,322.4915466308594,326.1106262207031,332.79791259765625,340.46380615234375,350.3504943847656,362.76348876953125,374.79669189453125,387.22161865234375,399.6067199707031,412.0636901855469,418.82086181640625,425.0096740722656
sample_0679fb1c19bdef81,318.6534423828125,320.62738037109375,322.72393798828125,324.84954833984375,328.3689270019531,330.7113952636719,333.97857666015625,340.7181701660156,343.0008850097656,357.8896484375,364.7391357421875,363.18743896484375
sample_a5ed4a123f22f191,315.3891296386719,320.2755126953125,326.15264892578125,337.0520935058594,339.3692626953125,350.2133483886719,358.6640930175781,360.8927917480469,362.7132263183594,360.48388671875,363.41802978515625,360.2113037109375
sample_4b2c0f43622dd83c,305.3412780761719,308.55096435546875,312.8947448730469,315.8507385253906,320.08258056640625,324.8675537109375,331.5981140136719,333.9402160644531,339.0517883300781,342.8636474609375,346.1017761230469,348.8258972167969
sample_a473dfd97f74f575,676.0742797851562,645.4300537109375,611.9982299804688,583.8389282226562,557.2494506835938,531.1040649414062,507.5693359375,485.89239501953125,468.71575927734375,455.7930908203125,444.773193359375,436.2583923339844
sample_a051833ce7eddc55,516.3546752929688,511.6183166503906,508.8427429199219,511.42401123046875,515.373291015625,523.6612548828125,530.2168579101562,538.5825805664062,548.3794555664062,564.23974609375,569.8800659179688,563.136474609375
sample_3da21470c2cbbde8,441.3983459472656,446.1434631347656,450.9716796875,454.6202697753906,455.6860046386719,456.904052734375,454.3956298828125,454.735107421875,456.5627746582031,449.21685791015625,448.6856994628906,452.84539794921875
sample_796147ea395ede45,393.7270202636719,393.13067626953125,392.79754638671875,392.72564697265625,392.4985656738281,392.6080017089844,392.9195861816406,392.87451171875,393.1445007324219,392.9311828613281,393.5218811035156,394.132080078125
sample_8cd0ad843c806233,422.9927062988281,417.8614196777344,412.8145751953125,409.099853515625,404.6842956542969,401.2453918457031,398.82830810546875,396.5469055175781,394.78668212890625,393.3296203613281,391.4423522949219,391.3265686035156
sample_465e79db90b45a35,388.2024230957031,386.90399169921875,387.31646728515625,387.0889587402344,387.375732421875,388.1765441894531,390.39105224609375,390.0653991699219,391.92828369140625,391.72149658203125,393.32763671875,394.1407470703125
sample_97381f6d0cdadffe,452.3354187011719,497.73309326171875,548.3629760742188,588.3878784179688,613.5118408203125,633.688232421875,644.598388671875,651.6727294921875,652.8482666015625,650.5408935546875,657.9498291015625,661.3583374023438
sample_e707d69fac1fbd5f,575.3245239257812,546.5386962890625,518.1101684570312,494.02276611328125,469.3265380859375,447.14288330078125,431.313232421875,416.8348388671875,404.63739013671875,393.4353332519531,383.7873229980469,377.3428039550781
sample_3dfb86a44edd39a1,498.47991943359375,481.6564025878906,463.6148986816406,449.3790588378906,433.4610595703125,419.55401611328125,408.7777404785156,399.20440673828125,391.36773681640625,385.72662353515625,377.8208923339844,373.50836181640625
sample_e35b46b49e308c70,365.0855712890625,363.10833740234375,363.569580078125,364.570068359375,365.5271301269531,367.628662109375,370.3133850097656,372.37554931640625,376.2315368652344,379.6748962402344,381.5204162597656,385.11041259765625
sample_1408a0c0b296fc9d,464.94818115234375,451.9521484375,438.53338623046875,429.6556091308594,416.77740478515625,406.0177001953125,398.3418273925781,391.1468200683594,384.2481689453125,377.60992431640625,369.2131042480469,364.71099853515625
sample_b5d039bcd2d73f60,449.98480224609375,456.2559509277344,456.55548095703125,452.9088134765625,451.18798828125,445.54180908203125,441.07171630859375,434.8393249511719,429.35150146484375,423.85601806640625,421.1826171875,416.96722412109375
sample_78c9c75abc565475,472.9231262207031,471.2584533691406,468.229248046875,464.5979919433594,461.6709289550781,458.9176330566406,456.57476806640625,454.2740478515625,451.6461181640625,450.32763671875,447.6477355957031,446.4027099609375
sample_910add95a5388d57,436.1893310546875,428.138916015625,420.508056640625,415.12286376953125,407.6072082519531,400.47528076171875,394.41363525390625,389.21807861328125,384.6166076660156,379.5,375.96929931640625,373.9031982421875
sample_e71830e221cc6167,399.0886535644531,424.7756652832031,445.96624755859375,459.36236572265625,474.37005615234375,486.3612060546875,497.9824523925781,506.30987548828125,513.0617065429688,519.8424072265625,531.4551391601562,533.5252685546875
sample_137dc1534cbb7748,460.5106506347656,448.9494323730469,437.8681945800781,428.4676513671875,421.1302490234375,416.505126953125,407.67559814453125,406.2926330566406,398.540771484375,398.2609558105469,393.1556701660156,388.8541564941406
sample_f827a734cdc27423,426.29937744140625,422.0390625,418.6697692871094,415.8784484863281,411.404541015625,406.99609375,404.7280578613281,399.4825134277344,396.4287109375,392.44744873046875,390.41229248046875,388.7158508300781
sample_e332c3b662a389e9,330.9367980957031,332.44940185546875,335.9496765136719,338.5645751953125,343.9287414550781,350.52166748046875,357.076416015625,363.3876953125,370.2697448730469,376.2188415527344,381.8884582519531,387.2635803222656
sample_22d1bfd8ae5e48e5,376.3769226074219,376.0206604003906,375.6689453125,376.98602294921875,375.92425537109375,375.7760925292969,376.2236328125,377.2007751464844,377.3970642089844,378.7338562011719,379.1700439453125,380.28692626953125
sample_5ac56df5d9012946,459.0821838378906,449.706298828125,438.7572021484375,429.95556640625,419.44244384765625,409.9324951171875,401.6057434082031,393.7637939453125,386.8662414550781,380.6876220703125,375.2652282714844,371.8096923828125
sample_63ae23f103a0fe7f,373.1897277832031,371.43701171875,370.0732421875,367.13568115234375,366.1341857910156,365.4592590332031,365.9640808105469,365.4562683105469,365.03564453125,365.957763671875,366.0299072265625,366.5562744140625
sample_a73234f5765d94f4,357.6581115722656,357.772216796875,360.76495361328125,363.13787841796875,367.2713623046875,372.78131103515625,378.8307800292969,381.3690185546875,386.1755065917969,391.1411437988281,393.13580322265625,396.66583251953125
sample_53185b8eb8d6226c,334.8078308105469,335.21136474609375,337.31536865234375,339.0138854980469,341.6585693359375,345.7016906738281,350.1333312988281,353.4537658691406,358.7205505371094,363.1637268066406,366.8456115722656,370.88922119140625
sample_d3f90285661283c4,542.1587524414062,564.44140625,578.2976684570312,582.1592407226562,590.914794921875,591.6520385742188,587.2741088867188,580.3199462890625,571.2056274414062,567.381591796875,553.0602416992188,546.3901977539062
sample_0d942b90b1586d1a,395.4786376953125,398.4176940917969,401.04034423828125,400.0190124511719,400.54656982421875,398.7305908203125,397.134521484375,394.54461669921875,392.746826171875,390.7224426269531,388.543212890625,386.7035217285156
sample_7c55997f76efee18,387.1930847167969,382.0533142089844,378.9537353515625,378.9522399902344,378.2484436035156,376.9231262207031,377.51202392578125,377.9401550292969,378.4188232421875,382.142822265625,384.36614990234375,385.7026672363281
sample_1a59a003b8ca302a,518.3311157226562,494.4355773925781,469.0009765625,449.0017395019531,430.00579833984375,412.24420166015625,397.57330322265625,384.2518310546875,373.665283203125,365.20587158203125,358.370361328125,355.09344482421875
sample_91bf410338d45c03,387.4553527832031,382.6810607910156,378.39837646484375,374.0756530761719,369.81610107421875,366.6763610839844,365.29144287109375,363.83843994140625,363.0480041503906,363.3883972167969,363.4653015136719,364.9023742675781
sample_85320bb76f363255,482.3509216308594,473.54193115234375,462.7853698730469,451.4515380859375,442.4302978515625,433.2887268066406,424.52490234375,416.51971435546875,412.60589599609375,409.5384521484375,403.2705078125,397.639892578125
sample_d5cc3055857b8f55,593.9685668945312,611.0300903320312,623.0192260742188,626.24072265625,628.2376098632812,615.6923217773438,600.8549194335938,587.3232421875,579.2846069335938,570.1597900390625,561.3281860351562,552.8768310546875
sample_c6aa8081f57b2836,285.8138732910156,291.2968444824219,298.15277099609375,303.3073425292969,312.3758544921875,322.43280029296875,331.62786865234375,336.16400146484375,340.3986511230469,345.02783203125,352.84735107421875,363.0239562988281
sample_ea6dee8fd4b28f5c,393.32049560546875,386.94256591796875,380.8141784667969,375.86761474609375,370.52716064453125,366.3135070800781,364.16009521484375,360.7841796875,358.17828369140625,356.73876953125,355.3023376464844,354.8314208984375
sample_1a52b6513a80263f,336.3216247558594,338.4162292480469,341.4220886230469,342.72576904296875,345.0782470703125,346.5022888183594,348.21142578125,349.0690002441406,350.5465393066406,351.2202453613281,352.6806335449219,352.99676513671875
sample_29933eeb8d45a320,391.2217102050781,408.03619384765625,434.5174560546875,457.8866271972656,483.46783447265625,504.8888854980469,495.2566833496094,496.22845458984375,495.04901123046875,479.86785888671875,459.3685607910156,448.8723449707031
sample_241d9f52ef008883,684.6076049804688,675.0814819335938,662.6182861328125,649.6902465820312,635.6035766601562,620.3739013671875,605.7894287109375,595.4586791992188,586.2200317382812,582.7469482421875,580.3508911132812,587.3707275390625
sample_56027c3303f4959b,292.76116943359375,295.93798828125,301.40869140625,305.338623046875,312.1239013671875,318.8821105957031,327.3193359375,331.5741271972656,339.4996032714844,344.43359375,349.6212158203125,352.4268798828125
sample_7d19aba6e2859580,423.3250732421875,418.6141662597656,412.7587585449219,409.8434143066406,404.0776062011719,398.3882751464844,390.4515075683594,383.33673095703125,379.2998352050781,374.1428527832031,371.4834289550781,379.0025329589844
sample_91164e5e20f50535,294.16973876953125,297.0478515625,300.2069091796875,304.5281677246094,307.4383850097656,314.8468933105469,324.4544982910156,325.24530029296875,322.2665710449219,325.50677490234375,328.31512451171875,335.13385009765625
sample_4ff7e88cb90df2cc,369.80828857421875,370.4021301269531,371.7928771972656,372.4042663574219,374.1629943847656,376.37921142578125,378.9058837890625,380.34698486328125,383.11029052734375,383.65228271484375,385.9728088378906,387.3728332519531
sample_e2dccfad0a225fe8,451.8447570800781,438.54705810546875,425.505615234375,414.8701171875,402.9147644042969,392.81103515625,384.8955078125,377.57733154296875,370.8490295410156,367.6774597167969,362.7334289550781,360.37200927734375
sample_74995f8cb50a1667,361.9778137207031,363.08935546875,370.9774475097656,380.9007263183594,395.5253601074219,411.3263854980469,424.858154296875,431.4656982421875,439.3703308105469,444.07781982421875,445.79876708984375,447.2473449707031
sample_1c5f5c5bad26e4ec,353.5015563964844,357.64483642578125,366.0062561035156,375.3484802246094,390.2892150878906,414.0758361816406,443.591064453125,467.15728759765625,483.0965270996094,489.3089599609375,497.624755859375,506.97784423828125
sample_996700b2acd4dd32,394.06011962890625,396.86871337890625,399.8528137207031,401.06488037109375,406.8884582519531,411.64569091796875,414.327392578125,416.533447265625,419.62017822265625,419.7235107421875,420.7947998046875,423.2520446777344
sample_21045a9cdc73808f,360.59930419921875,363.8426513671875,372.561767578125,384.7621765136719,404.4716796875,422.1919250488281,437.82647705078125,451.8521728515625,462.95574951171875,483.4149169921875,506.88800048828125,520.5291748046875
sample_e4608236585a166c,635.1943359375,632.3502807617188,634.9884033203125,630.5076904296875,624.8865966796875,618.2489624023438,613.4156494140625,606.0147094726562,590.5112915039062,579.6627807617188,567.1610107421875,544.9168090820312
sample_2425293ddca59e72,357.4505920410156,360.0197448730469,367.78363037109375,376.4964904785156,382.6120300292969,382.3891296386719,388.13787841796875,392.475830078125,393.72747802734375,396.1739196777344,394.1234130859375,401.6051330566406
sample_a47bf240b54c092c,369.5172119140625,369.8994445800781,371.101806640625,371.7925720214844,373.19720458984375,375.2889404296875,377.92401123046875,379.3562927246094,382.28082275390625,383.0998840332031,385.5147705078125,387.1368713378906
sample_47fff3c4de17cd68,386.6215515136719,381.63104248046875,377.2315673828125,373.06719970703125,369.384765625,366.32501220703125,365.0236511230469,362.8655700683594,361.72589111328125,361.0487365722656,360.8248596191406,361.0160217285156
sample_0ee55f30e12c9379,347.4731750488281,347.37725830078125,348.2596740722656,348.56195068359375,349.9548034667969,352.5707092285156,357.59210205078125,364.4808654785156,375.322998046875,386.8619384765625,396.3588562011719,407.761962890625
sample_4d48d9f3999ac85e,322.5825500488281,328.97705078125,335.986083984375,344.1012878417969,354.0514831542969,361.9622497558594,364.5399169921875,373.4521179199219,382.2901611328125,394.466064453125,397.04437255859375,398.3034973144531
sample_9923e0b1f2331830,406.2825622558594,398.73175048828125,391.8691101074219,388.5115661621094,381.032470703125,376.2369384765625,373.063720703125,371.0655212402344,370.1869812011719,369.15130615234375,366.64111328125,368.5828857421875
sample_111c6d688be50e00,488.8101501464844,486.30950927734375,472.7113037109375,459.537353515625,448.53271484375,436.94580078125,425.9421081542969,417.2044982910156,408.9464416503906,403.15020751953125,396.6177062988281,391.6385803222656
sample_aee13e4d7c94d02e,447.0732727050781,443.9696350097656,443.56591796875,440.8744201660156,445.92059326171875,451.947265625,455.8501892089844,467.8453063964844,445.8701171875,439.6443786621094,438.1118469238281,432.869873046875
sample_f5ffb735b98c8042,400.364013671875,397.7020568847656,392.28082275390625,388.62200927734375,381.6539001464844,374.56817626953125,370.11419677734375,366.933349609375,363.0198974609375,360.98828125,358.2153015136719,356.5809326171875
sample_1621a93317dde216,556.1604614257812,567.72607421875,571.0718994140625,567.2432250976562,558.9683227539062,541.8697509765625,535.2069702148438,529.1956787109375,515.4334716796875,502.3225402832031,495.19366455078125,478.8637390136719
sample_37b62d62d38d7dbc,367.44287109375,384.95648193359375,400.5177001953125,421.1592102050781,445.4424743652344,475.4201354980469,486.4818115234375,501.4217529296875,528.5972290039062,544.4205322265625,536.7466430664062,518.0817260742188
sample_477c0f49c9aef8f0,360.5939636230469,359.2186279296875,359.5068664550781,361.0565185546875,361.1522521972656,361.854248046875,362.2237243652344,360.5937194824219,359.5576477050781,359.7175598144531,358.6462097167969,359.8943786621094
sample_56e9d8fc308c5577,386.93548583984375,385.8148498535156,384.3720397949219,381.1441650390625,378.9794616699219,376.4957275390625,374.7743225097656,373.1588134765625,370.89495849609375,370.00860595703125,368.0706481933594,367.8000183105469
sample_fe412dc0ed2df321,347.7229919433594,347.6250305175781,348.9762268066406,349.48883056640625,351.4635009765625,354.1339416503906,357.8835754394531,360.2071533203125,363.87518310546875,366.06427001953125,369.3106994628906,372.6187744140625
sample_93a7cca71eb256e3,333.0859680175781,334.032470703125,337.9429626464844,344.5781555175781,351.6175842285156,358.8821105957031,367.94415283203125,385.26568603515625,408.5611877441406,428.7828369140625,443.8314514160156,463.9914855957031
sample_fdb25a4548a192de,291.4112548828125,296.6764831542969,302.74969482421875,307.0670471191406,313.8623962402344,321.2687072753906,329.6792907714844,336.5198974609375,343.4572448730469,348.9082946777344,353.9197998046875,357.754150390625
sample_5053e6d4f37117e7,365.4842224121094,370.881103515625,376.41644287109375,378.645263671875,382.86798095703125,384.76116943359375,386.5227355957031,386.0283508300781,387.86962890625,386.05975341796875,386.42376708984375,385.0616149902344
sample_a06ce02c329fb5b1,437.2000427246094,432.3559265136719,429.3498840332031,432.4822692871094,437.7207336425781,444.7261962890625,450.07598876953125,453.8511962890625,447.4728698730469,443.1085510253906,433.4640808105469,421.82843017578125
sample_a13897a718ac5cb9,653.1364135742188,650.2164306640625,645.57958984375,640.02685546875,634.8728637695312,625.4727172851562,617.82958984375,605.7163696289062,594.1155395507812,577.4257202148438,568.3721313476562,559.02978515625
sample_3b1977cd111a3f48,322.6722717285156,324.12042236328125,326.2413635253906,329.4449157714844,333.36614990234375,334.7964782714844,335.6396484375,337.22833251953125,335.910400390625,334.7376403808594,335.0163269042969,335.6378479003906
sample_a0d38fe20dee563a,423.7176513671875,420.4334716796875,416.2669372558594,411.7871398925781,407.47296142578125,403.1565856933594,399.2467956542969,395.3706359863281,391.88427734375,391.38330078125,392.3999328613281,392.6842041015625
sample_6a953fd76f03437d,346.6476745605469,356.4777526855469,371.9601135253906,379.1947937011719,389.49755859375,396.3220520019531,403.9461364746094,408.74029541015625,416.4136962890625,419.6375732421875,425.1874694824219,422.96844482421875
sample_00a541ac5038ef2b,344.4941711425781,344.631103515625,344.72381591796875,346.3616943359375,346.6278076171875,346.9341735839844,346.5968017578125,345.4706726074219,344.16180419921875,343.13104248046875,342.5367431640625,345.91259765625
sample_476b2c2a73948b6b,380.929931640625,376.812255859375,373.4400634765625,370.1667785644531,366.69140625,363.5985412597656,362.4560546875,366.19439697265625,363.8603210449219,364.93939208984375,363.5306701660156,367.77227783203125
sample_a9761e54390f8ec7,434.0110778808594,425.88958740234375,419.2995910644531,413.0232849121094,403.2189636230469,393.69598388671875,386.55853271484375,379.6790771484375,375.18719482421875,370.453369140625,366.21575927734375,363.6876220703125
sample_2e75b79047229b05,488.90533447265625,484.3428649902344,475.426025390625,465.1321105957031,456.1703186035156,445.8886413574219,437.6283874511719,429.8994140625,422.38238525390625,418.0010070800781,414.9339599609375,413.90643310546875
sample_2470f642bdce155e,297.6148681640625,302.9856262207031,309.9859619140625,314.1250915527344,319.1685485839844,324.47845458984375,331.84100341796875,336.27923583984375,343.0711669921875,348.4612731933594,353.076171875,355.75933837890625
sample_8b6ded36d0e8b949,585.5233154296875,593.6710205078125,589.5006713867188,586.6787109375,584.8172607421875,580.7782592773438,576.5447387695312,570.7376708984375,567.9652099609375,560.224365234375,555.0397338867188,553.9052124023438
sample_1fe770aa03685d02,345.782470703125,346.2547912597656,347.50823974609375,347.20587158203125,348.66839599609375,349.59912109375,350.678466796875,352.0308532714844,354.7488708496094,358.392333984375,365.4723815917969,370.6729736328125
sample_f8aed315ec97c4d6,367.51861572265625,365.3748474121094,362.6698913574219,362.2262268066406,355.8485412597656,355.46295166015625,354.4673767089844,357.5740661621094,359.3477478027344,360.31915283203125,357.3381042480469,355.8251953125
sample_1de507cc557a1faa,629.5479736328125,600.9266357421875,570.8324584960938,545.4937133789062,521.3265380859375,499.47357177734375,481.3494567871094,464.848388671875,450.8499755859375,437.7405090332031,426.518798828125,417.79473876953125
sample_9e19009bb08ee95b,501.27593994140625,486.09521484375,472.0329284667969,460.5386962890625,447.40130615234375,434.83294677734375,422.3987121582031,413.4349365234375,406.1311340332031,399.32427978515625,393.064697265625,388.4973449707031
sample_9b6b34fe5e0551b1,551.2592163085938,550.7628784179688,546.941162109375,539.0518188476562,531.2225952148438,524.6094970703125,514.8699951171875,506.2790832519531,496.9050598144531,489.7755126953125,487.5496826171875,488.23175048828125
sample_986c3ae5060fa7cb,612.34033203125,586.5125732421875,559.8892211914062,540.1082153320312,518.654541015625,498.98468017578125,482.9510498046875,466.204345703125,451.10577392578125,438.74530029296875,428.2890930175781,419.1142272949219
sample_9583b46e12314ad5,389.44317626953125,386.9712219238281,385.30218505859375,383.0859069824219,382.2527770996094,381.3431396484375,381.6976623535156,381.3884582519531,382.7341003417969,383.607666015625,384.9496154785156,386.6167907714844
sample_728cf35bc4f67afd,390.6247863769531,385.3005676269531,377.98114013671875,372.40509033203125,365.0395812988281,358.2958984375,353.112548828125,349.5434875488281,345.49505615234375,344.0699462890625,341.8420715332031,342.22528076171875
sample_095e079cbef71c8e,467.08319091796875,465.9708251953125,461.63916015625,457.317138671875,451.79559326171875,445.967529296875,440.8758544921875,436.3909912109375,431.85931396484375,427.82183837890625,424.18218994140625,420.19232177734375
sample_dfb4805e55b75fdb,356.1658020019531,365.25146484375,374.3486633300781,378.97064208984375,384.7458801269531,387.35009765625,389.7323303222656,390.7232971191406,391.603759765625,389.8548889160156,389.9878234863281,387.60577392578125
sample_ba7cb9e46fb119aa,467.4098205566406,448.3620300292969,430.5040283203125,416.75970458984375,402.5117492675781,388.85308837890625,376.7234191894531,370.18408203125,365.94683837890625,358.83740234375,352.19720458984375,342.6168212890625
sample_2af0fa1228acc6cd,481.6376953125,478.6991271972656,476.94744873046875,473.67987060546875,472.0361022949219,471.57659912109375,465.9038391113281,462.6587829589844,458.42218017578125,471.33441162109375,487.3453369140625,499.5640869140625
sample_5b62fb6a47bfba13,356.0686950683594,362.3374328613281,371.5001525878906,377.96905517578125,387.4888916015625,395.7555847167969,405.0114440917969,413.0995788574219,420.48101806640625,424.98260498046875,432.5531921386719,443.8515625
sample_fce401998c782fcb,394.8892822265625,433.1072082519531,475.693359375,506.5137939453125,529.305908203125,561.531494140625,591.2063598632812,618.567626953125,649.9454956054688,692.87890625,734.0452270507812,755.042724609375
sample_0aa24ac03b71baa9,410.8941650390625,440.6697998046875,477.35986328125,508.72021484375,520.6038818359375,532.6192626953125,556.3590087890625,580.3743896484375,579.9049072265625,589.3990478515625,596.2926025390625,602.14404296875
sample_718e767817e23a88,440.9990234375,429.6426696777344,418.8121032714844,409.9297790527344,400.16668701171875,391.212158203125,384.4188232421875,378.47906494140625,372.6645202636719,370.1589660644531,365.97723388671875,364.0827331542969
sample_0aede13853e72d3f,610.4531860351562,589.0147094726562,562.8358154296875,537.879150390625,512.680908203125,490.2758483886719,474.39605712890625,460.65179443359375,449.97772216796875,440.6548767089844,435.19720458984375,429.87591552734375
sample_909dd3b04824c288,531.9458618164062,502.5964660644531,476.1100158691406,460.4953308105469,445.2044677734375,433.67340087890625,423.25115966796875,410.66876220703125,399.15985107421875,387.7899475097656,378.02935791015625,370.4317626953125
sample_d137749aa821125d,333.4598083496094,374.46343994140625,404.6358642578125,428.4928894042969,444.9510498046875,473.78460693359375,498.9656982421875,502.5811462402344,504.5406188964844,523.7440795898438,541.819091796875,534.0388793945312
sample_1a3394ae4a7931e4,455.8274230957031,462.67974853515625,472.6111755371094,479.82025146484375,481.78131103515625,488.02069091796875,493.131103515625,487.6927795410156,480.92169189453125,486.8966979980469,500.4697265625,513.4837036132812
sample_d1dcf3d7fdb3b4f6,348.6720886230469,348.54376220703125,349.4535827636719,350.5570373535156,351.577392578125,353.50885009765625,356.60736083984375,358.8639221191406,361.56365966796875,363.8017883300781,366.14794921875,368.9828796386719
sample_512d763e81569ade,423.83349609375,419.59783935546875,415.5096435546875,413.2746276855469,409.0603942871094,404.1645202636719,401.62615966796875,398.17742919921875,394.83221435546875,391.9795227050781,389.5770568847656,386.9947509765625
sample_06741388dc40b835,373.8741455078125,373.1231384277344,374.9467468261719,377.5302429199219,380.0989685058594,384.591064453125,388.7859802246094,390.530029296875,393.6983642578125,396.8059997558594,398.2298889160156,400.5500183105469
sample_18bde0582987f47e,385.49267578125,388.2510070800781,391.63043212890625,391.9818115234375,395.2470397949219,397.46337890625,401.0790100097656,402.23681640625,405.01177978515625,407.26434326171875,407.8941955566406,409.9505920410156
sample_759a4e3c59015012,342.3643493652344,342.42047119140625,342.6295166015625,343.62103271484375,345.1292419433594,344.5542297363281,345.4329528808594,349.4164733886719,351.31231689453125,356.4256896972656,355.1572265625,353.5640869140625
sample_2bc26bf5451894ca,345.6697998046875,349.8929443359375,355.9718017578125,362.2408447265625,369.6627197265625,383.1434326171875,389.5483093261719,396.73687744140625,409.0818786621094,424.5889892578125,431.6300354003906,437.18206787109375
sample_7b4701872fe74915,411.33966064453125,412.3656005859375,411.2774353027344,407.3210144042969,404.9922180175781,399.993896484375,396.78271484375,391.85369873046875,387.7643127441406,383.5096130371094,381.1731262207031,378.2367858886719
sample_591fdaea39649bb9,383.3721923828125,407.77978515625,435.52288818359375,448.0332946777344,470.3726501464844,488.85650634765625,507.9928283691406,525.560791015625,533.8748168945312,534.2213134765625,542.0929565429688,539.7310791015625
sample_b37a71516b958742,336.96173095703125,338.0609130859375,341.1160888671875,344.5065002441406,346.8780517578125,350.6907043457031,355.2617492675781,358.6537780761719,365.9195251464844,378.14959716796875,384.3888854980469,384.49212646484375
sample_baddc89d55ee3a7e,372.2789611816406,367.63104248046875,363.06488037109375,364.06817626953125,361.83587646484375,364.3747863769531,364.8370361328125,366.0808410644531,364.63897705078125,366.1298522949219,365.2541809082031,365.1708679199219
sample_0201579471330d0c,394.21942138671875,391.3973693847656,391.09356689453125,394.8056335449219,404.1466064453125,411.47918701171875,419.5895080566406,431.4893798828125,432.0377197265625,432.6228942871094,437.0695495605469,456.6528625488281
sample_f2824eca0dcddb19,600.7249755859375,589.04296875,568.645263671875,546.7781982421875,527.1625366210938,511.0852966308594,497.7945556640625,487.24169921875,479.26141357421875,471.55853271484375,465.5152282714844,458.9525451660156
sample_7df7d1e372906133,326.1324768066406,338.7504577636719,359.1556396484375,379.38909912109375,400.940673828125,417.27923583984375,430.25537109375,442.36407470703125,454.28521728515625,464.3555908203125,473.647705078125,477.308349609375
sample_6466e2bd98db31fa,404.2456970214844,403.66455078125,398.1497802734375,392.3006286621094,384.263916015625,377.453857421875,371.5466003417969,367.8553771972656,365.18798828125,358.37652587890625,357.1883544921875,353.7210388183594
sample_51ec660031a2bcf0,614.8389892578125,592.69970703125,569.6129150390625,549.0855712890625,529.2567138671875,510.7912902832031,495.32232666015625,480.909423828125,469.2618103027344,458.27001953125,449.24493408203125,441.32073974609375
sample_87f2ec64633f0201,572.9409790039062,565.5694580078125,554.5218505859375,543.9232788085938,531.6553344726562,519.2297973632812,507.23187255859375,496.55023193359375,487.3370361328125,477.63763427734375,470.23077392578125,465.5979919433594
sample_9b0a699b85eb5898,324.1913146972656,325.5360412597656,328.02593994140625,329.3575134277344,331.6637878417969,334.02447509765625,337.82513427734375,339.9317321777344,342.31549072265625,344.5225830078125,346.3688049316406,347.61810302734375
sample_941126c4e96db31d,506.2972106933594,493.0587463378906,479.0055236816406,466.32415771484375,453.05157470703125,441.0238037109375,429.5229187011719,422.4654541015625,417.5150146484375,412.578857421875,406.333251953125,400.4921569824219
sample_4f6aa70271edbff9,500.5352478027344,499.69140625,498.1656494140625,496.21295166015625,494.9457702636719,493.4665222167969,491.75628662109375,489.25201416015625,488.81329345703125,486.9868469238281,486.2541809082031,483.93621826171875
sample_a86856547337f366,406.2042236328125,406.24212646484375,409.28277587890625,414.345703125,420.4383850097656,426.5654296875,426.6537170410156,426.1673278808594,423.57958984375,423.98797607421875,424.46197509765625,422.5810241699219
sample_83753f189d9674b3,378.8114929199219,382.3717956542969,386.1378479003906,387.42071533203125,390.68218994140625,393.25848388671875,399.22003173828125,402.5741271972656,402.34796142578125,400.5649719238281,403.259033203125,402.13037109375
sample_10e20d0c40e498ce,472.434814453125,460.1908264160156,444.4778137207031,432.6136779785156,422.5898742675781,417.4742126464844,410.947265625,407.49261474609375,397.83160400390625,388.13323974609375,382.5417175292969,376.9291687011719
sample_4856cbfec30661ef,388.109619140625,402.32098388671875,411.93377685546875,417.6842956542969,427.6491394042969,428.00897216796875,435.1777038574219,443.245361328125,445.0145568847656,431.68817138671875,434.7342834472656,439.92071533203125
sample_b76c18c8782f4edc,356.9338684082031,356.0560607910156,355.1933288574219,355.6161193847656,354.999267578125,355.10418701171875,355.43841552734375,355.6668701171875,354.0880432128906,353.1398620605469,352.48876953125,354.2997131347656
sample_1434cf582e19b7f5,355.8127136230469,356.6931457519531,364.4152526855469,373.9920654296875,389.9947204589844,406.54278564453125,411.6628112792969,416.8656921386719,424.88232421875,428.63079833984375,427.63800048828125,428.5869445800781
sample_4df35c4fde959e2c,487.8849792480469,493.2648620605469,498.41644287109375,498.38037109375,498.2949523925781,499.13446044921875,500.39984130859375,501.4673156738281,505.49169921875,504.58929443359375,505.76983642578125,507.82501220703125
sample_535b2282f89e7b1e,378.732421875,378.3111572265625,379.3445129394531,383.5364990234375,385.896728515625,392.32415771484375,396.29376220703125,405.4181823730469,406.1153259277344,405.5901184082031,406.80718994140625,404.49383544921875
sample_99edc661d43f8282,349.4319763183594,349.47552490234375,350.7580261230469,351.2800598144531,353.34722900390625,356.5807189941406,360.7023010253906,367.83343505859375,375.72650146484375,377.345703125,380.4953308105469,387.4986267089844
sample_4ba032addc7a41ed,468.2353820800781,472.0901794433594,473.84625244140625,469.5395812988281,466.8263854980469,461.6322021484375,457.03948974609375,453.1859130859375,450.9629821777344,447.7520446777344,445.1556701660156,442.7854919433594
sample_4729d5de3a7fa279,549.1303100585938,541.15576171875,529.3967895507812,515.2200927734375,503.7298278808594,493.07232666015625,486.47186279296875,479.7604064941406,470.46929931640625,465.2197265625,456.5470275878906,447.9820861816406
sample_ba662c44f6f315fa,345.46856689453125,361.4495544433594,384.23974609375,404.5721130371094,423.9163513183594,442.8931884765625,456.2178955078125,465.6352844238281,475.18109130859375,483.66754150390625,488.8756103515625,495.4200439453125
sample_97a8711bd3c04844,392.1728210449219,449.0673828125,516.03271484375,581.19091796875,630.2744140625,658.8743896484375,680.7174682617188,678.2491455078125,670.2879638671875,648.8206787109375,639.455078125,622.2362670898438
sample_1fecb4bf98487255,364.07989501953125,375.4028015136719,392.0998229980469,414.5213317871094,440.0663757324219,471.70770263671875,508.6370849609375,547.88623046875,574.8983764648438,584.3106079101562,593.8968505859375,595.6986083984375
sample_be2b88c37a07fc14,313.036376953125,317.7330627441406,323.6800842285156,326.835205078125,332.3742980957031,337.29547119140625,344.2704772949219,347.9131164550781,353.5083312988281,356.19451904296875,360.2656555175781,362.126708984375
sample_d9fee7076254550d,308.8825988769531,312.558349609375,317.4921875,320.8345947265625,324.3671875,328.50830078125,333.6385192871094,338.150390625,343.17431640625,347.9953308105469,350.8531188964844,352.9363098144531
sample_c03ea20562182a72,438.8272399902344,427.2121276855469,416.56182861328125,409.3346252441406,400.5042724609375,392.906982421875,386.69500732421875,379.4281921386719,371.51702880859375,368.5472106933594,364.7917175292969,368.191162109375
sample_15837ae027843f9c,451.9899597167969,446.3965148925781,439.6340026855469,433.6365661621094,425.8895568847656,418.2004699707031,411.9925842285156,407.577392578125,403.4516906738281,398.88287353515625,394.3818359375,390.8999328613281
sample_9ebaa97b5ecc7272,368.0177001953125,365.3034973144531,364.1004943847656,364.73065185546875,365.0859069824219,366.972900390625,370.3575134277344,371.2601013183594,373.437744140625,375.7973327636719,377.1513671875,379.9664001464844
sample_930d310297b3fb8e,354.79217529296875,355.62322998046875,357.4024658203125,358.2847900390625,361.76361083984375,366.6676330566406,372.2505798339844,381.47918701171875,389.95416259765625,399.07501220703125,401.03863525390625,404.2403564453125
sample_251a138f2ce155a7,426.64788818359375,422.39202880859375,417.9749755859375,414.5968017578125,410.8166198730469,406.08184814453125,402.4434509277344,398.25537109375,395.5849304199219,391.587890625,389.3677062988281,386.71844482421875
sample_f232934d87ccb026,355.7545471191406,354.2649841308594,354.7294616699219,355.851318359375,356.73907470703125,358.3494873046875,360.7526550292969,362.92578125,366.3687438964844,370.8642272949219,373.6758728027344,377.9002685546875
sample_cca4cbdf5ad63b7e,314.044189453125,317.430419921875,322.08935546875,324.6360168457031,329.7047424316406,334.2110290527344,339.0625305175781,341.89276123046875,346.328369140625,348.67999267578125,352.83544921875,354.188720703125
sample_564f91329a62d8a0,497.56787109375,495.39971923828125,492.79876708984375,490.6934509277344,488.96209716796875,487.072021484375,486.4660949707031,485.3452453613281,484.9009094238281,484.4010925292969,484.6614074707031,484.1159973144531
sample_eda0732900755bfd,331.2304382324219,341.0190124511719,350.8210754394531,355.7891845703125,363.3089904785156,367.9719543457031,372.6097717285156,373.126708984375,376.90625,379.1007080078125,381.1539001464844,381.1492919921875
sample_7342778fa084b9c9,346.4255676269531,353.6678771972656,368.1536865234375,381.1697998046875,391.82244873046875,402.6703796386719,414.48883056640625,420.89959716796875,422.8561706542969,426.5369873046875,427.91802978515625,430.5210266113281
sample_ac2de89c0596256f,414.9259948730469,417.8473815917969,425.4853515625,429.3968811035156,427.4571533203125,429.2043762207031,435.9075927734375,446.83514404296875,458.45623779296875,484.05889892578125,518.5567016601562,582.745361328125
sample_351b68b84c956c42,303.7182922363281,309.0016174316406,315.6664733886719,320.8194580078125,328.8629150390625,337.65045166015625,346.9681091308594,353.7402648925781,362.1925354003906,368.2391662597656,374.326171875,378.748291015625
sample_15ab362c07e7c889,339.5871887207031,343.7674255371094,352.33270263671875,359.61260986328125,369.23797607421875,380.2546691894531,390.360107421875,399.1978759765625,409.17730712890625,416.3499450683594,422.7325134277344,428.90838623046875
sample_c34be872135f673f,359.2882995605469,360.6510925292969,367.0121765136719,367.74188232421875,368.5057678222656,375.9205017089844,379.2951965332031,390.49615478515625,398.5257568359375,400.641845703125,402.7576904296875,406.3546447753906
sample_fc80743162400608,622.4468994140625,609.0670166015625,591.8389892578125,575.2161254882812,560.663330078125,546.5338745117188,537.952392578125,531.1434326171875,530.3132934570312,527.5944213867188,529.16455078125,532.53466796875
sample_948f4de06ef3ee63,585.8232421875,557.6556396484375,528.4440307617188,506.83404541015625,484.85321044921875,464.30389404296875,446.06097412109375,429.9534912109375,418.9193115234375,408.0660400390625,399.0558776855469,392.00384521484375
sample_046211953e7b430b,314.5550231933594,316.09228515625,319.0085754394531,321.2874450683594,323.6389465332031,325.41717529296875,327.4303894042969,328.77239990234375,331.3323059082031,332.2861022949219,332.4381408691406,332.9412536621094
sample_95169e5a6417728c,330.7371826171875,334.750244140625,340.1103210449219,342.8594055175781,347.99871826171875,354.33197021484375,360.14630126953125,365.1097106933594,369.814208984375,373.8167419433594,377.2449035644531,381.2377624511719
sample_1c3610d2f06ed130,404.8773498535156,399.86968994140625,394.2872619628906,391.94378662109375,387.6351623535156,382.8417053222656,378.6581726074219,377.3706359863281,374.8571472167969,376.0608825683594,376.3668212890625,377.4879150390625
sample_68b952dc9de739fa,417.07659912109375,461.83770751953125,502.3656005859375,530.5878295898438,540.3106079101562,549.169189453125,561.638427734375,572.7642211914062,590.4404296875,607.41748046875,608.1159057617188,613.7908325195312
sample_ec0a48d8945cc65b,313.6006774902344,314.8750915527344,317.7377014160156,320.50238037109375,324.3407897949219,329.31561279296875,334.16278076171875,339.12664794921875,344.6635437011719,349.6003112792969,354.1649475097656,358.90985107421875
sample_14132470b888b892,302.71405029296875,305.81866455078125,311.4016418457031,316.1650390625,323.40521240234375,331.32891845703125,340.2161560058594,345.5165100097656,353.7674865722656,359.8009033203125,365.36328125,370.47784423828125
sample_1bb6087663b12fac,366.4642028808594,363.595458984375,362.569580078125,363.2724914550781,363.4066162109375,365.55389404296875,364.198486328125,366.7069091796875,367.6605529785156,370.3480529785156,367.92095947265625,366.1012878417969
sample_5123576bbcf0e4b1,568.9031372070312,566.1800537109375,561.6495971679688,558.0280151367188,553.3802490234375,541.1517333984375,533.4893798828125,516.4824829101562,511.70330810546875,509.3386535644531,504.9445495605469,495.1807861328125
sample_831712702f0c882f,283.7215270996094,289.3587341308594,296.34710693359375,301.6956787109375,309.3504943847656,317.6091003417969,326.34326171875,333.64532470703125,340.69580078125,346.21148681640625,351.47015380859375,355.2505798339844
sample_8c08c1c7291970eb,319.49853515625,324.56988525390625,329.93011474609375,333.5130310058594,338.5805969238281,342.8407897949219,347.6595458984375,352.15716552734375,356.14068603515625,363.54632568359375,370.819091796875,374.81683349609375
sample_f92006f0106c9159,346.8761901855469,347.3107604980469,347.63311767578125,348.40838623046875,350.4583740234375,353.2162780761719,355.66461181640625,358.9096984863281,359.2786560058594,358.4629821777344,359.77691650390625,361.0271301269531
sample_dd50b5b02583d8ed,383.9273986816406,382.2978210449219,380.2607727050781,376.52398681640625,374.56829833984375,372.5966491699219,371.4618835449219,369.51812744140625,368.30657958984375,367.320556640625,366.3774108886719,366.201904296875
sample_091a120ddd55620f,356.98895263671875,358.5419616699219,362.42877197265625,364.49822998046875,369.25970458984375,374.2973937988281,380.104248046875,382.2486877441406,387.84033203125,391.8845520019531,394.95867919921875,398.1629333496094
sample_c34f01f8377daf07,478.78472900390625,500.3052062988281,518.6865844726562,540.21240234375,566.470947265625,589.3173217773438,604.7987670898438,624.9166870117188,639.575439453125,642.9249267578125,632.4656982421875,618.8596801757812
sample_d2a7143e74663a6a,343.306396484375,366.96820068359375,388.90948486328125,406.73333740234375,424.71978759765625,442.90826416015625,459.80133056640625,473.11669921875,484.51922607421875,492.015380859375,500.91448974609375,507.39990234375
sample_2e374953c4ef467e,387.674560546875,396.97430419921875,405.73748779296875,410.3754577636719,416.4458312988281,420.1768493652344,424.1201171875,429.55718994140625,433.1080017089844,439.9481201171875,442.51873779296875,445.20025634765625
sample_1ad4df6fcf486de9,377.150390625,376.9828186035156,374.3199462890625,374.1468200683594,371.18768310546875,369.95770263671875,369.2262878417969,367.6257629394531,366.0586853027344,365.9292297363281,365.08270263671875,365.17022705078125
sample_b9eb6b282e189a93,336.6047668457031,335.247802734375,335.87384033203125,336.68017578125,338.7389831542969,341.44830322265625,344.0843200683594,346.3511962890625,348.88604736328125,352.1128845214844,354.71685791015625,358.19110107421875
sample_ac28a35715660b03,349.3238525390625,348.1219482421875,348.427734375,347.9155578613281,348.8161926269531,350.2110900878906,352.1225891113281,352.60809326171875,354.07281494140625,354.9850158691406,356.286376953125,357.41815185546875
sample_93ca69b37c5492f9,314.2340087890625,322.20709228515625,337.6820373535156,349.70770263671875,366.0865478515625,382.3037109375,398.0108642578125,413.04541015625,422.530517578125,430.1671142578125,436.027587890625,445.2109375
sample_dbb896a8ebdf9da2,361.7591552734375,358.5572814941406,357.3295593261719,357.3502197265625,357.3465576171875,358.20330810546875,360.5694274902344,362.5727844238281,364.70172119140625,367.76800537109375,369.9338684082031,372.8213195800781
sample_4e26622eeab6b9ab,567.9003295898438,558.5526123046875,543.7293090820312,527.8217163085938,513.2903442382812,497.49615478515625,485.2008056640625,473.66204833984375,464.12896728515625,455.8043518066406,448.34033203125,442.4992980957031
sample_b1cc2d0e7d116a09,547.083740234375,525.5800170898438,501.780029296875,481.9210510253906,462.3074035644531,444.17303466796875,429.321044921875,415.41455078125,404.24871826171875,393.717041015625,384.71136474609375,377.316162109375
sample_c9c876d219016b16,327.9440002441406,332.9068908691406,336.8116760253906,338.3467102050781,342.6264343261719,353.35748291015625,364.01953125,377.0826416015625,374.4475402832031,384.1527099609375,412.666259765625,425.29052734375
sample_200d98211db2578b,359.7579345703125,362.2877197265625,364.56793212890625,368.5114440917969,375.4764099121094,379.57818603515625,384.9467468261719,384.90631103515625,386.31866455078125,393.5483093261719,396.2789001464844,400.7723388671875
sample_2161d27a705ea761,300.7228698730469,305.4931945800781,311.6245422363281,315.6783447265625,322.32464599609375,329.0158386230469,336.9121398925781,342.9605712890625,348.967041015625,353.7610778808594,358.1539001464844,361.25836181640625
sample_e7bfec9f8391b1fb,323.9453125,345.1903381347656,369.3534851074219,383.19464111328125,399.71820068359375,415.91259765625,430.2333984375,443.7336120605469,452.7536315917969,457.61016845703125,466.0540771484375,469.96942138671875
sample_653e9b35ae2d050f,409.7664794921875,403.9979553222656,399.4256286621094,396.1659851074219,393.5408630371094,392.9784851074219,392.67919921875,392.7774353027344,392.9872131347656,394.3934631347656,395.0933837890625,396.7174072265625
sample_ba47593c515ea28b,400.0809020996094,414.3533020019531,429.7672119140625,447.4140930175781,466.5154113769531,481.71636962890625,488.06134033203125,495.4115295410156,505.02069091796875,501.92803955078125,494.57440185546875,482.7372741699219
sample_87fe297ef510ba97,393.3097229003906,398.5506286621094,403.68023681640625,404.1985168457031,406.0108642578125,404.638427734375,403.7442626953125,401.2029113769531,400.1664123535156,397.0128479003906,395.4555969238281,393.3279113769531
sample_5bfe4043e4f35533,449.3079833984375,458.72052001953125,472.7104797363281,475.5085144042969,467.8629150390625,466.7708740234375,467.31219482421875,460.5639343261719,469.6613464355469,464.2157287597656,456.27337646484375,446.05877685546875
sample_53f1d58b4e5de86b,518.5023193359375,540.1511840820312,554.0203857421875,559.118896484375,560.3643798828125,554.2684936523438,542.6712036132812,531.2012329101562,520.9791259765625,510.8769226074219,507.1428527832031,503.2611389160156
sample_e479fa25f7882773,355.4777526855469,361.06231689453125,367.8055114746094,370.3646240234375,374.81829833984375,377.7374267578125,380.5841979980469,381.652099609375,384.0561218261719,386.0682373046875,387.874755859375,389.27459716796875
sample_1e7573e80c411294,394.07525634765625,393.025390625,392.505859375,391.09722900390625,390.24114990234375,389.1330871582031,388.3183898925781,387.4850769042969,385.99603271484375,384.64495849609375,383.5511169433594,382.73931884765625
sample_ac5e5867ea18c54f,379.39990234375,375.37518310546875,374.2250061035156,373.4734191894531,373.6334228515625,376.0641174316406,379.2528076171875,380.2503356933594,382.0185241699219,387.87139892578125,391.29620361328125,392.5124816894531
sample_70cc65ff507796f3,291.8887023925781,300.4350891113281,312.0151672363281,320.38433837890625,330.8721008300781,341.43817138671875,352.4092712402344,359.19451904296875,365.1533508300781,369.564697265625,375.38446044921875,377.6837158203125
sample_0e7505046e174d06,496.22796630859375,482.61309814453125,469.97802734375,459.6556091308594,444.60205078125,431.7186279296875,425.1729736328125,424.2315673828125,422.0311584472656,420.55596923828125,411.1759948730469,401.92852783203125
sample_0e4c20e975f1c261,381.8197021484375,379.549560546875,375.9061584472656,374.84619140625,371.75860595703125,370.315185546875,371.30987548828125,371.436767578125,372.351806640625,374.0673828125,374.693115234375,379.08868408203125
sample_b706c8e96defb97b,384.7388000488281,384.2460021972656,383.26116943359375,380.5867919921875,378.86279296875,376.5443420410156,374.7032470703125,373.07745361328125,370.73876953125,369.4912414550781,367.7380676269531,367.1179504394531
sample_cc4f0ab6f18b4097,447.40435791015625,436.85589599609375,427.062255859375,419.8063659667969,411.967529296875,406.0248718261719,401.4608459472656,397.0587158203125,393.2847900390625,390.36492919921875,387.85003662109375,389.4041748046875
sample_6331bef3578e0675,397.8564147949219,399.0443115234375,400.9702453613281,400.4912414550781,401.308349609375,400.8912353515625,401.8862609863281,400.3410339355469,401.3918151855469,400.34649658203125,401.8350524902344,403.24462890625
sample_3ae8f8e42cf71912,340.6972351074219,341.8657531738281,343.2635498046875,344.33026123046875,344.6974792480469,344.95050048828125,347.15411376953125,349.0774841308594,350.0045471191406,350.8642272949219,352.12664794921875,353.13946533203125
sample_5b26b7a2164d0cb1,333.240478515625,339.12835693359375,344.4582214355469,349.5964660644531,365.5081787109375,374.5172424316406,377.869140625,381.07586669921875,377.96923828125,392.7037048339844,411.2174987792969,422.8489685058594
sample_8aeee906f71aa239,362.91656494140625,375.481201171875,386.98895263671875,393.56817626953125,398.8604736328125,397.5762023925781,399.0741882324219,399.55718994140625,400.1145324707031,397.9639587402344,397.1609802246094,392.2707214355469
sample_70d246725b013aca,639.8432006835938,634.5797729492188,628.1342163085938,619.8760986328125,614.5023193359375,605.6138305664062,595.6898193359375,580.9095458984375,567.2523193359375,551.672119140625,536.601806640625,518.383056640625
sample_e207a16e6cb91236,291.125,295.94952392578125,303.9858093261719,310.7452697753906,321.20098876953125,332.91302490234375,342.8413391113281,354.6995849609375,366.85833740234375,378.1399841308594,387.8447265625,390.4002685546875
sample_d763657068110ad2,406.55487060546875,407.0802917480469,405.4396057128906,400.8182373046875,397.05780029296875,393.03070068359375,390.9263000488281,388.6164245605469,386.62274169921875,385.747802734375,384.0602722167969,383.31488037109375
sample_a7c5f608bf5bc500,365.54669189453125,366.7151184082031,370.64739990234375,372.68817138671875,376.4125061035156,380.5691223144531,385.4779357910156,386.7757873535156,391.33984375,395.03546142578125,396.9803161621094,399.9454040527344
sample_ae60fa23d89381e1,350.0008239746094,354.45587158203125,359.3465881347656,361.72735595703125,365.99871826171875,368.6529541015625,371.7640075683594,372.9300537109375,375.6407775878906,375.6732177734375,377.83941650390625,378.3069152832031
sample_846638c51b78c37d,350.6363525390625,347.5785827636719,346.8088073730469,347.32562255859375,348.8454284667969,351.0089111328125,353.6239013671875,355.2114562988281,356.8651123046875,359.0199279785156,360.727294921875,362.59857177734375
sample_fe0f3158229b6806,385.4873962402344,401.42071533203125,416.7687683105469,426.9769592285156,433.6015625,441.3802795410156,446.7708740234375,449.10302734375,452.28125,456.3392028808594,461.16802978515625,464.8992919921875
sample_c2c0886f28038784,478.8265075683594,472.0299072265625,464.80029296875,456.84222412109375,450.3264465332031,443.41021728515625,438.02880859375,431.0214538574219,426.0634460449219,420.9557800292969,417.0470275878906,413.7921447753906
sample_b99539c9f6092fb5,543.6755981445312,536.260009765625,523.6889038085938,511.87408447265625,502.6436767578125,487.7099914550781,478.6768798828125,464.54345703125,455.48236083984375,447.6410217285156,435.69189453125,429.8213806152344
sample_2f9e2f92590cab5c,521.1649169921875,524.7567749023438,529.9086303710938,536.6944580078125,542.7179565429688,545.1538696289062,546.3888549804688,542.267333984375,536.7564086914062,534.58251953125,533.6256103515625,530.8555908203125
sample_c6bd8633573d47c6,400.1922302246094,396.59991455078125,393.5723876953125,392.3000183105469,391.3896179199219,391.8525695800781,394.1732482910156,395.3020324707031,396.6820373535156,399.480224609375,400.3172912597656,402.3459167480469
sample_ceaf7ebdc9bba4c8,389.9768981933594,414.9847412109375,437.1328125,452.6849365234375,469.7456359863281,487.2900085449219,500.6939697265625,518.147216796875,533.000732421875,556.9715576171875,585.9639892578125,608.0272216796875
sample_b90e0beee48c6877,324.04327392578125,345.0067138671875,365.1867980957031,379.3930358886719,394.96807861328125,407.613525390625,419.62799072265625,429.95733642578125,439.07476806640625,446.0193176269531,453.7554931640625,457.8635559082031
sample_bb2df402c2f7e14f,292.0083923339844,295.6095886230469,301.2213134765625,305.9174499511719,312.5679016113281,320.3623352050781,328.528564453125,335.6995544433594,343.41387939453125,350.03656005859375,354.27935791015625,358.699951171875
sample_4c1b52c340b61631,388.71728515625,390.0917053222656,392.9461975097656,393.0640869140625,396.32952880859375,399.1922607421875,403.0301513671875,409.3893737792969,421.1331481933594,426.87579345703125,432.5567321777344,435.01959228515625
sample_f8967b750469307f,580.3819580078125,554.1604614257812,524.389404296875,499.5372314453125,477.90386962890625,458.677734375,443.3624267578125,430.15350341796875,421.8887939453125,412.9755859375,403.7908630371094,396.4382629394531
sample_8247ec8b46e206a8,643.7479248046875,631.9047241210938,614.6727905273438,594.9104614257812,574.2623901367188,552.140625,531.601806640625,511.51287841796875,495.9298095703125,485.45172119140625,477.1954345703125,471.197998046875
sample_ca6a5564662dd6d7,335.388427734375,337.2196044921875,340.7205810546875,342.9654846191406,346.9067077636719,354.8937072753906,360.4739074707031,364.7537841796875,377.5376281738281,382.6104736328125,395.453369140625,407.5863037109375
sample_09d110673ed80f2f,415.91326904296875,409.78265380859375,403.63360595703125,398.3385925292969,392.27069091796875,387.0606384277344,382.3845520019531,378.4214782714844,376.5134582519531,383.32623291015625,385.5231628417969,389.3794860839844
sample_0243d76c6a744f42,455.643310546875,453.1690368652344,451.6145935058594,449.5733947753906,450.4623718261719,451.4072570800781,453.8999938964844,453.9113464355469,457.7166748046875,458.0782775878906,459.6506042480469,460.673828125
sample_f1061f0201130247,370.866943359375,375.8363952636719,380.6940002441406,382.4465026855469,385.3798522949219,385.966064453125,386.7764587402344,385.5740966796875,384.7270812988281,382.71417236328125,382.117919921875,380.4435119628906
sample_2100610d3dd89668,676.174560546875,663.3290405273438,647.867431640625,632.7628784179688,619.089599609375,605.1812744140625,596.7628784179688,587.2688598632812,582.0117797851562,575.682861328125,573.967529296875,568.9330444335938
sample_f6eccad76ce1944b,390.4646911621094,419.95587158203125,443.5240783691406,471.36871337890625,500.953125,512.328125,529.21923828125,538.5133056640625,548.5406494140625,552.8743896484375,562.3244018554688,560.716796875
sample_0d9a1b3737e0d86e,406.7264099121094,418.7817687988281,428.5722351074219,432.88995361328125,439.5477294921875,442.8418273925781,444.9125061035156,442.0317687988281,443.46160888671875,440.5878601074219,440.0770568847656,438.21258544921875
sample_b912017921550baa,405.21533203125,403.39764404296875,401.8855895996094,400.9623107910156,401.6424255371094,404.13018798828125,407.7909851074219,408.5569763183594,414.5838928222656,421.2623596191406,427.812255859375,431.3966979980469
sample_542ce158e20808ea,437.5102844238281,431.4284973144531,425.3979797363281,425.1667785644531,416.2154541015625,408.2849426269531,399.06793212890625,392.67230224609375,389.3996276855469,385.91058349609375,377.7652282714844,374.1233215332031
sample_e15e96a57a3ff9ff,446.1764221191406,439.3435363769531,432.6472473144531,428.26397705078125,422.5768127441406,418.3293151855469,414.3218078613281,411.4146728515625,408.7856750488281,407.59326171875,404.04833984375,404.0567626953125
sample_d32b04f694527985,367.15478515625,362.9848937988281,360.9056396484375,363.8957824707031,361.1524353027344,359.99725341796875,357.1745300292969,357.9096374511719,360.8030090332031,367.99365234375,371.0284729003906,368.98046875
sample_7a4a04deecd9088b,327.3157653808594,326.8881530761719,327.53375244140625,328.6862487792969,330.559814453125,333.5035400390625,336.99652099609375,339.62579345703125,343.5508728027344,348.41693115234375,351.81646728515625,356.6161804199219
sample_747de5de33829521,277.71044921875,284.149658203125,293.69488525390625,301.4077453613281,314.8214111328125,329.603515625,344.0244140625,355.9267578125,362.3832092285156,368.06707763671875,374.59295654296875,381.3401794433594
sample_d2d6e505d718248c,470.104736328125,475.0516662597656,472.10284423828125,465.249267578125,461.84527587890625,453.87261962890625,446.0252685546875,439.9011535644531,434.7442932128906,430.29486083984375,427.02581787109375,423.0489807128906
sample_a3a0af45281d1afa,574.6259155273438,573.392822265625,567.18115234375,559.5897216796875,552.5358276367188,542.9943237304688,534.7041015625,523.3740234375,515.302001953125,507.3994140625,499.75372314453125,493.3505859375
sample_d20dfed4f5af6fbd,573.7413940429688,571.9814453125,570.1671142578125,566.87548828125,570.8328247070312,575.4193725585938,592.9646606445312,589.792724609375,582.0401000976562,575.6917114257812,572.333251953125,559.310302734375
sample_4ac69d944eca475b,519.4328002929688,501.2898254394531,481.6143798828125,467.0145568847656,451.0352783203125,435.766845703125,422.7441101074219,411.61798095703125,401.59344482421875,392.8569030761719,384.30145263671875,378.74151611328125
sample_a35efff938eaee6e,419.4580993652344,414.1279296875,408.0644836425781,408.3897705078125,407.004150390625,415.72308349609375,430.59197998046875,447.53851318359375,468.1927490234375,484.1371765136719,490.6627502441406,495.5340270996094
sample_2a2c170774d7ea24,376.0967102050781,399.9365539550781,431.243408203125,465.6300354003906,500.22625732421875,535.5559692382812,554.5724487304688,567.7811889648438,593.4644165039062,622.0413818359375,640.4374389648438,667.3206787109375
sample_56f34e56e466aa68,501.7901611328125,480.8826599121094,454.66888427734375,437.8307189941406,420.6333312988281,405.52313232421875,392.94329833984375,379.80438232421875,374.01214599609375,369.0736389160156,361.3138427734375,355.2999267578125
sample_6b1cb26d6ca3a6db,493.81719970703125,560.825439453125,616.8153076171875,653.5231323242188,684.0726318359375,681.5372314453125,666.701904296875,642.2083129882812,630.9136352539062,616.5313110351562,602.902099609375,597.9603271484375
sample_4f53e072a4510d9b,346.1103515625,356.6758117675781,374.51641845703125,385.7834777832031,398.6871643066406,411.6343994140625,427.1001281738281,442.3301696777344,462.805908203125,483.7073669433594,500.59295654296875,520.2921142578125
sample_8fd0f91b8ced1086,361.55517578125,360.598388671875,360.7021789550781,361.7815856933594,360.42218017578125,360.9404602050781,361.9339294433594,363.81793212890625,363.7288513183594,364.0645751953125,360.3517761230469,359.9739685058594
sample_9eaccb571e5d7e17,459.0194091796875,451.60589599609375,445.2998352050781,441.1067199707031,436.1830139160156,431.957275390625,428.4333801269531,424.1333312988281,420.4906921386719,420.7093811035156,422.7095642089844,431.3814392089844
sample_570d8c55aa265fcf,355.8870544433594,353.8119201660156,350.8018493652344,352.7597961425781,350.7544250488281,351.8027038574219,356.9725646972656,358.7183532714844,360.6014404296875,363.9947814941406,368.31414794921875,379.2882385253906
sample_db4dcc240c81758d,389.96087646484375,390.02947998046875,387.676025390625,387.5706481933594,384.94110107421875,378.0823669433594,380.6405029296875,379.1986389160156,380.84637451171875,385.46807861328125,379.574951171875,380.4181213378906
sample_93e265b8b764d18f,509.8648681640625,487.2732849121094,463.8350830078125,446.7307434082031,427.7823181152344,410.50372314453125,396.03515625,383.502685546875,373.7411193847656,366.58001708984375,360.94989013671875,355.6415100097656
sample_0b7b3a297527c94c,384.06121826171875,383.94891357421875,384.20172119140625,381.98602294921875,381.7435302734375,380.6107177734375,379.86517333984375,378.6177062988281,378.2826232910156,377.2843933105469,377.2392578125,376.79156494140625
sample_b5a4ee4cbb876664,449.68487548828125,447.1192626953125,441.5102844238281,433.687744140625,427.3036804199219,419.60467529296875,414.3247375488281,407.9774169921875,403.6338195800781,398.65570068359375,396.7281188964844,396.8353271484375
sample_32fc479af7767d77,354.8250427246094,355.8510437011719,358.63165283203125,361.01446533203125,364.2638854980469,368.1326599121094,372.2017517089844,375.0046081542969,379.0052490234375,381.48785400390625,384.309814453125,386.9466857910156
sample_4f53a0a1eaf66041,311.648681640625,320.8890380859375,330.8209533691406,336.5907897949219,343.8214111328125,349.2613220214844,354.680908203125,357.54364013671875,361.74786376953125,363.74017333984375,367.2192687988281,368.03436279296875
sample_9c857255e0ec2ee8,297.3670349121094,306.0107421875,318.07086181640625,327.8641662597656,341.6481018066406,355.11895751953125,368.4332275390625,377.6725158691406,388.56317138671875,396.1933898925781,404.9569091796875,410.3323974609375
sample_ec41413b558becf3,403.7752990722656,399.75775146484375,396.2944641113281,394.0929870605469,391.8265075683594,389.46600341796875,388.8229675292969,386.99267578125,386.25726318359375,384.0286865234375,383.655029296875,382.5540771484375
sample_2ba569e15b1c6d63,395.9566650390625,388.48004150390625,380.14691162109375,376.3958435058594,369.80133056640625,366.73785400390625,360.2157287597656,359.01806640625,357.7130126953125,354.7596740722656,351.8659362792969,352.2801513671875
sample_36a8812fdb656d7d,571.39892578125,557.1757202148438,538.0610961914062,520.7612915039062,503.5376281738281,487.4986572265625,473.52679443359375,460.9637451171875,449.97296142578125,441.11151123046875,432.46221923828125,425.84735107421875
sample_6e67cd2a6960bcae,359.7873840332031,358.7275085449219,358.7088623046875,358.8308410644531,359.8970642089844,361.5424499511719,363.6567687988281,363.8090515136719,365.677734375,366.4139404296875,367.909423828125,368.813720703125
sample_0d67ffea7ad0fb8f,332.9305725097656,333.6874694824219,335.57073974609375,337.0161437988281,339.8353271484375,343.43023681640625,347.5908203125,350.7978210449219,355.6083068847656,360.9176330566406,365.0849914550781,368.5277099609375
sample_71f841ba578d1bb4,317.0700988769531,320.2749938964844,326.5891418457031,333.9920654296875,344.1624450683594,356.0224609375,369.2527160644531,375.536865234375,385.5308837890625,392.9461669921875,393.08056640625,394.52752685546875
sample_11968da05fc62b9a,566.2130737304688,586.7811279296875,598.6571044921875,598.99072265625,594.1346435546875,585.8984375,574.1475830078125,567.4283447265625,564.0806884765625,561.2965698242188,556.75927734375,553.77490234375
sample_c6ef09f769356c6a,357.6226806640625,364.9237365722656,377.4034423828125,386.5488586425781,401.65972900390625,408.7926025390625,415.98236083984375,423.4996032714844,426.2727355957031,443.04815673828125,444.953369140625,448.34991455078125
sample_734b3366359f6335,451.3912353515625,448.007080078125,444.01690673828125,439.4151611328125,437.18890380859375,438.5352783203125,438.1368408203125,438.4977722167969,438.9052734375,443.49462890625,437.1452941894531,428.5540771484375
sample_19ab971d1a58002b,460.91241455078125,460.6860656738281,459.6153869628906,458.2358703613281,457.6382751464844,457.96209716796875,459.2487487792969,460.4450378417969,463.16851806640625,464.0800476074219,465.2726135253906,466.7033386230469
sample_7cb019eb8b417e69,470.1251525878906,478.4072570800781,483.3895568847656,482.3980712890625,483.71185302734375,486.1666259765625,493.1505126953125,499.1978759765625,508.9486389160156,526.5875854492188,545.0797119140625,563.0664672851562
sample_3456b12d2bd29126,383.93035888671875,394.6201171875,404.5992126464844,410.9222106933594,420.42254638671875,427.818115234375,440.97137451171875,446.099609375,462.7801513671875,471.7463684082031,493.207763671875,497.9953918457031
sample_f481858ea68abb59,300.3301086425781,309.3432922363281,319.431884765625,326.62384033203125,335.7717590332031,343.68438720703125,350.97393798828125,356.13348388671875,362.125244140625,365.80230712890625,370.52935791015625,373.08013916015625
sample_05f46dd26f38855d,370.8987731933594,378.9877014160156,393.91766357421875,407.88916015625,424.5863037109375,438.8313903808594,451.4500427246094,464.8826904296875,468.41131591796875,465.2109069824219,466.4975280761719,468.12396240234375
sample_c9e55cf550cda899,423.9899597167969,418.7802734375,414.12042236328125,410.3978271484375,406.5722961425781,402.2088928222656,398.6093444824219,394.8587646484375,392.2899475097656,388.690185546875,386.77801513671875,384.9134216308594
sample_fa4800c035e3541b,318.0967102050781,343.7701110839844,372.1877136230469,394.9333190917969,429.92413330078125,465.3201904296875,483.18304443359375,511.86932373046875,529.2778930664062,548.4437255859375,566.0557861328125,563.5726318359375
sample_0980cbd484cbdf95,544.0570678710938,526.786376953125,508.2261047363281,490.73388671875,471.61004638671875,454.4598693847656,439.9239196777344,426.02471923828125,413.31585693359375,402.06683349609375,395.30853271484375,390.0817565917969
sample_b575b422531319f6,320.96612548828125,323.0830993652344,327.943115234375,332.43743896484375,338.6297302246094,345.9599304199219,352.6372375488281,358.3436279296875,364.10919189453125,367.0125732421875,374.3910827636719,376.6522216796875
sample_8314e162236c2a02,345.0602111816406,343.898681640625,344.6845703125,345.3309326171875,347.3891296386719,349.9638977050781,354.0327453613281,357.2257995605469,362.10186767578125,366.6240539550781,369.3749694824219,374.5613098144531
sample_de3bb2184a4cc155,316.8244323730469,320.81951904296875,326.4714660644531,330.0827941894531,336.3991394042969,343.6802673339844,351.32354736328125,356.709716796875,361.97576904296875,366.96563720703125,372.0284729003906,376.4262390136719
sample_eeeb1af81a0ba24f,328.46771240234375,337.87835693359375,347.73760986328125,353.0286865234375,359.9212646484375,364.7318420410156,369.7171325683594,372.64532470703125,376.55267333984375,378.08856201171875,380.1238708496094,380.5928039550781
sample_3998a36776af3ef0,483.66290283203125,470.8091125488281,455.81134033203125,443.27496337890625,428.91424560546875,415.4450988769531,404.6121826171875,394.23834228515625,385.43048095703125,377.59637451171875,370.87921142578125,365.60968017578125
sample_2df4b60f9ada9aa4,403.69775390625,399.4379577636719,394.80120849609375,393.5887451171875,389.0416564941406,385.6733093261719,384.393310546875,382.0689392089844,381.74212646484375,387.629150390625,393.58367919921875,396.2326965332031
sample_85c6a0c2443b2f8d,368.05950927734375,372.90240478515625,376.06890869140625,375.16485595703125,375.3132019042969,374.8457336425781,371.4679870605469,368.5173034667969,367.9986267089844,378.7271728515625,387.0092468261719,411.12933349609375
sample_621385ed989c8a70,284.2569885253906,288.1725158691406,294.85333251953125,303.3976745605469,312.5628662109375,323.73797607421875,341.45648193359375,350.88604736328125,367.3962707519531,383.0704650878906,388.9878234863281,382.5687561035156
sample_1019b876731b53aa,303.0013122558594,312.82745361328125,325.59857177734375,327.0855712890625,329.30084228515625,336.0224609375,348.40472412109375,361.94366455078125,384.0404968261719,420.72686767578125,423.3031921386719,424.66162109375
sample_1974ccd8b3f46e20,343.80108642578125,360.8670654296875,381.29583740234375,397.40679931640625,415.341064453125,430.6847229003906,439.666748046875,440.79119873046875,441.6390075683594,443.49658203125,444.9091796875,449.2232971191406
sample_62dbb658d7f036d0,347.63330078125,347.13067626953125,348.109375,348.4434509277344,349.55096435546875,351.3759765625,353.65753173828125,355.2537536621094,356.7906494140625,358.5514221191406,360.069091796875,362.0631408691406
sample_2ec9cb1a0cc971f0,375.983154296875,376.44122314453125,379.90240478515625,386.1390686035156,397.2298278808594,413.9015197753906,434.5373229980469,456.37420654296875,480.7561950683594,502.45477294921875,517.3438110351562,529.4239501953125
sample_d2a572105e24d27c,523.8806762695312,504.4390563964844,483.0030517578125,464.59197998046875,445.48382568359375,428.18450927734375,414.49700927734375,401.5196533203125,390.823486328125,381.29913330078125,373.0753173828125,366.196044921875
sample_56bf96d4fccfd420,378.5773010253906,378.5456848144531,381.3638610839844,384.2060546875,389.2183837890625,394.08099365234375,398.7149963378906,400.3402099609375,402.7726135253906,406.9289245605469,409.50152587890625,413.16876220703125
sample_e9779db2b9cb1ba0,344.34613037109375,347.1885070800781,351.2904968261719,354.5614318847656,361.6236572265625,367.4018859863281,373.253662109375,388.3402404785156,392.44537353515625,399.3329772949219,395.2325134277344,396.8755798339844
sample_a0497dc262b62e13,360.31805419921875,372.6844177246094,402.35113525390625,440.8736572265625,473.1470947265625,496.67535400390625,523.7224731445312,564.0218505859375,571.9049072265625,564.03369140625,558.9780883789062,562.6090087890625
sample_150727db5a7bf26a,601.5689697265625,596.1415405273438,589.6343994140625,577.974853515625,567.526123046875,552.4479370117188,542.3897094726562,531.6078491210938,523.2111206054688,514.7396240234375,509.6963195800781,503.7554626464844
sample_b8c87d1e3d09ce72,319.088134765625,319.8543701171875,321.9840087890625,323.9068298339844,327.16680908203125,331.3369140625,335.6549987792969,339.5266418457031,343.9906005859375,348.63336181640625,352.4591064453125,356.443115234375
sample_df108332752e7c09,447.6298828125,442.0467834472656,435.95361328125,428.7357482910156,421.8647155761719,414.419921875,408.0414123535156,400.82147216796875,396.3063659667969,392.947021484375,390.0823669433594,389.45318603515625
sample_84a64d4af0f8b5dd,380.3630065917969,376.80364990234375,374.0999755859375,383.0910339355469,403.60107421875,429.688720703125,445.3406982421875,472.543701171875,487.1640319824219,472.8887939453125,465.48162841796875,461.5301208496094
sample_0b910d5817053af3,366.1816101074219,367.56268310546875,369.5814208984375,370.87396240234375,373.4574890136719,374.5001525878906,375.7971496582031,376.0291748046875,375.9587097167969,376.6571044921875,377.4364929199219,378.3823547363281
sample_1e135f30a2373c10,572.5029296875,551.0408325195312,527.0017700195312,507.8791198730469,488.68194580078125,470.11407470703125,453.5008544921875,439.1942138671875,427.7607116699219,417.7257995605469,409.615966796875,403.6512451171875
sample_b640d96a202fd590,317.82904052734375,320.2823791503906,322.9290771484375,325.3459167480469,326.01263427734375,327.98797607421875,330.8516540527344,335.0283508300781,334.9266357421875,335.7947082519531,335.7552795410156,335.8844299316406
sample_b9402a372faf88fc,324.88958740234375,332.213623046875,344.0979919433594,352.499267578125,361.6587219238281,370.82421875,378.9474182128906,385.75042724609375,392.4223937988281,399.6895751953125,403.624755859375,410.9632568359375
sample_06afafd18fdacc0f,404.3528137207031,399.20050048828125,394.34228515625,392.43896484375,388.05328369140625,385.41558837890625,384.10870361328125,383.31640625,381.7757873535156,381.0747375488281,379.2890625,380.127685546875
sample_0279f3f1d44023d0,407.00189208984375,399.4054260253906,392.61932373046875,386.3047180175781,379.9761962890625,374.6582336425781,371.349609375,367.0045166015625,363.59918212890625,361.3143615722656,359.5788269042969,358.2278747558594
sample_ac33ddca8822d6f3,359.91937255859375,358.9419250488281,361.85833740234375,366.6770324707031,375.71588134765625,400.13677978515625,423.09942626953125,425.95721435546875,428.69146728515625,440.3742370605469,431.9197998046875,440.5288391113281
sample_6253548d200ddba1,330.095458984375,332.0936279296875,336.95672607421875,340.626953125,346.27288818359375,352.7228698730469,360.08905029296875,363.767333984375,370.7686767578125,375.9588623046875,379.7060241699219,383.9046325683594
sample_ced4cc9d21eff55a,360.2845764160156,358.61676025390625,358.86834716796875,360.7998352050781,369.6726379394531,384.3046569824219,400.002685546875,415.89617919921875,417.56573486328125,420.2013244628906,425.453369140625,427.5928039550781
sample_197c330b16a28d3f,327.80828857421875,332.128662109375,341.3330993652344,352.1924133300781,365.9085693359375,380.28863525390625,395.10528564453125,413.719970703125,432.94488525390625,446.85516357421875,452.59649658203125,453.10577392578125
sample_30ad68cdc7619d59,321.0561828613281,348.6587219238281,381.80047607421875,406.1510009765625,436.8258361816406,462.40283203125,484.82470703125,505.83203125,508.915771484375,521.3193969726562,540.42333984375,525.928466796875
sample_2278bd6884ae5d17,585.4506225585938,574.6722412109375,560.6177978515625,545.540283203125,532.2401733398438,519.31494140625,508.54815673828125,498.1230773925781,490.11590576171875,482.04339599609375,475.4533996582031,469.1616516113281
sample_ffa8f2af12633766,261.1851806640625,273.4282531738281,291.79473876953125,308.0745849609375,326.38970947265625,343.732177734375,359.55938720703125,373.458984375,385.8839111328125,396.0834655761719,406.26434326171875,413.194091796875
sample_804448b765ab7342,364.2776794433594,379.81341552734375,388.40606689453125,396.89154052734375,405.2994384765625,412.8551330566406,419.389892578125,424.4656982421875,433.5372314453125,436.0758361816406,444.5213928222656,449.89862060546875
sample_b189453e21607e02,354.19866943359375,352.5347595214844,354.2572937011719,357.5140075683594,362.1643981933594,369.6834411621094,378.6564636230469,390.4181823730469,397.17431640625,402.9831848144531,405.44586181640625,406.27008056640625
sample_d1ba57a6fd2514a0,289.08087158203125,291.381591796875,294.9221496582031,297.52777099609375,300.8818664550781,304.6694030761719,310.0819091796875,313.8147888183594,317.59088134765625,321.6506042480469,323.6654052734375,325.35919189453125
sample_a58c3ef16b6bfcb8,488.011962890625,507.693115234375,523.4088134765625,532.6478881835938,541.0156860351562,543.8860473632812,548.162841796875,551.0419921875,552.27685546875,551.2196655273438,550.1689453125,548.3531494140625
sample_15cd0730725c79fb,428.1195373535156,433.77862548828125,435.1661376953125,432.1313781738281,429.30609130859375,423.999755859375,419.8512878417969,415.6054382324219,411.2454833984375,407.93572998046875,404.88006591796875,401.8681335449219
sample_334391597dd65a0f,432.075439453125,452.331298828125,472.40802001953125,488.17694091796875,511.6933898925781,532.3690795898438,548.28515625,557.4861450195312,575.2285766601562,581.4002075195312,585.6759643554688,581.7467041015625
sample_251e4472a5ac11a0,324.0355224609375,330.0451354980469,340.5979309082031,347.3500671386719,357.758544921875,366.37744140625,374.0282897949219,377.9097595214844,382.8367919921875,385.8232421875,390.1706848144531,394.7496032714844
sample_84e77298cad3cb83,287.942138671875,291.50830078125,297.0685119628906,301.4958801269531,308.30535888671875,315.1222229003906,323.3458557128906,328.8046569824219,335.8716125488281,341.981201171875,348.0699768066406,351.4242858886719
sample_e8e1acb3aab29759,321.658203125,323.0302734375,326.61614990234375,329.41558837890625,333.8283996582031,339.4937438964844,345.8183288574219,349.83514404296875,357.3305358886719,361.84979248046875,366.61370849609375,371.074462890625
sample_60220e96eeb58dd8,595.0145263671875,573.688720703125,550.4468994140625,532.2936401367188,516.7337036132812,499.85382080078125,485.247314453125,472.38067626953125,459.4308776855469,446.5401611328125,435.8067626953125,428.53564453125
sample_6bf7c18c5c5891c6,358.73516845703125,357.1050720214844,357.7711181640625,358.5619812011719,359.99456787109375,361.98760986328125,364.6023864746094,366.2935791015625,369.5152893066406,375.7489318847656,376.830810546875,381.2611389160156
sample_91eac42d4094fae9,337.9768371582031,348.6888732910156,370.266357421875,389.9173278808594,410.58990478515625,430.61785888671875,445.7728576660156,451.33355712890625,456.31134033203125,459.1184997558594,465.23077392578125,465.32525634765625
sample_6bfb8220ef73a96b,406.792236328125,404.4482727050781,402.3924865722656,400.945556640625,398.7464599609375,396.4313049316406,394.62506103515625,392.1181335449219,389.5999755859375,387.7721252441406,386.29547119140625,385.88525390625
sample_0f2d313be17c7615,355.7651062011719,355.5921936035156,354.9969482421875,355.3323059082031,355.74755859375,356.2953796386719,357.4789733886719,357.8442077636719,357.6908264160156,361.21417236328125,359.1581115722656,359.61376953125
sample_911e74d27a0cf7bc,292.5179138183594,297.7884216308594,304.3886413574219,308.6456604003906,314.5623474121094,321.0699157714844,328.6485595703125,333.67584228515625,338.5700988769531,341.2776184082031,346.56732177734375,350.3707275390625
sample_bfc81ce3c4c07bf8,703.901611328125,669.5304565429688,631.997314453125,599.1341552734375,568.646728515625,543.3880615234375,524.21484375,508.71612548828125,496.7135925292969,486.95245361328125,479.3173828125,476.58306884765625
sample_7ef7f9663bf41ab8,366.6203308105469,365.72412109375,366.2884521484375,365.9085998535156,366.1976318359375,366.2107849121094,363.112060546875,366.1490783691406,364.7078857421875,368.370849609375,372.86956787109375,369.4263916015625
sample_f130c8746b7f77c9,373.6168518066406,374.4226989746094,376.3746643066406,379.5848388671875,385.81292724609375,400.72467041015625,415.07257080078125,425.6080322265625,435.546142578125,463.72406005859375,486.0770263671875,482.8960266113281
sample_7882b101ad622b76,330.6787414550781,333.08782958984375,336.6513977050781,338.85015869140625,342.87579345703125,346.206787109375,350.8587646484375,353.5571594238281,358.141845703125,364.2623596191406,373.09869384765625,377.15771484375
sample_d1458b85f457d0a6,462.6234130859375,458.4752502441406,454.26654052734375,449.75347900390625,446.1850891113281,442.8751525878906,440.2467956542969,436.4180908203125,434.1315612792969,431.39544677734375,428.60400390625,427.1051330566406
sample_e13c5f6597b6b5f7,330.7999572753906,333.5195617675781,337.51263427734375,339.8007507324219,343.2883605957031,346.52716064453125,351.5728759765625,354.67242431640625,359.2145080566406,362.5466003417969,366.1742248535156,368.1080627441406
sample_61dccea706c2e674,345.31951904296875,346.098876953125,347.3328857421875,348.42510986328125,348.08233642578125,349.0152587890625,348.4162292480469,350.2363586425781,354.1376953125,361.49237060546875,372.5046081542969,384.8027038574219
sample_859e5734fb3e4fe8,317.0355224609375,323.8872985839844,332.2505187988281,337.15936279296875,344.5699768066406,350.8206481933594,357.9234924316406,361.1809387207031,366.00823974609375,369.3606872558594,373.0399475097656,375.03564453125
sample_c54e969f773d4ea5,441.09698486328125,433.7125244140625,426.785888671875,421.0898132324219,414.5636291503906,409.5342102050781,405.5016174316406,402.1943359375,398.8486328125,396.4703369140625,394.41717529296875,393.89410400390625
sample_03cd9251d1cc2afd,633.2644653320312,602.6390991210938,571.776123046875,546.2114868164062,521.2753295898438,498.7021789550781,479.958740234375,463.11614990234375,448.6700439453125,435.7978515625,424.250244140625,415.0233154296875
sample_eaa4cdb9bdfd5803,451.1820068359375,445.19189453125,437.9949035644531,430.9252624511719,421.65130615234375,413.6740417480469,406.5029296875,400.0316162109375,394.32159423828125,388.7964172363281,384.4666442871094,381.79473876953125
sample_a4ec2d60803a0ac4,419.7998046875,416.0956115722656,412.6001892089844,409.3657531738281,406.8452453613281,403.82525634765625,401.55792236328125,398.8486022949219,397.01654052734375,394.57037353515625,392.95648193359375,391.90496826171875
sample_9826113cd571b986,343.1878967285156,354.283447265625,362.3763122558594,369.4915771484375,371.9830627441406,380.60784912109375,398.6602478027344,405.63519287109375,407.22064208984375,410.4140625,407.8712158203125,422.0207214355469
sample_9453a95778aa29ed,538.2564086914062,517.1536254882812,493.27996826171875,473.12750244140625,455.4325866699219,438.5705871582031,426.1412353515625,415.5772705078125,406.32672119140625,394.763671875,382.8544616699219,374.8681335449219
sample_dc4300f0cb3c2e75,370.38153076171875,367.8812255859375,366.2117614746094,364.6477966308594,364.037109375,363.97869873046875,365.298828125,365.7435607910156,366.5052490234375,368.1715087890625,369.0916442871094,370.3899230957031
sample_109e8c2c7f1d5cae,400.3272399902344,420.6221923828125,444.2122497558594,484.593017578125,531.27490234375,578.193603515625,590.716064453125,610.387939453125,612.308349609375,603.74609375,595.3738403320312,589.0635375976562
sample_18bf80f6230f4bb1,388.78314208984375,383.34320068359375,376.17559814453125,371.1159973144531,365.44000244140625,360.5536193847656,355.3525390625,350.74688720703125,345.0666198730469,342.6678466796875,340.11151123046875,342.75140380859375
sample_2a9374eab0d0cc99,283.8747863769531,288.8183288574219,295.4302062988281,300.5464782714844,307.612548828125,315.1574401855469,324.0628662109375,330.6114501953125,338.0038757324219,343.26007080078125,348.751953125,352.253173828125
sample_a06c4e99f33f21f7,432.0609436035156,422.4803771972656,411.8959655761719,403.195068359375,392.3172607421875,381.3695983886719,370.9640808105469,362.5909118652344,356.6754150390625,352.9718933105469,350.2351989746094,350.639892578125
sample_c51939035f260156,440.21209716796875,437.9659118652344,435.1075744628906,431.8871154785156,429.8209533691406,428.2817687988281,427.43115234375,426.3909912109375,426.630859375,426.1914367675781,427.2199401855469,428.06048583984375
sample_9c5352b85a8539e7,396.81085205078125,393.1734924316406,390.176513671875,389.0355224609375,386.570556640625,384.7188720703125,384.668212890625,384.2757568359375,383.7100524902344,383.70965576171875,383.5794982910156,383.951416015625
sample_4d0e69f1ab5d24e3,435.34326171875,431.38226318359375,425.2945861816406,417.8276672363281,411.45318603515625,404.0830993652344,397.66497802734375,390.8248596191406,385.14581298828125,379.7026062011719,375.9145202636719,372.453857421875
sample_8b6f360ca56958aa,367.7956237792969,385.0245666503906,409.8525085449219,427.491455078125,437.5164489746094,437.952880859375,444.3135681152344,451.014892578125,459.5435791015625,465.68023681640625,463.72369384765625,463.3382568359375
sample_6869f897aa9809bb,347.0215759277344,359.82745361328125,387.1004638671875,413.1511535644531,431.86669921875,437.56683349609375,455.6124267578125,467.5539245605469,466.5130920410156,464.9193115234375,470.842041015625,489.20574951171875
sample_be3bb454231fa5ee,545.7304077148438,538.138916015625,530.6052856445312,524.37890625,521.1515502929688,519.1560668945312,522.3778076171875,523.5638427734375,526.9210815429688,530.1188354492188,537.4986572265625,537.5488891601562
sample_797cd1af237cceae,414.3795166015625,407.1901550292969,401.9388122558594,399.50390625,395.12725830078125,392.7937316894531,392.17694091796875,391.8553771972656,392.0317687988281,392.1770324707031,390.88800048828125,390.6015625
sample_9c906d803710808f,592.7640380859375,562.003662109375,533.1654663085938,509.30340576171875,485.1263427734375,462.4893798828125,443.4930419921875,429.46868896484375,417.64605712890625,406.48394775390625,396.6919250488281,389.012939453125
sample_c7b70c3db65366a6,319.8480529785156,329.60565185546875,335.8617248535156,341.3166198730469,353.4960021972656,354.2546691894531,366.99334716796875,373.95721435546875,375.7435302734375,384.9427490234375,382.29083251953125,386.8077392578125
sample_a133f80806c2a724,283.46893310546875,287.5423583984375,293.8465270996094,299.2154235839844,306.41839599609375,315.2066955566406,324.05865478515625,331.56396484375,339.55267333984375,346.4957275390625,351.09912109375,355.9736328125
sample_c4dfd823d5064503,310.80108642578125,330.6174011230469,358.9083251953125,383.220458984375,405.8951416015625,427.0340881347656,442.0148010253906,456.8624267578125,481.6795959472656,490.3564147949219,497.1583251953125,490.84149169921875
sample_d66ceda0092f6774,300.31195068359375,304.097900390625,310.5685729980469,313.7850036621094,314.23541259765625,317.4262390136719,322.4654846191406,329.08599853515625,332.25787353515625,338.8896484375,340.29656982421875,346.0751037597656
sample_4affffe4eea1824c,435.3868408203125,425.3909606933594,417.11822509765625,411.865234375,405.49365234375,400.96160888671875,397.96734619140625,394.9739990234375,393.1068115234375,393.0665588378906,389.7767028808594,389.0626220703125
sample_dbf93c8a5d6da83c,320.6173400878906,323.1544494628906,328.3599548339844,333.1733093261719,338.6048889160156,351.0985107421875,360.7420349121094,367.57073974609375,366.6015625,374.2532958984375,381.6627502441406,391.0310974121094
sample_b5a022ab6be942f1,371.9693603515625,373.67266845703125,376.0816345214844,377.0725402832031,378.4293518066406,378.4305725097656,378.5544128417969,378.88763427734375,377.61602783203125,377.2767639160156,376.48870849609375,376.5361328125
sample_27618fc5a40b7606,375.3605041503906,375.87701416015625,377.9232177734375,380.0390625,382.54327392578125,386.35516357421875,393.0943603515625,400.296142578125,407.98565673828125,410.7164306640625,408.3782958984375,405.11456298828125
sample_dbcf0185e889ba21,436.5462951660156,459.5850830078125,478.3521728515625,505.0382080078125,519.993408203125,507.54742431640625,499.24627685546875,498.66571044921875,479.20562744140625,467.0108642578125,457.5845642089844,448.7966003417969
sample_b6bf9e0340198802,474.6683654785156,497.8829345703125,514.075439453125,520.8043823242188,535.2412109375,555.5545654296875,556.4351806640625,558.7471313476562,562.0359497070312,566.8638916015625,566.2802124023438,545.2937622070312
sample_bb65436d178777b5,345.95062255859375,352.76556396484375,363.4734191894531,376.35205078125,385.5350646972656,401.6229248046875,396.33099365234375,393.919921875,402.38555908203125,403.88739013671875,404.1053161621094,403.756103515625
sample_239a5fadd96bbe71,435.9183044433594,444.9935607910156,451.2786865234375,452.7460632324219,455.8629150390625,455.5562744140625,455.49072265625,452.2181701660156,451.22540283203125,447.0295104980469,444.27337646484375,441.37347412109375
sample_390c86a33bee1738,500.80340576171875,538.0177612304688,573.0809936523438,598.8331909179688,631.80517578125,667.0433959960938,688.9230346679688,690.6387939453125,691.887451171875,685.9122314453125,677.767822265625,660.8402099609375
sample_47d34b297cccedba,358.68487548828125,359.8996887207031,363.8036804199219,366.29986572265625,369.1405944824219,370.5308532714844,370.2936706542969,368.1605224609375,366.93408203125,365.9908142089844,365.3102111816406,366.08782958984375
sample_f3ccd3a6150fa80a,674.6763916015625,646.8922119140625,617.9998168945312,591.3953247070312,568.7274780273438,549.07958984375,532.9005737304688,516.434814453125,503.92584228515625,491.38671875,479.51171875,468.89996337890625
sample_9110492f595dfeba,678.9950561523438,672.46044921875,661.5084838867188,649.3700561523438,635.5554809570312,620.2042236328125,602.1089477539062,587.923095703125,576.6170043945312,563.8441772460938,554.370361328125,545.7239990234375
sample_664b714b1a605bb7,338.7298583984375,356.0018310546875,378.9897155761719,398.0511474609375,404.96392822265625,426.9801940917969,439.97076416015625,446.5877990722656,449.12701416015625,454.439208984375,475.25372314453125,444.83856201171875
sample_3d22922eafa42546,523.4169921875,524.0919189453125,519.2489624023438,510.10150146484375,496.3493347167969,480.41558837890625,472.5701904296875,468.0655517578125,465.8496398925781,471.1875,481.9410095214844,485.5931091308594
sample_bc77dbab4de353e7,400.2123718261719,399.853515625,401.68170166015625,404.0395202636719,413.55645751953125,411.15911865234375,407.4580993652344,411.4808654785156,412.2041320800781,416.82861328125,416.9893798828125,416.59686279296875
sample_ef3b6aca293eb28e,585.5148315429688,590.2645263671875,582.5890502929688,577.0223388671875,566.6236572265625,553.1353149414062,542.6358642578125,538.9739990234375,532.3214111328125,525.3211669921875,518.8659057617188,505.23370361328125
sample_798cfb538576ce38,344.76312255859375,345.1000061035156,350.084716796875,355.8580017089844,366.1327819824219,381.0285949707031,395.2093811035156,406.9639892578125,415.183837890625,423.53021240234375,425.85882568359375,428.4700622558594
sample_c4cd2ced92f7f90e,469.0867919921875,458.7554931640625,446.340087890625,435.99591064453125,424.9289855957031,413.9051818847656,404.9737854003906,396.69598388671875,389.4346618652344,384.0968017578125,378.236083984375,375.9252624511719
sample_e7106f18e5c11df1,335.85479736328125,336.92840576171875,339.15081787109375,341.849365234375,343.0027160644531,344.8670349121094,347.0133361816406,352.1927490234375,354.6896667480469,356.1716613769531,359.0693359375,359.57647705078125
sample_7ef224526bf518c5,416.87176513671875,411.6502685546875,408.023193359375,404.91033935546875,402.52264404296875,401.31402587890625,400.6876220703125,400.0350646972656,400.010009765625,399.4446105957031,399.2881774902344,399.92755126953125
sample_18b02b74477118a3,498.5264587402344,491.44775390625,481.02227783203125,469.9321594238281,459.3436279296875,447.7689514160156,437.86383056640625,428.1875305175781,420.265380859375,413.42767333984375,406.4869384765625,401.4230041503906
sample_7c8839861d4e4cc8,700.6508178710938,680.4686279296875,656.7810668945312,633.1533203125,609.607421875,587.5353393554688,567.9303588867188,552.4484252929688,538.875732421875,526.2632446289062,514.7908935546875,504.2181396484375
sample_478bbff230ccf4fa,413.242919921875,406.9319152832031,399.3417663574219,395.9337463378906,388.74560546875,383.46124267578125,378.53656005859375,374.8757019042969,371.49285888671875,368.9659423828125,365.76434326171875,366.5035095214844
sample_789d3c6b2392a95e,539.47705078125,515.9940795898438,492.946044921875,473.22589111328125,454.93182373046875,438.8502197265625,425.6781005859375,413.97723388671875,403.940673828125,395.5401611328125,387.07000732421875,381.08892822265625
sample_d2f1288a8122ea78,341.4328918457031,344.445556640625,346.7449035644531,346.3699035644531,348.89349365234375,348.90594482421875,349.039794921875,349.5461120605469,349.7176818847656,351.34515380859375,352.86083984375,355.7766418457031
sample_b8d86a2080b16be4,456.85235595703125,451.8101806640625,445.9534912109375,445.48895263671875,438.84698486328125,426.57733154296875,436.2244873046875,444.7452392578125,431.0545349121094,442.3951721191406,465.9394836425781,480.720458984375
sample_b87214d7e8a22189,395.89862060546875,392.4388122558594,387.60711669921875,385.0353088378906,378.404052734375,371.3742370605469,363.63714599609375,361.98419189453125,361.5643310546875,365.8269348144531,367.1212158203125,366.5440979003906
sample_1c080fe168a0e4e8,353.2394104003906,354.2141418457031,356.38336181640625,357.8572082519531,359.9384765625,362.4019775390625,364.6562805175781,366.4317321777344,368.2618408203125,369.4273681640625,370.8588562011719,372.42706298828125
sample_4db9fdbdb7bf0120,300.22381591796875,306.5506286621094,318.2922058105469,328.499267578125,351.94866943359375,363.1937255859375,362.7132873535156,380.21148681640625,394.8148193359375,390.455322265625,385.2828674316406,387.68499755859375
sample_d3882f5ed3c7a380,301.3585510253906,303.6033935546875,308.90838623046875,313.32171630859375,323.06158447265625,335.02069091796875,343.23297119140625,345.7978820800781,355.8607177734375,366.3917541503906,377.7810974121094,381.6366271972656
sample_5c7a74e8423d1a7b,602.3992309570312,601.3225708007812,596.7050170898438,592.2507934570312,585.3295288085938,578.9498901367188,569.6455688476562,558.8180541992188,545.1090087890625,536.1360473632812,530.0593872070312,521.853515625
sample_9a438276ea212f12,416.82550048828125,407.49517822265625,396.92401123046875,390.5926513671875,383.0060729980469,375.6546325683594,371.2364196777344,364.47906494140625,361.3780517578125,360.9801025390625,353.3888854980469,353.07171630859375
sample_c6d69ffc1dc2d77d,429.8840637207031,428.8507080078125,429.9693298339844,431.7320556640625,434.90673828125,439.9786071777344,446.0063781738281,451.4029235839844,465.6863098144531,480.2066955566406,489.1724548339844,499.9794921875
sample_9fee11827162ea97,372.7947082519531,369.162841796875,366.60711669921875,366.06878662109375,365.336669921875,366.010009765625,366.6488342285156,364.6181335449219,361.24420166015625,361.06146240234375,358.5286865234375,359.96527099609375
sample_a8a1fef0424c48fc,394.5203857421875,395.4621276855469,395.4093933105469,392.4588928222656,391.4541931152344,388.3756103515625,385.9153137207031,382.2189636230469,379.5098876953125,376.06231689453125,374.22613525390625,371.77227783203125
sample_335fb43d71d10ee0,364.9638977050781,369.79376220703125,374.8190002441406,377.30615234375,381.3302001953125,383.39703369140625,385.13916015625,385.12664794921875,386.4726867675781,386.2677307128906,386.7740478515625,385.755615234375
sample_ceeb589807241a31,418.7376708984375,424.72119140625,423.92254638671875,423.7757568359375,428.57904052734375,427.4244384765625,439.7193908691406,435.8283386230469,426.75262451171875,418.0021057128906,425.6856994628906,438.1733093261719
sample_45943cf610962fb8,342.947021484375,351.0657958984375,366.65545654296875,381.2471618652344,394.6380310058594,410.36444091796875,418.5018005371094,437.8861083984375,425.16839599609375,417.4640808105469,423.21044921875,417.6307678222656
sample_fbf3e3174f68e8bf,309.7431335449219,312.30963134765625,322.9022216796875,333.86138916015625,346.251708984375,351.9288330078125,352.5719299316406,353.70294189453125,358.74688720703125,363.2134704589844,367.4056701660156,371.2596740722656
sample_7b74aea2c91a0e09,541.819091796875,536.5702514648438,526.4332275390625,514.77685546875,504.81402587890625,499.24969482421875,494.5950927734375,480.03839111328125,471.6318359375,454.57489013671875,442.4330749511719,434.758056640625
sample_43ee15f465b26dc5,370.09283447265625,378.0234680175781,383.3200988769531,387.8041076660156,387.78131103515625,388.8948669433594,391.3429260253906,393.33685302734375,389.66571044921875,392.53277587890625,393.3213195800781,394.77752685546875
sample_f28303fac78e4c06,287.97308349609375,292.0700378417969,298.19378662109375,303.0335693359375,309.4807434082031,315.69305419921875,321.11846923828125,325.4792175292969,331.75341796875,335.3400573730469,340.9268798828125,346.0382385253906
sample_8d7517fca51b1f97,369.3483581542969,369.4112243652344,370.2391662597656,371.1653747558594,372.3392333984375,374.51129150390625,376.6966247558594,378.5020446777344,380.9587097167969,382.2225036621094,384.15411376953125,385.4296569824219
sample_164f01adb806cecc,323.80194091796875,337.4282531738281,358.12835693359375,379.084228515625,400.3664245605469,420.54669189453125,439.09112548828125,459.8590393066406,482.3131103515625,503.548828125,522.319091796875,551.4791259765625
sample_e032c7598227ac7a,413.68890380859375,405.2156066894531,397.5082092285156,390.676513671875,380.90673828125,370.35736083984375,357.6937255859375,352.4519348144531,351.0375061035156,349.6249084472656,356.2802429199219,375.74749755859375
sample_5e0c36e3da4808c0,372.7448425292969,373.73809814453125,375.853759765625,378.23333740234375,380.5714111328125,382.572509765625,385.8055419921875,386.882568359375,389.60888671875,391.39007568359375,392.04437255859375,393.2737121582031
sample_040df60b19cb2272,683.8016967773438,678.034912109375,668.8284912109375,655.2962646484375,641.5559692382812,626.4699096679688,615.731201171875,602.6451416015625,593.4368286132812,586.7571411132812,584.4754638671875,581.3139038085938
sample_ba96af62ea1e7db1,308.5036315917969,314.8618469238281,323.3336181640625,328.7210693359375,336.35101318359375,343.48992919921875,351.59295654296875,355.3199157714844,362.1513671875,365.2722473144531,370.781982421875,372.6437683105469
sample_79d6c727047ce1fa,351.717529296875,353.6187744140625,356.3248291015625,356.50238037109375,358.4326477050781,358.9858703613281,359.836181640625,359.93426513671875,361.8919982910156,363.24371337890625,366.3199768066406,372.1884765625
sample_dba7ec681cd3fabb,340.2967834472656,344.66583251953125,354.7918701171875,357.5964660644531,360.98101806640625,368.89666748046875,372.4574279785156,373.15380859375,373.74591064453125,369.5084533691406,365.4653015136719,366.2798156738281
sample_907748dfb1f69475,604.11865234375,608.6761474609375,606.2700805664062,600.5891723632812,596.6449584960938,590.1532592773438,586.5526733398438,581.3681030273438,578.3895263671875,572.9029541015625,570.0933837890625,567.9420776367188
sample_ef7df879292c0268,448.8263854980469,438.49755859375,428.31243896484375,420.7983093261719,411.0673828125,402.34588623046875,394.05206298828125,387.4722900390625,382.0093994140625,375.8591613769531,371.3606262207031,367.86260986328125
sample_56269458394107ae,373.714111328125,372.39776611328125,370.91015625,367.8176574707031,365.7122497558594,363.3510437011719,361.7408447265625,359.63677978515625,357.68292236328125,356.48870849609375,355.1245422363281,355.0776062011719
sample_69884dc7765284e0,489.3005065917969,496.185791015625,499.4721374511719,507.8533020019531,507.71844482421875,501.76971435546875,497.275634765625,498.7029113769531,501.9244689941406,495.4386901855469,489.4825439453125,505.16009521484375
sample_a5f69a3162d33da7,353.0151062011719,356.0999755859375,356.3804016113281,358.0812072753906,358.6717529296875,356.33514404296875,355.451171875,356.9800109863281,353.6443786621094,351.2367858886719,350.7694091796875,350.1507263183594
sample_7178f73027a476a5,388.3503723144531,395.1410827636719,403.0003662109375,404.3154296875,409.9501037597656,414.5738830566406,418.14080810546875,415.8114013671875,422.1927490234375,429.1425476074219,433.9661865234375,434.571533203125
sample_06ada1f28ece4e45,402.9899597167969,398.28131103515625,392.3981018066406,388.45550537109375,382.5342712402344,378.6666564941406,375.98028564453125,377.2994384765625,379.0230712890625,383.30078125,382.2270202636719,381.5408630371094
sample_76de7bda5cade58c,589.7539672851562,560.485107421875,529.666015625,506.064697265625,483.6524658203125,464.32763671875,448.34686279296875,437.22467041015625,426.90838623046875,415.74530029296875,406.04351806640625,397.890869140625
sample_d6e37be6ab34ebfd,437.05950927734375,440.61785888671875,442.228271484375,439.6184997558594,443.27239990234375,442.14056396484375,441.63397216796875,435.1266174316406,431.08184814453125,424.9383850097656,422.1952209472656,420.3834228515625
sample_5d87e0b44fa40a3a,287.4786376953125,292.2139587402344,297.9159851074219,302.7525329589844,310.0621032714844,317.1811828613281,324.30963134765625,329.51312255859375,333.47467041015625,339.42144775390625,346.47723388671875,354.75482177734375
sample_7393a2e29850a8eb,352.6451721191406,351.5622863769531,352.7333068847656,354.8961486816406,355.47418212890625,355.1903991699219,355.3030090332031,355.414794921875,351.5744934082031,351.5306701660156,351.06158447265625,352.3875427246094
sample_67d199ebb06db76a,311.2044372558594,315.77569580078125,330.1395263671875,341.1359558105469,358.03533935546875,371.9615173339844,383.2197570800781,387.0826721191406,387.6544189453125,390.4849853515625,399.5699768066406,414.4525146484375
sample_2111f59993005dda,460.986083984375,449.72796630859375,437.1452331542969,429.3346252441406,412.6278991699219,401.3739318847656,383.7544860839844,370.9535827636719,362.1311340332031,352.5166931152344,350.35797119140625,348.4947509765625
sample_6195dbc8f619a2b2,354.24578857421875,352.8912658691406,351.6459655761719,355.2358703613281,355.89825439453125,356.58587646484375,356.0130310058594,355.54376220703125,354.1940612792969,351.2129211425781,350.9496154785156,352.17608642578125
sample_7e8e5b411991862d,604.7347412109375,581.2774047851562,554.7793579101562,532.2501220703125,510.55572509765625,491.260009765625,474.645751953125,459.7467041015625,446.782470703125,435.4955139160156,425.03643798828125,416.88372802734375
sample_f3ce75e9b512a913,411.6674499511719,414.3170166015625,415.8733825683594,412.8260192871094,413.931884765625,414.6351318359375,415.9978942871094,411.3325500488281,406.7516174316406,404.01312255859375,403.78515625,403.06158447265625
sample_e81ea58e84ba69a8,626.5323486328125,630.3563232421875,632.0274658203125,633.6533203125,632.0042724609375,625.9107666015625,623.9449462890625,614.6004028320312,607.2183837890625,598.7373657226562,595.4613037109375,589.7616577148438
sample_1393fb08b90bee8d,527.2604370117188,519.8744506835938,511.6053161621094,504.28778076171875,496.206787109375,487.17620849609375,480.2364196777344,472.102783203125,463.44317626953125,456.09820556640625,452.47369384765625,449.9129333496094
sample_c385f1af4b396510,391.6823425292969,390.5835876464844,390.7140808105469,392.044921875,390.9289245605469,389.37579345703125,390.01300048828125,390.0028991699219,390.767822265625,391.4437561035156,391.0349426269531,391.03533935546875
sample_35e58fbe4fcafe85,368.3597106933594,382.752197265625,400.26715087890625,417.6535949707031,440.36590576171875,456.18865966796875,465.1311950683594,478.08612060546875,483.0054626464844,492.1651306152344,487.8297119140625,483.88433837890625
sample_0df5487b2985509e,436.8270263671875,433.5252990722656,431.12109375,433.46612548828125,438.9969177246094,436.8616638183594,441.24530029296875,448.9715576171875,465.2943115234375,484.0594787597656,496.6366882324219,519.1395263671875
sample_a4142e573c4ac413,382.2210998535156,383.9921569824219,390.0133361816406,397.68719482421875,408.30084228515625,421.3263854980469,428.7882995605469,447.01824951171875,461.04486083984375,481.84161376953125,484.7360534667969,492.5577392578125
sample_796f982d383b1273,437.3868408203125,427.15643310546875,417.31243896484375,410.55877685546875,401.3800964355469,391.1805419921875,381.3560791015625,373.43499755859375,366.9183349609375,363.40338134765625,358.4745788574219,355.69671630859375
sample_49bc6a92268fec3e,349.91729736328125,355.64862060546875,364.69476318359375,369.4895935058594,382.2081298828125,379.2194519042969,380.02923583984375,387.96734619140625,387.8098449707031,387.37310791015625,388.906982421875,380.74847412109375
sample_d78603a8beadfb2a,344.449462890625,364.4014587402344,389.4090576171875,411.130126953125,434.4207458496094,453.6048889160156,472.102783203125,489.4556884765625,508.67523193359375,527.0026245117188,543.49755859375,554.705078125
sample_0e56778c1736d9d1,368.0114440917969,367.9275207519531,368.5491027832031,369.6058654785156,370.5797424316406,372.6819763183594,375.0773620605469,377.1935729980469,379.7404479980469,381.13153076171875,383.26190185546875,384.85992431640625
sample_e2511529f3bd3fbf,367.5141906738281,368.8373107910156,369.4808654785156,370.6054992675781,371.4307556152344,370.5445556640625,374.0663146972656,377.2181701660156,372.9381408691406,375.1436767578125,372.9068908691406,376.43853759765625
sample_76137ee4433e07ed,359.990478515625,359.2643737792969,361.1256103515625,363.26519775390625,365.6723327636719,369.038330078125,374.2169189453125,378.58258056640625,384.65008544921875,389.9289245605469,392.98651123046875,397.72332763671875
sample_95e86b1a6925005f,344.6694030761719,343.41571044921875,342.8615417480469,342.16107177734375,343.22100830078125,345.1027526855469,348.4399108886719,349.9494934082031,352.7232666015625,354.17279052734375,356.492919921875,359.126220703125
sample_d0fdbfc6fa7b131e,455.154296875,448.763427734375,441.7308349609375,434.18939208984375,427.60772705078125,421.1749267578125,414.4039611816406,406.5502624511719,400.0699768066406,396.7079772949219,393.23870849609375,390.9587097167969
sample_e48f82532dddbaf4,462.9364013671875,455.8273620605469,448.133544921875,440.5611572265625,432.9761962890625,425.550048828125,418.77069091796875,412.4112854003906,406.9202880859375,401.5762939453125,397.05938720703125,394.016845703125
sample_f24a17fa18bbd970,384.0597229003906,380.9676818847656,380.4060974121094,382.1689453125,383.9551696777344,387.8804016113281,393.1275329589844,402.17071533203125,405.459228515625,412.7192687988281,414.69940185546875,423.3340148925781
sample_3610bfe90d518518,346.9297180175781,351.2640075683594,358.1940612792969,361.9097900390625,367.2744445800781,369.1252746582031,373.53955078125,375.7436218261719,379.8999328613281,380.8619384765625,381.49444580078125,380.08160400390625
sample_c29a9c4838f43cee,357.4261779785156,358.3287658691406,357.9216613769531,358.3523864746094,357.0326843261719,357.6456298828125,357.7899475097656,359.7804260253906,358.73431396484375,359.824951171875,362.42108154296875,360.1095275878906
sample_b602a8863c9de440,430.0384521484375,424.7696228027344,420.0370788574219,415.9349365234375,411.5408630371094,406.39007568359375,402.40008544921875,398.24859619140625,394.4981994628906,390.2188415527344,388.009033203125,385.52801513671875
sample_f1aa033fe9f4db22,312.3743591308594,318.1476135253906,325.7639465332031,331.36541748046875,339.5633850097656,346.7252197265625,355.5036926269531,360.74365234375,366.75006103515625,371.2999267578125,376.8297119140625,379.41973876953125
sample_89f821191d3f8777,351.9404296875,359.5929260253906,368.5008239746094,372.3992614746094,377.76361083984375,382.07171630859375,385.831298828125,388.51312255859375,391.5766296386719,392.7283020019531,393.9184875488281,395.1557922363281
sample_a0dcddb46a8ab3d0,318.02618408203125,322.05731201171875,329.1729431152344,334.5626220703125,342.43109130859375,350.7234191894531,363.7449645996094,369.3165283203125,377.8953857421875,380.55987548828125,385.0752868652344,388.1976623535156
sample_16ec975184435802,646.5637817382812,620.9005126953125,593.667236328125,569.9259643554688,547.5789794921875,526.768310546875,509.23822021484375,493.26873779296875,479.91278076171875,467.937744140625,457.37921142578125,448.8934326171875
sample_206036d867dd7668,327.2736511230469,329.5136413574219,332.6932067871094,334.37091064453125,336.0004577636719,336.1533203125,337.27838134765625,340.5842590332031,342.9765319824219,343.8597106933594,344.2402648925781,343.6762390136719
sample_901ed63440167c20,359.2231140136719,372.7563171386719,393.5456237792969,424.3349914550781,460.9215393066406,507.1037902832031,547.0355834960938,592.038818359375,638.93896484375,668.6884155273438,673.7024536132812,657.985595703125
sample_f9bd2104a14f0db5,430.0581970214844,422.7125244140625,415.67474365234375,410.7510986328125,404.2200012207031,398.5755615234375,394.6355285644531,391.52655029296875,388.9961242675781,386.6661682128906,383.79437255859375,382.7830505371094
sample_85949315e92a8357,365.8240661621094,375.8209228515625,390.710205078125,407.94073486328125,433.07696533203125,454.6257629394531,471.66546630859375,482.02850341796875,491.6886901855469,504.29144287109375,503.4869384765625,496.7655029296875
sample_5fd57a54d50fe42c,335.5647277832031,336.6938781738281,339.6578369140625,341.42779541015625,345.2437438964844,349.4037780761719,354.0204772949219,356.9385070800781,362.42279052734375,365.4392395019531,369.18658447265625,372.3598327636719
sample_38a51616a33990ca,296.2285461425781,308.46881103515625,319.2658386230469,324.5996398925781,328.2213134765625,343.8102111816406,374.716552734375,399.6827087402344,416.0965270996094,410.8706970214844,405.7289733886719,404.5564270019531
sample_2941a94dff1f08f0,586.675537109375,585.4395751953125,579.1304931640625,572.0759887695312,568.2828979492188,557.9972534179688,555.5204467773438,551.318115234375,547.3966674804688,531.9258422851562,523.97900390625,514.4486694335938
sample_3fba16b055fc79d8,361.2010498046875,359.8847351074219,361.12225341796875,362.9334716796875,362.2068786621094,365.27520751953125,366.2628173828125,367.9872131347656,371.5140686035156,374.2216796875,374.924560546875,377.9022216796875
sample_8cf6f7d2469bb423,365.05712890625,368.8888244628906,375.69384765625,376.4791564941406,384.6991882324219,390.99822998046875,391.0667419433594,382.0724182128906,386.1153259277344,393.23297119140625,401.3297119140625,409.5192565917969
sample_dad6d9038b8434d0,358.27862548828125,356.57293701171875,356.51092529296875,355.94842529296875,356.8258056640625,357.6751708984375,359.7383117675781,361.008544921875,361.9767761230469,363.5869445800781,365.03375244140625,366.36956787109375
sample_6056acafb9e2d546,339.0291442871094,342.27972412109375,345.943115234375,348.9164733886719,351.1537780761719,355.392822265625,358.8322448730469,364.004638671875,369.0377197265625,374.32818603515625,378.19189453125,381.21649169921875
sample_06b9d04738ce86d6,452.4662170410156,454.5796813964844,453.13372802734375,446.93603515625,443.38275146484375,437.26806640625,432.6473693847656,426.0960693359375,421.4883117675781,415.62066650390625,413.0735168457031,408.71453857421875
sample_58f2c44b12c95724,498.9858093261719,509.2618103027344,516.710205078125,523.9552612304688,531.28466796875,541.6862182617188,556.7831420898438,570.014892578125,574.5328979492188,565.61328125,562.9365844726562,562.249267578125
sample_1f75a4246986e2b0,483.1126403808594,473.3524475097656,463.59051513671875,455.2200927734375,445.267578125,436.7513427734375,429.1051025390625,422.1807556152344,416.5061340332031,410.4189147949219,405.6539306640625,401.8619689941406
sample_a7474810972b292a,400.0810852050781,401.16619873046875,403.2184143066406,403.3155822753906,405.7663879394531,408.2187194824219,411.8905944824219,412.6961364746094,416.7585754394531,418.09112548828125,419.7987976074219,420.8150329589844
sample_40358917c031d78c,311.90625,318.62078857421875,329.91754150390625,343.0044860839844,355.77276611328125,383.0240478515625,389.43194580078125,386.601318359375,402.9666442871094,417.2886047363281,408.9940185546875,400.3492736816406
sample_344562d9bc139854,510.44287109375,534.0541381835938,559.90869140625,590.5446166992188,607.1207275390625,611.640869140625,606.3627319335938,598.6725463867188,577.9017333984375,564.5632934570312,557.638916015625,555.4837036132812
sample_3f921280464ea420,407.6883544921875,414.55889892578125,420.38916015625,423.0758972167969,428.83148193359375,435.2194519042969,437.76983642578125,447.3843078613281,454.0624694824219,455.04534912109375,463.20159912109375,484.4119567871094
sample_0a4a9ff61e70fca8,299.56402587890625,301.9652404785156,306.005615234375,308.2055969238281,312.5884094238281,317.2116394042969,322.62591552734375,325.9029235839844,331.1331481933594,333.8602600097656,338.24578857421875,339.9395446777344
sample_f14ec8905e1d7d40,486.13018798828125,484.54302978515625,483.0351867675781,481.7105712890625,479.503173828125,478.4100036621094,477.9529113769531,477.71728515625,477.7715148925781,477.8277893066406,478.0635986328125,478.1884460449219
sample_90967b6553be6910,292.9698791503906,297.2459411621094,303.9438781738281,310.14971923828125,318.9252624511719,328.5057678222656,339.9765319824219,348.0622863769531,356.8844909667969,362.72265625,368.8826904296875,371.41387939453125
sample_e8d613692118ee54,509.3055419921875,494.99481201171875,477.8940124511719,463.52984619140625,448.262939453125,434.1363525390625,422.2395935058594,411.6518859863281,402.35247802734375,393.67803955078125,386.347412109375,380.5064392089844
sample_0dcba66bb8b4a77d,457.2068786621094,447.8149719238281,437.25738525390625,428.3773193359375,418.5428161621094,408.91668701171875,400.748046875,392.8993835449219,386.2610168457031,380.2872314453125,376.3067321777344,380.579833984375
sample_3284bdf65ea4ce70,456.4752502441406,452.9484558105469,448.4890441894531,444.7044677734375,439.7603454589844,434.2137451171875,430.1268005371094,425.167236328125,422.04046630859375,417.57232666015625,414.86505126953125,411.49896240234375
sample_a56136f49e8b4926,507.76519775390625,518.2040405273438,522.2101440429688,522.8133544921875,524.945068359375,524.7647705078125,524.7349243164062,520.0147705078125,513.504150390625,501.5994567871094,496.256591796875,488.21881103515625
sample_b0801858322fa788,400.2710876464844,408.9550476074219,413.72320556640625,413.09283447265625,413.86846923828125,410.7563171386719,408.3636169433594,404.8096923828125,402.72332763671875,400.05438232421875,398.15667724609375,395.6770935058594
sample_127de26d8a32790b,313.03314208984375,317.466552734375,323.1522521972656,327.298095703125,334.2871398925781,343.28936767578125,353.01824951171875,358.8046569824219,367.90191650390625,374.96368408203125,384.0028381347656,398.57525634765625
sample_8cb9bc9aa401d760,514.9286499023438,494.7313537597656,472.55816650390625,454.3516845703125,435.10821533203125,417.8775634765625,403.5694580078125,391.387451171875,380.730224609375,371.4915466308594,363.4887390136719,357.53045654296875
sample_c33b11b258af1e65,532.0932006835938,538.7125854492188,545.4722290039062,548.786376953125,552.5309448242188,551.3477783203125,547.3189697265625,545.8622436523438,545.8143920898438,542.4013671875,539.9924926757812,539.90283203125
sample_f0d28634a513b048,386.8822021484375,386.65740966796875,386.2013854980469,385.5047302246094,384.8044738769531,383.91558837890625,382.6782531738281,381.7274475097656,380.3658752441406,379.1210632324219,377.84130859375,377.35565185546875
sample_d6a66da031d3dc11,329.3190002441406,329.4198303222656,331.1470947265625,332.973388671875,335.8052978515625,340.1126403808594,344.6312255859375,349.4978332519531,354.518798828125,360.65936279296875,365.3213195800781,371.13580322265625
sample_68edd25dcbb7d88e,451.7166442871094,445.3923645019531,437.2168884277344,428.73455810546875,419.51953125,409.96160888671875,401.92401123046875,394.5773620605469,387.7381591796875,381.8416442871094,376.52142333984375,372.7457275390625
sample_948e66e740fb7581,259.3110656738281,265.18817138671875,273.22222900390625,278.9190368652344,287.7696838378906,298.4662170410156,310.7785949707031,320.13348388671875,327.6219482421875,327.72265625,333.8826904296875,337.8573913574219
sample_e5c5f883a45c1fa4,336.89501953125,340.5195617675781,346.8393249511719,353.70294189453125,363.93133544921875,375.89056396484375,387.2261962890625,395.1063537597656,400.8389587402344,400.55987548828125,404.69805908203125,409.6966857910156
sample_592605e903584228,425.76275634765625,417.4673156738281,409.7579650878906,404.907958984375,398.8636779785156,393.4515380859375,389.5462646484375,385.1502685546875,381.9505920410156,378.18267822265625,375.50726318359375,373.39703369140625
sample_ce3b7994d8701035,593.8907470703125,568.9706420898438,540.8897094726562,517.4388427734375,493.7041931152344,472.3470153808594,457.8087158203125,443.9636535644531,434.09271240234375,426.03973388671875,418.2219543457031,408.88372802734375
sample_518620c3bfb3fc9a,333.97882080078125,336.33953857421875,340.7762756347656,343.7261657714844,348.2602233886719,353.73870849609375,357.10845947265625,368.119873046875,379.03216552734375,387.74554443359375,385.4003601074219,399.0911865234375
sample_e8034b5004519d37,360.88665771484375,361.6328430175781,365.31402587890625,369.0024719238281,375.51947021484375,384.4049377441406,393.5214538574219,401.1978759765625,408.9779357910156,423.33636474609375,437.27227783203125,448.4661560058594
sample_3f99922165ef0665,332.58062744140625,334.362060546875,337.1647033691406,341.6513671875,351.94525146484375,362.192138671875,367.23974609375,371.70294189453125,369.5279235839844,374.4615478515625,382.786865234375,388.1538391113281
sample_e0a41c42399b671d,443.13116455078125,436.8978576660156,430.9390869140625,427.2809143066406,421.58343505859375,416.838134765625,414.3344421386719,414.82147216796875,415.5643310546875,413.9778137207031,411.7449035644531,408.4686279296875
sample_f383fd2ca4adb621,304.8499450683594,313.94677734375,319.16717529296875,321.51422119140625,325.3251647949219,328.9951477050781,330.7083740234375,331.8080139160156,336.7936096191406,338.52740478515625,337.8385314941406,336.9963684082031
sample_e6c5243d2357c17f,340.8726501464844,345.9367980957031,352.8744201660156,356.8847961425781,371.35711669921875,393.6685791015625,406.9183349609375,404.4182434082031,420.6522521972656,440.16229248046875,440.569091796875,441.9554443359375
sample_661853fdccd90d55,368.34649658203125,368.03338623046875,369.20660400390625,369.63897705078125,371.0575866699219,373.121337890625,375.4776306152344,377.71307373046875,380.29144287109375,381.2021789550781,383.7432556152344,385.3602600097656
sample_760c8a95794ca02f,307.3410339355469,310.1384582519531,314.63763427734375,317.784423828125,323.1013488769531,328.3636169433594,334.8882141113281,339.64532470703125,346.267578125,351.5047912597656,355.8645935058594,360.1538391113281
sample_443061a7041e42cd,307.6421813964844,309.165771484375,314.2724914550781,318.3291931152344,325.301025390625,333.4797058105469,342.0570373535156,347.7503967285156,356.2545166015625,363.381591796875,369.16009521484375,374.31390380859375
sample_5e8a3a318c4c45aa,402.9276123046875,403.4461364746094,402.5412292480469,400.16021728515625,399.2449645996094,396.4944763183594,391.4717712402344,386.0723571777344,381.83477783203125,378.2781982421875,376.8643798828125,375.5389099121094
sample_0164bee47feb6cfa,388.2969970703125,384.9602966308594,383.3919372558594,383.7715759277344,383.2776184082031,381.4933166503906,379.8928527832031,376.3232116699219,376.221435546875,379.66107177734375,381.95159912109375,389.4287414550781
sample_41385c934388af24,320.5936584472656,324.23175048828125,331.51300048828125,337.24005126953125,345.3433837890625,355.9015197753906,365.2009582519531,371.08599853515625,379.7001647949219,385.96368408203125,391.9312744140625,397.1388854980469
sample_67c3b6a8f1c62f31,341.4114074707031,358.52386474609375,385.6020812988281,420.44464111328125,461.07415771484375,496.65087890625,511.3266296386719,525.7845458984375,532.5384521484375,536.290283203125,528.5116577148438,521.2869262695312
sample_d281fda1a2725cdd,521.5728149414062,521.1453247070312,518.476318359375,514.164794921875,510.9808654785156,506.69512939453125,503.1326599121094,499.4316711425781,495.0642395019531,490.92047119140625,488.98651123046875,485.0741271972656
sample_d658c5d02b1daace,389.89892578125,410.69854736328125,444.4087829589844,480.82684326171875,518.9505004882812,562.689697265625,600.6022338867188,637.4794921875,660.7677001953125,677.484375,688.656494140625,695.8726806640625
sample_98dd79537c85da77,411.6966552734375,419.73358154296875,426.8896179199219,428.91943359375,433.1817321777344,433.38299560546875,431.776611328125,430.5944519042969,427.8262634277344,421.27392578125,418.72723388671875,412.19000244140625
sample_1a89fb5e51a000de,321.9278564453125,326.0007629394531,331.7840270996094,335.2646484375,341.4178771972656,348.1842346191406,357.082275390625,367.713134765625,379.09930419921875,388.70709228515625,395.13446044921875,403.91162109375
sample_f7eac1aaffe01d53,473.9247741699219,482.51385498046875,484.4447326660156,484.3976745605469,476.3380126953125,467.7283020019531,465.3088073730469,455.86474609375,443.0511779785156,428.7870788574219,421.3677062988281,416.35888671875
sample_6ec2583d00e4bb51,486.11077880859375,475.49755859375,464.4512023925781,454.98785400390625,444.57928466796875,433.9720458984375,425.2053527832031,416.926513671875,409.87933349609375,403.4485778808594,397.7987976074219,393.70318603515625
sample_4faded68d796d7be,508.9307861328125,500.6485595703125,490.8827209472656,481.9894104003906,472.0182189941406,461.2394714355469,450.7215270996094,442.1434631347656,434.3673400878906,427.9077453613281,421.8102722167969,417.0337219238281
sample_c7b7694a3d1c1cb2,466.7284240722656,483.36090087890625,495.65753173828125,498.18182373046875,496.7611389160156,491.162841796875,484.9066467285156,477.8249816894531,473.0105895996094,465.5909729003906,457.9531555175781,451.5363464355469
sample_0f77408a06000fb4,424.9991760253906,419.7121887207031,416.5787048339844,413.0837097167969,408.1470642089844,403.8034362792969,400.1365051269531,396.814697265625,395.33984375,395.6415710449219,396.5947265625,399.7945861816406
sample_d5ae905de9178492,341.2947692871094,342.58978271484375,345.713134765625,348.4110412597656,352.1279296875,357.5174560546875,363.6048889160156,366.7537841796875,372.31866455078125,377.18267822265625,380.90478515625,388.4934387207031
sample_10dcd5f922cee913,279.3309631347656,287.7187805175781,299.292724609375,305.962158203125,319.5345458984375,324.77496337890625,328.5554504394531,331.2046813964844,334.3964538574219,337.4039001464844,338.03375244140625,346.5301208496094
sample_6eefbcc9d292c001,396.0406799316406,390.91058349609375,388.8980407714844,386.61273193359375,384.07257080078125,382.32196044921875,382.5537414550781,382.5689697265625,383.3695373535156,385.81195068359375,387.2696228027344,393.50335693359375
sample_476e97579e7b90b9,399.3749084472656,393.791259765625,389.744873046875,386.7607421875,383.177978515625,377.00042724609375,378.1853332519531,381.8113098144531,379.5989990234375,382.41607666015625,378.22900390625,379.26519775390625
sample_c092d92544c3b5d1,387.8838195800781,384.6126403808594,382.0587158203125,380.5978088378906,378.8209533691406,377.2921142578125,376.43115234375,375.29608154296875,373.7474670410156,374.099609375,373.97015380859375,375.0340270996094
sample_6f44df8685a7d5a8,337.1151428222656,335.99993896484375,337.0787048339844,338.5140075683594,340.5972595214844,343.69488525390625,347.2601013183594,349.8724060058594,353.67779541015625,357.9481506347656,361.25372314453125,365.6174621582031
sample_ed11cd80ac0261ab,347.6959533691406,372.10711669921875,405.68817138671875,443.38323974609375,480.85272216796875,500.11529541015625,514.789794921875,527.8218383789062,533.1349487304688,528.7392578125,525.6795043945312,518.1771850585938
sample_c403344ae17d0c2e,468.0813293457031,461.48419189453125,454.8001708984375,448.07366943359375,441.66400146484375,437.6551818847656,430.5016174316406,425.43841552734375,421.30419921875,417.5189514160156,415.0523376464844,414.4525451660156
sample_6ca8d2d802b198b9,352.3175354003906,359.71258544921875,364.80535888671875,369.07550048828125,378.1629638671875,384.9969482421875,398.6013488769531,404.78094482421875,409.1968994140625,422.0224609375,435.82794189453125,442.572021484375
sample_95ae141fe5e84fab,431.6437683105469,433.648681640625,439.2556457519531,449.31463623046875,463.6383972167969,495.3414611816406,525.2954711914062,544.6827392578125,576.562744140625,615.9735107421875,649.0187377929688,640.497314453125
sample_9056b009e493eaa9,297.7286071777344,300.890625,307.1239318847656,313.1158447265625,321.893310546875,332.26080322265625,342.7365417480469,352.6894226074219,363.1860046386719,371.6463623046875,378.7926025390625,385.2427978515625
sample_57a299819c5beb94,322.2544250488281,331.3773498535156,341.12640380859375,346.69805908203125,353.54620361328125,358.81451416015625,364.2080993652344,367.11993408203125,371.5006103515625,373.7523193359375,376.06378173828125,377.313232421875
sample_ab07f87db797395c,562.0780029296875,568.2838134765625,568.5413208007812,564.7431030273438,562.8157348632812,557.74365234375,554.531982421875,546.9291381835938,543.800537109375,545.6158447265625,549.7725219726562,558.3487548828125
sample_5e1937e123fe2a87,348.35076904296875,348.51385498046875,349.8986511230469,350.5714416503906,352.3378601074219,354.7488098144531,358.302001953125,359.780029296875,363.10186767578125,364.478515625,366.4951171875,368.51031494140625
sample_1c07cf06c1f934f2,311.30572509765625,315.083984375,320.12408447265625,324.5950927734375,332.5805969238281,341.47052001953125,350.40728759765625,356.8114318847656,365.05810546875,370.38836669921875,376.24310302734375,379.4210205078125
sample_d6bec87a9b32c50e,396.3240051269531,400.2853088378906,404.92987060546875,405.80133056640625,407.38543701171875,406.4888916015625,405.177978515625,402.972412109375,402.64471435546875,401.0388488769531,400.3581848144531,399.5244140625
sample_2847a37970e94c7b,592.3055419921875,576.3744506835938,557.0601806640625,534.725830078125,515.7352294921875,498.947998046875,485.1554870605469,472.3467712402344,459.5088806152344,450.4740295410156,442.83502197265625,436.3018798828125
sample_c8bf7bfa6b2f8e5b,332.25018310546875,332.6297607421875,334.504638671875,335.5633850097656,338.0444030761719,341.4254150390625,345.7386169433594,348.37750244140625,353.02642822265625,356.1213684082031,359.18438720703125,362.44830322265625
sample_140112825df155ec,365.5984191894531,365.8534851074219,367.1651916503906,367.5259704589844,369.0143737792969,371.100341796875,373.6004333496094,375.03594970703125,377.0959167480469,377.5986022949219,379.864501953125,380.9854736328125
sample_273534274ada9773,458.5695495605469,444.6474609375,430.755126953125,419.86932373046875,406.0262451171875,394.246337890625,385.41552734375,380.0281677246094,376.6061096191406,372.8820495605469,368.8774108886719,366.5960693359375
sample_f8b0913562a05a16,340.9752197265625,341.65081787109375,343.42315673828125,344.0014953613281,344.5113220214844,345.6146240234375,347.3563232421875,348.6122131347656,346.8729553222656,346.6390075683594,346.7073669433594,348.58056640625
sample_bdff20399287ae2f,452.64166259765625,441.3634338378906,431.1175537109375,423.72332763671875,414.8169860839844,407.2711181640625,400.810791015625,395.13330078125,390.75341796875,387.1103515625,381.833251953125,379.30352783203125
sample_477f110b1e9de71a,414.34173583984375,408.3390808105469,403.2728271484375,400.81072998046875,397.8971862792969,394.6222839355469,393.4434509277344,391.24859619140625,389.8278503417969,388.5149841308594,387.18438720703125,386.43499755859375
sample_644c324c691b4a22,403.6005859375,405.54443359375,404.22412109375,401.9936218261719,397.997802734375,392.9803466796875,386.48565673828125,386.6020202636719,393.63372802734375,405.82354736328125,422.8341064453125,445.29718017578125
sample_49556c0dbf038406,517.655029296875,515.7452392578125,505.37152099609375,493.546630859375,482.6148376464844,471.3403015136719,462.0831298828125,452.84857177734375,445.23052978515625,438.59722900390625,432.13800048828125,427.18988037109375
sample_48483ea4521fc330,385.41900634765625,403.52734375,423.7972106933594,446.4349670410156,474.0456848144531,488.72711181640625,502.99798583984375,533.6319580078125,548.575439453125,540.1747436523438,523.5752563476562,530.0804443359375
sample_945745efc025a492,407.3399658203125,408.6319580078125,411.751708984375,409.9954833984375,410.24505615234375,410.52679443359375,409.4441223144531,406.3778991699219,407.5690612792969,408.13604736328125,409.21173095703125,405.6274108886719
sample_7d7ff02b71ecd3d1,321.8211975097656,325.6436462402344,331.4298095703125,335.24810791015625,340.55523681640625,345.66265869140625,351.61492919921875,359.2656555175781,369.37054443359375,378.51666259765625,386.0814514160156,390.80902099609375
sample_7227350b3383d200,396.1265869140625,390.1238098144531,384.0086669921875,379.7438049316406,380.6346435546875,397.4692687988281,417.4931335449219,433.2859802246094,451.0820617675781,459.12164306640625,438.0010681152344,431.8388977050781
sample_ec33f7b2d209b96b,495.20758056640625,508.0500183105469,514.4059448242188,508.9133605957031,505.2947692871094,495.58306884765625,487.23101806640625,481.5545959472656,477.0257263183594,470.6339416503906,466.1185607910156,461.2585144042969
sample_3977e0feaf8f4f4a,300.1379699707031,302.1050109863281,305.9810485839844,309.55255126953125,315.1041259765625,320.52410888671875,327.0583190917969,331.296142578125,337.3739013671875,342.6452331542969,347.7091064453125,351.1002502441406
sample_adc99cf779b61767,505.52703857421875,487.69903564453125,468.2814025878906,452.3371276855469,435.7104187011719,420.5108947753906,408.17230224609375,396.4721984863281,386.79083251953125,377.4808349609375,369.810302734375,363.40771484375
sample_f7e220211dc86790,400.0850524902344,396.1640319824219,393.60687255859375,390.9109191894531,385.1475830078125,381.3377685546875,378.82281494140625,379.42828369140625,375.401611328125,372.8130798339844,371.40301513671875,373.0450744628906
sample_dfe30d29f27de944,450.43536376953125,449.49371337890625,449.5301513671875,448.96929931640625,449.2805480957031,449.7978820800781,450.6797180175781,450.5789489746094,452.1319580078125,452.1891784667969,453.1618957519531,454.056396484375
sample_d0febf4bf4ce968d,322.3860168457031,323.7305908203125,326.89410400390625,328.7999572753906,333.8973083496094,342.46209716796875,348.7012634277344,361.50634765625,370.7989501953125,375.32958984375,371.6759948730469,377.54180908203125
sample_eb1ebf539e7bb58f,515.3233642578125,511.71923828125,507.1070556640625,501.82806396484375,498.1789855957031,495.1565856933594,494.32635498046875,497.0638732910156,502.80548095703125,515.3584594726562,521.3040771484375,535.44287109375
sample_7c979400d3ea29d9,573.8484497070312,572.2114868164062,565.3578491210938,560.0689697265625,556.7520141601562,550.6185913085938,537.087646484375,528.4553833007812,511.3128967285156,505.48785400390625,506.1424255371094,499.90252685546875
sample_f60d1be09f61cf08,447.3719787597656,450.8334655761719,455.4295349121094,454.20538330078125,455.9784240722656,456.81231689453125,458.1556396484375,456.35205078125,459.62353515625,459.3225402832031,458.6929931640625,458.471923828125
sample_1736c4e3acbea6b4,483.0866394042969,468.62615966796875,454.11614990234375,442.6459655761719,429.05108642578125,417.0062255859375,406.2913513183594,396.9095153808594,388.1333312988281,380.7644958496094,374.124755859375,369.4986572265625
sample_cd398c89daa56120,484.14697265625,477.7589416503906,468.0086669921875,457.4119873046875,447.38165283203125,436.24127197265625,426.96990966796875,417.4587097167969,409.5560302734375,402.5870361328125,395.851806640625,390.6424865722656
sample_6733dea93b3b5cd2,317.1519470214844,319.85595703125,327.2004699707031,341.1424255371094,354.658203125,366.6175537109375,369.85943603515625,367.03857421875,368.6156311035156,374.11285400390625,380.4410095214844,383.25640869140625
sample_5f66ee2eb7bba81b,393.90673828125,394.8816833496094,396.1262512207031,395.9930114746094,396.7213439941406,397.3951721191406,399.14569091796875,398.3643493652344,400.14422607421875,400.6366271972656,399.7309265136719,399.75537109375
sample_16df4ad1afe44393,522.4365234375,507.06561279296875,488.61517333984375,477.9669494628906,459.8366394042969,448.8372802734375,436.33013916015625,433.7840881347656,443.90325927734375,445.9529724121094,445.65478515625,445.5321044921875
sample_457ed66a8ca0c6cc,351.3609313964844,355.2725830078125,364.81927490234375,372.233154296875,381.9698791503906,394.4011535644531,415.6505432128906,445.5470886230469,467.71917724609375,481.91729736328125,506.2042541503906,542.6181030273438
sample_bdd9208cea7c188c,393.04742431640625,396.29718017578125,399.1585388183594,399.7674865722656,404.7384338378906,410.3587646484375,411.4236145019531,410.81988525390625,406.8935852050781,405.453369140625,404.2992248535156,399.9672546386719
sample_85d2e4d4aa180744,332.179931640625,335.9048156738281,341.2492370605469,343.9751281738281,348.6799011230469,353.0997619628906,358.0220947265625,361.1978454589844,365.00189208984375,368.1097717285156,371.34735107421875,374.52056884765625
sample_633d0b448721504b,309.10748291015625,314.3087158203125,322.2498779296875,329.62994384765625,339.75750732421875,352.06256103515625,363.3672180175781,372.5538330078125,382.86053466796875,390.7206726074219,398.4321594238281,404.4577331542969
sample_47828c4bc58bd981,375.1741943359375,372.3067626953125,370.21832275390625,369.1927490234375,366.94891357421875,366.5091247558594,367.7631530761719,371.10626220703125,370.72381591796875,372.0617370605469,372.5216369628906,375.9429626464844
sample_af08e61059c3ad67,393.1186828613281,403.1875305175781,414.68231201171875,427.5181884765625,440.33642578125,455.0715026855469,466.8070983886719,479.5030212402344,497.23114013671875,519.724853515625,532.3668212890625,532.314208984375
sample_e69fbef0aafd943c,302.8599853515625,307.6670227050781,315.7218933105469,322.8279113769531,333.25726318359375,345.5330810546875,356.58197021484375,363.8046875,371.2250061035156,375.9461669921875,379.90655517578125,384.634033203125
sample_fd30ee4c694f2e6f,498.920166015625,507.1214904785156,514.4732666015625,519.0609741210938,529.2461547851562,542.0485229492188,553.0619506835938,555.5538330078125,549.2467651367188,547.672607421875,547.1600952148438,534.2423095703125
sample_e75fb077ad7604d8,518.8490600585938,527.3773193359375,532.7091674804688,537.7384033203125,541.2009887695312,552.4996337890625,570.9642333984375,580.2521362304688,593.94287109375,605.4708862304688,617.27490234375,609.511962890625
sample_441dde2357f9dfb6,396.139404296875,393.9978942871094,395.2747802734375,395.9775695800781,400.2105407714844,410.5618591308594,408.0899963378906,403.3761901855469,408.8236999511719,408.3304443359375,415.6329345703125,419.6207275390625
sample_b17325b2be6ff9a6,436.27215576171875,434.0932312011719,430.7465515136719,426.82098388671875,423.8832702636719,420.0781555175781,416.50634765625,412.5401306152344,409.3202209472656,405.6588134765625,402.9149475097656,400.630615234375
sample_744b9d2bf917c7f6,347.3433837890625,352.25006103515625,357.87457275390625,359.85980224609375,362.04229736328125,363.8134765625,367.2911682128906,368.5063171386719,368.4000244140625,370.1775817871094,369.90875244140625,381.3030090332031
sample_b239f71f67685bc9,362.153564453125,363.8619079589844,366.1163635253906,365.4234619140625,367.36981201171875,367.2782897949219,368.0969543457031,366.6274719238281,366.8988342285156,366.6236267089844,367.86956787109375,368.246826171875
sample_ac23c0783f35e860,465.1557922363281,462.3390197753906,456.8086853027344,450.9687805175781,443.5535583496094,435.736572265625,430.6775817871094,427.77740478515625,424.2010498046875,420.9328918457031,419.1976318359375,415.8062744140625
sample_bc1f10b496b10184,483.93023681640625,487.2554016113281,491.5827331542969,493.8348083496094,492.0633239746094,489.20257568359375,489.4150390625,491.3927307128906,486.03790283203125,484.07855224609375,499.4931335449219,532.7645263671875
sample_a686db54f0ce55a2,487.2834167480469,476.2396545410156,462.1173095703125,449.3499755859375,440.8407897949219,432.74774169921875,422.51904296875,412.28240966796875,406.0919494628906,406.7483825683594,405.7802429199219,403.1983337402344
sample_ef4d469fdde5cf59,564.0383911132812,537.0435791015625,511.55596923828125,489.719482421875,476.9307861328125,463.7086181640625,448.67938232421875,441.1230163574219,428.1489562988281,423.22821044921875,414.10003662109375,414.19671630859375
sample_658f58568a62fcb3,388.32049560546875,381.9638977050781,375.36968994140625,371.9256591796875,367.6650390625,361.7682189941406,359.3832702636719,359.3909606933594,355.7476806640625,360.2654724121094,357.7656555175781,356.35498046875
sample_0651b8cd66f4aa1d,403.6195373535156,395.7575378417969,389.3132019042969,387.8668212890625,382.51397705078125,378.2004699707031,375.4961242675781,374.1502685546875,372.4320983886719,371.85491943359375,369.4971008300781,370.8036804199219
sample_48ce87465168f68b,405.8153381347656,403.8175354003906,401.5871887207031,399.8591613769531,399.4971008300781,397.81304931640625,398.760498046875,403.2827453613281,400.5258483886719,405.19036865234375,409.07867431640625,408.2619934082031
sample_11ac3461b7f1ce0d,579.1282348632812,576.4913330078125,569.003662109375,561.6635131835938,553.8789672851562,542.0624389648438,530.5323486328125,517.6485595703125,504.8856506347656,491.0306701660156,478.1875,467.3707275390625
sample_31312a4cd19de752,331.124755859375,334.23114013671875,335.90130615234375,338.684814453125,347.1515197753906,353.5338134765625,359.6288146972656,367.414794921875,381.815185546875,402.2425537109375,419.89947509765625,431.7333679199219
sample_082f05492d91ef69,376.0435485839844,370.8089904785156,365.4815979003906,363.0841064453125,357.7973327636719,357.98333740234375,358.63604736328125,358.89776611328125,360.9014892578125,356.2236633300781,353.7016296386719,354.0960388183594
sample_3c514bfffd63f820,395.6705322265625,394.47979736328125,392.4761962890625,388.7349853515625,386.5340881347656,383.2039489746094,380.843994140625,377.7181091308594,374.7165832519531,371.8865661621094,369.9814453125,368.45758056640625
sample_a83c2f1e5015ce57,332.23809814453125,336.1819763183594,341.79095458984375,345.2315673828125,351.66168212890625,358.886962890625,366.3904724121094,371.4012451171875,378.4475402832031,382.64154052734375,386.5434875488281,389.03887939453125
sample_6aadca2d093e6b1b,351.01885986328125,356.0176086425781,360.7912292480469,363.3392333984375,367.19891357421875,369.169677734375,370.98297119140625,371.24530029296875,372.5475158691406,370.78594970703125,371.48077392578125,370.4925537109375
sample_ac02c5e51920b4bf,532.0294799804688,518.5938110351562,502.2276611328125,489.6628723144531,477.01409912109375,464.3624267578125,453.96923828125,443.7129211425781,434.8296203613281,426.59637451171875,419.5558776855469,414.05450439453125
sample_1fb9e9ad80e8fd20,518.0433959960938,505.22039794921875,487.47808837890625,472.0596618652344,457.0637512207031,443.26214599609375,431.32757568359375,420.302734375,411.34161376953125,403.085205078125,395.736083984375,390.0583801269531
sample_1b0c5ce5763f831e,379.7545471191406,378.01446533203125,378.53497314453125,379.54547119140625,380.49761962890625,381.5317687988281,383.89959716796875,384.96148681640625,388.6412658691406,391.2442626953125,392.50274658203125,394.5439453125
sample_79ab7d08d72841a4,339.5368957519531,341.4495544433594,345.1090087890625,347.8780822753906,348.6806335449219,352.0943908691406,357.1933288574219,363.8673400878906,370.3956604003906,379.4321594238281,384.0271301269531,393.322998046875
sample_44e39992c98fbb7f,343.8451843261719,346.2583923339844,350.005615234375,358.84326171875,364.7366943359375,373.1684265136719,377.1589050292969,381.3876953125,387.5061340332031,394.2637634277344,402.5611572265625,396.04278564453125
sample_e3bfa4eacf797bed,356.1956481933594,356.4751892089844,357.17498779296875,358.02484130859375,357.7897644042969,357.68243408203125,355.77734375,355.4232177734375,355.4095458984375,354.82232666015625,355.9849548339844,357.1813049316406
sample_4a4cbbebedd5b6e7,540.2360229492188,516.9706420898438,493.3347473144531,481.04522705078125,467.2835998535156,450.9364929199219,443.9239196777344,430.49932861328125,426.19647216796875,417.401123046875,416.5523376464844,429.2811279296875
sample_465b3d65212c1944,358.0230407714844,356.0511779785156,354.6564025878906,352.482666015625,351.3277893066406,350.828857421875,351.3838806152344,351.90118408203125,351.6904602050781,353.32904052734375,353.8216552734375,355.12750244140625
sample_5e37a187de4ea6a4,368.6691589355469,365.833251953125,363.4825134277344,361.4988098144531,357.9395446777344,356.7857360839844,357.1117858886719,357.4554138183594,361.2560729980469,370.0660400390625,369.5687561035156,375.7289123535156
sample_f1c12d4005a2dbb3,371.1243591308594,368.5486755371094,368.63543701171875,369.28466796875,369.5205383300781,370.4379577636719,373.2347717285156,374.9430236816406,376.7647705078125,379.6698303222656,380.8350524902344,383.5493469238281
sample_ba883f386ebe18f0,335.976318359375,340.04339599609375,345.5409240722656,348.8017272949219,354.480224609375,359.2492980957031,364.3875732421875,367.87921142578125,372.4443664550781,375.6712341308594,379.22723388671875,382.2403564453125
sample_5c1e68fb1a98d156,564.527587890625,562.9974975585938,557.0833740234375,551.9447631835938,547.2390747070312,543.4222412109375,541.6583251953125,539.60791015625,538.0642700195312,533.9984741210938,532.4176025390625,529.628662109375
sample_24d6fa403a1fbc49,401.0833435058594,400.4931335449219,400.33233642578125,403.5301208496094,403.38165283203125,406.88848876953125,406.35906982421875,405.2520446777344,402.741943359375,400.6022033691406,401.9178771972656,402.2173156738281
sample_e8dcccb33a3315d4,374.1597900390625,375.73590087890625,383.2974548339844,388.06585693359375,395.27392578125,394.2760925292969,391.7303771972656,390.2995300292969,392.17828369140625,387.1787109375,386.7230224609375,387.94384765625
sample_fa169c002316f24a,390.0296325683594,383.4095458984375,376.202880859375,372.0079345703125,368.6148376464844,366.6204833984375,369.818603515625,369.7435302734375,368.5989990234375,367.3087158203125,361.4631042480469,361.9637451171875
sample_a1e8a6cb85bd9174,570.5313720703125,541.6666259765625,512.4989624023438,487.6340637207031,462.976318359375,443.38299560546875,426.84881591796875,411.8348388671875,399.23822021484375,388.22735595703125,379.4339599609375,373.8973388671875
sample_881b36d74df341d3,410.2889709472656,415.4189147949219,427.5829772949219,440.00250244140625,448.2765197753906,450.9604797363281,452.6708984375,449.8453063964844,439.69500732421875,434.9532165527344,436.92840576171875,443.44635009765625
sample_b0fed452a2b487a1,317.5515441894531,318.45526123046875,320.9787902832031,323.1837463378906,327.12322998046875,331.95941162109375,337.466796875,341.6825866699219,348.16680908203125,352.9365539550781,358.08721923828125,363.2713623046875
sample_85e4bd9b5c2e38c4,553.335693359375,551.561279296875,539.8030395507812,524.4482421875,511.9027404785156,499.2910461425781,490.0203857421875,479.7061767578125,471.58197021484375,464.50537109375,458.27581787109375,452.08013916015625
sample_dcb432f816a14e06,347.8320617675781,347.58905029296875,349.663818359375,352.2019348144531,353.7795104980469,356.8415222167969,361.8948059082031,375.67242431640625,383.4324951171875,392.3592529296875,400.8884582519531,395.4927978515625
sample_8c0443e88785d1f0,448.19622802734375,455.5331115722656,456.5694885253906,453.3553771972656,449.7379150390625,445.59075927734375,442.63385009765625,439.0834045410156,434.6097412109375,430.35589599609375,427.18792724609375,423.14312744140625
sample_ec430834084c1119,282.7164306640625,287.781005859375,294.8608093261719,300.6541442871094,308.4503479003906,317.9397888183594,327.23590087890625,334.7843322753906,342.49188232421875,349.175048828125,354.27227783203125,358.8593444824219
sample_28408913776be56f,452.3110656738281,462.9000244140625,482.5437927246094,506.0745849609375,529.04052734375,544.2950439453125,550.2398681640625,546.4013671875,540.2291870117188,528.469482421875,512.9798583984375,501.5153503417969
sample_f2f3b8990beab323,626.0439453125,623.7637329101562,618.7573852539062,612.3582763671875,605.723388671875,598.391845703125,587.436279296875,575.875732421875,573.5904541015625,573.3974609375,579.643310546875,586.4634399414062
sample_24631fb4f1a89a21,345.7347412109375,346.70611572265625,349.2236022949219,351.0721435546875,354.2793273925781,358.305908203125,362.56573486328125,365.9690246582031,370.8034973144531,373.8396301269531,377.00726318359375,380.445068359375
sample_5d9b08eb34c9c587,514.1663818359375,508.6224365234375,502.4814453125,498.0256652832031,497.2038269042969,500.0550537109375,505.7631530761719,515.2371826171875,522.7276000976562,523.80712890625,519.7897338867188,511.965087890625
sample_73a99713a0b1dd1d,361.8612060546875,358.8045349121094,355.48919677734375,353.705078125,347.8607177734375,347.1170654296875,348.85791015625,352.9028625488281,353.5098876953125,354.9885559082031,352.52362060546875,352.5456237792969
sample_f2849a20ce728ccd,387.1404113769531,387.6845397949219,388.435302734375,387.813232421875,387.6043701171875,387.0034484863281,386.2842712402344,385.7824401855469,384.0447082519531,383.1123046875,381.458740234375,381.14422607421875
sample_4c2c02fd608314ce,585.9157104492188,564.2815551757812,541.3356323242188,521.9129638671875,505.05804443359375,489.2909240722656,477.5151062011719,464.4755859375,453.127197265625,444.05133056640625,436.64422607421875,431.0843505859375
sample_94fd7f19c90a9fb3,303.35870361328125,311.0599365234375,322.3621826171875,331.42547607421875,344.7474365234375,358.0265808105469,370.65765380859375,380.02166748046875,390.37451171875,398.4101257324219,406.89154052734375,413.446044921875
sample_50f8b9a484291d79,591.1067504882812,567.71484375,541.0565185546875,516.240478515625,492.6291809082031,476.0594482421875,463.68194580078125,451.31622314453125,444.7672424316406,437.82977294921875,430.04705810546875,423.984375
sample_6a7e7fb247a00189,320.8868408203125,332.59912109375,349.76617431640625,353.98834228515625,358.171630859375,369.74334716796875,370.26953125,381.126708984375,387.669677734375,393.2216491699219,406.0310974121094,403.24212646484375
sample_69eaaf5ebbdc14d7,373.1006164550781,371.4109802246094,369.1563415527344,366.1518249511719,366.59033203125,365.8081970214844,367.4327087402344,371.8160095214844,368.6611633300781,370.9903869628906,371.2297058105469,374.66448974609375
sample_6f8ebedf529650c1,328.2309875488281,326.58807373046875,328.4309387207031,330.0767517089844,332.3797607421875,335.15765380859375,338.60595703125,341.6029052734375,345.3619079589844,349.76531982421875,352.6640625,357.7569274902344
sample_d469f4ab64df3b38,352.35870361328125,353.7418518066406,356.6960144042969,358.9568176269531,362.6469421386719,367.32354736328125,373.4305725097656,378.150390625,381.8424987792969,382.0752868652344,383.7347412109375,387.6109619140625
sample_fcdb8bf5c8896611,400.71820068359375,398.8788146972656,394.5765380859375,392.61492919921875,387.783447265625,382.6234436035156,378.7699279785156,375.1842041015625,372.61956787109375,374.3779296875,374.0788269042969,375.60894775390625
sample_8379c16c0ee18251,581.6966552734375,583.97705078125,576.7515869140625,567.326416015625,554.6202392578125,546.193115234375,538.7348022460938,516.926513671875,495.69915771484375,482.83148193359375,464.356201171875,458.5967102050781
sample_cda8f1b16a3abbf1,403.32586669921875,408.2734680175781,412.33282470703125,411.91705322265625,411.17254638671875,408.4688415527344,406.1736755371094,403.0579833984375,400.3581237792969,397.8358459472656,395.53533935546875,393.6640625
sample_2e489e168c6c4e52,400.2857360839844,418.02520751953125,445.4071044921875,478.228515625,509.471435546875,544.7774047851562,571.8453979492188,587.41162109375,574.785888671875,558.07275390625,530.110595703125,501.7301330566406
sample_4379938acd95738d,355.5673828125,365.1620788574219,373.02880859375,387.74884033203125,404.3739318847656,434.2008972167969,454.0600280761719,456.98101806640625,456.4416198730469,469.791015625,475.24310302734375,473.7733154296875
sample_6cebb51b274c0f2e,317.78240966796875,321.46240234375,326.58245849609375,330.4958801269531,338.41180419921875,351.7489318847656,365.0657958984375,375.245361328125,384.4289245605469,394.6895751953125,409.7793273925781,413.79150390625
sample_13349a9c541d5f5f,348.4085388183594,354.597412109375,361.76409912109375,366.3158264160156,373.34442138671875,378.37689208984375,383.5635070800781,386.08599853515625,390.4996032714844,391.22222900390625,393.8853454589844,393.5999450683594
sample_98b5cff173db1517,580.1326293945312,557.8661499023438,532.8902587890625,512.2501220703125,492.20599365234375,471.7560729980469,454.1994323730469,438.8924865722656,425.68487548828125,413.2078857421875,401.1565856933594,391.44281005859375
sample_023618e29570fd33,340.5762023925781,340.4518737792969,342.88836669921875,344.5780334472656,345.8193664550781,350.01446533203125,352.7901916503906,357.1723937988281,361.0139465332031,361.4567565917969,361.189453125,363.23077392578125
sample_cb9288e2881a7a81,373.9954833984375,374.51544189453125,373.95794677734375,374.09033203125,369.240478515625,365.88232421875,365.3226013183594,362.791015625,357.26263427734375,355.4652404785156,352.9432373046875,355.283203125
sample_d47391f583eff54f,393.5133056640625,398.8277893066406,407.3334655761719,417.22589111328125,433.6343994140625,456.59918212890625,487.56195068359375,533.4793701171875,597.3236083984375,649.2979125976562,694.7166137695312,721.6388549804688
sample_a559afc7e0875413,353.4582824707031,354.3114318847656,356.42156982421875,356.4023742675781,358.51324462890625,360.9448547363281,363.7078857421875,364.6283264160156,367.03948974609375,367.3346862792969,369.43084716796875,369.8731384277344
sample_59c5339caadddf8b,283.3227844238281,294.72674560546875,313.32257080078125,325.99957275390625,347.314697265625,362.4999694824219,374.57879638671875,385.252197265625,393.01416015625,391.50335693359375,398.59649658203125,401.3265380859375
sample_273d14b13f6887ba,301.2943420410156,318.30999755859375,340.5194091796875,359.3349914550781,378.4435119628906,394.31805419921875,406.5193176269531,421.8725891113281,428.6560363769531,444.0727233886719,449.19720458984375,453.6317443847656
sample_84e4c56583df04b9,363.6536560058594,369.87042236328125,382.84796142578125,395.0206298828125,404.2968444824219,407.343994140625,411.8775634765625,415.8283996582031,421.4441833496094,426.26348876953125,428.0213928222656,424.7018737792969
sample_845f60c919d3b7eb,298.02459716796875,313.3787536621094,329.7120361328125,346.5632629394531,363.1403503417969,375.32672119140625,387.38214111328125,396.4928894042969,395.6346435546875,402.6714782714844,408.11767578125,412.1051025390625
sample_5230a6d7de4ae486,389.0982360839844,389.6651611328125,391.2252197265625,390.40716552734375,392.1104736328125,394.74365234375,400.56146240234375,401.7554626464844,402.4407958984375,395.5521240234375,396.0713806152344,396.8512268066406
sample_39c30337ba28714b,368.4925537109375,374.7359924316406,381.2501220703125,384.4642028808594,388.7123718261719,390.91552734375,392.71807861328125,392.82159423828125,393.4617919921875,391.30926513671875,390.84869384765625,390.58709716796875
sample_f8f413b7ce0065b0,480.0678405761719,486.4715576171875,491.68060302734375,490.6533508300781,492.49237060546875,492.70770263671875,492.91729736328125,489.560546875,493.3735046386719,492.1838073730469,491.5967102050781,490.4554443359375
sample_96e4f1caf1b9609a,316.9451904296875,317.74542236328125,320.15069580078125,322.2457275390625,326.0575866699219,330.370361328125,335.3733215332031,338.4757995605469,343.8490295410156,348.0631408691406,351.86016845703125,355.3036804199219
sample_c929983834d2fcca,385.9903564453125,387.5127868652344,389.0398254394531,389.043212890625,389.27880859375,388.3045959472656,387.2823486328125,386.9376525878906,385.3437805175781,384.5142517089844,382.8957214355469,382.1856384277344
sample_e75f8b578083ac40,436.0185546875,429.9233093261719,423.3142395019531,417.8180236816406,411.4957275390625,405.4405822753906,400.17950439453125,395.57061767578125,391.29766845703125,387.48248291015625,384.3694763183594,382.0632629394531
sample_36be80cee7fad7d9,411.02679443359375,410.3758544921875,410.08404541015625,408.47332763671875,408.89141845703125,407.4920349121094,407.8372802734375,407.1694030761719,406.8251953125,405.6158447265625,405.3941955566406,404.1600341796875
sample_1628ccf93af06100,480.5557556152344,468.828369140625,455.505859375,442.27496337890625,428.3268127441406,420.4803161621094,417.8495788574219,413.455322265625,410.9725646972656,401.2926025390625,391.1106262207031,387.9833984375
sample_7b2d03524718e87f,347.11248779296875,367.3437194824219,389.464599609375,407.4930419921875,428.86981201171875,446.82562255859375,463.44427490234375,473.79461669921875,484.328369140625,495.59942626953125,511.0576171875,521.615478515625
sample_7b9ec3bca9d5af19,324.33349609375,325.7652282714844,328.3072204589844,329.6468200683594,331.945068359375,334.0968017578125,337.6019592285156,339.61138916015625,341.8789367675781,343.7427062988281,345.7895202636719,346.7991943359375
sample_749047c81894b994,441.1142272949219,451.864990234375,458.0438537597656,456.7391662597656,458.0950927734375,456.0285949707031,455.3471374511719,453.9639587402344,462.843505859375,467.932861328125,475.0739440917969,475.4604797363281
sample_b9f0e36bf8b65c72,269.4809875488281,275.7552490234375,285.2503967285156,294.06903076171875,306.9339294433594,316.51904296875,325.9377136230469,333.2623291015625,343.05792236328125,351.12445068359375,360.39593505859375,362.79150390625
sample_fb4d3763986c3bce,499.2759704589844,524.697265625,547.5211181640625,566.6268920898438,578.14453125,593.93994140625,599.0911254882812,598.69287109375,594.5174560546875,584.0009765625,581.4966430664062,563.5752563476562
sample_f9f2af6c325321ed,476.68878173828125,465.5787048339844,454.1453552246094,445.6983337402344,436.05419921875,426.92279052734375,420.3741760253906,417.7536315917969,413.9529724121094,411.41015625,404.77935791015625,397.80645751953125
sample_11bcf7f60f09dcc7,456.0438537597656,457.63916015625,454.3873596191406,448.6034851074219,442.7545166015625,433.4288635253906,426.1758117675781,419.285888671875,413.7302551269531,408.7576904296875,405.6640625,402.30206298828125
sample_f87080118ff253ca,370.1670837402344,398.7330322265625,432.1900634765625,464.5751647949219,498.4036865234375,528.9808349609375,556.2464599609375,585.95068359375,618.3751220703125,645.7633056640625,669.91796875,702.6207275390625
sample_535e63c3c66f8dc2,331.76861572265625,337.8192138671875,344.0694274902344,348.67913818359375,354.9440002441406,360.0413513183594,364.5732116699219,372.0555114746094,380.212158203125,389.93597412109375,398.09295654296875,408.5798034667969
sample_75b9266b9c18fd12,430.4264831542969,451.5417785644531,461.0744934082031,469.5140686035156,474.31365966796875,477.4356384277344,480.041259765625,482.94366455078125,486.30084228515625,488.0569152832031,489.0796813964844,488.8561096191406
sample_486436cb5d758a0e,348.5012512207031,351.4976501464844,354.90155029296875,355.916259765625,358.27239990234375,359.44512939453125,361.3202819824219,361.12493896484375,361.4716796875,361.8043212890625,362.8049621582031,362.761474609375
sample_392be734cdf2baa9,439.4078063964844,449.2425537109375,452.8209533691406,449.89483642578125,445.90545654296875,440.19647216796875,435.7762756347656,429.2029113769531,424.4164123535156,418.6119079589844,414.39056396484375,408.5872802734375
sample_d35ed983136c9215,392.5109558105469,395.76416015625,399.54052734375,400.2965087890625,402.9381408691406,404.59222412109375,404.98553466796875,405.36224365234375,406.6690673828125,405.08941650390625,406.2391662597656,405.84539794921875
sample_6c82dc5488ef0876,363.789306640625,388.1387634277344,414.243408203125,441.8848876953125,450.1455383300781,462.33746337890625,471.51800537109375,487.75732421875,475.5845642089844,466.22247314453125,489.58233642578125,483.98431396484375
sample_035a29eba2098557,325.0003662109375,326.75384521484375,332.3248291015625,337.1396484375,343.6264343261719,350.96783447265625,358.8603820800781,363.5605773925781,370.3087463378906,375.84613037109375,379.2864074707031,383.4294738769531
sample_9cebc85f740acf3d,385.9212341308594,384.0751647949219,382.73626708984375,382.342529296875,381.32501220703125,380.8802185058594,381.6154479980469,381.3960876464844,381.3555603027344,381.49151611328125,381.4915771484375,382.24267578125
sample_45cb01a337990a05,343.14288330078125,344.05279541015625,347.57769775390625,350.2663879394531,355.4219055175781,362.0286865234375,369.3539123535156,373.45208740234375,381.627685546875,387.0594787597656,392.3619384765625,397.5721740722656
sample_be69e26376bf9122,434.77008056640625,424.3290710449219,414.1458740234375,407.1208801269531,399.2929382324219,394.8279113769531,392.7092590332031,390.696044921875,388.6621398925781,386.5432434082031,382.7652282714844,380.067138671875
sample_558e25b33198de52,299.51739501953125,302.99334716796875,307.6865234375,310.8509521484375,314.69207763671875,317.8754577636719,322.74169921875,326.4453125,329.4596252441406,332.1583557128906,334.52447509765625,336.0525207519531
sample_53c6e2f4ef810354,408.7414855957031,401.7231750488281,394.0913391113281,391.1067199707031,384.4014587402344,377.244873046875,373.2784729003906,370.5740051269531,367.94622802734375,367.6678466796875,366.027587890625,367.27947998046875
sample_9734f9ef13dd1a6d,430.1917724609375,444.105712890625,458.1842041015625,470.0084533691406,479.2381286621094,484.1541748046875,486.7023010253906,487.7640075683594,488.2640075683594,477.33978271484375,467.44189453125,450.691650390625
sample_90a12fa9f5a01f1e,391.4595031738281,391.5419006347656,390.27301025390625,386.7066345214844,383.50787353515625,380.9890441894531,379.3140869140625,378.2587890625,377.4996032714844,377.1029968261719,376.8634948730469,376.9626770019531
sample_21fa076dd4782e84,337.9496154785156,343.80853271484375,351.48626708984375,352.1331787109375,356.46197509765625,360.6675109863281,363.6330261230469,364.48260498046875,366.18084716796875,364.19482421875,364.51300048828125,364.501220703125
sample_f55c34ced42c5971,532.3799438476562,538.8147583007812,541.5554809570312,539.4462890625,539.807373046875,540.3800659179688,537.6577758789062,535.7554321289062,536.8274536132812,537.5686645507812,538.2587890625,539.0125732421875
sample_059c038ab3b49f9c,425.5347900390625,421.8450927734375,419.385009765625,419.0441589355469,419.7558288574219,419.50848388671875,422.07427978515625,427.72174072265625,430.6039733886719,432.41387939453125,427.791015625,421.95880126953125
sample_b177fb9800adb2a6,379.80224609375,440.32745361328125,485.58978271484375,509.16845703125,526.013671875,533.3733520507812,533.7445068359375,539.625244140625,528.1066284179688,565.8508911132812,574.6070556640625,599.1129150390625
sample_c9523590822680e7,323.7918701171875,326.80474853515625,331.4085693359375,334.52008056640625,338.9044494628906,343.7228698730469,350.8212585449219,355.09954833984375,360.4465637207031,363.83935546875,367.203369140625,369.4914855957031
sample_2ac76544e0d17c4d,496.8694152832031,500.16717529296875,501.8110046386719,496.80517578125,491.68609619140625,483.58599853515625,478.5204162597656,471.3520202636719,466.49267578125,457.47344970703125,453.1759948730469,450.2181396484375
sample_381d1c97dd42bcd9,294.3581848144531,301.37353515625,311.76446533203125,317.5646057128906,322.4447937011719,325.1495361328125,333.48687744140625,340.4656677246094,347.30322265625,352.572021484375,357.5364074707031,361.14215087890625
sample_3e74de15145407bb,383.0297546386719,380.5602111816406,377.3784484863281,374.5732116699219,373.7243957519531,366.292724609375,362.99310302734375,362.2689514160156,359.1640319824219,364.175048828125,365.13800048828125,369.07501220703125
sample_3ed01bb9071ca82d,525.56494140625,510.9246520996094,495.1159973144531,481.438720703125,466.7378234863281,453.467041015625,441.5966491699219,431.506103515625,422.74945068359375,415.17364501953125,408.041748046875,402.17138671875
sample_c295e24dc09c5f58,389.0504455566406,400.02935791015625,407.2102966308594,409.3262634277344,412.8457336425781,412.0303955078125,410.9888000488281,407.6927795410156,405.98565673828125,402.997314453125,401.8248291015625,398.9922180175781
sample_9788ccf98419251e,372.3959655761719,375.2823791503906,382.11712646484375,389.5791320800781,404.4822998046875,423.1470031738281,436.1958312988281,446.62164306640625,456.74334716796875,463.5836181640625,470.4136047363281,468.3479919433594
sample_ed1a0f8e01a16be2,474.3117980957031,468.96356201171875,462.66204833984375,456.38897705078125,446.3832092285156,435.83148193359375,426.2086181640625,418.753662109375,411.3802185058594,405.5850524902344,399.8085021972656,396.076904296875
sample_19d13cdc064fde21,505.3744812011719,517.1104736328125,519.6538696289062,508.4710998535156,497.4710388183594,488.8871765136719,476.1745300292969,469.7435302734375,470.2550964355469,469.21234130859375,459.0973815917969,450.3833923339844
sample_e16585d531743ad5,373.15802001953125,369.04351806640625,366.5931091308594,365.597412109375,364.3394470214844,364.8605041503906,367.2248229980469,370.11474609375,371.8607177734375,374.2893371582031,373.73126220703125,374.00543212890625
sample_90ea5073a72bde55,359.0459289550781,358.8095397949219,359.6231994628906,360.2843322753906,361.40985107421875,363.1460266113281,366.0564270019531,368.2681579589844,371.9898986816406,373.7749328613281,376.19146728515625,378.69207763671875
sample_b3b11f671c60ced5,354.714111328125,354.7196350097656,355.7053527832031,357.012451171875,358.4951477050781,360.71539306640625,363.73431396484375,366.9283447265625,370.73797607421875,372.79132080078125,375.7449035644531,378.63330078125
sample_845bdda5f3ab0df8,352.6372985839844,353.9078063964844,356.7795104980469,358.2585144042969,360.474853515625,362.54119873046875,363.4708251953125,364.9300231933594,366.7108459472656,368.44122314453125,369.9096374511719,371.6484680175781
sample_f9542835f5eab3e7,450.4146423339844,451.1615295410156,447.92431640625,443.173095703125,437.4210510253906,429.4739074707031,432.143798828125,434.51812744140625,440.5470275878906,465.5045166015625,485.2373962402344,495.7987976074219
sample_68cf41e9121450a8,404.59033203125,402.98541259765625,400.23992919921875,400.04534912109375,398.5158386230469,401.7347412109375,412.6841125488281,406.58880615234375,401.9985656738281,399.2820129394531,396.90557861328125,398.0483703613281
sample_73313bd9e8280ab0,461.0843505859375,462.7120666503906,461.194091796875,457.2269592285156,455.8044738769531,451.4096984863281,448.623779296875,442.3638916015625,438.0262451171875,433.8345642089844,432.0353088378906,429.6247863769531
sample_2e05dfa4f0da896c,343.23736572265625,344.8052062988281,348.0711975097656,350.300048828125,354.46600341796875,359.1733703613281,364.61328125,368.9334411621094,376.1331481933594,380.2900390625,385.2395935058594,389.7697448730469
sample_b1202384d9bda4b1,360.0051574707031,363.828125,374.638671875,390.33392333984375,416.1990661621094,443.87811279296875,463.7210998535156,479.27593994140625,491.88824462890625,500.132080078125,499.28375244140625,497.7648620605469
sample_59daf4f83929d2d7,379.97235107421875,381.78387451171875,384.4009704589844,386.6925048828125,389.86260986328125,393.02142333984375,396.6145935058594,399.66900634765625,403.504150390625,409.1272888183594,410.8963928222656,412.9176330566406
sample_a81e4601cdc563e5,377.6188049316406,375.2149353027344,374.0728454589844,378.1323547363281,378.05926513671875,380.58587646484375,379.5932312011719,384.24505615234375,388.9986267089844,402.7297058105469,403.4962158203125,405.6742858886719
sample_44ab84dd5af050d5,709.703125,680.7987060546875,650.943603515625,625.8905029296875,601.776611328125,579.886962890625,561.70654296875,545.22802734375,531.4486694335938,518.98828125,507.81207275390625,498.9051513671875
sample_eb57e135eef6d880,287.9440002441406,292.0967102050781,298.26324462890625,302.950927734375,309.6870422363281,316.9951477050781,325.7601318359375,331.53009033203125,338.8130187988281,344.9845886230469,350.6803894042969,353.1447448730469
sample_1373c566f19b30fe,344.27093505859375,349.87042236328125,357.88897705078125,363.9605712890625,372.61358642578125,377.7331237792969,381.6123352050781,385.10296630859375,390.118896484375,393.36944580078125,396.0046081542969,395.8742980957031
sample_c495cbe53dab86ae,457.3056945800781,449.522705078125,439.88287353515625,431.1136169433594,421.96856689453125,412.2984313964844,403.9433898925781,396.17059326171875,389.052734375,382.82269287109375,377.1927795410156,373.2506103515625
sample_30b0352e36aa9cae,454.5402526855469,447.10040283203125,437.68865966796875,428.6676330566406,419.2437744140625,409.8279113769531,401.4608459472656,393.40447998046875,386.2501220703125,380.3304748535156,374.86328125,370.7496337890625
sample_2a99a7fb37856af8,434.7074279785156,431.67987060546875,429.8642272949219,427.3165588378906,426.0332946777344,424.8580627441406,425.15643310546875,423.97235107421875,424.3792419433594,422.6325378417969,422.3473815917969,421.8125915527344
sample_ad1f38e9c28165a9,536.8153076171875,525.0072021484375,510.311767578125,497.3499755859375,480.4768371582031,470.9095153808594,459.2273254394531,447.13665771484375,444.5128479003906,442.6342468261719,440.09295654296875,432.7103271484375
sample_ff87e7071fb59f3d,290.8553771972656,296.0794982910156,304.9027404785156,312.1589660644531,322.56390380859375,333.1944580078125,343.760498046875,349.9029846191406,357.0276184082031,363.25811767578125,368.5770263671875,372.2447509765625
sample_9f3e595bddbfe638,371.49432373046875,372.0328063964844,375.85205078125,381.37030029296875,391.53265380859375,397.89306640625,409.78375244140625,434.34027099609375,443.1794738769531,430.7090759277344,435.6927795410156,441.64508056640625
sample_bbad2aae141d12b0,352.0420837402344,354.57879638671875,355.49127197265625,360.75921630859375,362.2503356933594,359.3038024902344,362.7720642089844,362.2156066894531,360.3849792480469,361.10467529296875,359.70172119140625,360.5439453125
sample_ff6d35da5c7f4f40,342.79595947265625,345.46673583984375,356.2700500488281,371.0601806640625,387.3840026855469,406.56396484375,421.82647705078125,431.3911437988281,438.2248229980469,444.1744689941406,451.3349914550781,458.22589111328125
sample_3472a7565457924f,402.1976623535156,396.88067626953125,394.2869873046875,393.71234130859375,393.1138916015625,396.9224853515625,400.84271240234375,405.9054260253906,412.70782470703125,420.6748962402344,428.6567687988281,444.11260986328125
sample_c725d6687d1c9277,366.3699645996094,363.6552734375,363.267333984375,363.7680358886719,365.5285339355469,367.8329162597656,370.9182434082031,373.23614501953125,378.20440673828125,383.3525085449219,387.9697265625,398.407958984375
sample_b9a43be7631c4b22,561.8623046875,542.2767333984375,522.559326171875,506.1968078613281,490.2106628417969,477.9753112792969,470.6341552734375,467.6959533691406,463.7385559082031,455.12506103515625,452.77142333984375,449.16424560546875
sample_3ca5e979d651349c,335.425048828125,337.6534423828125,340.5818176269531,341.9489440917969,344.228271484375,345.7399597167969,347.7916564941406,348.6622314453125,350.28240966796875,351.4940490722656,353.189453125,353.48193359375
sample_55b4e1b2b1501808,396.1570129394531,389.64202880859375,385.4114990234375,383.27325439453125,380.1343688964844,378.4569091796875,379.0055236816406,378.5469055175781,378.5675048828125,379.4559326171875,378.51300048828125,379.44305419921875
sample_66bf35708e73c5fc,335.37060546875,339.7629699707031,345.27020263671875,349.1242980957031,355.7306213378906,363.3750915527344,371.131103515625,378.2215881347656,385.91278076171875,390.84075927734375,397.7342834472656,402.5320739746094
sample_66a3d6252321425d,319.4841003417969,319.04278564453125,318.9913024902344,321.8669738769531,322.05560302734375,325.7798156738281,327.9463195800781,329.5461120605469,333.4283447265625,337.09027099609375,340.041259765625,341.85601806640625
sample_877d5887ddbd37b7,462.8983154296875,462.12933349609375,461.49371337890625,459.5950622558594,460.17645263671875,461.19720458984375,463.7174072265625,463.1454772949219,467.2677001953125,467.479736328125,469.4648742675781,470.27587890625
sample_43d828da0cdea957,611.1126708984375,597.7279663085938,578.4776611328125,557.2314453125,535.9861450195312,513.947998046875,493.81781005859375,478.0450439453125,467.4243469238281,457.57122802734375,450.39862060546875,444.6395568847656
sample_97642b206f7e6ae1,370.4779052734375,386.864990234375,404.2953186035156,420.8358459472656,438.1403503417969,452.3935546875,460.86468505859375,467.98101806640625,465.5457458496094,470.2886047363281,469.64593505859375,469.50543212890625
sample_5009e3710dbbe0c3,373.4594421386719,373.81866455078125,374.97332763671875,375.8153076171875,377.07061767578125,378.19091796875,379.85980224609375,380.924072265625,382.12115478515625,382.6415710449219,383.62762451171875,384.69659423828125
sample_d3e2642b627d9b0c,645.2012939453125,633.197021484375,618.4227905273438,603.9031982421875,593.4900512695312,582.8031005859375,574.5203247070312,566.102783203125,561.4954223632812,554.1298828125,547.7996826171875,539.04541015625
sample_5ae06034419c5b18,331.1479797363281,332.02423095703125,335.0829772949219,337.1258544921875,340.8419189453125,345.2980041503906,350.6634216308594,354.1758117675781,360.34576416015625,364.7268981933594,369.0156555175781,373.35723876953125
sample_6d2543dd4b2bb916,327.11767578125,328.49932861328125,332.22039794921875,335.08514404296875,339.3909912109375,343.511962890625,349.4682312011719,354.38427734375,361.083251953125,363.8342590332031,366.79083251953125,365.1093444824219
sample_88a558c0baaa41cd,398.5536804199219,392.8101806640625,387.57855224609375,382.0583190917969,377.4841003417969,373.7779235839844,371.75714111328125,369.9062194824219,368.4623718261719,367.19964599609375,366.52008056640625,366.1871337890625
sample_872e46b6258c89e9,336.3313293457031,339.5915222167969,346.21435546875,351.6614074707031,361.89990234375,370.2401123046875,377.3222351074219,380.15380859375,390.45941162109375,394.9325866699219,400.3570861816406,401.7567443847656
sample_0e74ac3d876ebbb6,353.4752502441406,351.2969665527344,351.16339111328125,351.3634033203125,352.5247802734375,354.628662109375,357.0080261230469,358.0801086425781,360.2006530761719,362.2523193359375,364.1521911621094,366.3988342285156
sample_0404a86e7f607c67,602.15234375,595.0435180664062,586.6339721679688,581.3970336914062,579.790771484375,578.8003540039062,580.7503662109375,580.7740478515625,578.3657836914062,575.12841796875,568.810302734375,558.247802734375
sample_4fc21df0fb63561a,296.21087646484375,301.39398193359375,308.0413818359375,313.0589599609375,318.8436584472656,323.705810546875,330.23846435546875,335.3029479980469,340.7490539550781,345.74554443359375,351.4295349121094,354.4262390136719
sample_f83d8b1783e7b2cd,506.44775390625,493.10345458984375,478.8389892578125,467.53948974609375,455.01458740234375,442.58673095703125,432.6289978027344,423.0790100097656,414.91851806640625,407.41949462890625,400.5911865234375,395.38372802734375
sample_af141dc2aeb8ebba,380.2762451171875,418.731689453125,445.08062744140625,463.91387939453125,494.653076171875,524.35107421875,531.2529296875,547.4150390625,554.5144653320312,559.4564208984375,565.3773803710938,570.4843139648438
sample_4827977dbb8914d8,354.717529296875,357.23175048828125,360.7555847167969,361.9491271972656,364.1378173828125,364.7089538574219,366.177978515625,366.7249450683594,367.7607421875,367.3355407714844,367.9862976074219,368.8731384277344
sample_70c964e110701fac,442.7488098144531,432.1990661621094,421.201171875,412.45074462890625,402.2168884277344,393.3695983886719,385.9097595214844,380.47564697265625,374.4627685546875,369.8071594238281,365.52227783203125,363.36163330078125
sample_e9aee730c123d5c1,343.0459289550781,340.03253173828125,338.6077880859375,340.4710693359375,341.3311767578125,342.238525390625,347.6296081542969,355.542724609375,357.83587646484375,366.31463623046875,365.8091735839844,370.89508056640625
sample_bc4c597c92473108,322.27154541015625,324.8293151855469,329.54736328125,332.50335693359375,337.68878173828125,344.7484130859375,350.2898864746094,354.33685302734375,359.2469787597656,366.0888671875,376.01080322265625,386.81292724609375
sample_262c736adc6c5019,328.9158020019531,330.94512939453125,335.8457336425781,342.4789733886719,350.7990417480469,354.48455810546875,357.9997863769531,363.97412109375,375.054931640625,383.7853698730469,395.2192687988281,393.92462158203125
sample_e025211f2fe1bba9,399.962890625,402.0777587890625,405.2831726074219,405.5478515625,407.5404968261719,408.264892578125,409.9017639160156,407.8724060058594,409.5386962890625,408.8902282714844,409.8572082519531,410.7369384765625
sample_1ceb8c8fe3c7ca4a,477.0185546875,469.6973876953125,459.4247131347656,449.6095886230469,437.8306884765625,426.867431640625,416.98931884765625,409.045166015625,401.6645202636719,395.10357666015625,389.2113342285156,385.08795166015625
sample_9ee88231525d142e,436.3882751464844,443.0406799316406,444.6527099609375,443.4299621582031,440.041259765625,435.9600524902344,435.27410888671875,431.2423095703125,426.6684875488281,422.985595703125,419.5221862792969,416.8553466796875
sample_40b986f7b4427a7f,392.13262939453125,392.8336486816406,393.51123046875,393.75,395.23492431640625,395.7686767578125,399.5571594238281,401.54949951171875,406.4283447265625,403.8642272949219,398.36383056640625,397.77685546875
sample_151cc436690464d7,380.94488525390625,381.489990234375,382.43011474609375,382.1076965332031,382.2712707519531,382.3591613769531,381.8959655761719,382.20648193359375,381.0923767089844,380.75439453125,379.8901062011719,380.1162414550781
sample_ee0d7b26993cb674,345.4374084472656,364.9475402832031,385.46356201171875,414.8656005859375,440.44610595703125,459.4237060546875,491.8130187988281,524.3031616210938,536.3236083984375,559.3903198242188,574.8720703125,588.4635620117188
sample_84bed29fbc57ab27,531.6883544921875,536.149658203125,536.3325805664062,532.874755859375,532.6014404296875,531.44091796875,530.7454833984375,529.5621948242188,529.5121459960938,527.849365234375,527.8822021484375,527.6935424804688
sample_8413ee6579848760,379.9923400878906,378.9599609375,381.3488464355469,384.7574462890625,397.9601745605469,415.9951477050781,435.6725158691406,448.8487548828125,456.4722900390625,467.6929626464844,477.7554931640625,478.07232666015625
sample_d4ca851de150a95d,359.3084411621094,360.6279602050781,359.95086669921875,362.3488464355469,369.50958251953125,383.5544738769531,397.8856201171875,408.6148376464844,424.18817138671875,440.1453552246094,456.90478515625,462.0664978027344
sample_92b85bdd8100654e,591.9306640625,575.7774658203125,556.4212036132812,538.561279296875,521.7362670898438,505.56195068359375,492.0287170410156,478.70611572265625,467.9903564453125,458.1688537597656,449.30145263671875,442.18695068359375
sample_b5bb7212b4c2d8e5,376.5184326171875,376.3825988769531,379.63671875,384.1180114746094,389.3722229003906,393.3983154296875,397.2366638183594,399.3656311035156,412.45526123046875,423.5047912597656,427.9184875488281,429.8497619628906
sample_8f0f48364afeac73,339.3636474609375,341.2510070800781,344.022705078125,344.8164978027344,347.45941162109375,348.71685791015625,350.34112548828125,350.66900634765625,352.8106384277344,354.9351501464844,358.1998291015625,362.2010803222656
sample_31ed00ea7b071c9b,458.8355712890625,447.0862731933594,435.45068359375,426.6483154296875,415.2660217285156,405.0036926269531,395.6083068847656,388.03497314453125,381.78607177734375,375.2770690917969,370.10443115234375,366.4268798828125
sample_b3f5239c1b9c786c,374.749755859375,382.0967102050781,405.7933044433594,417.7326965332031,421.3470153808594,431.03271484375,441.6240234375,452.5674133300781,459.54595947265625,461.2406005859375,469.56378173828125,488.8927917480469
sample_aed63f97fe1b4092,668.0084838867188,630.4781494140625,591.7730102539062,558.0728759765625,525.7435302734375,497.39666748046875,475.9354248046875,456.62115478515625,440.98284912109375,427.1819152832031,416.0876770019531,406.83502197265625
sample_a94260b52063949c,307.5233154296875,326.4165954589844,344.2410583496094,357.68017578125,378.19207763671875,397.2749328613281,411.5736389160156,424.55731201171875,431.8664855957031,445.20977783203125,451.0540771484375,462.40899658203125
sample_2140a087dbe1daae,323.94775390625,328.356689453125,333.87457275390625,338.1908264160156,345.67486572265625,351.7598876953125,360.2510986328125,367.19110107421875,377.5027770996094,392.866455078125,409.41448974609375,420.8450622558594
sample_c374bcd814e10126,336.95147705078125,343.87664794921875,351.7921447753906,357.1097717285156,364.7012634277344,370.6346130371094,376.4506530761719,380.27923583984375,385.0104064941406,387.54095458984375,390.5611572265625,390.9272155761719
sample_c55e1051ac31ba74,348.3254089355469,350.1903076171875,352.21343994140625,356.056396484375,368.44879150390625,373.587890625,389.1618347167969,395.3131408691406,413.38775634765625,431.84893798828125,446.5514221191406,449.4009094238281
sample_71cb05b161000a41,492.4060974121094,477.1529541015625,461.7823791503906,449.08306884765625,435.5127868652344,422.63238525390625,411.4000244140625,404.8722229003906,395.74072265625,391.97247314453125,384.5859069824219,377.27850341796875
sample_c4c8d6191a9b2849,482.76116943359375,482.57867431640625,477.3148498535156,470.6643371582031,464.4299011230469,456.2392578125,448.98870849609375,442.4147033691406,436.6522521972656,431.28131103515625,426.08148193359375,422.1161804199219
sample_deb122c4449c1edf,428.9394226074219,432.5284423828125,435.6934509277344,432.8332214355469,431.9324035644531,430.56005859375,426.3074035644531,420.4122009277344,416.26824951171875,410.5709228515625,408.30078125,405.0630798339844
sample_395eb28e4451d70c,502.1833190917969,522.4426879882812,550.2413330078125,577.3527221679688,608.071533203125,622.10888671875,621.9113159179688,615.079345703125,608.8255004882812,585.6234741210938,572.930419921875,563.142822265625
sample_8995c361f2cb5b1b,300.492919921875,302.4961853027344,307.811279296875,315.0662536621094,317.64849853515625,316.7855224609375,319.7652893066406,324.150390625,329.16461181640625,334.392333984375,339.2188415527344,341.7723388671875
sample_871c80a90b7db5b4,365.6686706542969,362.925048828125,362.4685974121094,362.9745178222656,363.25,363.9549865722656,366.4913635253906,367.821533203125,369.3331604003906,372.66973876953125,374.4710388183594,377.3799743652344
sample_434617555473c444,403.26190185546875,402.43316650390625,401.2506103515625,400.1612854003906,398.53790283203125,396.66046142578125,395.1872253417969,393.6554260253906,391.8341979980469,390.50592041015625,388.92047119140625,387.8807067871094
sample_d531edcf4472fac3,296.8341369628906,301.07537841796875,307.69384765625,313.7198791503906,322.4001770019531,331.4930114746094,341.16473388671875,347.2690734863281,354.697998046875,360.171630859375,365.9312744140625,369.14019775390625
sample_356d468a9c821030,463.0323486328125,454.294677734375,444.0074768066406,435.03863525390625,426.2680969238281,417.52093505859375,409.96148681640625,405.78076171875,403.8856506347656,403.34063720703125,402.837646484375,405.5674743652344
sample_5f1d94887e27b5cd,331.8394470214844,332.3207702636719,334.9910888671875,339.9902648925781,347.0103454589844,350.9739685058594,351.21435546875,355.1452941894531,353.1717529296875,354.7452697753906,352.60400390625,354.68817138671875
sample_2c077c37c522d246,294.6134948730469,300.6912841796875,309.1808166503906,318.060546875,333.7717590332031,347.0582275390625,360.7120056152344,371.3606262207031,380.53070068359375,388.550537109375,394.9339294433594,398.6733093261719
sample_77d1b01b4f2a5b81,467.85882568359375,463.59906005859375,460.2455749511719,457.3816833496094,455.6417541503906,454.82525634765625,454.39898681640625,453.57403564453125,454.72686767578125,454.51300048828125,457.3338928222656,461.254150390625
sample_eefda8df6f8a10fe,417.7875061035156,417.666748046875,415.81732177734375,412.8595886230469,409.1717834472656,403.77960205078125,404.4996643066406,414.5517272949219,427.46356201171875,452.3818664550781,473.4295349121094,500.0220031738281
sample_e67de06055d7142d,406.3512878417969,405.6221618652344,401.9085693359375,400.032958984375,396.996826171875,396.4461669921875,399.5987548828125,399.9499206542969,398.52801513671875,393.23468017578125,388.57330322265625,388.51983642578125
sample_09da8e5d12370b79,344.18231201171875,354.08331298828125,370.15460205078125,376.8641662597656,388.8478088378906,403.00286865234375,411.72039794921875,415.2351989746094,419.7520446777344,421.4849853515625,425.666259765625,428.074951171875
sample_7c9d8bb716109e60,417.36328125,422.9151306152344,425.9718017578125,425.1154479980469,423.3849182128906,419.3503112792969,415.1679992675781,411.70892333984375,408.4906311035156,405.1983642578125,402.17498779296875,399.51593017578125
sample_6eecddc74f34d453,328.773193359375,329.70452880859375,334.5087585449219,342.6360168457031,351.81170654296875,357.0061340332031,361.50335693359375,361.1978454589844,365.57562255859375,374.5567932128906,378.9184875488281,382.79296875
sample_60da699797673f53,613.1847534179688,603.755126953125,590.5906372070312,577.1531372070312,564.5914306640625,551.879638671875,540.7784423828125,530.1942749023438,523.048583984375,512.8665161132812,506.3809509277344,498.4921569824219
sample_2e21d3b9357cebb8,390.8265075683594,386.3858337402344,383.9887390136719,383.56414794921875,381.8673095703125,380.7808837890625,381.60546875,381.4384460449219,382.0299987792969,383.0761413574219,382.88006591796875,384.1708679199219
sample_e4f2b4aa18a1b8ab,315.1131286621094,314.9354248046875,317.3363342285156,318.9066162109375,319.7490539550781,320.40521240234375,322.0146179199219,324.3207092285156,324.58673095703125,331.73931884765625,329.5852355957031,332.59490966796875
sample_bbaa438c3c562673,392.7610168457031,390.7532958984375,389.9132385253906,390.2392272949219,389.9907531738281,389.9704895019531,391.6405944824219,391.1045837402344,391.4260559082031,391.9578857421875,392.162353515625,392.7098083496094
sample_07aa6839c4513f46,388.5757141113281,396.1280212402344,407.29296875,420.24481201171875,445.37548828125,475.873779296875,495.61114501953125,506.7301940917969,498.91876220703125,503.97467041015625,495.819091796875,485.5086975097656
sample_1945d48433ecec6b,374.1070861816406,372.7014465332031,372.4239807128906,372.5289306640625,372.2598876953125,372.90283203125,374.62811279296875,375.7376403808594,377.34649658203125,378.6892395019531,379.9203796386719,381.8427734375
sample_76c778cc89ef6ff0,447.9085388183594,437.3675842285156,427.5901184082031,421.36041259765625,413.20526123046875,405.6941833496094,399.1846618652344,393.7366943359375,388.89434814453125,385.1657409667969,381.5991516113281,379.63275146484375
sample_01de77a50fd2a4bd,348.44580078125,350.206298828125,354.859619140625,356.8334045410156,358.6314697265625,358.0657958984375,358.93524169921875,362.50799560546875,364.7813415527344,365.780029296875,366.3003234863281,365.44158935546875
sample_c7e3085ebf746204,301.5882568359375,304.271728515625,308.56817626953125,311.0900573730469,316.2762145996094,321.4955139160156,327.54925537109375,331.2724304199219,336.92486572265625,339.8896484375,344.448974609375,345.9091796875
sample_816a421f23fc0b14,388.9175109863281,386.0316467285156,384.3017883300781,384.1766357421875,382.25555419921875,381.57598876953125,382.68231201171875,381.994384765625,381.9526672363281,383.0015563964844,382.88116455078125,383.4395751953125
sample_678afd458091b004,373.504638671875,380.86151123046875,390.2649230957031,397.3754577636719,407.4215087890625,421.7275390625,432.0075988769531,451.011474609375,465.15966796875,487.9348449707031,498.4940185546875,518.4219970703125
sample_51c22220998ac5af,432.00506591796875,440.8721618652344,451.4456481933594,460.9133605957031,474.1351623535156,489.3748779296875,504.8614196777344,514.6182861328125,526.25732421875,534.7288818359375,542.4356689453125,543.5557861328125
sample_88c8fcfaa8d62dbd,404.4932861328125,401.5848083496094,396.87811279296875,391.3655700683594,387.1354064941406,382.68121337890625,379.98321533203125,376.9367370605469,375.5263366699219,373.8269348144531,373.93572998046875,374.599609375
sample_50a5832da282a3b9,454.5528869628906,475.42486572265625,496.35308837890625,511.6075744628906,527.2427978515625,542.3576049804688,557.644775390625,575.2522583007812,591.1353759765625,596.2408447265625,590.4498291015625,598.3038330078125
sample_1d5609021aa4ad02,368.8226623535156,366.80865478515625,367.1739501953125,368.50433349609375,370.9302673339844,372.3695068359375,372.4979248046875,372.4604797363281,375.6652526855469,378.1329345703125,381.2032775878906,380.68402099609375
sample_a1b492ad5f15e8c5,385.1090393066406,379.7121887207031,371.9114074707031,371.2651672363281,369.0284423828125,366.8417053222656,367.7238464355469,364.6214904785156,358.1087951660156,358.91705322265625,356.5138854980469,357.1018981933594
sample_a2443b0d68d35cbe,395.32421875,390.92950439453125,385.05084228515625,380.5296936035156,372.02740478515625,364.70135498046875,358.2464599609375,355.1841735839844,351.69244384765625,349.9018249511719,346.1954345703125,351.25042724609375
sample_2c0c274b58f2e90e,613.803955078125,586.9280395507812,557.6673583984375,531.7356567382812,511.4041442871094,490.59503173828125,482.68194580078125,470.69586181640625,455.5850830078125,449.23895263671875,439.4551696777344,436.21099853515625
sample_247b0323ef6df665,324.5289611816406,329.11474609375,334.9716796875,338.43841552734375,344.2805480957031,349.75018310546875,355.73492431640625,359.4859924316406,364.1363220214844,367.8305969238281,371.8884582519531,375.4036560058594
sample_34ace74be81fb1d4,401.67498779296875,393.7083740234375,389.0081481933594,388.2313232421875,384.08367919921875,377.7967834472656,372.6119079589844,369.01129150390625,365.1642150878906,365.7492370605469,363.2338562011719,365.1658630371094
sample_a1af915e85e09bb8,458.62713623046875,456.6620788574219,455.5313720703125,453.8091735839844,453.1060485839844,453.1619873046875,454.88323974609375,457.01812744140625,465.45477294921875,471.5709228515625,479.9801025390625,490.5322265625
sample_6b5a967fa3278e28,319.76092529296875,322.7413635253906,329.6726379394531,335.6614074707031,346.7625732421875,360.0480041503906,370.583251953125,375.4012756347656,379.1990661621094,383.4559020996094,389.476318359375,394.41778564453125
sample_1a0fba64f69ca0c2,411.94000244140625,403.0047912597656,395.39654541015625,390.8744812011719,385.3821716308594,380.83148193359375,377.6801452636719,374.1468811035156,371.94622802734375,369.7701416015625,367.4949035644531,366.50482177734375
sample_db44b9a04b7248c5,362.39324951171875,362.51824951171875,363.8597106933594,363.8225402832031,365.4644470214844,366.6146240234375,368.25030517578125,369.4817199707031,370.9256591796875,372.5262756347656,373.23748779296875,374.0498962402344
sample_bc1ec06a692c5ac9,385.7166442871094,382.4945068359375,381.9960632324219,385.02410888671875,389.98284912109375,398.774658203125,408.528076171875,413.5029296875,418.31488037109375,420.9176330566406,422.606201171875,421.7681884765625
sample_e32638c0637fc6c5,310.1810607910156,312.13372802734375,315.1546936035156,319.5858154296875,322.4819641113281,326.7338562011719,334.1614990234375,339.8453063964844,352.9096374511719,365.91705322265625,360.5081481933594,383.5849914550781
sample_7988926eee839aca,375.9161376953125,374.0198059082031,373.79876708984375,374.52044677734375,374.4300842285156,375.2776184082031,377.69366455078125,379.08245849609375,381.0974426269531,382.8980712890625,384.17156982421875,386.3591613769531
sample_aa9b42f745d445ea,386.1626281738281,382.4678649902344,381.4265441894531,382.0028381347656,382.0807189941406,382.8650207519531,384.7841796875,385.2359313964844,387.34808349609375,389.3194274902344,390.316162109375,392.7375793457031
sample_f97245142f93c3c2,336.9852600097656,337.5206298828125,337.8241271972656,339.7144470214844,339.8324890136719,342.1466979980469,341.960205078125,343.677490234375,346.50347900390625,350.89361572265625,354.37078857421875,354.71917724609375
sample_180a9803103a6895,473.6072998046875,467.9558410644531,458.9122009277344,450.13250732421875,444.5525207519531,436.5360107421875,433.7276916503906,439.90283203125,448.71282958984375,454.3448791503906,443.7647705078125,448.9559326171875
sample_c555935c2f73f79b,451.7801208496094,438.4404602050781,424.44989013671875,413.415283203125,400.4018249511719,387.478515625,381.4588928222656,377.0078430175781,370.1505432128906,364.2460021972656,353.73431396484375,348.1577453613281
sample_9f1d4bbc234524db,416.26483154296875,420.1224670410156,423.6930847167969,430.222900390625,439.9931640625,456.6552734375,475.2598571777344,502.29962158203125,535.9187622070312,573.8336791992188,589.939208984375,626.2745971679688
sample_abb7a56e24389c96,408.609619140625,406.2270812988281,403.9479675292969,402.4165344238281,400.41827392578125,398.0386047363281,395.8774719238281,393.4537048339844,391.4128723144531,389.0572204589844,388.14727783203125,386.59442138671875
sample_3732236bbab0d830,480.76605224609375,488.3622131347656,486.0141296386719,478.65234375,476.2470397949219,470.5834655761719,464.1120910644531,454.4833984375,450.2024230957031,444.2010498046875,436.16583251953125,433.1270446777344
sample_29d36bbdaa58d4b7,366.6820983886719,365.6854553222656,365.1322937011719,366.03729248046875,365.87408447265625,365.5127258300781,365.533203125,366.186767578125,367.7812194824219,371.38055419921875,374.1749572753906,378.42724609375
sample_7aceed137faba57c,459.7462158203125,461.4983215332031,474.4779052734375,492.1343688964844,505.2958068847656,522.694091796875,538.9170532226562,552.0623168945312,561.4721069335938,565.70654296875,567.353515625,579.3375854492188
sample_b67f588123d328ba,502.935546875,500.28424072265625,498.6075134277344,496.9617004394531,496.183837890625,495.3200378417969,495.13555908203125,494.1876220703125,494.1731262207031,493.58392333984375,493.4697265625,492.5601806640625
sample_a12106d4461047dc,346.6662292480469,355.0767822265625,363.8761291503906,371.0036926269531,384.584716796875,398.8199157714844,407.9532470703125,416.51318359375,423.7910461425781,434.31488037109375,439.7007141113281,436.0135498046875
sample_0be45381339e8ba3,354.5420227050781,354.9355163574219,357.29974365234375,359.2040100097656,361.76171875,365.84637451171875,370.1891174316406,373.4537658691406,378.28399658203125,381.40899658203125,384.7709655761719,388.2242736816406
sample_2a3aa19025e9b33f,642.8140258789062,613.3805541992188,580.999267578125,553.9647216796875,530.6265869140625,511.0364685058594,495.7052001953125,482.7704162597656,473.81951904296875,467.84930419921875,465.26434326171875,462.66033935546875
sample_47a1551aba399a9e,351.3964538574219,359.4247741699219,369.6809997558594,381.4085388183594,388.98358154296875,398.162841796875,406.3672180175781,412.1368713378906,427.1078186035156,431.6929626464844,435.82794189453125,448.1794738769531
sample_22dc4abdf1b834e8,656.1763916015625,645.473876953125,628.8954467773438,610.4072265625,592.3886108398438,576.69921875,563.4000244140625,550.038330078125,539.159423828125,529.3106689453125,522.7908325195312,516.1759033203125
sample_a91913d81a21ac0b,524.366455078125,508.775390625,493.1159973144531,480.49676513671875,469.20111083984375,461.4292907714844,460.3948669433594,457.7434387207031,450.78387451171875,449.15216064453125,447.0496826171875,439.42364501953125
sample_73a368567e7780f3,455.9040832519531,451.46044921875,447.9538879394531,444.588134765625,441.6539001464844,439.3426208496094,438.5495300292969,437.49267578125,439.1846008300781,443.76080322265625,448.1899108886719,454.7297668457031
sample_333f0aad6865e2f8,404.7728271484375,402.6401672363281,400.69805908203125,399.3382263183594,397.7075500488281,395.6507568359375,393.9974670410156,391.6842346191406,390.0072326660156,387.86480712890625,387.0302429199219,385.68963623046875
sample_727772a6f0825aa9,432.68304443359375,432.0387878417969,430.7055358886719,427.9089660644531,427.139404296875,426.0118103027344,425.8218688964844,424.5833740234375,425.4553527832031,425.32904052734375,424.9729309082031,424.9657287597656
sample_00d798f472a23517,456.3330383300781,453.54541015625,450.0378723144531,448.0108947753906,444.9268798828125,441.9541320800781,440.28045654296875,438.2418518066406,436.2344970703125,434.93768310546875,433.4560241699219,432.5824890136719
sample_6470ccdbf813a11f,435.7597351074219,455.35882568359375,474.74163818359375,492.8720703125,518.8196411132812,548.159912109375,573.457275390625,592.8895874023438,617.336669921875,634.5361328125,641.1795043945312,629.7155151367188
sample_50453794fc0ad68c,571.4039306640625,568.8580322265625,558.3024291992188,545.8115234375,533.7963256835938,518.426025390625,509.2713623046875,500.3807678222656,488.14599609375,480.3304748535156,479.33587646484375,484.2408447265625
sample_0cc527cf836d01fb,348.7774353027344,347.8080749511719,349.2193603515625,350.14410400390625,351.7524719238281,354.43280029296875,357.5111083984375,360.4012145996094,363.6571960449219,366.86761474609375,368.61944580078125,372.2737121582031
sample_a6c2664c9f5425f7,331.32598876953125,332.4606628417969,335.1785888671875,337.9361572265625,342.1720275878906,347.4499816894531,353.3008728027344,358.4554748535156,365.5572204589844,371.0577697753906,376.47589111328125,381.9065856933594
sample_bb35d85856e1beb4,408.0566711425781,405.79412841796875,401.8854675292969,397.93670654296875,393.6361999511719,388.3602294921875,384.1478271484375,380.7164001464844,376.4037780761719,372.785400390625,370.0620422363281,368.1051330566406
sample_3631f1f348ac1108,357.1875,359.1923828125,362.6095886230469,364.03985595703125,366.9315185546875,369.0110778808594,371.7889099121094,372.9757995605469,374.5025634765625,374.5599060058594,375.53973388671875,376.10650634765625
sample_1a04caae62699127,342.1519470214844,345.30902099609375,348.8250427246094,353.30517578125,358.84210205078125,362.18548583984375,373.48101806640625,387.53009033203125,395.1622619628906,393.6796875,407.11151123046875,421.24798583984375
sample_960fa1caef385678,539.8473510742188,554.2528686523438,566.5172119140625,576.8753662109375,591.17578125,604.3310546875,610.6453857421875,609.1572265625,594.3248291015625,587.1439208984375,574.4542846679688,562.7742919921875
sample_cc7603d896bdd9ff,339.51611328125,341.1689758300781,344.401123046875,345.3494567871094,348.7406921386719,352.9205017089844,357.67877197265625,360.49615478515625,362.6538391113281,363.123046875,365.90875244140625,369.8356628417969
sample_886bb8cf909a268f,481.89886474609375,478.816650390625,472.7599182128906,467.51416015625,463.77911376953125,460.6319885253906,457.2510070800781,453.8418273925781,448.9341735839844,439.440673828125,431.6441955566406,421.508056640625
sample_1d5146b4bb32d83e,327.8956298828125,327.92144775390625,329.86834716796875,331.6014099121094,335.7242126464844,342.7606201171875,347.7149963378906,358.3097229003906,361.58868408203125,369.92779541015625,374.72149658203125,373.66131591796875
sample_40871573ff6cc7ac,286.9154357910156,292.6145935058594,299.55548095703125,304.4807434082031,311.919189453125,319.6376953125,328.00433349609375,334.889404296875,341.5006103515625,346.5079040527344,351.66802978515625,355.197021484375
sample_57ec0beb7ffab72c,687.0144653320312,680.97216796875,671.2448120117188,656.54345703125,642.7303466796875,627.088134765625,613.5455932617188,597.6790161132812,579.92724609375,565.7091064453125,554.1795654296875,542.8421630859375
sample_57ee8a4877ee9e22,562.9515991210938,537.5401000976562,509.94500732421875,485.5953063964844,462.15374755859375,442.4376220703125,427.5590515136719,413.729736328125,402.19903564453125,393.4002685546875,384.47991943359375,377.6629333496094
sample_84253c16b1516624,333.9701843261719,334.2955322265625,335.3414306640625,335.6293029785156,336.92529296875,338.6327209472656,340.7468566894531,345.3079833984375,356.24658203125,366.596923828125,371.7970275878906,378.9104919433594
sample_8f4010148b12fab2,429.8394470214844,424.7675476074219,417.24493408203125,415.8934020996094,418.2699890136719,422.0544128417969,411.9023742675781,407.41131591796875,401.60986328125,400.8114013671875,399.86724853515625,401.43499755859375
sample_177e76450ceb8451,447.445556640625,445.4291687011719,439.8229675292969,434.0851135253906,428.4200134277344,421.83380126953125,416.3680725097656,410.1502990722656,404.79974365234375,399.6850891113281,396.6649475097656,393.11358642578125
sample_d9fea069c7602f78,435.1411437988281,434.8466491699219,433.6231994628906,431.03729248046875,429.7066650390625,427.6811218261719,426.8064880371094,424.9698181152344,425.0605773925781,423.8260803222656,422.9583435058594,422.9405517578125
sample_a44665b8c792a57c,529.078369140625,530.6255493164062,526.46484375,521.0478515625,515.3451538085938,507.142578125,500.97772216796875,493.4384460449219,484.4689025878906,474.29345703125,467.4410095214844,460.17559814453125
sample_8e2952dc6dd1f137,393.1925964355469,395.1731262207031,395.223876953125,393.761962890625,390.74169921875,386.2903747558594,384.1998596191406,381.5418701171875,379.68017578125,378.8455810546875,377.6013488769531,377.87115478515625
sample_55bca5d7fe5f89b6,374.07952880859375,374.73577880859375,375.94219970703125,376.8072204589844,377.8910827636719,378.9220886230469,380.4678955078125,381.1850891113281,382.38934326171875,382.6025695800781,383.29083251953125,384.0095520019531
sample_11147555db6c6456,314.6431884765625,316.7813415527344,319.6443176269531,324.9910583496094,326.5851135253906,334.598876953125,343.2271423339844,343.2283630371094,357.1341552734375,368.56524658203125,355.1318359375,355.633544921875
sample_fb22010ae4ee0a9c,561.3563842773438,545.4019775390625,524.2269897460938,506.3468017578125,488.9364929199219,472.4713439941406,458.47503662109375,446.2247314453125,435.5869140625,426.56048583984375,418.10357666015625,411.51812744140625
sample_87f6964f287cf2b5,446.02587890625,438.4460144042969,430.7718505859375,423.924072265625,414.33148193359375,409.9044494628906,407.2435302734375,404.251953125,402.302001953125,400.0665588378906,397.47723388671875,394.34149169921875
sample_769051c6a33446ff,499.4089660644531,486.91363525390625,474.7004699707031,464.9370422363281,455.4408874511719,447.4504699707031,441.0268249511719,435.7739562988281,431.66668701171875,429.5870361328125,427.9710693359375,429.41259765625
sample_ee08597caf2fd5f5,620.6019897460938,605.6812133789062,585.3661499023438,564.2225952148438,541.6353759765625,521.2197265625,504.44268798828125,490.3230285644531,479.8191223144531,471.106689453125,464.92510986328125,459.8583984375
sample_397444acb95e4be1,538.474609375,528.4164428710938,517.2847900390625,505.4257507324219,494.1915283203125,483.56658935546875,474.9110412597656,465.93328857421875,459.0333557128906,451.9009704589844,446.4816589355469,443.0931396484375
sample_aacd025006b6978a,509.95556640625,506.7018737792969,495.1976013183594,483.7611389160156,473.8084716796875,462.6995544433594,453.011962890625,443.045166015625,434.2869567871094,427.5296630859375,420.2581481933594,414.35968017578125
sample_5d8404a0125ed0e6,367.8574523925781,367.6787414550781,366.85150146484375,367.1463928222656,365.7376708984375,365.9903564453125,366.02978515625,366.5848693847656,365.0328674316406,364.9140930175781,363.8830871582031,364.4940185546875
sample_9a4b2f2e9c371df2,348.5321960449219,352.576416015625,358.69384765625,365.69525146484375,376.8882751464844,392.9306335449219,410.73138427734375,442.16741943359375,471.40460205078125,496.5946044921875,516.7837524414062,546.8356323242188
sample_9efe55142e8b4c3b,377.1539306640625,375.4482727050781,374.312744140625,372.9375,372.6156921386719,372.96014404296875,374.6210632324219,374.59991455078125,375.1276550292969,375.90350341796875,376.1996765136719,376.549560546875
sample_66fa5d7abc5c14cd,343.32940673828125,364.07958984375,388.68658447265625,405.2527160644531,423.0436096191406,437.98736572265625,452.84014892578125,465.7776794433594,475.84906005859375,485.369140625,492.01165771484375,495.41094970703125
sample_4e31a0e6a6542489,351.43212890625,350.836181640625,351.62664794921875,353.0132751464844,356.5394592285156,365.0372314453125,379.74169921875,391.7978515625,402.2252197265625,408.8373718261719,414.6689147949219,422.9775390625
sample_794c3ea171999d10,365.2239685058594,365.6488342285156,366.98907470703125,367.35052490234375,368.8160705566406,370.28118896484375,372.1206359863281,372.1317138671875,373.46417236328125,373.60906982421875,374.5804748535156,375.2108154296875
sample_9664120b601a9c9a,515.6583251953125,503.2802429199219,487.1169128417969,474.3410949707031,459.9892578125,446.7344665527344,435.7014465332031,425.333251953125,416.9294128417969,409.1163024902344,401.66363525390625,396.27655029296875
sample_eb1a3852057518db,469.4580993652344,492.8650817871094,508.9102783203125,515.70751953125,521.766845703125,529.6257934570312,529.437744140625,523.8555908203125,514.7520751953125,507.85430908203125,506.763427734375,500.478515625
sample_6d68a4e4ac46d954,337.4501953125,354.0334777832031,369.1838073730469,370.716552734375,393.65069580078125,417.913330078125,422.7948303222656,430.3810119628906,424.71502685546875,433.60931396484375,449.5010681152344,453.8836669921875
sample_0b3b4e03e46680a6,374.5541687011719,373.0730895996094,374.8580627441406,377.6803894042969,380.9923095703125,386.4333190917969,391.2811279296875,395.9554443359375,401.8577575683594,407.6195068359375,412.2435607910156,417.83111572265625
sample_7fa6a4bd3937cd87,381.0984802246094,378.7885437011719,383.87744140625,405.0005187988281,429.371337890625,447.37310791015625,470.4500427246094,490.6216735839844,476.0361328125,473.8125,470.031982421875,451.1473388671875
sample_53547fcaf157013a,257.69293212890625,266.76348876953125,280.93206787109375,295.0552673339844,311.52447509765625,327.8252868652344,342.6175842285156,355.4759216308594,367.12701416015625,377.8464050292969,386.4639892578125,393.9849853515625
sample_2e174e4ecbb64efd,386.4235534667969,382.69793701171875,379.94757080078125,374.6548767089844,369.0102233886719,365.1851806640625,360.9078674316406,364.51641845703125,365.5110778808594,365.925537109375,365.46331787109375,363.99822998046875
sample_c04885ec33d4e337,373.6270446777344,375.6960754394531,377.9810485839844,377.4897766113281,379.34967041015625,378.54180908203125,378.5613708496094,377.22113037109375,376.4644775390625,374.8453063964844,374.3902282714844,373.7833557128906
sample_186050ee50f707b2,427.7443542480469,422.99346923828125,418.06488037109375,415.8196105957031,412.0538024902344,409.1645202636719,407.5411071777344,405.76385498046875,404.9211120605469,404.1544189453125,402.09429931640625,401.8216857910156
sample_b0bb72ec14fa033b,393.8948974609375,391.4847106933594,391.09368896484375,393.3055419921875,390.3404846191406,387.9814453125,387.2248229980469,387.53424072265625,387.2021484375,389.7887878417969,388.5682373046875,390.8408203125
sample_5fe9aaf6a9de93d7,445.48394775390625,484.77020263671875,528.1381225585938,570.797607421875,609.4611206054688,639.4754028320312,657.98779296875,675.5914306640625,684.778564453125,685.0636596679688,679.5045776367188,683.1219482421875
sample_dfb67f69b8951cb4,302.6662292480469,313.81646728515625,330.1274719238281,345.4866943359375,370.43988037109375,393.3460998535156,415.50250244140625,425.9505615234375,435.46954345703125,445.426513671875,454.8685607910156,463.0784912109375
sample_95cae728bdd54795,390.1520690917969,386.8258361816406,382.62103271484375,381.8703918457031,381.6742248535156,380.96624755859375,379.5023193359375,373.3570861816406,371.7561950683594,372.6941223144531,371.578369140625,376.3122863769531
sample_0471243239601ebe,344.8305358886719,356.2174377441406,370.65478515625,383.0060729980469,404.0881042480469,429.32672119140625,443.61370849609375,453.1505126953125,470.88824462890625,492.23406982421875,511.2625732421875,523.623291015625
sample_14470bed2d6e528e,308.6153564453125,317.1878356933594,326.2369079589844,338.5166015625,355.2481994628906,369.35906982421875,396.8310546875,403.9132080078125,398.46990966796875,415.43243408203125,428.7342834472656,420.2232971191406
sample_0d5087989f85f253,453.8476257324219,442.77471923828125,429.06201171875,417.09429931640625,404.3780212402344,392.4152526855469,382.9666748046875,373.5807189941406,365.3544616699219,359.01031494140625,351.9197998046875,348.266845703125
sample_233464ba77ab3069,456.7420349121094,455.2612609863281,450.600830078125,445.32501220703125,438.9169616699219,431.3584289550781,424.33734130859375,421.02825927734375,419.16522216796875,416.18408203125,413.9666442871094,412.607421875
sample_6d8c3441a17bc19d,315.4112243652344,316.68988037109375,320.41485595703125,323.40338134765625,328.06610107421875,333.5065002441406,339.7332763671875,343.33343505859375,348.9585266113281,352.744140625,356.8924255371094,359.6051330566406
sample_097782154d2d9477,376.4237976074219,375.1545104980469,374.9552917480469,374.38427734375,374.1989440917969,373.8642272949219,374.5164794921875,375.0533142089844,375.91748046875,377.1878967285156,377.35516357421875,378.3697814941406
sample_7fe9d2764f778345,472.82550048828125,464.9982604980469,457.88299560546875,451.9821472167969,445.5697021484375,438.8886413574219,432.011962890625,426.9333190917969,425.4104919433594,422.647216796875,418.87298583984375,415.62298583984375
sample_7f49a1d8fa3a4c60,319.67999267578125,329.14727783203125,349.6829528808594,369.48748779296875,376.8250427246094,389.03985595703125,408.81292724609375,424.784423828125,424.53704833984375,425.91253662109375,426.3703308105469,437.1083679199219
sample_d2e27838244acead,422.31158447265625,427.6379699707031,429.38824462890625,429.0408630371094,430.4946594238281,428.9387512207031,429.5461730957031,425.0681457519531,423.2271728515625,421.8868408203125,422.8830261230469,422.2925720214844
sample_180991e574b1647a,488.22021484375,493.6441650390625,490.9019470214844,486.2339172363281,480.7565002441406,475.7216796875,474.7494201660156,475.1833801269531,473.74505615234375,472.5419616699219,469.4677429199219,461.38104248046875
sample_2414388268b84d93,689.4262084960938,658.2484741210938,622.5541381835938,589.9212036132812,558.9483642578125,531.1673583984375,510.2135925292969,493.70257568359375,481.50531005859375,471.2799072265625,462.9039306640625,459.1376037597656
sample_8aff832439cbf2e9,338.0191955566406,340.4248352050781,346.3598327636719,353.3801574707031,364.3373107910156,376.13372802734375,388.0211486816406,396.2995910644531,415.9603271484375,431.0515441894531,445.8199768066406,447.0625915527344
sample_4cea8feb7e5a0d9e,474.05560302734375,474.1893005371094,475.9420471191406,478.3422546386719,475.45184326171875,471.18975830078125,465.50799560546875,460.850341796875,456.4627685546875,451.0546875,446.5730895996094,442.4892272949219
sample_7097d20dd2776517,382.61236572265625,379.53802490234375,375.47515869140625,372.9857177734375,369.0201110839844,365.28546142578125,363.2413024902344,360.6859130859375,357.1727294921875,355.7766418457031,353.72015380859375,355.4324035644531
sample_737866a2260502ef,329.8179626464844,333.0999755859375,337.40869140625,339.2555847167969,343.0699157714844,347.4414367675781,352.20611572265625,362.8758239746094,375.39984130859375,394.6274108886719,406.90655517578125,418.6294860839844
sample_a0df5450472696d8,406.6537170410156,398.0773620605469,390.4519958496094,386.345458984375,380.6695556640625,379.5390625,380.7988586425781,378.8316345214844,377.5003967285156,371.59326171875,368.5333251953125,370.4996337890625
sample_5bf4a6cd65a67cd3,362.10101318359375,376.41790771484375,398.7668151855469,435.0204772949219,461.2443542480469,500.3446350097656,534.9527587890625,570.2998046875,587.4796142578125,591.0142211914062,596.603515625,578.26806640625
sample_4d17eb8b5e7e54bc,276.9081115722656,285.1899108886719,295.12603759765625,303.1028747558594,314.70941162109375,324.247314453125,334.15118408203125,340.63519287109375,348.307373046875,354.20074462890625,360.0611572265625,363.12786865234375
sample_c05a584102ebbce7,350.9496154785156,357.19232177734375,363.9862060546875,366.91864013671875,370.8872375488281,371.5799865722656,373.50885009765625,376.20123291015625,376.53662109375,377.40277099609375,377.2705078125,379.63873291015625
sample_7dedf0729fca60c0,332.76031494140625,337.7564392089844,343.846923828125,346.9428405761719,353.26837158203125,357.4942626953125,362.35552978515625,364.54022216796875,369.01593017578125,370.17730712890625,373.4728088378906,374.7974853515625
sample_a3bb69daa5b5d8f2,269.07427978515625,278.2325439453125,287.0008850097656,299.7069091796875,306.9217834472656,311.12939453125,317.6000671386719,321.05889892578125,324.7435302734375,327.5997314453125,335.92510986328125,338.0840148925781
sample_9d2d10630c917b2e,530.8585205078125,515.0250244140625,498.1710510253906,483.2806396484375,468.26190185546875,454.8451843261719,443.5086669921875,432.9060974121094,423.9620666503906,416.35052490234375,408.79083251953125,403.73046875
sample_fbbb3d0f831965b6,309.1897888183594,319.03826904296875,330.82122802734375,338.3931884765625,347.8599548339844,355.2807312011719,363.6602478027344,368.2623291015625,374.2662048339844,378.32562255859375,382.08587646484375,384.07818603515625
sample_1d8d98bfce959123,294.26397705078125,298.6243896484375,305.0133361816406,309.54608154296875,316.11834716796875,323.1191711425781,332.9651794433594,335.2521057128906,341.66986083984375,344.1736145019531,350.6989440917969,353.2596740722656
sample_4b227ee9e37d4f53,299.96197509765625,319.8086242675781,340.96429443359375,356.2027282714844,373.793212890625,389.251220703125,402.2696228027344,414.316650390625,424.25909423828125,433.3778991699219,442.31732177734375,447.6336669921875
sample_6a46e202b9c757f6,432.0277404785156,421.5484619140625,409.7294006347656,402.2120056152344,392.5428161621094,385.3142395019531,380.6393737792969,376.15362548828125,373.1828308105469,367.7012023925781,363.4012451171875,359.8541564941406
sample_adcec815b1e7c9af,584.2693481445312,564.2622680664062,543.5027465820312,525.1452026367188,506.6835021972656,489.11767578125,474.8191223144531,461.48236083984375,450.730224609375,440.2437438964844,431.4410400390625,424.42138671875
sample_f956b0bdedf9b355,369.0441589355469,371.4161071777344,377.10272216796875,382.9168701171875,389.94244384765625,396.1046142578125,401.8785095214844,403.2419128417969,409.4942626953125,417.6104736328125,421.05010986328125,423.126708984375
sample_8e005f602b15e588,403.39697265625,410.0537109375,414.5831298828125,416.69488525390625,430.90093994140625,444.0704650878906,448.1996765136719,447.0928039550781,447.0982971191406,451.5375671386719,456.67510986328125,452.070556640625
sample_2df57721a14becae,465.15716552734375,462.03045654296875,457.2322082519531,451.6629333496094,447.1039733886719,441.26300048828125,435.3150329589844,429.9163818359375,424.82684326171875,419.7232360839844,416.10223388671875,412.3092041015625
sample_92250cbbd618d1be,281.0996398925781,287.19024658203125,296.7086486816406,304.6637878417969,316.08343505859375,329.428466796875,344.05224609375,357.3165588378906,368.02960205078125,373.41888427734375,379.45513916015625,382.6752624511719
sample_1eec85403971237b,355.2167053222656,352.4814453125,350.7880859375,351.9705810546875,351.85009765625,358.1419677734375,364.8904724121094,375.1605529785156,380.0491943359375,376.3242492675781,376.050537109375,374.7488708496094
sample_2c58baca1f728374,436.32049560546875,428.88720703125,421.4666442871094,416.1398010253906,409.30767822265625,402.41021728515625,396.2700500488281,391.01806640625,386.31072998046875,381.3075866699219,377.8791809082031,376.4009094238281
sample_ca62f65430348db5,495.903076171875,484.9281005859375,470.6455383300781,458.912841796875,446.55340576171875,434.6888122558594,423.9039306640625,414.482421875,406.60174560546875,401.09002685546875,397.6318359375,397.0389099121094
sample_6660235a8416a88e,358.3151550292969,360.37359619140625,363.1060485839844,367.2055969238281,371.5696716308594,376.4803466796875,382.853271484375,389.17413330078125,392.2784729003906,395.641845703125,398.10797119140625,400.85498046875
sample_da0b33727f193d2e,348.029052734375,353.16033935546875,362.7226867675781,368.8041076660156,372.2881774902344,376.07476806640625,372.2313537597656,370.2080078125,371.36419677734375,372.25897216796875,371.4653015136719,370.4754333496094
sample_feb639bdf7962371,434.54571533203125,426.04742431640625,419.5078125,415.7095642089844,412.1328125,419.7256164550781,425.4505615234375,435.6528625488281,443.4372863769531,459.61895751953125,460.0494384765625,451.4610900878906
sample_626e2fd75181776c,312.8807373046875,316.15118408203125,321.7420959472656,325.41302490234375,331.7676086425781,339.5641784667969,348.30120849609375,354.04193115234375,360.24798583984375,365.36944580078125,370.9683837890625,375.9801330566406
sample_e2386a9ddf2b4b50,569.8632202148438,570.5974731445312,566.137451171875,558.7969970703125,554.6118774414062,551.622802734375,546.23583984375,533.5638427734375,526.0697631835938,508.3386535644531,504.8067321777344,504.9515686035156
sample_bfa8315b931742f6,415.32647705078125,415.8758239746094,415.6957702636719,411.21954345703125,408.5599670410156,404.40484619140625,401.4145202636719,397.8147277832031,394.83477783203125,391.0832214355469,389.5679931640625,386.20709228515625
sample_406abab22f3fe053,360.9403381347656,360.8822326660156,361.6873474121094,362.7561950683594,364.054443359375,366.159912109375,368.75799560546875,371.7359619140625,374.97308349609375,376.5816650390625,378.9966735839844,381.32989501953125
sample_ed21ba858634a254,375.7873840332031,374.0692443847656,372.9794921875,370.86724853515625,369.25140380859375,367.6996765136719,366.8440856933594,366.0537109375,364.5993957519531,364.544921875,363.6614074707031,363.8655090332031
sample_5d5a65875a4e54da,404.6528625488281,398.32220458984375,393.30023193359375,392.33935546875,386.565185546875,383.0751953125,380.9091491699219,378.90960693359375,377.6142272949219,377.3036193847656,374.930419921875,376.881103515625
sample_5eeaf8c3f5c0a98f,374.8255920410156,373.76287841796875,374.3254089355469,374.56878662109375,378.9698181152344,385.4433288574219,398.10003662109375,412.49615478515625,427.0711669921875,428.17193603515625,438.3155517578125,440.7586975097656
sample_9149b33f72fdf001,472.1906433105469,473.71173095703125,470.06427001953125,473.2795715332031,469.75701904296875,461.5304870605469,457.6531066894531,452.7121887207031,457.4469299316406,459.4095764160156,468.3736572265625,489.7146301269531
sample_e98549fba04e0169,458.0053405761719,471.62359619140625,479.6282958984375,484.38671875,486.73529052734375,481.57440185546875,475.4881591796875,472.0656433105469,465.9151611328125,458.3293151855469,449.5313415527344,442.1884765625
sample_91ddd7826c0861cb,447.7182922363281,449.75555419921875,449.3526306152344,444.80517578125,443.530517578125,440.5445251464844,444.0270690917969,446.66094970703125,452.6406555175781,451.27197265625,447.23919677734375,447.9913330078125
sample_688b5c06266077dd,440.82135009765625,446.0066223144531,450.62518310546875,456.2912292480469,463.132080078125,462.47845458984375,456.5185241699219,448.75885009765625,448.04327392578125,448.1560974121094,441.8774108886719,432.9707336425781
sample_7e999989b1899ecd,340.177001953125,340.7747497558594,343.2878723144531,343.9128112792969,345.5460510253906,347.08709716796875,350.4679870605469,359.8978271484375,370.2167053222656,394.9534912109375,405.11767578125,431.79669189453125
sample_d85b8a1684c467a7,535.8286743164062,539.9663696289062,535.5679321289062,534.841064453125,529.8961791992188,523.5592041015625,519.5889282226562,517.5308227539062,512.2295532226562,508.7218017578125,503.705810546875,499.819091796875
sample_7a415b6d21d9aea1,406.1717224121094,403.5688171386719,401.1770324707031,399.6643371582031,397.86505126953125,395.6252136230469,393.8216857910156,391.42999267578125,389.7247009277344,387.5511474609375,386.6592102050781,385.316162109375
sample_c34e7ee093ff8020,363.6324768066406,396.9778747558594,430.8574523925781,467.75897216796875,513.45751953125,534.05126953125,538.534912109375,543.83203125,554.8983764648438,572.8373413085938,551.6954345703125,570.1466674804688
sample_5c22d9c07e82ba55,384.5821533203125,382.7574157714844,381.0835266113281,378.9579772949219,377.6044006347656,375.84710693359375,375.9556579589844,374.555419921875,374.16064453125,373.23297119140625,372.9039001464844,372.5185241699219
sample_71e79ec20acfe6bb,510.51409912109375,533.2157592773438,556.4091796875,567.8720703125,583.1677856445312,588.7673950195312,594.364013671875,591.10302734375,571.8995361328125,561.566650390625,551.0700073242188,541.377197265625
sample_532b9399d31808d1,539.7514038085938,549.7198486328125,547.4041137695312,547.6472778320312,552.8948974609375,548.3702392578125,543.4027709960938,540.4961547851562,538.6500854492188,534.8953247070312,525.781982421875,521.3333129882812
sample_c7030e9a344b8591,413.4613037109375,413.2557373046875,414.969970703125,422.0812072753906,424.9690246582031,427.44512939453125,436.4613037109375,456.2826232910156,470.4572448730469,481.78338623046875,500.319091796875,515.9005737304688
sample_e92ffdec33367a48,404.6274108886719,402.50689697265625,402.51080322265625,401.4419250488281,405.0845947265625,416.856689453125,429.6690673828125,444.8249816894531,452.633056640625,454.70062255859375,461.93304443359375,470.4262390136719
sample_39949397a21ed688,409.3568420410156,408.1959533691406,406.2991027832031,403.2226867675781,400.5293884277344,397.5243225097656,394.5873718261719,391.8130187988281,388.87872314453125,386.2244873046875,384.07574462890625,382.1522216796875
sample_c8c0c3a4f8ad1f2e,429.3980407714844,423.19842529296875,416.49468994140625,412.0494689941406,405.3832092285156,399.35791015625,394.1348876953125,389.33331298828125,385.0481872558594,380.49462890625,376.8606262207031,375.23046875
sample_9556d4354352ff49,379.53070068359375,378.23388671875,376.94488525390625,375.1071472167969,374.4267578125,373.58294677734375,373.5596618652344,372.76727294921875,373.3867492675781,374.73931884765625,375.6605224609375,382.3367919921875
sample_e13132c68584e4b9,373.9833068847656,381.65069580078125,395.8483581542969,408.2278747558594,427.7991638183594,445.7012634277344,457.4487609863281,470.4386291503906,478.3418273925781,487.7356262207031,486.0346374511719,489.7772216796875
sample_73512a64fa422759,578.2702026367188,552.69140625,525.9453125,502.17431640625,479.1542663574219,461.0673828125,445.75439453125,433.32977294921875,424.08184814453125,414.99114990234375,403.76080322265625,392.8843688964844
sample_915ba8437c65ba3c,311.77459716796875,315.90155029296875,318.8393249511719,320.9085998535156,324.43560791015625,326.4572448730469,328.46405029296875,328.3096923828125,329.4461669921875,333.05889892578125,335.63623046875,336.30950927734375
sample_7c08ef482923dfb4,628.4668579101562,624.4142456054688,617.04443359375,606.6781005859375,597.3269653320312,581.788330078125,570.5585327148438,563.0146484375,562.031005859375,564.2279052734375,570.6928100585938,579.6668090820312
sample_ef60d8a22f826076,400.5760498046875,402.1709289550781,405.8524169921875,407.61395263671875,411.9034118652344,414.97216796875,417.6480407714844,417.77410888671875,422.234130859375,422.1595153808594,422.6278381347656,423.7020568847656
sample_262cf2867a449c0f,413.98724365234375,410.71392822265625,407.30859375,404.1262512207031,400.93902587890625,397.2362060546875,394.33056640625,390.80792236328125,387.9482116699219,385.26885986328125,383.9388122558594,382.6848449707031
sample_1bc88549413a8f81,341.31158447265625,346.9151306152344,355.0557861328125,355.95977783203125,365.74432373046875,371.2735595703125,383.5483093261719,403.6453552246094,435.01220703125,454.15155029296875,451.819091796875,451.224609375
sample_7c0e525cc14dfe67,338.8711853027344,348.28997802734375,363.7103576660156,380.40362548828125,402.00146484375,417.0355529785156,412.91448974609375,410.1775817871094,413.1988830566406,403.5025329589844,404.6256408691406,409.63726806640625
sample_d2541875785c8d03,335.3520812988281,343.02947998046875,358.73681640625,365.9452209472656,372.1391906738281,390.41265869140625,401.80255126953125,410.099609375,405.7261047363281,400.28778076171875,401.7581481933594,407.6418151855469
sample_98ab92a5e34c3d65,302.1408996582031,305.3804016113281,310.04754638671875,312.55316162109375,316.7731628417969,321.2888488769531,327.1475830078125,331.93682861328125,337.4986267089844,341.6573791503906,344.9878234863281,348.4353332519531
sample_d99898e14a54f6e0,328.0374755859375,330.58087158203125,334.3876037597656,336.2469177246094,340.1383361816406,344.9326171875,354.8658752441406,369.70635986328125,387.1968994140625,401.9461669921875,412.1574401855469,420.4609680175781
sample_b132dfd2a6941e25,372.711669921875,371.4390869140625,368.7294616699219,368.58245849609375,369.13800048828125,370.7967529296875,368.4508972167969,368.00372314453125,364.8276672363281,361.1038513183594,360.9883728027344,361.5866394042969
sample_64e9f7ddd3b1e6bd,432.507080078125,427.6330871582031,423.6206359863281,421.1091003417969,418.3604431152344,417.10186767578125,416.5956115722656,417.7486267089844,422.1173095703125,423.6220703125,423.7557373046875,419.951416015625
sample_e72410bfd80e52de,663.2127685546875,632.2127075195312,600.5537109375,574.2937622070312,549.0999755859375,526.221923828125,507.2808837890625,490.078857421875,475.67657470703125,462.6783447265625,451.01702880859375,441.6921691894531
sample_776b78a26b85c64f,281.968994140625,288.52276611328125,297.29205322265625,304.6472473144531,315.03326416015625,325.7908020019531,336.0632019042969,344.3606262207031,353.7607421875,360.47283935546875,367.2228088378906,371.6824035644531
sample_9c7f594a238b2b83,478.10260009765625,473.01068115234375,464.661376953125,461.190185546875,452.67059326171875,445.7457580566406,443.65234375,433.0146789550781,428.8074645996094,427.4028015136719,430.4648742675781,437.9153747558594
sample_2c50a618e6d2d34c,341.451416015625,345.7149963378906,349.2074279785156,350.37957763671875,352.17584228515625,354.31805419921875,352.8962707519531,352.25885009765625,353.5340576171875,351.5556640625,349.1131591796875,348.6126708984375
sample_fe4b61cb5ac4704f,474.6091613769531,473.2919616699219,469.34759521484375,468.2972717285156,465.57489013671875,460.66656494140625,455.38507080078125,454.3893127441406,465.2205505371094,490.0374450683594,491.3065185546875,510.86016845703125
sample_b4d26cb643c95114,357.7916564941406,358.3712463378906,359.5455322265625,361.84442138671875,361.707275390625,362.3951721191406,363.51806640625,366.380859375,370.0959167480469,375.84332275390625,378.8257141113281,382.0913391113281
sample_0192d9231d54c3d0,428.6675109863281,417.9390869140625,407.4509582519531,400.814453125,392.0546875,385.5033264160156,383.0591735839844,383.18756103515625,382.4192199707031,383.2312927246094,381.70513916015625,382.06390380859375
sample_9950d560042fea14,345.9040222167969,346.0121154785156,347.1269836425781,347.5280456542969,349.3565979003906,351.3768005371094,354.6436767578125,359.7995300292969,368.3713073730469,379.50677490234375,390.2634582519531,401.7645568847656
sample_c9dc36d51024553c,297.5757141113281,306.9295959472656,319.6267395019531,329.4101257324219,342.7109680175781,355.3177490234375,368.1473388671875,377.05218505859375,388.06207275390625,395.08941650390625,403.31024169921875,408.1109619140625
sample_e20604aaba04aa81,385.5467224121094,380.2644348144531,376.8980407714844,377.3074951171875,378.09234619140625,380.0155029296875,382.2248229980469,382.907958984375,384.0979919433594,385.692138671875,386.4242248535156,387.2981872558594
sample_f4c796a8d7934f4f,342.74859619140625,341.247802734375,340.0732421875,341.1344299316406,340.72637939453125,342.41937255859375,343.33660888671875,343.3891296386719,340.9414978027344,339.1097717285156,338.306640625,339.0823974609375
sample_a2bfa60f42682727,332.0751647949219,337.48992919921875,345.4304504394531,354.3823547363281,366.2081298828125,379.9816589355469,391.812255859375,406.94366455078125,418.5328674316406,428.7983703613281,434.58056640625,438.1729736328125
sample_6ccf6ff076cea761,353.5666809082031,378.66143798828125,420.6893310546875,464.1299743652344,506.9562072753906,537.0354614257812,549.889404296875,567.2320556640625,566.6748657226562,575.0851440429688,561.9639892578125,522.4005737304688
sample_43622b1ab89dc487,414.5689697265625,410.6286315917969,406.7113037109375,404.8536682128906,398.7542724609375,390.68426513671875,385.18115234375,380.2011413574219,373.6045227050781,370.2431640625,368.0152282714844,372.7468566894531
sample_3e0ca855ee405c48,374.76043701171875,384.1256103515625,392.0430908203125,394.63958740234375,397.83251953125,397.68206787109375,397.3332214355469,398.21142578125,398.22857666015625,396.5466003417969,399.17730712890625,407.29913330078125
sample_eaf69f611357452d,469.631591796875,461.614501953125,453.4244689941406,445.9402160644531,439.1566162109375,433.4497375488281,428.1193542480469,422.74688720703125,419.41705322265625,419.9071960449219,418.4595642089844,416.28729248046875
sample_f856e3c3be9274de,339.7939758300781,343.99749755859375,348.33258056640625,348.09027099609375,351.9105224609375,358.7976379394531,364.3526306152344,369.8114013671875,375.9682312011719,388.4977111816406,402.434814453125,418.2467041015625
sample_f6c14a21c6ad281f,453.68975830078125,445.6038513183594,437.4939270019531,429.8079528808594,421.9564208984375,414.84552001953125,409.3968200683594,403.56719970703125,398.3780517578125,394.8605651855469,391.3049621582031,389.3499450683594
sample_55562bcbd613da91,389.1662292480469,431.70416259765625,481.5832824707031,534.4039916992188,573.9639892578125,590.94775390625,589.02783203125,579.5506591796875,562.1328125,536.8782958984375,525.76611328125,501.8726501464844
sample_faf86bc4e902c9a5,350.0142517089844,358.27105712890625,375.4322814941406,398.9334716796875,427.36590576171875,467.4949035644531,506.67071533203125,537.6015014648438,545.7401733398438,554.5536499023438,559.86328125,552.8310546875
sample_20bf16f97908ce62,378.5689697265625,376.6700744628906,374.9479675292969,374.1191711425781,373.1623229980469,373.12579345703125,374.7716369628906,374.98931884765625,375.359619140625,376.7986755371094,376.9872131347656,377.74798583984375
sample_9f219059bf5de76d,447.2500915527344,466.1304931640625,479.630126953125,488.9689025878906,494.0389404296875,498.03985595703125,499.2909240722656,495.39111328125,496.46795654296875,493.2148742675781,489.1353454589844,484.5372619628906
sample_5aa66ffb5c291b2a,323.7468566894531,327.9580993652344,337.8609313964844,345.9605712890625,359.13311767578125,367.7318420410156,375.8413391113281,389.1707763671875,403.2509460449219,412.7517395019531,418.90478515625,422.95611572265625
sample_a0f95b237cd56afb,295.0946960449219,304.5819396972656,315.2933654785156,323.65771484375,334.9978332519531,343.8770751953125,351.1149597167969,352.69281005859375,358.61761474609375,361.6618957519531,367.67864990234375,369.4112854003906
sample_d55708a69209aa77,278.4371032714844,283.5165710449219,290.4442138671875,295.9351806640625,304.0692138671875,312.3197326660156,322.5483093261719,328.45550537109375,335.29669189453125,339.7037048339844,346.5240478515625,349.1957092285156
sample_fc6f1357749359be,350.849853515625,351.0787658691406,351.9894714355469,353.4247131347656,356.03173828125,356.8626403808594,358.5069580078125,363.5393371582031,365.25372314453125,368.76531982421875,371.1656188964844,371.7879333496094
sample_16d5a7f81d91bb16,506.452880859375,499.9869384765625,489.70330810546875,477.7095642089844,466.406494140625,456.1999206542969,446.8806457519531,438.0281982421875,430.80328369140625,423.9908447265625,418.00726318359375,413.0853271484375
sample_0d65c21713925ab1,309.2542724609375,313.2459411621094,318.52008056640625,323.24005126953125,337.3069152832031,351.2023620605469,361.1983947753906,372.60467529296875,379.9690246582031,387.1453552246094,393.9895935058594,394.853515625
sample_b92a5747175a4fe8,280.2289123535156,285.6998596191406,293.15277099609375,298.538818359375,306.9070129394531,315.9033203125,325.33355712890625,330.30975341796875,337.4441833496094,341.6915588378906,348.44012451171875,351.750244140625
sample_190258be90958f7a,344.52825927734375,344.64501953125,346.2235412597656,347.7222900390625,349.607421875,352.6892395019531,356.26715087890625,359.5266418457031,363.9434814453125,367.58758544921875,370.58123779296875,374.3656921386719
sample_7e318186d97b0185,472.2364501953125,463.6825866699219,452.3132019042969,442.00555419921875,431.4302978515625,420.8832702636719,411.7396240234375,403.1943054199219,395.96820068359375,389.2838439941406,383.64862060546875,380.14410400390625
sample_9a5773aff7265c8e,665.471923828125,663.8577270507812,658.1739501953125,651.688720703125,644.4293823242188,635.188232421875,626.2312622070312,615.638427734375,604.2608032226562,586.9334716796875,575.8871459960938,564.42041015625
sample_f4f08c602a44a07c,357.0438537597656,366.2772521972656,374.4176025390625,377.9283142089844,382.9886474609375,379.92041015625,378.6246337890625,381.4351501464844,380.6613464355469,378.88116455078125,378.5492248535156,378.53094482421875
sample_86a7758c23e522ce,402.03076171875,403.48345947265625,405.2655334472656,404.61749267578125,405.35382080078125,404.60687255859375,403.6031188964844,402.7166748046875,402.25897216796875,400.0133056640625,398.4797668457031,397.4569396972656
sample_37a482ac0f9fd6c2,659.0108032226562,635.5098876953125,608.5570068359375,583.2823486328125,559.6296997070312,536.9178466796875,516.3455810546875,496.99755859375,479.231689453125,465.0194091796875,455.14068603515625,447.566162109375
sample_e0299dd1e03ce535,345.94366455078125,347.51397705078125,356.1446533203125,364.32269287109375,378.34442138671875,393.773193359375,420.9881896972656,434.6759033203125,437.33331298828125,453.049560546875,479.87738037109375,483.21160888671875
sample_483c9466f29fa3d2,388.8911437988281,384.92950439453125,383.60699462890625,383.5480041503906,383.9179992675781,386.13372802734375,389.1119689941406,390.9558410644531,393.7391357421875,396.2170104980469,397.7997131347656,400.6796875
sample_d74c111861134a1c,301.47265625,306.28204345703125,312.6524353027344,316.53802490234375,323.22479248046875,328.1270751953125,335.59552001953125,338.99786376953125,345.0007019042969,348.82183837890625,356.7528381347656,359.48175048828125
sample_bca766551d00436d,586.0640869140625,584.858642578125,578.2142944335938,570.432861328125,565.0018920898438,557.748046875,550.9971313476562,543.2214965820312,537.151123046875,530.2154541015625,525.650390625,520.1174926757812
sample_5f5290dee25a0925,291.8443298339844,298.0196838378906,307.0141296386719,316.3912048339844,323.745361328125,328.2340087890625,331.46453857421875,338.56060791015625,345.8021240234375,351.66387939453125,356.3985900878906,360.30804443359375
sample_ddfc6ea6a2069cdd,313.6910705566406,319.1476135253906,325.81939697265625,329.10858154296875,334.97491455078125,340.2225036621094,346.4616394042969,349.1199035644531,354.75341796875,356.49432373046875,360.39727783203125,361.6541442871094
sample_e09b3beba12b3852,464.7143249511719,471.0616455078125,469.22235107421875,461.36285400390625,455.6524963378906,451.6808166503906,447.9663391113281,449.3183898925781,450.13250732421875,442.4598693847656,441.8149108886719,441.4098815917969
sample_b2b9502842964750,374.78924560546875,375.5008544921875,380.18206787109375,383.89501953125,389.91937255859375,402.87725830078125,421.35296630859375,449.5368957519531,471.8734130859375,488.144775390625,493.1724548339844,500.442138671875
sample_b754f51ccf229ea9,338.08111572265625,340.8473815917969,344.3181457519531,346.13946533203125,349.06939697265625,351.2432861328125,354.0316162109375,354.9571533203125,357.1717529296875,358.48529052734375,360.1335754394531,360.18719482421875
sample_ddac8c3fee9b8eeb,431.2689208984375,428.1791076660156,429.41021728515625,437.1587219238281,436.90045166015625,443.23388671875,454.5979309082031,475.0012512207031,493.1014709472656,515.9252319335938,536.916259765625,561.8836669921875
sample_b78c84b2dac759d4,516.3569946289062,567.3713989257812,610.3646850585938,633.1556396484375,654.2603759765625,665.988037109375,671.6397094726562,665.1743774414062,659.0416870117188,664.186279296875,669.4445190429688,677.2687377929688
sample_053428706fbd3a9c,412.8639221191406,410.09356689453125,409.35040283203125,408.7302551269531,408.043212890625,407.072021484375,407.8831481933594,411.7045593261719,422.13360595703125,439.2098083496094,452.1627502441406,466.40887451171875
sample_3ed271ff95588f90,398.9756774902344,395.354736328125,392.4890441894531,390.34942626953125,386.43267822265625,384.0009460449219,382.3612976074219,380.9248962402344,379.9351501464844,378.7817077636719,377.92755126953125,378.1092834472656
sample_f3985543fc596605,439.53839111328125,431.8424987792969,425.28607177734375,415.36199951171875,405.5438537597656,394.8358154296875,384.87225341796875,374.0892333984375,362.720947265625,359.10357666015625,359.51611328125,358.02655029296875
sample_84fe38efd575e936,329.2117614746094,332.1571350097656,337.24188232421875,341.22271728515625,348.3925476074219,356.99822998046875,365.41278076171875,371.65887451171875,379.118896484375,384.86505126953125,390.44720458984375,396.47784423828125
sample_be8e1731de1020be,415.2176513671875,426.9309997558594,434.6275329589844,437.3190002441406,439.89642333984375,439.0607604980469,437.782470703125,433.65887451171875,431.18084716796875,427.1671142578125,423.9356994628906,420.0906982421875
sample_5211044bdee52ed5,424.7764587402344,435.7208557128906,444.41748046875,435.1900329589844,438.667236328125,440.5654296875,440.02886962890625,446.2181701660156,446.2481689453125,433.3346862792969,427.6643981933594,432.18804931640625
sample_1f0ea31e9eb045c5,493.5892333984375,488.9828186035156,485.8289794921875,485.25830078125,480.02288818359375,478.55413818359375,478.205078125,473.0926818847656,467.17926025390625,463.681396484375,473.6177062988281,491.5076904296875
sample_325a956cd6df22dc,342.8239440917969,345.3309631347656,350.14453125,356.0989074707031,364.9992370605469,386.4169616699219,407.686767578125,423.6487731933594,435.8755798339844,430.32025146484375,428.2113037109375,424.35772705078125
sample_a0ef527622b97041,650.4945678710938,626.7574462890625,601.7789916992188,579.075927734375,558.0052490234375,538.77978515625,522.771240234375,507.75347900390625,495.5850830078125,484.2477111816406,474.3898010253906,466.66162109375
sample_4e0bee521992db09,362.2122497558594,365.6916198730469,369.019775390625,369.57757568359375,371.57244873046875,371.9387512207031,371.876708984375,371.0283203125,370.6425476074219,368.6302490234375,368.74578857421875,367.7735900878906
sample_a8958c25e8d68f1a,328.34075927734375,330.0037536621094,333.6754455566406,336.3870544433594,341.29443359375,346.6949462890625,353.74169921875,357.5164794921875,363.8272705078125,368.5655517578125,374.3888854980469,376.7129211425781
sample_4b07c88807ea31fa,531.1136474609375,537.6573486328125,533.0718994140625,530.76416015625,530.5700073242188,529.214599609375,529.953857421875,517.792724609375,514.3404541015625,504.31744384765625,500.3772888183594,496.93145751953125
sample_c247ce7ece49503c,398.77374267578125,398.2939758300781,398.11370849609375,397.11932373046875,398.33697509765625,398.94952392578125,398.4377746582031,392.88507080078125,392.4718933105469,391.3680419921875,392.8286437988281,393.0546569824219
sample_464220687157a8d2,331.327392578125,348.5025329589844,367.712158203125,384.389892578125,401.41558837890625,415.13763427734375,417.7767333984375,421.9132080078125,425.1509704589844,428.545166015625,434.879150390625,439.99993896484375
sample_ddc9b027a0ed8fa9,548.3994750976562,530.1536254882812,511.4472961425781,492.8726501464844,480.4346618652344,461.739501953125,450.9239196777344,438.1636962890625,435.192138671875,446.7577209472656,448.66363525390625,449.1616516113281
sample_db069d5cba6b7e6a,350.1614074707031,352.8512268066406,359.51275634765625,377.15936279296875,399.0099792480469,413.473388671875,427.96038818359375,435.25555419921875,440.48297119140625,444.9232482910156,446.7192687988281,464.00384521484375
sample_fd290f666192e984,353.8381652832031,355.8497619628906,361.06439208984375,365.5940856933594,365.8940124511719,365.5928649902344,365.4331359863281,365.85968017578125,369.87298583984375,378.21319580078125,394.7069091796875,412.1518859863281
sample_d8ce58cd69237648,356.8960266113281,361.5965270996094,366.1105651855469,367.63641357421875,370.2077941894531,371.0359802246094,372.6425476074219,371.7402038574219,373.8826904296875,377.14990234375,383.54302978515625,382.1138916015625
sample_39d259ff33c10233,591.4520263671875,563.1480712890625,533.6664428710938,511.2308044433594,489.15325927734375,477.3980712890625,465.94976806640625,449.9941711425781,443.2748718261719,430.7831726074219,425.796142578125,418.6557922363281
sample_3149fa22772963e9,360.2024230957031,359.1944885253906,361.6579284667969,364.80908203125,369.76031494140625,376.08099365234375,384.7206726074219,391.8317565917969,400.1016845703125,406.85321044921875,421.3818359375,433.4772033691406
sample_ba5c66a36e6078a8,392.17181396484375,386.35833740234375,381.4532775878906,384.04296875,385.5611877441406,392.5030212402344,403.19024658203125,422.2622375488281,426.6142272949219,423.64044189453125,405.8148498535156,402.036865234375
sample_4ec0619c55ec93fb,415.10760498046875,424.667236328125,433.20977783203125,436.1686096191406,440.4828186035156,441.0382995605469,440.3193359375,437.3605651855469,435.960693359375,431.4895324707031,429.911865234375,427.0074157714844
sample_51ef6bdafae8b44a,374.5947265625,377.2583923339844,380.5819396972656,382.08966064453125,385.7974853515625,388.6876525878906,394.45709228515625,395.32666015625,398.22540283203125,399.3197021484375,399.3968505859375,400.4073181152344
sample_f510286631ba1fde,350.31976318359375,351.96112060546875,354.9392395019531,358.36224365234375,361.6066589355469,366.2663879394531,375.7193908691406,381.533447265625,384.6548156738281,405.3052978515625,410.02227783203125,415.3687744140625
sample_8e918402212b44cf,513.0708618164062,491.7932434082031,467.33551025390625,442.49847412109375,423.88165283203125,407.1967468261719,394.5177001953125,382.0789489746094,370.44830322265625,364.916259765625,360.73431396484375,354.197998046875
sample_c468abd5d5de77b8,322.13232421875,323.650634765625,327.3941650390625,329.9489440917969,334.4505310058594,340.6639404296875,346.916015625,351.6351318359375,358.99969482421875,364.04730224609375,368.71221923828125,374.26617431640625
sample_ec3fdd9c7377399c,371.19757080078125,368.7180480957031,366.5104064941406,364.1849060058594,360.8865661621094,359.2611083984375,355.4743347167969,355.70623779296875,354.00128173828125,353.447998046875,353.27581787109375,357.2283630371094
sample_024d90b2f33b09f8,652.931640625,638.5339965820312,619.1997680664062,601.3145141601562,581.73681640625,562.8099365234375,545.1011352539062,526.4993286132812,510.122802734375,494.6839599609375,483.0223083496094,475.97979736328125
sample_3639800ea3374fc2,475.7496643066406,475.1226806640625,474.6482238769531,474.3350830078125,475.1162414550781,476.8661804199219,480.2460632324219,486.9969787597656,495.7791442871094,502.40899658203125,512.5068359375,514.3875732421875
sample_6cb9ef5437f221ec,397.8053894042969,396.7189025878906,396.99029541015625,399.48834228515625,402.3847351074219,403.6869812011719,409.17230224609375,408.8724060058594,406.1607666015625,404.9964599609375,401.9119567871094,405.2515869140625
sample_673cff63fa819411,335.4474792480469,335.17730712890625,334.9625244140625,336.2636413574219,337.4659729003906,338.66937255859375,339.2906799316406,339.5846862792969,336.5726318359375,337.4599304199219,337.35137939453125,338.0303649902344
sample_3a2f974f551d3966,302.22491455078125,306.07330322265625,312.33258056640625,318.1162414550781,326.3373107910156,335.2194519042969,344.754638671875,350.6589050292969,358.1535339355469,363.8320007324219,369.6141357421875,373.4190979003906
sample_057b88ef1b2908fb,452.2319641113281,449.46173095703125,449.413818359375,445.8757019042969,443.6686706542969,441.60150146484375,442.5345153808594,432.10455322265625,428.97039794921875,427.3016357421875,426.9648742675781,427.663818359375
sample_2b8cf10087b3b49c,394.6783447265625,390.59783935546875,387.0930480957031,385.73773193359375,384.09234619140625,382.0264587402344,382.5343322753906,380.8282775878906,378.8537902832031,379.0710754394531,378.07684326171875,378.5091857910156
sample_2c9f312e81825a21,460.9215087890625,457.4888610839844,453.41290283203125,449.6800537109375,448.8176574707031,444.4270935058594,434.9566955566406,430.6824951171875,426.18798828125,427.1753234863281,415.4131774902344,408.2530212402344
sample_8a4cc9a6ac7a430a,394.6866760253906,394.9093322753906,408.6654357910156,433.4085388183594,458.61163330078125,487.9449768066406,515.00439453125,548.8963623046875,570.4085693359375,574.9910888671875,554.3244018554688,527.1064453125
sample_834dfcff614ad36f,548.5794677734375,550.8126831054688,544.199951171875,533.1531982421875,522.16455078125,509.77972412109375,496.9327392578125,484.7706298828125,477.6100769042969,471.9956359863281,463.8138122558594,456.3525390625
sample_3ab606a5ce3bfd72,286.9954833984375,290.4656677246094,295.950439453125,300.9091796875,307.4366455078125,314.78363037109375,323.0376281738281,330.03515625,336.5679016113281,343.0608825683594,347.6627502441406,352.31195068359375
sample_a59f48b041317ba5,458.5614929199219,452.2537841796875,443.99462890625,437.33819580078125,429.2387390136719,418.7391052246094,410.7538757324219,403.95025634765625,397.9311828613281,392.4810791015625,387.6168212890625,385.0755920410156
sample_17cad294086c3b38,427.3094177246094,421.0192565917969,414.63372802734375,409.6446228027344,403.6959228515625,397.3913269042969,391.82666015625,386.5231628417969,381.9983215332031,376.9747314453125,373.698974609375,371.45318603515625
sample_6cae9593eafb2b19,303.501708984375,305.77587890625,307.52239990234375,310.721435546875,311.17620849609375,314.551513671875,317.3676452636719,319.64697265625,324.5231628417969,326.9012451171875,327.72943115234375,340.3598327636719
sample_9c9530e5a2808d62,386.134033203125,383.0956115722656,381.21844482421875,379.4324645996094,378.1397399902344,376.81915283203125,377.2275695800781,376.4198303222656,376.2024230957031,376.7520446777344,376.499755859375,377.1292419433594
sample_75a8c395dc825fff,310.4915466308594,314.32916259765625,319.8464050292969,323.92572021484375,331.2242736816406,339.2097473144531,347.55511474609375,352.63177490234375,360.0169372558594,364.3971252441406,368.50726318359375,371.42559814453125
sample_51a7cee141b79c48,343.015625,348.6145935058594,356.4722595214844,361.5057373046875,368.5567932128906,373.65350341796875,380.54541015625,384.41143798828125,389.86724853515625,393.61724853515625,396.8906555175781,399.31585693359375
sample_2a57cbcd17ce2be9,369.654296875,387.913818359375,411.0742492675781,416.2237548828125,427.2513122558594,432.5772705078125,422.2669677734375,417.4317932128906,425.0298156738281,441.9806213378906,459.1856994628906,489.3245849609375
sample_adf0588e9eb9c475,392.32421875,387.0766906738281,382.31475830078125,378.0091247558594,373.90325927734375,370.5268249511719,368.34576416015625,365.42486572265625,363.3105163574219,362.1875,361.1667175292969,361.075439453125
sample_2beb33f39ae44ec9,348.667236328125,354.5585632324219,369.2104187011719,386.2302551269531,393.9491882324219,401.614990234375,401.40087890625,409.38775634765625,425.8821105957031,432.158935546875,436.3535461425781,435.2349853515625
sample_6b13b089e59c70cf,300.8548889160156,303.0744934082031,306.8111572265625,309.4949035644531,316.3263854980469,324.3192138671875,326.013671875,323.9130859375,324.8240966796875,330.3369445800781,336.6053161621094,342.0221862792969
sample_355c559ea2f9fdb6,512.6838989257812,493.21551513671875,474.89166259765625,460.1790771484375,443.7595520019531,428.8811340332031,415.01318359375,403.77728271484375,393.10540771484375,384.65771484375,378.176025390625,373.7427978515625
sample_6625184422a42f15,303.4740295410156,307.5390930175781,312.12420654296875,315.8017272949219,322.4928894042969,332.1605224609375,350.1996765136719,367.64874267578125,381.6522521972656,392.01171875,402.1618347167969,407.7301330566406
sample_1a32ddadc39ac9e3,401.38153076171875,396.3493957519531,388.4120178222656,383.7776794433594,374.952392578125,368.34210205078125,364.5715026855469,357.1638488769531,353.8442687988281,348.742431640625,343.4834289550781,342.8411865234375
sample_dcb2a7f6feb1514d,525.247802734375,526.2210693359375,525.341796875,523.863037109375,523.1107177734375,522.2792358398438,521.598876953125,519.414306640625,519.108642578125,517.9985961914062,517.7486572265625,517.0012817382812
sample_0e244d86a3a90a3a,542.6505737304688,584.1141357421875,609.6942749023438,626.1073608398438,638.0777587890625,640.4151000976562,633.0497436523438,625.2149658203125,629.4673461914062,628.8599853515625,637.6300659179688,638.978515625
sample_a180e37e4b969dbc,460.1939697265625,461.2036437988281,460.1297302246094,455.60577392578125,454.1835021972656,451.564697265625,448.8971252441406,445.46051025390625,444.1877746582031,441.4903869628906,439.4986572265625,437.77227783203125
sample_dde1b106bca7da5b,573.0415649414062,561.5188598632812,548.1175537109375,533.4160766601562,520.6400756835938,507.94293212890625,497.9498291015625,487.50274658203125,480.11370849609375,471.8752746582031,465.10003662109375,459.4941101074219
sample_80c8c13256dbac9f,346.07916259765625,366.74053955078125,390.0754089355469,405.3349914550781,423.01824951171875,439.07794189453125,454.2153015136719,467.492919921875,478.6473388671875,484.76953125,494.6583251953125,504.5174560546875
sample_48f361218cd236d2,330.19451904296875,333.15240478515625,338.90155029296875,344.8428649902344,353.8243713378906,360.4863586425781,367.43511962890625,371.19110107421875,380.2956848144531,387.0730285644531,394.06378173828125,395.75738525390625
sample_e17ce5b8a41633d5,322.1404113769531,325.0457763671875,331.339111328125,339.1573791503906,342.89886474609375,347.09185791015625,352.02630615234375,364.4724426269531,372.1460266113281,385.1041259765625,383.046142578125,394.08660888671875
sample_e181b156986ad40e,582.1087646484375,560.2664184570312,535.669189453125,513.0614013671875,491.906982421875,471.3779296875,454.7156066894531,442.85858154296875,432.45703125,424.67718505859375,418.6512756347656,413.6466979980469
sample_2a8c6c68a0f2b5d6,334.5166931152344,347.0059509277344,351.37646484375,369.3286437988281,393.1012878417969,400.726806640625,408.7527770996094,407.5877685546875,415.22698974609375,434.2886047363281,443.1300354003906,444.5538330078125
sample_0f60a898d717647b,366.955078125,368.1230773925781,368.5328063964844,370.42779541015625,370.1789855957031,371.3971252441406,374.1221008300781,375.79443359375,376.6861877441406,378.0227355957031,378.45050048828125,379.6378479003906
sample_f86ffe556c41e27a,439.9958801269531,487.4635314941406,519.6956787109375,534.233154296875,547.8046264648438,564.052001953125,579.001953125,562.3709716796875,581.0526123046875,594.3058471679688,602.6954345703125,579.2849731445312
sample_80f7725153a94cc3,341.73394775390625,345.2225646972656,349.97821044921875,351.30517578125,354.1041259765625,357.86029052734375,360.0330810546875,361.3503723144531,361.69342041015625,364.5268249511719,373.291259765625,386.130615234375
sample_6a44f896c147c19c,296.2723083496094,299.31524658203125,304.3603515625,309.66986083984375,319.199951171875,328.50091552734375,335.88433837890625,341.5673828125,349.2554931640625,361.2911682128906,369.10443115234375,393.511962890625
sample_1ef06e5fac29c8f4,643.1779174804688,639.1329345703125,631.9122314453125,625.1824951171875,619.1465454101562,614.5791625976562,607.240966796875,598.0010986328125,585.0178833007812,570.7774658203125,557.5700073242188,543.2015380859375
sample_106b25cf85416de9,360.9745788574219,360.1225280761719,359.61846923828125,359.2892150878906,358.26129150390625,359.0244140625,358.96136474609375,359.54315185546875,360.166015625,363.3146667480469,368.70709228515625,378.1596374511719
sample_7c4cff2f60e09300,320.2481689453125,320.4145812988281,321.8561096191406,323.013671875,325.61541748046875,328.7019958496094,332.5279846191406,335.2978210449219,337.85833740234375,341.06683349609375,344.099365234375,346.4786682128906
sample_980fc88cdd719a96,304.7595520019531,308.924072265625,316.56884765625,322.1081848144531,332.03778076171875,342.7872009277344,347.531494140625,351.8554992675781,359.7066955566406,364.38836669921875,369.434814453125,370.86712646484375
sample_610bec573d0a2bbb,336.764404296875,338.62945556640625,341.4637451171875,345.5693054199219,351.3981018066406,361.4766540527344,373.4169921875,374.7436218261719,375.966064453125,380.1928405761719,392.1123962402344,401.70123291015625
sample_4928d4aec92587ee,504.2814025878906,485.2492370605469,463.2808837890625,445.1871643066406,426.458984375,409.67266845703125,395.65740966796875,383.2281188964844,372.41998291015625,362.65093994140625,353.8297119140625,347.1954040527344
sample_7d89bae9830506a9,493.44488525390625,517.5184326171875,542.8541870117188,566.0075073242188,585.0462036132812,608.6322021484375,625.8156127929688,632.2353515625,621.9510498046875,603.0455932617188,595.147705078125,582.8941040039062
sample_0701d6d3791ddf4c,357.33197021484375,367.5179748535156,379.1268005371094,389.43511962890625,403.39874267578125,420.80767822265625,437.814208984375,458.87933349609375,477.7950134277344,504.20977783203125,529.7766723632812,551.16748046875
sample_905c753e9d288446,426.66851806640625,418.7723388671875,413.2719421386719,412.1732482910156,406.06439208984375,401.7840270996094,394.4430847167969,386.6790771484375,377.2673645019531,374.4237060546875,365.736083984375,365.6817626953125
sample_ebfd8367709aa78d,353.060791015625,377.437255859375,401.9654541015625,420.039794921875,442.5211181640625,458.9434814453125,476.674560546875,482.4522705078125,485.7384033203125,482.88226318359375,487.09649658203125,482.42266845703125
sample_0487ac25dfc07464,299.0697021484375,303.341552734375,311.43084716796875,325.76416015625,343.23553466796875,368.73468017578125,408.2359924316406,418.0657958984375,424.38934326171875,424.1894226074219,439.5046081542969,453.97198486328125
sample_2e1f57cae83a861f,500.59259033203125,498.75830078125,493.5105285644531,487.2586975097656,481.4481506347656,474.89581298828125,468.22998046875,461.9638671875,456.60235595703125,451.4372863769531,446.2970275878906,442.3937683105469
sample_387acb80a0fac971,338.5527038574219,339.72332763671875,341.984375,344.28765869140625,342.8540954589844,344.37371826171875,345.2182922363281,345.74188232421875,349.65283203125,355.2479553222656,353.5355224609375,353.0397033691406
sample_d0b8861e8d596e10,322.2370910644531,323.4313659667969,327.1683044433594,330.4405822753906,335.7037048339844,342.1703186035156,349.1210632324219,353.82159423828125,362.4942626953125,368.27081298828125,374.0770568847656,379.0692443847656
sample_72b9edce783a8f95,679.8154296875,671.2410888671875,657.17431640625,640.359619140625,625.7784423828125,612.614013671875,600.181396484375,588.1671752929688,582.6082763671875,576.1386108398438,573.8297119140625,570.264892578125
sample_2c0ad7178894e6fe,670.3871459960938,634.4437255859375,597.9960327148438,565.8760986328125,534.2949829101562,505.3334045410156,481.6482238769531,462.8855895996094,447.368896484375,433.62890625,422.1230163574219,413.71942138671875
sample_6db8483233784627,396.0772399902344,393.5252990722656,392.42681884765625,390.5399475097656,390.71502685546875,391.47747802734375,394.2472229003906,394.5088195800781,395.5093078613281,397.6110534667969,397.8022766113281,399.25567626953125
sample_c0f8e3e375c2e641,300.594970703125,304.8568420410156,311.38824462890625,316.2154235839844,324.37481689453125,329.2717590332031,337.17572021484375,343.43853759765625,349.4681396484375,354.29315185546875,358.99224853515625,358.8717041015625
sample_138bb9258563d8ad,471.6666564941406,462.117919921875,452.3404846191406,444.5176696777344,435.3177490234375,426.2060546875,418.28363037109375,411.41802978515625,404.5581970214844,399.4189147949219,394.3305969238281,390.9729919433594
sample_006150d41f82d9a6,330.6905517578125,335.018798828125,341.2217102050781,345.8767395019531,347.673828125,349.67364501953125,352.853271484375,353.28936767578125,352.3501281738281,357.4530944824219,366.814697265625,383.8742980957031
sample_fa5c44cb76ab27b6,704.5060424804688,696.7891845703125,686.2855834960938,675.0055541992188,664.167724609375,649.9149169921875,635.233154296875,620.390869140625,612.6039428710938,602.3709106445312,603.7696533203125,603.317138671875
sample_dae086ac862e4c40,378.9146728515625,381.50091552734375,384.16522216796875,383.8825988769531,385.60614013671875,385.4794921875,385.2182922363281,383.8198547363281,383.2231140136719,381.3887939453125,380.6060485839844,379.9943542480469
sample_601e73d719bf0a61,430.71453857421875,431.3309631347656,429.247802734375,425.0872802734375,420.3798828125,414.2039489746094,409.3446350097656,404.64862060546875,400.66510009765625,397.6743469238281,394.60931396484375,394.7939453125
sample_7cfd906bf379cd09,541.5479736328125,514.589599609375,487.1108093261719,464.7017822265625,442.7781982421875,424.0400390625,408.52410888671875,393.3636474609375,380.511474609375,368.9775695800781,358.4569396972656,351.3363037109375
sample_a52d052a86112cc5,316.54327392578125,319.8121337890625,325.3393859863281,330.1985168457031,337.8056335449219,345.47845458984375,355.0502624511719,362.19110107421875,369.5592041015625,373.0487365722656,380.6503601074219,383.36614990234375
sample_2b1bb45a304e77dd,324.22705078125,332.2029724121094,343.5562438964844,349.7714538574219,360.68353271484375,366.0704650878906,372.8329162597656,376.0216064453125,378.1036376953125,373.9534912109375,375.6574401855469,376.7077331542969
sample_86a202f1bb562994,458.9622497558594,453.031982421875,446.3977355957031,441.90106201171875,434.67718505859375,428.8460388183594,424.6119079589844,419.6824951171875,414.99395751953125,412.03009033203125,408.90216064453125,407.8385925292969
sample_9b99ef83f613ab6c,405.77667236328125,401.1960144042969,398.037353515625,399.46533203125,403.34515380859375,418.74609375,434.4236145019531,459.7673645019531,476.84112548828125,488.3742370605469,493.337646484375,491.1937561035156
sample_bf5375d325366e88,301.05029296875,309.4137878417969,321.1818542480469,330.7730407714844,344.0728454589844,357.54815673828125,370.6479797363281,379.8691101074219,390.5675354003906,398.16571044921875,407.0169677734375,412.66680908203125
sample_1814765fa8415fbd,389.261962890625,386.7266540527344,385.16314697265625,384.4165344238281,383.149658203125,382.47747802734375,383.21649169921875,382.73846435546875,382.3620910644531,382.0015563964844,382.0428161621094,382.4395751953125
sample_167e36dca452de77,384.13677978515625,378.9274597167969,374.12030029296875,369.9925842285156,364.9656066894531,363.2295837402344,359.8324890136719,362.69268798828125,364.2160949707031,364.74188232421875,362.3813781738281,361.76422119140625
sample_c253abba089b864c,591.1671142578125,584.4453125,572.7031860351562,557.9402465820312,540.65478515625,528.99755859375,517.535888671875,507.50616455078125,501.2828063964844,486.778076171875,473.82440185546875,461.4973449707031
sample_a14aff43cf4458bf,382.2975158691406,379.6786804199219,377.75335693359375,376.94537353515625,375.39013671875,374.041015625,374.3140869140625,372.6893005371094,372.0880126953125,372.1549987792969,371.6210021972656,371.8377685546875
sample_3ad835bb22a1b36b,521.6808471679688,523.1511840820312,521.109130859375,517.12109375,515.8265380859375,511.4482727050781,509.60986328125,505.451171875,501.94049072265625,497.0329284667969,495.6695861816406,491.0398864746094
sample_cce7ffbc2ccd7b28,353.0209045410156,354.47265625,356.2270812988281,359.07647705078125,361.66845703125,363.83843994140625,366.2072448730469,370.7266540527344,372.5898742675781,378.9159240722656,382.902587890625,385.7239685058594
sample_b15f890e66f95fdf,345.45782470703125,345.5384826660156,346.9142761230469,347.27490234375,349.1198425292969,351.304443359375,354.6771545410156,356.0147705078125,359.32855224609375,360.7636413574219,363.3334655761719,364.8718566894531
sample_ceaf7725c5ca4c30,388.0215759277344,391.52105712890625,395.7698669433594,396.7265625,399.3164978027344,401.7314147949219,404.3147888183594,406.74530029296875,412.9195251464844,423.25189208984375,432.1163635253906,434.7122802734375
sample_bd8a3663305d6be4,620.4862670898438,592.086181640625,561.3330688476562,535.9243774414062,512.9525146484375,493.1622619628906,476.90057373046875,463.47210693359375,452.416015625,442.87359619140625,433.96575927734375,426.66876220703125
sample_ca61f234310eb7be,322.594970703125,327.07537841796875,333.45770263671875,340.57952880859375,350.14422607421875,361.39935302734375,372.5205078125,378.86907958984375,384.68927001953125,388.45928955078125,394.19451904296875,398.13824462890625
sample_c40f794353a39c8b,519.6433715820312,501.63507080078125,484.0594177246094,469.77581787109375,455.9364929199219,444.34912109375,434.9368896484375,426.7976379394531,419.1507568359375,414.0453796386719,408.16717529296875,404.94537353515625
sample_aa94404623b7f81f,277.1241455078125,284.06646728515625,293.3894348144531,299.58111572265625,308.1579284667969,317.02911376953125,327.6712341308594,336.9402770996094,345.0189208984375,348.9218444824219,355.54083251953125,359.2983093261719
sample_432d76cde8e5238b,365.87957763671875,365.09942626953125,369.4545593261719,371.55157470703125,373.41668701171875,376.2493896484375,377.6283874511719,382.37408447265625,383.444580078125,394.4635314941406,398.4891357421875,396.94732666015625
sample_97c7d92990651cc9,470.28179931640625,479.4046325683594,504.5160217285156,530.6866455078125,559.2169189453125,587.3770141601562,620.1739501953125,634.7471923828125,636.417236328125,626.4818725585938,618.7201538085938,599.1051025390625
sample_19aeb329e6c258af,381.06884765625,396.98876953125,414.5173034667969,424.9334716796875,440.7262268066406,454.1419677734375,465.991455078125,469.91998291015625,476.647705078125,480.20892333984375,481.9692687988281,486.224609375
sample_de0f6dbf948d9a51,376.8998718261719,377.8544921875,379.14385986328125,377.8361511230469,378.4410095214844,378.0283203125,377.2153625488281,376.07122802734375,375.4066162109375,374.99908447265625,374.8686218261719,374.1268615722656
sample_21364fa408a7bffa,371.989501953125,372.1419982910156,372.8821716308594,372.5725402832031,375.1761169433594,379.1749572753906,385.56427001953125,391.0791931152344,402.0670166015625,414.1634521484375,414.88934326171875,413.4682922363281
sample_238a8360aae40773,287.8876953125,293.8097229003906,304.2085876464844,313.92022705078125,326.1087951660156,338.70989990234375,350.3562316894531,358.2928161621094,367.7476806640625,376.21966552734375,382.4975280761719,387.6216735839844
sample_e8f5c2ed867d2a23,422.8938903808594,416.3775634765625,409.1056213378906,402.19744873046875,392.0694580078125,382.75494384765625,374.20989990234375,368.811279296875,364.92901611328125,367.05975341796875,367.6274108886719,368.50872802734375
sample_b9f45edde8cae036,432.5688171386719,423.1880798339844,409.11810302734375,400.63299560546875,392.79266357421875,383.420654296875,377.44403076171875,372.1231384277344,363.206787109375,356.7430114746094,353.1927795410156,354.91357421875
sample_9f44935ddce09d73,293.7431335449219,296.2376708984375,300.80419921875,304.8670654296875,310.69207763671875,317.2857971191406,324.18670654296875,330.58428955078125,337.9074401855469,344.04193115234375,348.6574401855469,353.4275207519531
sample_f169e5455b321944,574.130859375,555.4390869140625,535.3921508789062,517.8403930664062,499.9344177246094,483.0702209472656,469.0675048828125,456.60101318359375,446.01434326171875,436.04254150390625,427.847412109375,421.0823974609375
sample_4fa363d0327820a0,373.8824768066406,372.69879150390625,374.37738037109375,375.94696044921875,378.7825012207031,383.0743408203125,389.34808349609375,394.619873046875,402.2650146484375,407.8291931152344,412.83013916015625,418.21844482421875
sample_5f8449481531719b,342.4815979003906,344.7280578613281,346.5504455566406,350.6683044433594,352.9535827636719,353.04998779296875,355.2044982910156,355.6147766113281,357.9559631347656,360.2228088378906,362.74908447265625,364.24334716796875
sample_5a069e838bd64566,372.3306884765625,368.1107482910156,365.502685546875,363.6961975097656,357.52264404296875,355.6112976074219,353.5453186035156,349.6011657714844,349.1477966308594,349.1544189453125,350.35443115234375,356.3432922363281
sample_91ac5ae1d521e8d7,388.5024719238281,386.7159729003906,387.0140686035156,387.6940612792969,388.881103515625,391.64141845703125,394.0075378417969,394.89208984375,397.0737609863281,398.47003173828125,398.40087890625,401.4619445800781
sample_d775ae96351089ab,367.9925842285156,364.5368347167969,363.4237365722656,363.8880920410156,363.8955993652344,364.5102844238281,365.1622314453125,363.321533203125,359.09393310546875,357.3117980957031,354.8665771484375,356.84405517578125
sample_2a9e660bfe2081e3,462.29608154296875,469.8739013671875,469.84783935546875,463.958984375,459.16925048828125,451.7178039550781,446.26806640625,440.1698303222656,434.09613037109375,429.5293884277344,426.3131408691406,422.2884216308594
sample_c347227857bffe62,325.9564208984375,329.2610778808594,335.0058898925781,339.90899658203125,346.6865234375,354.16357421875,361.9218444824219,365.71649169921875,372.4020080566406,377.7576904296875,381.9507141113281,386.09375
sample_6cbea264abb5992a,346.51324462890625,371.2048034667969,395.965576171875,407.1543273925781,421.2686462402344,427.3892517089844,431.11309814453125,441.8522033691406,458.5823974609375,475.0504150390625,497.44805908203125,521.0596923828125
sample_140455841adddabe,390.5683898925781,395.5224609375,402.556396484375,408.81298828125,411.332275390625,409.0030517578125,408.09326171875,407.1605529785156,411.8316345214844,421.34710693359375,424.9547119140625,425.130615234375
sample_3a089351b1094025,384.39581298828125,380.7065124511719,377.7877197265625,375.1097106933594,372.74542236328125,371.7188720703125,372.60546875,372.6520080566406,373.2420349121094,374.7910461425781,375.3484802246094,377.2875671386719
sample_5490da08da79dd70,395.59869384765625,406.73150634765625,424.65478515625,445.6028137207031,469.34002685546875,488.121826171875,502.07684326171875,513.3200073242188,528.2808837890625,527.6209106445312,514.177734375,500.28466796875
sample_6c943e256f50e3c7,425.955078125,427.224365234375,431.3874816894531,441.7690734863281,453.9754333496094,474.20416259765625,505.664794921875,542.903076171875,559.0856323242188,595.8715209960938,634.5823364257812,670.806396484375
sample_9e2cdc941fb1efe8,470.058349609375,467.70025634765625,459.95452880859375,452.79498291015625,444.69696044921875,435.96697998046875,428.2548828125,420.95367431640625,414.453857421875,408.95916748046875,404.49578857421875,400.73468017578125
sample_972c29ef5844746f,428.3196105957031,424.6991271972656,425.3366394042969,432.9418029785156,440.56341552734375,448.8274841308594,452.8642578125,451.1215515136719,447.2412414550781,437.8225402832031,426.1884765625,420.4068298339844
sample_f23cd37de0d6bc88,374.296142578125,373.40771484375,374.43988037109375,375.4964599609375,376.36334228515625,377.7696228027344,381.1219482421875,384.49359130859375,389.97308349609375,394.9611511230469,395.6671447753906,396.1078186035156
sample_838b8a7043220679,420.5008850097656,424.7232666015625,427.93011474609375,428.2396545410156,428.1978759765625,426.97216796875,425.0175476074219,424.6368103027344,427.062255859375,421.785400390625,427.0163269042969,424.76470947265625
sample_411879697ac2cf69,341.704345703125,345.5355529785156,349.4292907714844,355.8594055175781,362.4239501953125,373.2225036621094,385.7992858886719,397.0216064453125,402.1968994140625,422.40533447265625,436.15655517578125,439.56939697265625
sample_d49cebb3df761e85,499.30743408203125,498.30108642578125,496.2884216308594,492.9371032714844,490.0211486816406,486.8167419433594,479.4798278808594,469.39776611328125,458.5025634765625,449.38189697265625,441.8305969238281,434.6778564453125
sample_8dc0aee597caa5f1,348.7618713378906,350.9371337890625,355.43597412109375,358.9823913574219,366.78582763671875,375.20794677734375,385.6317443847656,389.004638671875,393.80767822265625,396.6104736328125,403.52581787109375,406.70709228515625
sample_3e8f9d2376e12973,388.5986633300781,391.2036437988281,398.30438232421875,412.9521179199219,442.623291015625,480.16925048828125,519.7146606445312,561.4353637695312,599.1218872070312,638.2357177734375,661.4445190429688,658.2362670898438
sample_59e82f87cf8a9ce7,402.55633544921875,412.41998291015625,425.7657775878906,433.25286865234375,438.4468688964844,447.2552185058594,465.6492614746094,482.0996398925781,488.4222106933594,489.79498291015625,494.7846374511719,500.67462158203125
sample_97b6f461b910aa0f,421.8220520019531,421.3113708496094,422.2615661621094,420.71466064453125,422.0751647949219,435.4657897949219,457.002685546875,481.5809326171875,505.7476806640625,524.150146484375,532.3526611328125,519.6256103515625
sample_109c5b51e664ef20,407.6853332519531,404.6946716308594,400.5030822753906,397.828857421875,393.7702331542969,390.25689697265625,387.8884582519531,385.2554016113281,382.5198059082031,380.29656982421875,378.31292724609375,377.07281494140625
sample_9e7d4f3e33f30661,311.0903015136719,312.95843505859375,317.13037109375,320.2467041015625,326.43231201171875,332.82623291015625,340.8700866699219,346.7571716308594,355.60809326171875,360.27423095703125,369.13623046875,378.92266845703125
sample_301ff4407fa726b4,291.19775390625,293.6966552734375,299.1236877441406,303.9499206542969,311.673828125,320.0188903808594,329.2161560058594,335.75042724609375,344.3639831542969,350.0487365722656,357.2192687988281,361.4765625
sample_2c518b70331eb159,344.9037170410156,343.9593811035156,345.4356689453125,346.544189453125,348.9454345703125,352.1649475097656,356.51397705078125,359.3698425292969,363.99554443359375,367.61273193359375,370.8941955566406,375.1991271972656
sample_87b97d8b96281848,619.3853759765625,590.0655517578125,561.5542602539062,538.7001953125,515.8516235351562,495.95379638671875,479.5447998046875,465.01788330078125,452.0343017578125,440.0592346191406,429.57177734375,421.12200927734375
sample_4c6bef5546e7e2ba,513.000732421875,496.9823913574219,480.1988220214844,465.545166015625,450.3369140625,437.67193603515625,426.75836181640625,416.8044128417969,407.45880126953125,398.55853271484375,390.467529296875,384.2869567871094
sample_4efdff0ce346b4ea,379.5036315917969,384.6678771972656,389.4996337890625,390.47955322265625,393.09857177734375,393.3563232421875,393.91729736328125,392.470703125,392.7270812988281,389.9602966308594,389.39044189453125,387.6315612792969
sample_740acd6fff6ce7bc,388.54986572265625,398.1854553222656,408.12640380859375,411.82989501953125,416.27044677734375,420.4820251464844,426.34326171875,427.5233154296875,429.8195495605469,434.981201171875,442.4710388183594,448.8103332519531
sample_34328f98af596413,417.2010498046875,416.17523193359375,413.9864196777344,409.59820556640625,407.7056579589844,407.2787170410156,408.4019775390625,407.5282897949219,409.0418701171875,413.03179931640625,416.9644775390625,421.4901428222656
sample_9e3f72523fcbc460,374.7525634765625,401.9696044921875,434.5234375,452.3574523925781,463.57232666015625,469.1405029296875,474.96435546875,482.12005615234375,491.75579833984375,496.98626708984375,499.4798583984375,504.19537353515625
sample_d3b1a9c04ea5007a,366.5711975097656,367.489990234375,370.5397644042969,371.4482421875,374.7012939453125,380.68280029296875,391.3358154296875,398.414794921875,404.024658203125,409.5412292480469,411.0717468261719,413.9918212890625
sample_750781d675673104,584.4451904296875,578.8294677734375,570.133544921875,559.8994750976562,550.6442260742188,539.8200073242188,529.3897094726562,517.7061767578125,508.5647277832031,498.9840393066406,493.4631042480469,487.5908508300781
sample_aba9c9351c0b7284,335.3826904296875,335.3026428222656,336.3447570800781,337.0661926269531,339.3027038574219,342.715087890625,346.9756774902344,349.9893493652344,351.7108459472656,354.7020263671875,358.93768310546875,360.97900390625
sample_60f77d0892f88082,346.8239440917969,348.43548583984375,351.69281005859375,353.2049865722656,356.8190002441406,361.6566467285156,367.04425048828125,370.2249755859375,374.7676696777344,377.3889465332031,380.83013916015625,384.0254211425781
sample_6c3ba0f380d39cab,487.0513916015625,481.7376403808594,471.82806396484375,461.5773010253906,451.4941711425781,441.4400634765625,439.360595703125,444.9502868652344,439.44952392578125,446.43896484375,436.27935791015625,432.7288513183594
sample_635191c771332919,344.8578796386719,347.7013854980469,352.9918518066406,358.3468933105469,366.7366943359375,376.4912109375,384.3361511230469,386.42498779296875,391.85101318359375,399.7212219238281,402.7828674316406,407.5921325683594
sample_20d30a4b8fde04ba,347.26483154296875,349.00909423828125,354.3597106933594,362.0081787109375,374.2562255859375,387.3865966796875,396.0838928222656,404.8724670410156,414.9820861816406,420.3985290527344,423.24224853515625,422.3067626953125
sample_bf10397e772154b6,573.5319213867188,560.3950805664062,547.1178588867188,534.2515869140625,520.9031372070312,507.21649169921875,490.4866943359375,484.9773254394531,475.2178649902344,463.2601318359375,464.1477355957031,464.1557922363281
sample_0d2dd8bbb70258a2,536.3111572265625,526.3612670898438,512.0498046875,498.00555419921875,486.0800476074219,473.61761474609375,462.87481689453125,453.16717529296875,444.1851806640625,437.069091796875,429.4639892578125,424.37396240234375
sample_1e8fd242c06cb271,345.9402770996094,349.1624450683594,356.5685729980469,363.7444763183594,375.80059814453125,387.2674255371094,396.583251953125,407.0487365722656,414.3790283203125,417.0987548828125,417.0390625,420.6398620605469
sample_9856b2d4f60bcbdf,354.65240478515625,356.4467468261719,360.3837585449219,362.57696533203125,366.494140625,370.7806701660156,375.44171142578125,377.6825866699219,380.99871826171875,383.7373352050781,385.30364990234375,386.8349914550781
sample_a0862d37cc1f5d93,305.9145812988281,315.0107421875,320.3616638183594,320.8609924316406,328.1817321777344,341.7142333984375,355.0729064941406,377.7030029296875,414.226806640625,418.50335693359375,422.0399169921875,416.8895263671875
sample_00175aa9e4ab085c,582.3843994140625,580.6624145507812,577.8338623046875,569.9945678710938,563.7608642578125,558.334716796875,555.4337158203125,552.4553833007812,551.397216796875,547.6709594726562,544.89111328125,540.8546752929688
sample_52cd3c7a936dedcd,460.1061706542969,449.4356689453125,437.50677490234375,429.8063659667969,419.97967529296875,412.80059814453125,398.4284973144531,390.7332763671875,376.3934631347656,366.98602294921875,361.7996826171875,357.4869689941406
sample_512598150a3cdb58,360.65435791015625,358.01239013671875,355.7393493652344,354.66412353515625,351.8115539550781,350.3437805175781,349.7547302246094,350.92999267578125,350.177490234375,352.0518493652344,351.3484802246094,353.6900634765625
sample_2a477bb7e5c2b647,418.9820861816406,432.71160888671875,447.016845703125,455.2794494628906,463.6739807128906,468.81201171875,472.0438232421875,474.4080810546875,480.5677185058594,485.32562255859375,486.66094970703125,486.692138671875
sample_e256425136a93729,511.22052001953125,493.51129150390625,472.892578125,455.94036865234375,438.4351806640625,423.02276611328125,410.1192626953125,398.00439453125,388.19647216796875,379.08917236328125,371.115966796875,364.5207214355469
sample_e5a5459d1cd5b807,403.42822265625,421.651123046875,447.5754699707031,471.0639953613281,504.9975891113281,526.0887451171875,557.27490234375,570.9065551757812,573.364990234375,575.8763427734375,590.6724243164062,589.3882446289062
sample_3f8ff6b60a446a59,332.44732666015625,338.7040100097656,344.75006103515625,348.7287292480469,353.18121337890625,355.32891845703125,358.2355651855469,358.55377197265625,360.779541015625,359.5726013183594,359.8871154785156,359.445068359375
sample_a86dd350c2e56bb6,369.4805603027344,369.8017883300781,371.15936279296875,370.1531677246094,370.7143249511719,375.78985595703125,379.8125,385.7622375488281,393.6017761230469,394.46185302734375,403.3182067871094,408.2190856933594
sample_503507c5f85ccc95,417.96038818359375,412.2964172363281,406.6616516113281,402.2647705078125,396.4024963378906,391.1402587890625,386.5087585449219,382.0079040527344,377.91259765625,374.60369873046875,371.1654052734375,369.1710510253906
sample_7bf43c34e5e861f1,341.9562072753906,348.4945983886719,365.4051513671875,385.71893310546875,404.03948974609375,406.9000549316406,416.6453857421875,438.6962585449219,451.4132995605469,450.3352355957031,450.77667236328125,451.7759094238281
sample_131b96b9b0e8678d,393.7364501953125,412.2102355957031,438.630126953125,465.36077880859375,487.91998291015625,509.0419921875,521.5335693359375,540.8115844726562,543.4259643554688,533.6344604492188,521.0982666015625,514.2135620117188
sample_e4c8bcf01721bd11,460.61236572265625,458.5027770996094,457.87158203125,457.02410888671875,457.12811279296875,457.4382629394531,458.25701904296875,458.5825500488281,459.2015380859375,459.57769775390625,460.2802429199219,460.5224304199219
sample_8067d7ef333d9e34,311.24407958984375,314.0132141113281,315.3941650390625,320.1477355957031,324.6915588378906,326.67974853515625,334.4250793457031,341.4622497558594,335.3251953125,338.71136474609375,340.78863525390625,341.8072509765625
sample_d6e3389b87414450,368.98162841796875,364.97216796875,363.6903381347656,364.38287353515625,365.61517333984375,367.3014831542969,370.2779541015625,372.54864501953125,375.231201171875,379.97528076171875,381.5456848144531,386.5924987792969
sample_8145721ec909d03a,465.29937744140625,464.74615478515625,468.5531311035156,477.4118347167969,494.3058776855469,517.1786499023438,534.4189453125,540.3504638671875,537.9799194335938,528.1007080078125,512.3442993164062,498.66973876953125
sample_6563c8db71a6bfca,454.17022705078125,454.4935302734375,450.49798583984375,444.6320495605469,438.51812744140625,432.2021484375,426.7768859863281,421.6689453125,417.02960205078125,413.2394714355469,409.9573669433594,406.4124450683594
sample_07c3e2f527bbb2a9,411.6177978515625,402.8851318359375,395.5082092285156,390.95794677734375,382.3760986328125,378.9603576660156,372.3858337402344,364.3570556640625,361.6100769042969,358.751220703125,356.6512756347656,357.06390380859375
sample_1accdc36183947f1,518.6922607421875,515.9599609375,512.7673950195312,509.6806640625,507.3647766113281,505.48846435546875,504.6766357421875,503.2842102050781,502.10919189453125,500.8907775878906,500.5556335449219,499.4669189453125
sample_60abd637c7d585ef,343.0972595214844,345.7354431152344,348.9917297363281,349.990478515625,350.40313720703125,351.0038146972656,350.8919677734375,349.7537536621094,350.1168212890625,348.71954345703125,349.162841796875,348.7603759765625
sample_48209b16b2538ff2,585.5037841796875,561.0284423828125,537.0009765625,515.4807739257812,494.4051818847656,476.02783203125,458.52154541015625,441.7161865234375,428.2944641113281,416.3604431152344,405.138916015625,395.0006103515625
sample_cbd12f355713143e,469.31939697265625,481.426513671875,496.15460205078125,514.304443359375,531.0130615234375,546.77783203125,558.4739990234375,566.6725463867188,573.1422729492188,589.1826171875,608.9480590820312,623.8629150390625
sample_767dffe6cfdd40fd,311.0271911621094,320.2198181152344,330.209228515625,333.8952331542969,336.119384765625,344.0224609375,353.8607482910156,363.44195556640625,367.8931884765625,367.01226806640625,364.106201171875,366.4268798828125
sample_0ab6cc9a73db066b,343.91180419921875,342.68218994140625,343.026611328125,345.2889709472656,345.08380126953125,350.12890625,355.1625061035156,360.796142578125,366.9618835449219,373.0467529296875,374.8517761230469,377.8634033203125
sample_b38edb33a1f0bba5,291.4255676269531,296.1840515136719,302.3050537109375,306.5791320800781,313.3621520996094,321.2559509277344,328.3807678222656,333.533447265625,339.36834716796875,343.92919921875,351.4710388183594,356.311279296875
sample_120269091eda1dff,306.81982421875,312.8150634765625,319.9998474121094,324.0259094238281,330.3687438964844,338.033447265625,345.94708251953125,352.4724426269531,358.1600646972656,359.5531005859375,361.8906555175781,364.4823913574219
sample_7c252b27597100a5,451.34967041015625,450.45361328125,447.23846435546875,442.9002990722656,439.0525817871094,435.81915283203125,428.51751708984375,423.37744140625,420.3224182128906,419.27056884765625,418.1212158203125,421.2083740234375
sample_5b220b28a1cd89b5,304.4122619628906,308.2669372558594,318.2505187988281,337.90606689453125,360.3126220703125,377.7857360839844,376.8614196777344,373.51995849609375,373.3117370605469,388.16766357421875,399.6706848144531,419.88629150390625
sample_36a1f3582c57ae8c,406.4216003417969,416.9825744628906,424.40447998046875,426.1770935058594,428.7514343261719,427.86810302734375,425.4587097167969,421.68597412109375,419.3978576660156,415.2513427734375,412.83612060546875,409.3728332519531
sample_4113f8d032f705ba,376.46893310546875,381.5231018066406,388.6523132324219,389.7604064941406,386.1786193847656,387.4347839355469,390.8154296875,399.12664794921875,405.28717041015625,411.2120361328125,421.9785461425781,429.2919921875
sample_9ef006b7fb4750d3,386.7469787597656,383.93658447265625,380.6492004394531,379.49072265625,376.95550537109375,375.9145812988281,375.1383056640625,376.1401672363281,375.76153564453125,376.9877014160156,378.59515380859375,381.00042724609375
sample_d0fa99ecbd5ade04,432.6325988769531,427.2665100097656,421.884033203125,416.74420166015625,411.3776550292969,406.3390197753906,401.6245422363281,398.3570556640625,394.606689453125,391.59326171875,388.10223388671875,388.0012512207031
sample_0145e429c1aafaa6,537.4440307617188,522.9906616210938,507.2272644042969,493.1000061035156,477.5877990722656,463.06158447265625,450.7221374511719,440.51287841796875,431.2548828125,423.1581115722656,415.2696533203125,410.3953857421875
sample_a3989dfc8a33d02e,345.25946044921875,345.5747985839844,347.0775146484375,347.9816589355469,351.25537109375,354.632080078125,358.749755859375,360.46392822265625,363.5693054199219,365.8068542480469,368.0889892578125,369.757568359375
sample_1630a12c8eb6a4bd,361.7800598144531,361.42779541015625,360.0381774902344,361.8341979980469,362.98529052734375,363.8707275390625,364.98529052734375,365.9219665527344,363.3150939941406,363.2676696777344,362.84771728515625,361.97137451171875
sample_d44a561cd0f20116,421.9216003417969,416.78680419921875,413.8148498535156,411.22442626953125,407.5474548339844,405.3091735839844,408.617919921875,409.7842102050781,410.71221923828125,410.097900390625,407.33587646484375,407.3155212402344
sample_d4d5345c7c3d517d,354.6427001953125,356.16693115234375,359.3245849609375,361.5519714355469,366.1471862792969,370.89434814453125,376.68023681640625,378.8453063964844,384.7156066894531,388.05267333984375,391.4467468261719,394.13580322265625
sample_eb545283a2d53339,296.9328918457031,298.7658386230469,303.7726745605469,307.61041259765625,316.4609680175781,323.5672302246094,332.44482421875,346.5233154296875,355.4051818847656,371.4505310058594,386.3128967285156,391.90576171875
sample_bb8f9c5698f857d1,337.93084716796875,340.1624450683594,343.83197021484375,345.55255126953125,349.8101501464844,353.49615478515625,359.55474853515625,366.9639587402344,369.60711669921875,378.9311828613281,383.7899475097656,386.8226623535156
sample_38011d2755f346d7,304.1241455078125,310.3948669433594,317.22235107421875,318.6622009277344,326.3251647949219,336.13372802734375,348.4228515625,353.30975341796875,354.30755615234375,352.577392578125,356.67510986328125,360.5928039550781
sample_7da89e4305a8bd85,323.832275390625,326.364990234375,330.1375732421875,332.2138671875,335.2287902832031,337.791015625,341.3705749511719,344.4690246582031,347.30023193359375,349.6195068359375,352.3305969238281,353.3353271484375
sample_4de8f68719aa8695,399.4796447753906,452.5955810546875,514.25537109375,562.3038940429688,588.818115234375,599.309326171875,614.84033203125,621.6151123046875,602.2256469726562,589.7489013671875,587.2501831054688,588.14404296875
sample_335ee27af82e9e31,319.86090087890625,320.1506652832031,321.67913818359375,322.3691101074219,324.54510498046875,327.3609619140625,332.87249755859375,344.7029113769531,355.87933349609375,364.9190368652344,372.42730712890625,375.65350341796875
sample_6ae43d0e2f42223e,355.058837890625,354.8161926269531,355.8775634765625,356.3835144042969,357.6294860839844,359.220947265625,362.54736328125,364.12579345703125,366.87982177734375,368.1111755371094,369.564453125,371.71484375
sample_989839b44079ae29,343.364013671875,343.3377990722656,343.8288269042969,346.9168701171875,347.0370788574219,349.5967102050781,350.6184997558594,354.0690002441406,354.18353271484375,359.40533447265625,360.8142395019531,361.693359375
sample_b6b57ad66c560d0e,370.6500244140625,368.9599609375,367.47943115234375,364.44134521484375,362.4557800292969,360.6793212890625,359.8077697753906,359.4994812011719,358.2648010253906,359.25897216796875,358.4862976074219,358.9765625
sample_cdfe3240d847b232,401.1584167480469,401.64794921875,400.85797119140625,397.10589599609375,395.5491943359375,392.3941955566406,389.61260986328125,385.23846435546875,382.5560302734375,379.2798767089844,378.0602722167969,375.7048034667969
sample_fcf760c74e122057,378.7003173828125,379.9717712402344,379.78778076171875,379.6749572753906,379.4623107910156,377.8878173828125,378.623291015625,377.6331481933594,374.4164123535156,373.4786682128906,373.71160888671875,372.9492492675781
sample_d0faeadf3f1bf746,381.5205078125,380.8133850097656,383.43914794921875,385.6802673339844,389.0364074707031,394.6810302734375,400.8962707519531,406.3690185546875,413.9444580078125,419.5206298828125,423.63226318359375,429.07769775390625
sample_05d797ebc14c2dfd,489.68560791015625,468.582763671875,448.39044189453125,435.83880615234375,422.03375244140625,407.0860290527344,393.2822570800781,380.41796875,369.2204284667969,358.81903076171875,350.0753173828125,344.97265625
sample_5d463f8fa320fa43,357.4606018066406,360.0958251953125,367.7630615234375,376.860595703125,386.7818298339844,402.8971862792969,434.138916015625,460.4759216308594,460.5522766113281,452.06707763671875,452.342041015625,456.45709228515625
sample_ae90bbedd895d282,444.07916259765625,454.7838439941406,457.9048156738281,455.25933837890625,452.9252624511719,447.5417175292969,442.8796081542969,436.70458984375,431.6575012207031,427.58941650390625,424.0650939941406,420.186279296875
sample_9bd90b61474ed034,490.6403503417969,494.00250244140625,488.1166076660156,480.11749267578125,471.6686706542969,462.6258544921875,455.0809020996094,448.5841979980469,442.04046630859375,437.5463562011719,432.7634582519531,428.195556640625
sample_463fa22c62e7c1d4,337.423095703125,338.48858642578125,339.7893981933594,343.4441223144531,344.3805847167969,348.5439147949219,350.4708251953125,357.2334289550781,358.82470703125,353.426513671875,354.61944580078125,355.02581787109375
sample_8c4cfe9e2a70a7d7,366.80963134765625,368.7840270996094,370.69976806640625,370.6178894042969,372.4621887207031,371.9913635253906,372.6771545410156,376.5774841308594,382.1056213378906,380.3233947753906,383.7314147949219,383.5380859375
sample_9d552e2319e9d5d4,424.7545471191406,420.9143981933594,416.80841064453125,413.3655700683594,409.93243408203125,405.98333740234375,402.6750183105469,399.31640625,396.1543273925781,392.8114013671875,390.9242248535156,389.0489807128906
sample_be62b2f3cb180320,341.2312927246094,347.6121826171875,355.3199768066406,358.55572509765625,363.21923828125,363.67236328125,365.9942932128906,366.1944580078125,370.12445068359375,371.22589111328125,374.0271301269531,375.7168273925781
sample_2a7111f647bacbee,558.2710571289062,534.6680297851562,510.667724609375,490.7291564941406,470.1806640625,451.42535400390625,435.98468017578125,422.0246887207031,410.2748718261719,399.4468994140625,389.9940185546875,382.54669189453125
sample_9620886a808351b0,350.93145751953125,351.28131103515625,352.1524658203125,353.6716613769531,355.0659484863281,356.9892578125,357.16522216796875,357.47662353515625,356.6007080078125,356.8266296386719,357.7477722167969,359.9761657714844
sample_8799aa2c0ba2fc26,420.1746826171875,417.7852783203125,414.781005859375,409.4566955566406,405.2981262207031,403.79425048828125,403.32086181640625,402.3367614746094,402.7539978027344,402.83709716796875,405.97015380859375,411.3367919921875
sample_07d8aa6acbff0ba0,394.32794189453125,389.2140808105469,381.1618347167969,377.2817077636719,369.4024963378906,362.652099609375,356.5630798339844,354.8892822265625,352.15985107421875,350.30731201171875,348.1799621582031,346.5293273925781
sample_5c5f6c30d945f94c,342.6794128417969,342.97607421875,341.5511169433594,341.7899169921875,342.7325439453125,342.38482666015625,342.42449951171875,342.9711608886719,342.07293701171875,343.6827087402344,343.677978515625,347.2459411621094
sample_4488fe3def72a5c6,444.2559814453125,441.2430725097656,435.787841796875,431.142578125,425.4415283203125,419.1803283691406,413.515869140625,407.7977600097656,402.82684326171875,398.6070861816406,394.96441650390625,391.78045654296875
sample_90abda5a4c18c872,314.934814453125,320.945068359375,329.7362976074219,337.8206481933594,348.32061767578125,360.65887451171875,369.61688232421875,376.6995849609375,379.82806396484375,385.4262390136719,389.36767578125,393.9677734375
sample_6e1b1f11ada6855e,375.01800537109375,375.61883544921875,376.7529296875,376.9403076171875,378.1245422363281,379.4621887207031,380.97137451171875,381.8944396972656,383.33319091796875,383.4920959472656,384.31103515625,385.1622314453125
sample_f9260c80e1380570,317.0711669921875,319.8240051269531,323.23468017578125,324.7838134765625,326.85650634765625,328.308349609375,330.0817565917969,332.96392822265625,337.1218566894531,345.33526611328125,354.251953125,369.5431213378906
sample_2df388bc0459a86e,326.7259216308594,329.8272705078125,338.8394470214844,350.7041320800781,369.7088928222656,407.8349914550781,434.68487548828125,441.82171630859375,434.34619140625,437.0009765625,443.4957580566406,451.1083679199219
sample_98253e5d855ef85f,343.8841247558594,354.5265808105469,370.127197265625,376.7407531738281,385.6602783203125,386.1962585449219,395.46490478515625,412.7572326660156,418.2986755371094,420.20074462890625,422.61236572265625,419.9671325683594
sample_abd132d5d5f21003,433.732421875,431.16046142578125,425.6558837890625,420.5887451171875,415.29150390625,408.74627685546875,403.4266052246094,397.63165283203125,392.7270812988281,388.9710388183594,385.2069091796875,382.05804443359375
sample_a4c0090ee7de8010,391.22625732421875,416.4579162597656,437.63299560546875,460.28167724609375,486.97381591796875,513.3245239257812,532.1856079101562,547.6150512695312,549.9615478515625,554.099853515625,546.81201171875,539.6265258789062
sample_94ca88ae1ceb865d,476.5908203125,462.4576416015625,447.7273254394531,437.36529541015625,424.60150146484375,411.90771484375,401.7014465332031,395.3197021484375,388.2178649902344,381.5633239746094,374.3456115722656,368.05059814453125
sample_000c67133c77da57,340.75518798828125,344.3258972167969,348.9089050292969,352.84307861328125,352.73236083984375,355.8086242675781,356.86151123046875,361.4385070800781,364.9943542480469,362.35784912109375,367.6539001464844,368.002197265625
sample_fa155354b2ec7423,268.4796447753906,275.1943664550781,283.16705322265625,289.50653076171875,300.28314208984375,312.3695068359375,324.5179443359375,331.0250244140625,333.5742492675781,337.8421630859375,345.1397705078125,348.3551330566406
sample_a58985a4fcedf311,422.9243469238281,416.951171875,405.9939880371094,400.20513916015625,389.6563720703125,379.00115966796875,369.80950927734375,355.9061584472656,352.5581970214844,353.29400634765625,349.44366455078125,360.84765625
sample_42f71726a354e621,406.02813720703125,402.5208435058594,398.14898681640625,394.9693908691406,392.1298522949219,393.42645263671875,393.145263671875,391.7587890625,383.6856994628906,383.7435607910156,380.8902282714844,382.4007568359375
sample_da6e107b7dc86189,345.80157470703125,348.5915222167969,352.84600830078125,355.36285400390625,359.67608642578125,364.2450866699219,368.3581237792969,371.4046325683594,374.36419677734375,377.9105529785156,380.66229248046875,383.5244445800781
sample_9406b08fdae9a953,408.0988464355469,401.791259765625,397.84210205078125,397.2405700683594,396.4476318359375,398.2593078613281,400.1995849609375,403.2181091308594,405.26043701171875,408.6328125,410.0537414550781,413.98394775390625
sample_809280b0a9b8de31,431.5288391113281,428.4248962402344,424.6768493652344,419.547607421875,415.5981750488281,411.2520446777344,407.4295349121094,402.8215026855469,399.20855712890625,395.2897644042969,392.9873962402344,389.8017272949219
sample_f9601acd3b68e929,510.1169738769531,509.31170654296875,505.1810302734375,499.8709716796875,495.84906005859375,489.7760314941406,484.0585632324219,478.4384460449219,473.98406982421875,469.3799133300781,465.77801513671875,462.3866271972656
sample_1cd342f670b49303,550.7327270507812,552.6506958007812,550.0336303710938,550.2386474609375,546.9839477539062,541.3114013671875,538.3994140625,535.5516357421875,532.9957275390625,524.4920654296875,520.4447631835938,509.20904541015625
sample_673a6cf4730ab60f,597.85595703125,608.1050415039062,605.433349609375,589.9356079101562,582.0042724609375,570.5111083984375,563.2138671875,554.5604858398438,547.5956420898438,540.6265869140625,536.8125,523.9108276367188
sample_931ed3745bd71e67,381.9878845214844,388.6358947753906,398.50030517578125,399.7037353515625,408.9318542480469,428.78289794921875,446.6324462890625,454.66571044921875,456.1598815917969,455.6098937988281,466.259033203125,470.57330322265625
sample_96b9983e46592722,378.8865661621094,374.8463134765625,370.6206359863281,369.66314697265625,365.82928466796875,363.61614990234375,361.442138671875,361.023193359375,361.69598388671875,360.7565612792969,360.27471923828125,362.2738952636719
sample_fb419ace0379f32a,339.46893310546875,342.61492919921875,346.8114013671875,346.8832092285156,349.0285949707031,351.127197265625,354.64111328125,356.14697265625,358.8951721191406,360.148193359375,362.2652282714844,363.2830505371094
sample_d573821d42bc8ac7,352.68023681640625,349.8631591796875,347.88519287109375,346.3830871582031,346.43701171875,347.11822509765625,350.1119689941406,350.7130432128906,353.38116455078125,355.77606201171875,357.4622802734375,358.9488220214844
sample_f727cf2795c9509e,347.21881103515625,347.2452697753906,348.8559875488281,350.08685302734375,352.0682678222656,354.9296569824219,359.06072998046875,362.5028991699219,367.1056213378906,370.93853759765625,374.73980712890625,378.3372802734375
sample_3db980bcf29b2673,459.0378112792969,451.03265380859375,441.284912109375,436.69183349609375,427.5433349609375,425.2096252441406,433.7723388671875,441.39776611328125,445.0707702636719,451.3943176269531,459.6614074707031,461.4686584472656
sample_f13d4bcf2af616b3,422.1391296386719,420.28631591796875,423.23846435546875,440.2144470214844,460.1822509765625,483.65277099609375,503.978515625,528.723388671875,553.0054931640625,568.4041748046875,565.3739013671875,538.3388671875
sample_1529cfcba486f3d8,344.9093933105469,368.58856201171875,389.9652099609375,404.1543273925781,423.5195617675781,436.95574951171875,452.2140197753906,459.4488525390625,465.7601623535156,470.28265380859375,479.4674987792969,481.1947021484375
sample_8efface64348ef04,545.7429809570312,540.6810913085938,532.3839721679688,522.9498901367188,518.2894287109375,515.7268676757812,517.57861328125,521.1740112304688,527.858154296875,533.1126098632812,535.219970703125,530.3697509765625
sample_c6edd7a79b0b820c,318.38140869140625,322.8067932128906,328.0962829589844,342.6549377441406,364.4346923828125,380.349365234375,379.56256103515625,400.2148742675781,420.7540283203125,424.8172912597656,431.34027099609375,424.23046875
sample_f4631c0f7244ed21,489.1068115234375,484.1575012207031,474.84234619140625,465.9583435058594,455.09478759765625,444.54034423828125,434.451171875,426.6790771484375,418.6448974609375,412.77410888671875,406.26434326171875,402.41522216796875
sample_0b255c3e97d8af99,384.95538330078125,386.0483093261719,385.3796081542969,384.52886962890625,381.7575988769531,378.74798583984375,376.8218688964844,375.1028747558594,371.97137451171875,370.6878967285156,368.5028381347656,367.9778747558594
sample_04afcba7523258c4,400.8586120605469,411.6441650390625,436.4333190917969,467.8704833984375,499.34417724609375,535.5416259765625,573.5064697265625,612.1472778320312,643.2430419921875,665.3688354492188,677.6353759765625,688.2219848632812
sample_b1ac813cf6be3a24,328.40753173828125,333.2619323730469,341.6941223144531,350.9275207519531,364.88323974609375,379.8005065917969,390.21392822265625,396.4962158203125,403.3117370605469,410.160888671875,423.95867919921875,424.8470153808594
sample_03a476e3fc777e0b,506.12255859375,486.15777587890625,464.6138610839844,447.071044921875,428.4336242675781,411.6884765625,397.6043701171875,386.089111328125,375.52197265625,366.2349853515625,358.26080322265625,352.3057861328125
sample_2f2693c39d9bb0c6,464.24456787109375,465.68212890625,462.1575012207031,454.9213562011719,450.1027526855469,443.8143005371094,438.617919921875,432.7842102050781,427.9775390625,422.74554443359375,419.76873779296875,415.690673828125
sample_6d3d21897de539bb,430.5028991699219,450.3677673339844,473.5191345214844,493.9382019042969,514.1936645507812,537.9161987304688,558.925537109375,582.1201171875,590.4974365234375,593.7344970703125,604.2431030273438,618.501220703125
sample_d05d689248b262b5,426.6805725097656,420.6547546386719,413.4389953613281,409.60308837890625,402.01422119140625,396.9031982421875,392.06793212890625,388.11639404296875,384.7445068359375,382.03009033203125,378.1477355957031,378.7268981933594
sample_ad319c451660326c,382.93438720703125,419.5789794921875,461.02545166015625,502.175048828125,531.957275390625,549.5868530273438,563.8906860351562,562.8828735351562,572.703125,567.6731567382812,529.0169677734375,493.4317321777344
sample_21514694c556fa47,327.10284423828125,328.0009460449219,332.0016174316406,336.8664855957031,344.1730651855469,355.24139404296875,363.3597412109375,369.80804443359375,382.212158203125,386.3208312988281,390.5549621582031,392.86907958984375
sample_22778f9d02fa9083,493.21966552734375,479.2698974609375,462.0328063964844,447.4056396484375,431.1625671386719,416.57342529296875,404.3831787109375,393.8044128417969,384.45880126953125,376.18243408203125,368.76080322265625,363.0635986328125
sample_1c5e062a2751041d,402.8211975097656,404.778076171875,405.4462585449219,402.4189147949219,400.7180480957031,397.0239562988281,394.1343078613281,390.6901550292969,387.6075134277344,383.9461669921875,382.7484436035156,380.1463623046875
sample_cbb8ea5740735914,316.5133056640625,324.2903137207031,333.667236328125,341.9948425292969,350.8208923339844,360.6667785644531,370.61688232421875,385.0555419921875,389.9581298828125,395.3688659667969,399.20513916015625,399.187255859375
sample_56155ef6642d9aaa,406.2784118652344,415.2793273925781,418.8060302734375,426.473876953125,452.79864501953125,465.433837890625,458.5360412597656,442.6046447753906,448.6177978515625,460.1041259765625,455.6212158203125,436.94085693359375
sample_0b65c2e07df23774,502.9057922363281,491.8173828125,479.6455383300781,465.86285400390625,456.5660705566406,445.34228515625,433.9750671386719,432.2146301269531,428.872802734375,425.3236999511719,417.57086181640625,412.92333984375
sample_f02ffa8842304dc5,398.63446044921875,393.56707763671875,389.162109375,386.8196105957031,383.76641845703125,381.2392578125,379.88006591796875,377.1672668457031,375.3972473144531,374.5045166015625,375.3305969238281,378.38751220703125
sample_b0ede85fbcd769a3,411.9003601074219,402.7551574707031,393.10498046875,388.8333740234375,380.0942687988281,373.4084167480469,368.3424987792969,360.3265380859375,352.9311828613281,352.6802978515625,351.72369384765625,351.6236572265625
sample_6b41b7734ea60c98,499.8439025878906,488.877197265625,477.200927734375,468.03704833984375,457.141357421875,447.2772216796875,439.1341857910156,431.16717529296875,425.52789306640625,419.22845458984375,413.930419921875,410.9239807128906
sample_fe768ef94e657eec,267.3032531738281,273.1476135253906,282.43084716796875,291.57305908203125,305.7590637207031,319.4794921875,329.02569580078125,337.00469970703125,344.2509460449219,352.5039367675781,362.8146667480469,368.45318603515625
sample_3a7db4d22f77e915,444.51251220703125,438.6120910644531,433.6476135253906,429.9176025390625,425.0025939941406,423.08795166015625,421.93988037109375,421.3265686035156,419.8571472167969,419.99505615234375,417.8102722167969,417.74102783203125
sample_1099448f0650dc86,585.49658203125,569.21484375,553.115478515625,540.7935791015625,533.8012084960938,532.415283203125,529.7506103515625,524.30615234375,518.8749389648438,513.8800659179688,507.4931335449219,499.03759765625
sample_28c4a12ada920b1b,356.2666931152344,362.1659851074219,393.349853515625,416.81085205078125,423.0257568359375,415.57977294921875,429.65765380859375,450.50640869140625,458.7540283203125,448.1035461425781,453.1203308105469,473.8895263671875
sample_324d637a09f39e00,339.0183410644531,343.320556640625,349.3604736328125,353.6864013671875,359.86187744140625,365.26690673828125,371.382080078125,376.5741271972656,382.92803955078125,395.2047119140625,401.087646484375,409.03045654296875
sample_9c24ab628efea2c6,440.2134704589844,438.69671630859375,438.5627746582031,438.338623046875,438.76763916015625,439.7168273925781,441.072998046875,442.1533203125,444.5003967285156,445.5608825683594,446.9826965332031,447.98394775390625
sample_e4b7c5cf535eab93,366.7106628417969,364.4154357910156,364.70489501953125,364.9623107910156,366.0456237792969,368.0604248046875,370.3380126953125,371.7316589355469,374.38055419921875,376.7259216308594,381.55352783203125,383.050537109375
sample_ecd66319b56a0563,628.9019165039062,624.7200927734375,617.2945556640625,607.0667724609375,598.4835815429688,587.8569946289062,579.868408203125,569.1807861328125,561.6795654296875,552.3095703125,548.19189453125,543.4674682617188
sample_b939e8aaf77d0f7e,496.19744873046875,496.9071960449219,494.05926513671875,487.5783386230469,486.7221374511719,482.3224792480469,479.5288391113281,476.8299865722656,476.6183776855469,467.4957580566406,459.58544921875,446.4143981933594
sample_33411ecceb5f39c3,475.09869384765625,462.61517333984375,449.9781494140625,439.5814208984375,427.20263671875,416.2991638183594,406.7615966796875,398.3908996582031,391.0030517578125,384.42626953125,378.53643798828125,374.3772277832031
sample_bdf7d0eb3ae885d7,304.89178466796875,307.6241149902344,312.63763427734375,317.2557678222656,324.29876708984375,333.14288330078125,342.2831115722656,349.9605712890625,358.212158203125,366.32421875,377.33233642578125,386.46875
sample_0c597872cc196b00,308.1241455078125,314.1390075683594,328.2232666015625,337.65692138671875,342.68353271484375,359.10748291015625,372.7747497558594,372.306396484375,376.0688171386719,378.466064453125,380.397705078125,380.5268859863281
sample_ef29440c1bb48328,532.8892822265625,526.3903198242188,516.9110107421875,505.90716552734375,493.60565185546875,482.7847595214844,475.22088623046875,469.8858337402344,466.14599609375,457.91455078125,454.6954345703125,447.8057861328125
sample_dabd7d5c7169ab37,352.06805419921875,350.4248962402344,351.34063720703125,353.6202392578125,358.7987060546875,368.6779479980469,382.6970520019531,391.119873046875,401.0592956542969,409.1857604980469,419.9860534667969,433.30609130859375
sample_c6e5f1c7552980e2,289.9749755859375,294.82366943359375,301.0134582519531,305.1081848144531,311.5309143066406,318.65655517578125,327.18414306640625,333.9063415527344,340.8607177734375,346.4005126953125,351.41094970703125,355.69927978515625
sample_9b66c43b40e14881,347.561279296875,352.3492736816406,360.0274963378906,371.7545166015625,395.2228698730469,419.50250244140625,435.7961120605469,453.0318603515625,447.15533447265625,447.39794921875,446.00018310546875,448.62103271484375
sample_4b4aed52576e68a7,514.8439331054688,510.7479553222656,504.28057861328125,497.91033935546875,489.4278259277344,479.24664306640625,469.3858337402344,460.8824768066406,454.5688781738281,448.7322692871094,444.0054931640625,439.6843566894531
sample_db6f08ada19b475f,312.8960266113281,318.3694152832031,324.9026184082031,328.976318359375,335.0874328613281,340.92523193359375,347.131103515625,351.065673828125,355.85101318359375,359.9778137207031,364.35797119140625,366.2067565917969
sample_afd64f03e8b87042,392.228515625,391.2365417480469,392.5042419433594,393.5736389160156,400.33367919921875,408.97216796875,411.2686767578125,418.65545654296875,442.4768371582031,449.36944580078125,433.0633544921875,437.2726745605469
sample_1d4360c32b3781b3,355.1520690917969,352.3055725097656,350.5797424316406,349.5238037109375,349.0277404785156,350.4306640625,352.3406982421875,353.4931335449219,355.44976806640625,358.4641418457031,359.3447570800781,361.2541809082031
sample_2fe476e43f376055,442.38323974609375,434.48004150390625,425.4384765625,418.6099853515625,409.2189636230469,400.48138427734375,392.8263244628906,386.2485656738281,380.5386047363281,374.37371826171875,370.0063781738281,366.6895446777344
sample_756f793454b5f99d,334.47216796875,337.2738037109375,341.214111328125,342.8007507324219,346.147705078125,348.0596923828125,350.4109802246094,351.23004150390625,353.945068359375,355.6161193847656,358.7740478515625,361.4198913574219
sample_0a1f69574827dd37,297.56280517578125,305.4051818847656,316.73748779296875,320.8795166015625,325.1954345703125,328.73797607421875,332.5538024902344,334.29278564453125,336.4996032714844,343.5132751464844,345.1123962402344,344.0970153808594
sample_90ed70403df21555,307.65264892578125,310.1310729980469,314.4152526855469,317.6684875488281,323.154296875,329.2395935058594,336.4014587402344,340.95379638671875,347.2176818847656,351.69891357421875,356.5682067871094,360.7374267578125
sample_7b65426c519a90c3,338.6291198730469,340.098876953125,344.6683654785156,349.8914794921875,356.0980529785156,363.6037292480469,373.0612487792969,385.2012634277344,393.76312255859375,400.5564880371094,416.67333984375,429.7973327636719
sample_a7b5f8c958fccd8a,443.0992736816406,451.6844177246094,455.76446533203125,456.12548828125,455.6241760253906,450.7441711425781,444.7832336425781,437.8681640625,430.89599609375,426.1780090332031,421.9521789550781,418.1570129394531
sample_22c54731c4ce5a99,334.45550537109375,335.8544921875,339.5469665527344,344.4618225097656,352.24530029296875,362.48150634765625,364.85198974609375,368.9029541015625,373.569091796875,387.381591796875,395.36944580078125,409.5843505859375
sample_e1add3c8e4cf1008,330.8887023925781,339.27520751953125,346.333984375,350.4569396972656,356.4635314941406,359.17022705078125,360.4574279785156,359.7063293457031,362.7686767578125,365.15130615234375,368.876953125,370.5192565917969
sample_7192d503e37a8b3c,341.38079833984375,348.0430603027344,358.4727783203125,370.2351379394531,384.1098327636719,397.4478759765625,411.6842041015625,424.2453918457031,432.9688415527344,439.86590576171875,443.8199768066406,441.6759033203125
sample_497f3c3cfb0da01d,638.187744140625,606.5029296875,574.9977416992188,549.7808837890625,524.9995727539062,503.72589111328125,486.17352294921875,470.92633056640625,458.46612548828125,446.50146484375,435.698974609375,426.79864501953125
sample_7c4c3d686d11b9b7,450.2152404785156,455.75762939453125,467.43072509765625,483.62384033203125,493.55938720703125,511.63873291015625,517.70361328125,520.6792602539062,523.76513671875,532.368896484375,534.2113037109375,530.6908569335938
sample_7360e49ae9736ee3,364.07525634765625,365.0989685058594,371.9810485839844,378.6606140136719,384.1046447753906,390.69915771484375,397.365234375,411.01141357421875,426.24896240234375,435.3431396484375,438.1468200683594,446.7476501464844
sample_bd63b4e76b793ae5,348.5256042480469,347.2504577636719,348.2141418457031,348.77935791015625,350.36920166015625,352.70941162109375,355.66033935546875,359.30035400390625,363.0438537597656,372.21063232421875,379.4206848144531,381.39215087890625
sample_07d6526d36f2b744,356.1926574707031,372.9991149902344,393.546142578125,411.9366149902344,426.0162048339844,439.3619384765625,450.11309814453125,459.99798583984375,469.20068359375,476.4770812988281,482.71484375,482.430419921875
sample_a341a152890dc1f5,351.513916015625,354.1064758300781,359.92254638671875,362.9499206542969,369.04229736328125,371.2888488769531,374.7821044921875,378.9469909667969,385.7773742675781,390.22760009765625,393.23651123046875,398.79620361328125
sample_e2092f8cc17ad5b7,364.3448181152344,366.3822021484375,374.28369140625,389.3077392578125,412.67242431640625,434.128662109375,448.43194580078125,472.842041015625,491.3026123046875,507.8997802734375,514.4445190429688,535.0778198242188
sample_1d4c409519fabf1f,390.74462890625,396.341552734375,402.7361755371094,402.9593811035156,410.2060546875,435.4856262207031,446.1162414550781,442.2046813964844,425.01593017578125,431.1685485839844,441.1123962402344,442.7064208984375
sample_0dbfc03fec463143,489.4468688964844,479.3077392578125,469.17364501953125,461.12896728515625,451.59246826171875,441.725830078125,432.8916320800781,425.24176025390625,418.9161376953125,412.53167724609375,407.319091796875,403.4765625
sample_d77413f941232bd5,476.9040832519531,472.492431640625,470.40545654296875,470.3328857421875,471.4960632324219,474.2319030761719,477.32952880859375,477.32745361328125,478.3387451171875,475.8871154785156,473.5480041503906,472.2667541503906
sample_3daf83a405a1cffb,296.99658203125,298.8291931152344,302.69976806640625,306.0979309082031,311.4571533203125,317.4207763671875,323.9467468261719,329.5063171386719,336.59405517578125,341.282958984375,346.70294189453125,350.76519775390625
sample_eef3cd35d5c19b67,455.41729736328125,461.62152099609375,458.4600524902344,450.02630615234375,461.1011657714844,462.7568359375,480.63629150390625,496.78436279296875,509.6001892089844,528.5782470703125,488.42333984375,476.7400207519531
sample_7cc8ef15939531fd,428.4228820800781,419.9195251464844,412.0909729003906,405.1136169433594,397.31878662109375,390.5148010253906,385.5753479003906,380.65875244140625,377.02227783203125,375.48785400390625,372.4781188964844,372.1233215332031
sample_c71358926ef4fbfe,433.2879638671875,437.1639099121094,438.3388671875,442.2471008300781,451.29876708984375,451.4207763671875,447.4583740234375,455.6046142578125,471.6417541503906,485.99334716796875,496.6803894042969,514.135009765625
sample_295f10ed97563e6c,497.8714599609375,482.6646728515625,466.9490661621094,454.1822509765625,439.8376770019531,426.9709777832031,416.04296875,405.03155517578125,397.34814453125,392.9170837402344,393.1424255371094,395.381103515625
sample_b5a1d81f98282301,612.11767578125,584.0077514648438,557.1659545898438,535.2550048828125,513.3777465820312,494.1464538574219,477.6858215332031,463.13653564453125,450.418212890625,438.4421081542969,428.115966796875,420.1168212890625
sample_d6507250ded80bae,409.1983947753906,449.2242126464844,476.69610595703125,488.4976501464844,500.00433349609375,508.4617919921875,499.43914794921875,531.65234375,542.6360473632812,572.0142211914062,596.140625,614.232421875
sample_b5a87c1060c235fa,397.6735534667969,399.0575866699219,402.9530029296875,407.82513427734375,420.0676574707031,446.6412658691406,476.0677490234375,514.486083984375,550.2503662109375,587.197021484375,626.826171875,647.5830078125
sample_9a96ed6c4a4210de,360.2736511230469,363.07330322265625,366.9294738769531,368.37109375,370.34130859375,371.26153564453125,371.21563720703125,372.73004150390625,377.1988830566406,386.30926513671875,388.893310546875,392.2216796875
sample_e10d35fdf0fbb22f,397.1169738769531,397.02294921875,395.4149475097656,391.0990905761719,388.77508544921875,384.826416015625,382.0044250488281,377.8605041503906,374.9161376953125,371.39263916015625,370.0353088378906,367.7635803222656
sample_33eb19f84d1859cd,389.29315185546875,387.73284912109375,385.7502746582031,383.648193359375,382.1623229980469,380.9683837890625,381.19976806640625,380.24017333984375,380.337158203125,380.4629821777344,380.2314147949219,379.7872314453125
sample_5be3e322cf9766dd,301.6302795410156,304.70880126953125,309.3321838378906,313.7351989746094,320.1675109863281,327.05535888671875,335.67218017578125,342.2588806152344,352.6156311035156,368.3553161621094,380.71484375,386.29962158203125
sample_16178464001d5f10,337.7563171386719,340.40496826171875,344.5959777832031,346.9743347167969,351.0947570800781,355.0773010253906,360.1126403808594,362.83514404296875,367.01275634765625,370.37847900390625,372.9317321777344,376.3294677734375
sample_e903631cc0b28436,359.799072265625,364.42596435546875,368.8466491699219,369.8924560546875,371.93255615234375,372.6718444824219,373.3775329589844,371.99951171875,372.0682067871094,370.6353454589844,370.2153015136719,368.7564697265625
sample_b496477b65018c88,401.4313659667969,441.09619140625,479.5823669433594,521.0202026367188,570.8626098632812,619.7579345703125,648.8351440429688,666.937255859375,690.463623046875,694.0071411132812,690.0557861328125,671.432373046875
sample_c3e299abfe58be1e,375.6806335449219,375.3792419433594,375.5265197753906,375.07147216796875,375.8125305175781,376.24371337890625,376.22711181640625,376.48004150390625,376.5087890625,376.4637451171875,376.54827880859375,377.26611328125
sample_a2bdbbb39d5707d3,469.2102355957031,467.2916259765625,466.104248046875,466.8633117675781,469.8984680175781,466.82305908203125,462.7813415527344,456.23675537109375,453.0386962890625,445.7020263671875,441.76788330078125,435.9637451171875
sample_a2cb229a63e2cb06,656.552001953125,638.53466796875,617.837158203125,597.9564819335938,580.4098510742188,563.0543823242188,548.852783203125,535.0755615234375,524.5132446289062,513.6265869140625,504.661865234375,497.19476318359375
sample_a2d96e44b3bd84bf,301.0199890136719,315.7198791503906,331.07305908203125,345.81890869140625,359.7394104003906,378.0707702636719,390.6318359375,399.34710693359375,408.1117858886719,414.7579345703125,412.1653747558594,415.54864501953125
sample_a6319e05c5d46c78,585.487548828125,568.8710327148438,546.004638671875,526.3709716796875,509.08599853515625,492.2470703125,479.9575500488281,468.94000244140625,460.9816589355469,453.51190185546875,445.73785400390625,439.4038391113281
sample_fbc28dd746f19561,389.9216003417969,384.93603515625,382.5371398925781,382.2415771484375,382.24237060546875,383.746826171875,386.13555908203125,388.8062744140625,390.2059020996094,393.1268615722656,394.411865234375,396.9932861328125
sample_d535b1da8f291d4e,358.9886169433594,362.4461364746094,365.8282470703125,365.7790832519531,372.441162109375,376.4317321777344,388.62042236328125,396.4927673339844,399.51922607421875,402.12530517578125,406.6313781738281,410.57281494140625
sample_b268e77ff101f9de,460.5133972167969,449.6701965332031,437.8957214355469,427.19427490234375,416.1540222167969,405.77325439453125,397.6251220703125,389.3095397949219,382.18084716796875,375.98065185546875,370.3138122558594,365.8703918457031
sample_c8d225bb6ce50823,337.27325439453125,335.86688232421875,335.1830139160156,337.8507385253906,337.28912353515625,337.4148864746094,337.0455017089844,338.1579895019531,337.95556640625,339.1068115234375,340.8246765136719,341.5027160644531
sample_cf39d45233e541b4,455.0129699707031,444.0560302734375,429.256591796875,415.7305908203125,397.902099609375,386.4134521484375,377.7266845703125,369.1163024902344,371.93792724609375,382.55059814453125,390.1495056152344,393.2369384765625
sample_b67114d28185e620,475.1236877441406,463.5807800292969,450.6452941894531,440.35076904296875,428.1408386230469,416.60614013671875,407.1982421875,398.04852294921875,390.3978271484375,383.1940002441406,377.15301513671875,372.5986328125
sample_4c5d1662165419d2,488.6907653808594,481.1131286621094,470.2719421386719,462.36199951171875,453.1439514160156,444.3987121582031,437.67431640625,430.81805419921875,425.48651123046875,417.90576171875,408.9949035644531,404.3603515625
sample_8717b52820b320d0,522.0386962890625,508.5257568359375,494.19989013671875,481.9935302734375,467.70135498046875,454.50225830078125,443.380615234375,434.099365234375,425.6322326660156,417.24456787109375,411.124755859375,406.05450439453125
sample_7f85c8d85b38e38f,476.43109130859375,462.9714050292969,449.53326416015625,439.5725402832031,428.2898254394531,418.43109130859375,409.4491882324219,401.4383544921875,393.8533935546875,387.322265625,381.6441955566406,377.4882507324219
sample_11be10f6d7bab91e,405.158447265625,419.545166015625,443.9628601074219,460.81243896484375,472.04052734375,492.33819580078125,517.519287109375,524.4251098632812,528.5802001953125,536.0436401367188,546.0787963867188,548.197998046875
sample_ed462dff4a31def3,405.60382080078125,410.8917541503906,414.2911682128906,413.01605224609375,412.76934814453125,409.35791015625,407.40936279296875,403.9278869628906,401.9246826171875,399.49365234375,397.40399169921875,394.86944580078125
sample_bacd21983a551e04,296.6097717285156,301.5571594238281,309.23583984375,317.2827453613281,329.5578308105469,341.30267333984375,351.3672180175781,369.57080078125,387.5740661621094,421.6141357421875,455.2996520996094,476.51422119140625
sample_3b65d0dd2a60d491,372.5465087890625,378.82366943359375,394.0146484375,415.1463928222656,437.2381286621094,454.8860168457031,476.88153076171875,498.39459228515625,514.6647338867188,522.530517578125,542.1070556640625,551.182373046875
sample_a68bc5135a5451b2,389.7422790527344,396.97705078125,405.6112976074219,412.51458740234375,423.5329895019531,442.40472412109375,460.5237731933594,493.6081237792969,535.5540771484375,601.3369140625,649.8226318359375,696.7648315429688
sample_ec6bf97e2b77f4c7,384.0098571777344,382.4248962402344,383.0315856933594,389.0062561035156,396.9544677734375,403.09619140625,403.751220703125,399.2961120605469,399.07098388671875,398.7667236328125,397.3581848144531,395.9761657714844
sample_4adec665eed70114,453.52545166015625,445.5333557128906,435.5494689941406,427.0474853515625,416.09326171875,406.1075439453125,397.5332946777344,390.1299133300781,383.8553466796875,377.31494140625,372.49224853515625,368.75091552734375
sample_f96367f220061b17,404.8065185546875,404.05059814453125,408.1552429199219,416.3537902832031,415.39794921875,419.4585266113281,420.7720642089844,426.02325439453125,428.4754638671875,437.4773864746094,440.300537109375,444.3049621582031
sample_caf4021378db9e62,334.0841064453125,335.77130126953125,338.8282470703125,341.1473388671875,344.3253479003906,350.49615478515625,358.6970520019531,364.20123291015625,373.84130859375,381.182373046875,384.05010986328125,378.9924621582031
sample_62eb47ea69d00d99,431.9185791015625,418.4789733886719,406.9777526855469,398.6556091308594,388.0653076171875,380.06085205078125,373.8133544921875,368.6417541503906,365.3717041015625,362.05157470703125,359.606201171875,357.80645751953125
sample_a79677cf53c5378f,372.5755920410156,376.4197692871094,380.4920654296875,382.65234375,391.27392578125,395.3812255859375,403.9315490722656,409.6961669921875,412.387939453125,407.0820617675781,403.8871154785156,403.9169921875
sample_4f9ed1fcfe97e865,290.9264831542969,295.7010803222656,301.8328857421875,306.5876159667969,314.106201171875,322.65350341796875,331.6207580566406,339.2724609375,347.1492004394531,353.3276062011719,358.7157287597656,363.8612976074219
sample_2cf96f43d079dabb,432.46240234375,449.906982421875,470.2970275878906,487.7559509277344,504.1925964355469,519.4481811523438,531.0924072265625,548.8861694335938,564.8447265625,582.0396728515625,584.0770263671875,578.7467041015625
sample_8c022faf3fe1f126,452.2540588378906,455.24627685546875,465.5826110839844,479.795654296875,491.32061767578125,494.13067626953125,499.8523254394531,507.88262939453125,501.7989501953125,495.69720458984375,500.0355224609375,514.9265747070312
sample_e1f3bb69a997217a,465.73516845703125,461.3174133300781,454.4954833984375,447.58734130859375,438.4333801269531,429.70440673828125,422.47509765625,416.0655212402344,411.909423828125,407.03546142578125,401.8553161621094,398.06976318359375
sample_af57a3baf702bc8c,377.93231201171875,376.2596435546875,380.0250244140625,389.96527099609375,392.8250732421875,392.90045166015625,391.27410888671875,391.97918701171875,391.3934020996094,396.8546142578125,405.4765625,422.33013916015625
sample_9e37716ec69721aa,394.7065124511719,394.1626892089844,392.80029296875,389.36773681640625,387.6471252441406,384.0458679199219,381.4103088378906,378.2452392578125,375.79736328125,373.21405029296875,371.96905517578125,370.4272155761719
sample_47ff65de2bb20a05,346.643798828125,347.2359924316406,349.418701171875,351.39825439453125,354.11334228515625,358.05303955078125,362.624267578125,366.6520690917969,369.43585205078125,373.2270202636719,376.6631774902344,380.3908386230469
sample_d687856425f066dc,367.0195007324219,367.0054931640625,368.05755615234375,368.61334228515625,369.7532043457031,370.7492980957031,373.2461242675781,373.52703857421875,375.7095642089844,376.34259033203125,376.7115478515625,377.7111511230469
sample_2d1e76c9e0e9d68d,480.478759765625,480.1061706542969,471.8770751953125,461.5901184082031,452.0576171875,445.01983642578125,445.1924743652344,452.7503356933594,457.9152526855469,467.0960693359375,473.34136962890625,476.8206481933594
sample_a6776959308ec6b9,353.26983642578125,353.4302978515625,353.82965087890625,353.1362609863281,354.2562561035156,357.0901794433594,363.1667175292969,365.3935852050781,373.4754638671875,376.3683166503906,379.5885314941406,387.445068359375
sample_e4992f6744e74925,479.4773254394531,506.6669921875,531.9110717773438,560.2171630859375,581.2241821289062,586.0614013671875,566.700439453125,537.3911743164062,514.6892700195312,494.07501220703125,481.1119384765625,473.10455322265625
sample_74f18ff1f4292b5e,507.1728210449219,541.2117309570312,576.0255737304688,604.536376953125,629.3043823242188,657.7996826171875,687.3525390625,704.218505859375,702.867919921875,700.5982666015625,695.1795043945312,683.2713623046875
sample_d29a55151f850b82,446.50384521484375,441.1000671386719,433.9256896972656,427.43817138671875,418.6518249511719,409.9889221191406,402.6005859375,396.1197509765625,390.9658508300781,385.552001953125,381.37652587890625,378.2931213378906
sample_664648f19c3c3ccd,330.71728515625,332.5847473144531,334.5989074707031,337.0892639160156,338.90618896484375,343.83782958984375,347.8977355957031,348.5656433105469,347.89141845703125,349.56072998046875,350.2806701660156,352.757568359375
sample_eb6bdcb1f45136d0,352.1341857910156,355.7514343261719,365.13836669921875,375.9275207519531,391.53350830078125,409.1822509765625,423.06903076171875,433.0284423828125,440.98406982421875,446.6511535644531,450.57525634765625,462.3388977050781
sample_e64e92f3270dc8e3,389.752685546875,386.9676818847656,385.5726623535156,390.442138671875,395.2528076171875,407.0165710449219,412.2575378417969,411.6944274902344,402.5224609375,405.1168212890625,403.61724853515625,403.5244140625
sample_ae630b349e9c4659,345.4335021972656,345.13525390625,347.1119689941406,348.34857177734375,350.46466064453125,353.6971435546875,357.87103271484375,360.7554626464844,365.59423828125,369.4966125488281,372.89111328125,376.93475341796875
sample_36bb2b7fc0dbc7a5,422.1328125,424.2877197265625,424.7482604980469,422.97894287109375,420.5105895996094,417.1608581542969,414.1092224121094,411.6571044921875,408.4805908203125,405.8438720703125,403.6106262207031,401.2567443847656
sample_26a64e1a574a768f,397.6784362792969,414.7109375,427.96246337890625,431.7431335449219,438.5994873046875,441.18402099609375,445.51666259765625,444.6521301269531,445.78253173828125,438.76446533203125,434.3040771484375,427.4624328613281
sample_0ad1691874d06842,506.3323974609375,497.3545227050781,487.5628662109375,478.28619384765625,467.1799011230469,456.1136779785156,446.74932861328125,436.44854736328125,426.8337707519531,417.3013916015625,409.68572998046875,403.4869689941406
sample_de1dd493ab858862,362.89990234375,377.95025634765625,395.9898681640625,410.1495666503906,428.3902282714844,440.16925048828125,451.06134033203125,459.3606872558594,471.4132995605469,483.64520263671875,495.02581787109375,507.4194030761719
sample_673731f1eaac47f0,474.09869384765625,461.700439453125,450.2283020019531,442.0201110839844,432.6537780761719,424.1866455078125,416.65167236328125,410.7739562988281,405.71875,401.8834533691406,397.79791259765625,395.140869140625
sample_638aec18759818d8,297.6356201171875,301.5870666503906,308.0827941894531,313.2900390625,318.96832275390625,325.02374267578125,330.6317443847656,334.4317626953125,338.9822998046875,345.6658630371094,353.106201171875,360.257080078125
sample_c27696cccd07518e,401.0794677734375,425.75640869140625,447.410888671875,462.47039794921875,477.8206481933594,490.90826416015625,499.4999084472656,502.51324462890625,508.4717102050781,511.31573486328125,515.504638671875,514.9817504882812
sample_894bec9b10541efa,337.8320007324219,338.43341064453125,340.1994323730469,341.37384033203125,342.81658935546875,343.8363342285156,343.9184265136719,347.2012023925781,346.15423583984375,347.8975524902344,351.8515625,357.00933837890625
sample_2d837ea29cf03905,334.4816589355469,360.48468017578125,394.41009521484375,410.8414001464844,428.12017822265625,452.341064453125,459.64093017578125,479.43194580078125,495.09832763671875,511.83648681640625,527.564697265625,533.16162109375
sample_295080834a3b5591,441.9012145996094,431.6935729980469,420.97930908203125,411.6660461425781,402.0298767089844,392.56048583984375,385.40911865234375,377.28582763671875,371.01373291015625,365.0394287109375,360.4745788574219,356.0311279296875
sample_13f343e1be725868,440.2016906738281,446.6400451660156,452.9306640625,452.6783447265625,450.960693359375,444.08648681640625,439.4678955078125,434.2936706542969,428.4332275390625,421.8780822753906,418.0821228027344,414.35455322265625
sample_fd44a50e26b36d62,570.478759765625,569.5358276367188,564.8870239257812,556.314208984375,551.396728515625,543.9796752929688,537.8034057617188,529.343505859375,522.9634399414062,516.8704223632812,513.652587890625,508.83404541015625
sample_cca0aca4d68c78da,341.4937744140625,341.8313293457031,342.9103698730469,344.37945556640625,344.683837890625,344.6084899902344,343.66864013671875,344.13531494140625,341.75347900390625,342.9918212890625,345.2588806152344,349.2439880371094
sample_fdd310d01fe38464,546.286865234375,526.0256958007812,504.61358642578125,486.624267578125,467.95819091796875,451.04290771484375,436.83721923828125,423.2484436035156,411.5350341796875,402.20391845703125,394.87213134765625,393.97265625
sample_9bd843d7b3419917,410.35516357421875,406.62982177734375,403.5306091308594,401.7707824707031,399.03277587890625,397.4064025878906,397.2400207519531,396.81640625,395.85162353515625,395.6299743652344,395.1006774902344,394.73126220703125
sample_2828b78d4566b2fc,419.9957275390625,426.4366149902344,439.44500732421875,461.4520263671875,488.81390380859375,517.9248046875,547.7146606445312,582.9810791015625,615.6469116210938,645.6468505859375,664.0098876953125,675.3544921875
sample_7b5fa43dd86dfb7b,325.73443603515625,332.4887390136719,342.458740234375,361.3851318359375,381.67449951171875,403.90185546875,415.29547119140625,408.9131774902344,402.80194091796875,408.4884033203125,408.2890625,409.1317443847656
sample_48bd13791d590235,330.79412841796875,332.433349609375,336.9670104980469,340.65155029296875,347.4698181152344,354.9010009765625,363.2313537597656,368.16058349609375,377.5560302734375,382.3660583496094,388.5196228027344,393.09375
sample_ad276ba82ef6f516,340.1028747558594,346.2435302734375,354.861328125,360.7541198730469,372.4017333984375,382.3105773925781,388.77020263671875,391.3063659667969,396.09710693359375,399.7158508300781,405.26080322265625,406.7535095214844
sample_f8957f65679125af,585.4691772460938,576.8958129882812,566.4244384765625,552.02978515625,540.7921752929688,528.6748046875,518.4912719726562,508.60107421875,501.2350769042969,493.4451904296875,487.8111572265625,481.818115234375
sample_767f2a7538d90fa3,307.6781311035156,313.8938293457031,321.861328125,327.2746887207031,336.7012634277344,344.8048095703125,353.2261962890625,358.97076416015625,365.5417785644531,370.0953369140625,376.2484130859375,379.4720153808594
sample_3f829d4bed4db2e0,315.6947021484375,316.68572998046875,319.7218017578125,322.28704833984375,326.29669189453125,332.6438903808594,340.3497009277344,345.6656494140625,354.1016845703125,362.386962890625,369.5889892578125,375.8736267089844
sample_2fe779a4788ee848,470.1544494628906,506.69317626953125,543.693359375,580.3331298828125,613.3587036132812,639.948486328125,671.3460693359375,706.31005859375,725.9281005859375,725.5242919921875,728.9745483398438,723.5518798828125
sample_aeb337616a70f9c8,342.97088623046875,349.8872985839844,363.93182373046875,370.89642333984375,377.99627685546875,385.6254577636719,390.21649169921875,394.01483154296875,397.1968994140625,396.5564880371094,394.29791259765625,392.5966796875
sample_b3713c89926bc4a8,419.6703796386719,412.21148681640625,405.14691162109375,401.0486755371094,393.30108642578125,387.2527770996094,382.4039611816406,379.106201171875,375.4039611816406,373.5986328125,369.53729248046875,369.22979736328125
sample_f10a163fe8503ab2,310.5166931152344,321.55615234375,337.5722351074219,351.677001953125,358.5994873046875,364.614990234375,365.9183349609375,379.7436828613281,411.93182373046875,436.1806640625,453.94097900390625,444.42718505859375
sample_f04305d2922dbc37,468.6453857421875,458.2630310058594,445.75653076171875,438.9797668457031,437.4434814453125,434.0442810058594,426.72735595703125,420.66552734375,406.00067138671875,393.83148193359375,384.0320129394531,382.0330810546875
sample_c05e56351d201561,522.540771484375,516.0106811523438,507.42523193359375,499.46197509765625,489.2569885253906,479.0935363769531,470.2279968261719,460.5909423828125,452.3000183105469,445.862548828125,439.7855224609375,435.3061218261719
sample_7873455f9268567a,372.494873046875,397.08514404296875,423.5218505859375,446.678466796875,469.29815673828125,489.9822998046875,511.5801696777344,532.381103515625,553.523193359375,569.7353515625,584.327880859375,598.3570556640625
sample_a0c7e02f9f9e860b,285.2044372558594,290.6125183105469,299.7778625488281,307.20050048828125,318.87054443359375,329.8813781738281,342.8930969238281,356.7640075683594,368.58929443359375,378.7308349609375,383.7007141113281,386.6759033203125
sample_066c5a22276e3511,438.1239929199219,436.726318359375,432.4169006347656,426.4655456542969,421.2015686035156,415.04534912109375,410.4476318359375,405.8011474609375,400.7888488769531,396.4822082519531,392.62255859375,389.5822448730469
sample_8811526c3b59e7ae,345.7752380371094,362.88836669921875,379.48980712890625,387.76812744140625,407.40185546875,423.83856201171875,431.04449462890625,439.75390625,445.4350891113281,464.0057678222656,442.27490234375,427.4609680175781
sample_096a509ade4dc0d4,460.4682922363281,455.54248046875,449.1341857910156,443.70306396484375,437.771484375,431.6776428222656,426.06243896484375,421.55706787109375,416.515625,411.8741149902344,407.986083984375,405.3957214355469
sample_1f4224ac4141080d,628.1107788085938,615.1949462890625,598.8113403320312,582.10888671875,566.9259033203125,552.7819213867188,541.4530639648438,528.7908935546875,519.1507568359375,509.05413818359375,501.0541076660156,492.7311096191406
sample_489bd7bc5e73cc9d,429.3749084472656,421.7871398925781,413.7024230957031,406.8414306640625,399.0567626953125,391.9537048339844,386.0481872558594,380.46551513671875,375.8725891113281,373.86395263671875,378.53729248046875,382.3937683105469
sample_68eb9c8fb82be7ca,368.7743835449219,366.854248046875,365.2714538574219,364.5498046875,363.2973937988281,364.7295837402344,366.7912902832031,365.30499267578125,363.9040832519531,363.0813903808594,360.22216796875,361.1871643066406
sample_d4b4978393b04209,412.1349182128906,406.9253845214844,401.43951416015625,396.01678466796875,389.4648132324219,384.27215576171875,381.46832275390625,377.6214599609375,374.2325134277344,370.189453125,368.3716735839844,370.27752685546875
sample_1e7da629c8cb986e,467.83758544921875,489.6477355957031,505.0210266113281,514.5753173828125,528.0430908203125,537.471923828125,547.8970336914062,557.6420288085938,573.5714721679688,594.8248901367188,611.004638671875,618.9564208984375
sample_a2ec7fa119e36bc4,400.329833984375,398.0997619628906,395.1699523925781,397.4913330078125,400.97113037109375,405.8773498535156,412.6380920410156,418.1080017089844,422.716796875,425.31463623046875,424.5936279296875,421.5393981933594
sample_81cbbd11fc479d2f,309.55718994140625,317.4523010253906,328.3064880371094,336.7722473144531,351.29736328125,367.87884521484375,380.5587158203125,408.99456787109375,412.2420654296875,405.9300537109375,421.8667907714844,433.77069091796875
sample_e7c5342d0e86a52e,478.1734619140625,480.3377380371094,477.7757568359375,471.43011474609375,466.456298828125,460.377197265625,456.0545349121094,451.5537109375,447.9145812988281,443.7644958496094,440.9895935058594,438.5460510253906
sample_f612c88bd90c36b4,470.242919921875,462.51409912109375,452.53570556640625,444.86602783203125,434.9812316894531,422.6036071777344,410.1413269042969,399.0587158203125,390.72528076171875,385.51611328125,381.64862060546875,380.58697509765625
sample_f580b91fd470732c,503.808837890625,492.8173828125,478.6730651855469,465.63946533203125,451.0399475097656,437.1654357910156,428.19110107421875,419.0722351074219,411.71240234375,405.474853515625,398.79437255859375,395.04669189453125
sample_0534a8b83647fb15,363.93878173828125,363.9333190917969,366.1343994140625,367.91552734375,369.76025390625,372.5345458984375,377.1123046875,379.1596984863281,383.1869812011719,386.6110534667969,388.3106994628906,390.5222473144531
sample_926a13a9467b51ab,329.7271423339844,330.92572021484375,332.890380859375,334.5391845703125,337.9591369628906,342.7424011230469,347.3175354003906,350.2622375488281,352.9553527832031,358.347412109375,361.7855224609375,361.6129150390625
sample_358d2a03d53d424d,388.6524963378906,385.5093078613281,385.28802490234375,386.7928466796875,387.0376281738281,388.1950988769531,390.38958740234375,390.6050109863281,392.99810791015625,396.18316650390625,395.71044921875,395.5263671875
sample_0ba550006d6a3851,453.4454345703125,457.23406982421875,455.37359619140625,450.5801086425781,445.42449951171875,438.64251708984375,433.0267333984375,428.33843994140625,423.7458801269531,419.8580017089844,416.7647705078125,413.378173828125
sample_8cdd79b801a9d801,343.3594055175781,345.29071044921875,353.4222106933594,367.6210632324219,397.2603759765625,427.0003356933594,431.23529052734375,437.09283447265625,452.9470520019531,449.0340270996094,460.6636047363281,468.5538330078125
sample_b146a6381d04ee5d,329.0926208496094,329.7574157714844,331.5186462402344,332.79296875,335.26806640625,338.84637451171875,343.401123046875,346.8808898925781,351.7454833984375,356.99560546875,361.54302978515625,370.55157470703125
sample_08d621943afe6e9d,442.56610107421875,436.0811462402344,429.10577392578125,423.99139404296875,417.5580749511719,412.19256591796875,407.5811767578125,403.282470703125,400.4679260253906,396.51019287109375,393.1477355957031,390.950927734375
sample_792fc11ec1a53ceb,385.8407287597656,391.486328125,398.50054931640625,402.9940490722656,413.57049560546875,412.0875244140625,417.4742431640625,443.45892333984375,450.46795654296875,442.6915588378906,424.81378173828125,430.7090148925781
sample_24c934195db96a20,369.93231201171875,367.9558410644531,367.8786315917969,368.454345703125,368.4956970214844,369.463623046875,372.1092834472656,374.2440490722656,375.6399841308594,377.57720947265625,378.6835021972656,381.660400390625
sample_a31427c8151f5923,321.0492858886719,323.75555419921875,326.3669128417969,329.4208984375,331.3446044921875,332.9770202636719,332.9339599609375,334.6283264160156,336.79974365234375,340.8760986328125,341.51080322265625,341.7840270996094
sample_bb64cdbcc51ea771,370.50433349609375,367.6626892089844,365.7464294433594,364.0361022949219,363.29638671875,363.7306823730469,366.11334228515625,371.17449951171875,376.0952453613281,381.69921875,389.79766845703125,399.2427062988281
sample_36ce55e225a328e3,318.36602783203125,322.8929443359375,328.9579162597656,332.9097900390625,338.8370666503906,343.7009582519531,350.3193359375,353.7673645019531,358.5582275390625,361.7404479980469,365.34649658203125,367.7096862792969
sample_cfc68f42fcf3722e,364.3106689453125,364.786865234375,368.5871276855469,372.6879577636719,378.734619140625,385.8992004394531,392.6482238769531,399.3673400878906,407.66888427734375,415.5064697265625,420.2625732421875,426.3733215332031
sample_cfbab6f03f703288,434.05462646484375,428.7269592285156,423.8009338378906,420.4804992675781,415.8221740722656,412.4982604980469,411.82281494140625,409.7469177246094,410.1477966308594,412.5980529785156,411.51611328125,411.7358093261719
sample_4da1b9cef7f3c28e,588.2781372070312,583.2214965820312,574.0784912109375,559.8829345703125,550.0816040039062,537.2157592773438,528.6309814453125,510.44512939453125,497.98779296875,488.4296569824219,482.09295654296875,475.5986328125
sample_3bcafe95801dcd65,591.5135498046875,584.0532836914062,571.660888671875,558.7329711914062,545.0298461914062,531.4267578125,517.6083374023438,506.28582763671875,499.445556640625,493.9495849609375,491.24224853515625,483.7077331542969
sample_35af6633c86c708a,596.6763916015625,568.1673583984375,538.55517578125,515.4453125,493.7279968261719,474.7999267578125,460.07781982421875,446.69244384765625,435.6047058105469,425.5528564453125,416.2767333984375,410.44281005859375
sample_9828d3eb71753a82,428.94415283203125,465.1210021972656,489.24871826171875,518.86865234375,547.3064575195312,551.06787109375,556.21923828125,577.1879272460938,596.6944580078125,589.9608154296875,595.5752563476562,599.0427856445312
sample_c4e7506826102ae7,346.1171569824219,352.31610107421875,364.2088623046875,375.47467041015625,386.0591125488281,394.80841064453125,399.2514343261719,404.713134765625,409.5330810546875,414.4626770019531,418.72723388671875,419.1388854980469
sample_af8100a241fadaad,530.9765014648438,544.0018310546875,563.7115478515625,579.8681030273438,598.8899536132812,617.2950439453125,633.0587158203125,630.9810180664062,628.34619140625,620.3945922851562,619.0125732421875,609.7979736328125
sample_9c9796ec38500d4d,409.3323974609375,400.8768615722656,392.92425537109375,389.70111083984375,383.2321472167969,379.0794982910156,376.6843566894531,373.048583984375,371.4679260253906,369.97979736328125,367.5426025390625,366.9754333496094
sample_7a5291e5a88ac466,361.4760437011719,373.8759765625,392.79486083984375,415.94390869140625,441.3923034667969,470.43597412109375,503.03033447265625,543.2218017578125,579.4796142578125,609.6341552734375,621.3668212890625,630.1181030273438
sample_5ae91582f0cd3e6e,343.0727844238281,345.1470642089844,348.4220886230469,350.1473388671875,353.55975341796875,356.974609375,361.928466796875,365.22833251953125,369.96942138671875,372.53106689453125,375.7254638671875,377.66583251953125
sample_35741a5551462abc,320.7466125488281,323.2424011230469,327.0611877441406,329.08160400390625,332.1537780761719,334.6876525878906,338.50445556640625,341.5639343261719,344.3251953125,346.7754821777344,349.2228088378906,350.196533203125
sample_35d2cae9b37bb1e5,379.0679626464844,390.15521240234375,398.0436096191406,400.5577087402344,404.5958557128906,404.20849609375,404.0418395996094,401.6114196777344,400.7025451660156,398.5206298828125,397.5938415527344,394.697509765625
sample_0a13ca03eb6ccdf1,414.9012145996094,406.52716064453125,398.7577209472656,394.039794921875,388.5697021484375,384.3688659667969,381.9521484375,381.7265625,380.28460693359375,380.77691650390625,379.7904052734375,380.9973449707031
sample_5fe7941bd696b993,380.9685974121094,381.5755310058594,382.6965026855469,382.6148376464844,383.1810302734375,383.8113098144531,385.4176330566406,384.32769775390625,385.62567138671875,385.0565185546875,385.02001953125,384.95794677734375
sample_903f858bd3a84dd2,291.60821533203125,295.2210998535156,301.24896240234375,307.5456848144531,317.52484130859375,323.55322265625,332.07257080078125,339.2860107421875,345.7609558105469,351.3485107421875,355.3332214355469,353.9259033203125
sample_93257564b0c5d44e,310.3006286621094,313.3516845703125,318.41552734375,322.3218994140625,329.7113342285156,338.5562744140625,347.5062561035156,354.5809326171875,355.4540710449219,359.6260070800781,365.1424255371094,369.70513916015625
sample_4a3f89a3171077ee,305.6619873046875,311.80853271484375,318.9723205566406,322.3650207519531,327.78131103515625,333.89666748046875,339.7336120605469,344.94024658203125,350.7696533203125,355.3052978515625,359.8606262207031,361.8155212402344
sample_ae253f625a312e89,397.34613037109375,399.9593200683594,402.4638671875,405.89166259765625,412.24200439453125,415.3174133300781,413.70111083984375,410.3266296386719,409.9478454589844,409.19256591796875,404.806396484375,400.90045166015625
sample_8c203a1ae62fffb7,393.158447265625,404.9866943359375,414.4605712890625,424.3778381347656,439.52447509765625,452.80767822265625,463.1641540527344,466.3911437988281,477.0664367675781,497.2156982421875,515.9727783203125,523.0953979492188
sample_fbba29fc9f93afb2,354.9615478515625,357.00787353515625,359.3109436035156,359.70074462890625,361.6436462402344,362.6369323730469,362.8919677734375,364.132568359375,369.3323059082031,375.92724609375,374.6278381347656,380.42120361328125
sample_d7044c2847cbb7ca,463.5811767578125,469.64862060546875,473.9997253417969,473.7108154296875,471.7914123535156,464.5469970703125,457.9894104003906,452.9584045410156,449.12481689453125,445.26068115234375,441.62408447265625,439.8397216796875
sample_e9c5e7b60c4642e8,401.63311767578125,395.940185546875,387.5644226074219,384.12445068359375,376.2397766113281,366.9317626953125,364.69696044921875,361.4418029785156,363.75201416015625,374.5028381347656,372.53466796875,373.60028076171875
sample_a0cdde9bcec8d32b,379.6439514160156,383.8929443359375,387.2978515625,386.7182922363281,387.81622314453125,386.52294921875,385.37176513671875,382.9232482910156,381.1170959472656,379.01837158203125,377.5350341796875,375.91412353515625
sample_c3199912b3ff4df8,328.42706298828125,337.85498046875,349.8210754394531,358.75689697265625,369.09765625,378.3810119628906,387.9448547363281,396.5674133300781,404.6435546875,414.2872009277344,422.29345703125,425.73077392578125
sample_76818792c67c795d,430.84588623046875,431.5499572753906,426.9241943359375,426.5498046875,424.0128173828125,422.6346130371094,422.73260498046875,427.0736389160156,427.2137145996094,431.8517150878906,431.6919250488281,427.396240234375
sample_fa12e960c3788790,319.40234375,341.10504150390625,365.7979736328125,385.54302978515625,403.4445495605469,417.4517822265625,434.4455871582031,445.42852783203125,459.5301208496094,466.2962341308594,473.58587646484375,476.2960205078125
sample_ce5869f56a9b281c,369.24420166015625,377.1046447753906,384.750732421875,387.2170104980469,387.4873352050781,390.32891845703125,386.20611572265625,384.6317443847656,378.1305847167969,384.0312194824219,390.0642395019531,390.4476623535156
sample_f6d104569e503ce6,674.820068359375,665.2582397460938,652.6742553710938,635.7313842773438,619.9406127929688,600.6773071289062,586.7195434570312,573.156982421875,560.7472534179688,549.4700927734375,539.8685913085938,533.619384765625
sample_3758900b4cb88d15,426.1007995605469,426.1815185546875,424.0025634765625,418.8343811035156,415.0840148925781,410.09576416015625,406.2400207519531,401.87744140625,397.4178466796875,393.4126892089844,390.37298583984375,387.4363098144531
sample_adca702317b4ca73,333.12255859375,352.2247009277344,382.52044677734375,409.00750732421875,429.6965026855469,465.1907958984375,496.933349609375,514.7201538085938,538.2909545898438,555.125,570.7095336914062,585.2349853515625
sample_28ff2b0cac264234,385.1379089355469,390.466552734375,396.0411376953125,400.182373046875,405.3555603027344,411.8663024902344,413.7222900390625,417.61480712890625,420.6461181640625,422.0716247558594,419.6861572265625,420.7749328613281
sample_f0c72af2ed7ffa28,348.4631042480469,361.06787109375,380.0171203613281,401.2906799316406,425.3167724609375,452.0621337890625,476.3731384277344,509.5302734375,543.3302001953125,572.92578125,601.0381469726562,626.66748046875
sample_7ea1ea98e4fc3948,317.02294921875,323.0881042480469,337.8894958496094,344.4903869628906,359.39666748046875,370.3299865722656,383.989501953125,394.41827392578125,400.6934509277344,401.0326232910156,400.4569091796875,398.135009765625
sample_30215207bebd9b78,305.9407653808594,309.558349609375,324.1114807128906,346.0302734375,363.82452392578125,367.3414611816406,390.288330078125,414.5945739746094,418.0294189453125,427.45477294921875,422.6212158203125,428.44085693359375
sample_e7dc2f7966640d85,526.461669921875,514.7960815429688,501.200927734375,488.3338317871094,477.42822265625,467.5155334472656,455.94854736328125,447.62139892578125,437.1050109863281,426.8509521484375,415.72900390625,409.1629333496094
sample_046b0c7e6d87d04c,384.18438720703125,382.23834228515625,382.8232116699219,384.58905029296875,388.26373291015625,399.0657958984375,408.6606750488281,418.7774963378906,430.78924560546875,437.286376953125,437.7599182128906,436.2694091796875
sample_b12a3d75f6bb1cba,378.5550537109375,374.2685852050781,372.53741455078125,375.4988098144531,377.3357849121094,380.975341796875,386.1653747558594,382.72662353515625,384.6917419433594,392.6918640136719,397.23077392578125,398.6953125
sample_41c003acdcaac005,464.26129150390625,452.7107849121094,438.2007751464844,425.90399169921875,412.6527404785156,400.51373291015625,390.7350769042969,381.9671630859375,373.9076232910156,366.2027587890625,360.5187683105469,355.823974609375
sample_798ec5ba1f89b0f0,590.5780029296875,579.201171875,565.450927734375,551.9370727539062,540.9031372070312,532.1356201171875,526.553955078125,525.1943359375,523.8054809570312,522.8780517578125,525.8023071289062,532.5132446289062
sample_3d91e39d784ae1e6,342.371826171875,345.0943603515625,347.91839599609375,348.74603271484375,350.2840270996094,356.000732421875,363.5979309082031,372.6825866699219,380.6482849121094,384.137451171875,383.9732666015625,388.7148742675781
sample_df26e7789d5d7644,430.9067077636719,427.2629089355469,422.00982666015625,417.4314880371094,410.96612548828125,404.45208740234375,399.2843017578125,395.51300048828125,389.75421142578125,386.191162109375,382.39862060546875,380.4466857910156
sample_104f9f78f01bed22,437.3638610839844,432.23040771484375,429.6618957519531,427.3482360839844,425.297607421875,422.80523681640625,422.7280578613281,422.32318115234375,422.6108703613281,422.4576110839844,421.439453125,420.9149475097656
sample_9576bc5f3c045801,443.052734375,437.6183166503906,432.25909423828125,429.0256652832031,424.54693603515625,420.493408203125,418.4308166503906,414.4079284667969,411.4417724609375,408.7941589355469,406.4277648925781,404.41375732421875
sample_10b3d65b3a9302ad,403.5079345703125,398.0512390136719,391.8976745605469,389.3063049316406,383.865234375,380.24053955078125,378.0207214355469,377.285888671875,375.5621643066406,375.1875,373.52008056640625,375.82427978515625
sample_ebb9617dfd764857,338.11865234375,337.1086120605469,335.7261047363281,335.57440185546875,336.5351257324219,336.3859558105469,338.8666076660156,339.7672424316406,339.1095886230469,342.5568542480469,342.7486267089844,345.3667297363281
sample_cd7d96c4274c5ee6,351.5220031738281,354.77276611328125,359.3946838378906,361.44549560546875,364.72906494140625,368.5089111328125,373.80023193359375,382.4351501464844,389.8934020996094,398.1563720703125,403.1517028808594,407.04083251953125
sample_bb57fbbe20855315,347.6240539550781,350.1778564453125,352.2069091796875,353.9243469238281,358.8382873535156,364.904052734375,374.2452697753906,384.9809265136719,384.8684387207031,387.0213317871094,388.61370849609375,399.32037353515625
sample_49f89367ef597992,360.4288330078125,362.2009582519531,365.0121765136719,365.13018798828125,367.2840270996094,368.9135437011719,371.63818359375,371.99273681640625,374.16204833984375,374.51751708984375,376.5624694824219,376.8031005859375
sample_31abf37cb898b4c5,314.87664794921875,321.2968444824219,329.3334655761719,337.6718444824219,350.45849609375,363.428466796875,375.4189758300781,371.0046691894531,376.8345947265625,379.6551208496094,391.14593505859375,411.90057373046875
sample_da90c77eed48e6fd,364.7642517089844,363.0517883300781,362.9029541015625,365.3948059082031,369.39373779296875,371.9146423339844,375.85284423828125,376.7783203125,380.6883850097656,382.7887878417969,385.8484802246094,385.60943603515625
sample_e4e44cde4e871af3,372.0426940917969,372.22393798828125,375.457763671875,385.63543701171875,391.63250732421875,396.1648254394531,392.40679931640625,395.8791809082031,394.9992980957031,396.0555114746094,392.9096374511719,392.5942687988281
sample_688e2386b9a45c88,327.9552307128906,337.1087646484375,349.0154113769531,355.0867614746094,365.08447265625,375.85943603515625,380.98236083984375,383.1368713378906,386.2337341308594,388.9670715332031,393.8411865234375,395.97235107421875
sample_b962553a6f9b045f,530.8392944335938,516.4893188476562,497.421875,481.2072448730469,464.56243896484375,449.4986572265625,436.9549865722656,425.24169921875,415.56512451171875,406.54296875,398.9887390136719,392.7330627441406
sample_d46e981f14b137ad,478.4020690917969,517.0123291015625,551.9166870117188,584.1685791015625,621.1600341796875,650.6961059570312,673.13134765625,703.84228515625,735.5072021484375,753.3919677734375,752.684814453125,752.8661499023438
sample_a6a8ef9c852550f5,356.690673828125,356.9035339355469,357.5872802734375,362.4645690917969,363.2882080078125,365.2369689941406,366.89471435546875,369.1062927246094,372.1143493652344,374.5703430175781,382.4869384765625,385.7966003417969
sample_b92b88a27c3cece3,530.0562133789062,515.7561645507812,497.5880432128906,481.40484619140625,464.5867614746094,448.70355224609375,434.528076171875,420.88916015625,408.98822021484375,402.1202392578125,395.3367919921875,389.73760986328125
sample_ae55ae0b9a8009e3,481.2622985839844,472.298828125,462.2160949707031,453.6176452636719,443.05572509765625,434.3890075683594,426.6309814453125,420.21466064453125,412.00286865234375,403.4310607910156,395.504638671875,390.1434631347656
sample_01d013ab2939d446,308.0492858886719,315.5740051269531,328.11187744140625,343.6246337890625,359.0860290527344,372.39251708984375,377.9435729980469,381.8521728515625,384.95379638671875,396.32366943359375,412.6282653808594,431.21746826171875
sample_cadc2b21fa8d3bcc,419.5158386230469,430.6689758300781,438.5437927246094,440.748046875,443.93341064453125,443.49786376953125,440.54248046875,435.81817626953125,433.1917419433594,428.123046875,425.37188720703125,420.7892150878906
sample_4f7210f3881813ce,499.47906494140625,484.3895568847656,469.47705078125,457.4637145996094,444.1007385253906,432.35272216796875,422.13092041015625,412.9603576660156,405.1333312988281,397.86846923828125,391.2325439453125,387.0538330078125
sample_50e131cae783c633,508.0248718261719,494.7451477050781,477.699951171875,463.3072509765625,447.96337890625,433.8645935058594,421.73895263671875,411.59423828125,402.6452941894531,394.52545166015625,387.22723388671875,382.05902099609375
sample_665b5ef10abdccb1,361.7439270019531,373.9076232910156,385.9335021972656,397.08990478515625,418.7642517089844,451.4639892578125,485.0872497558594,530.3438720703125,568.2931518554688,608.5855712890625,654.7342529296875,682.63623046875
sample_6219e0573ce98423,346.3948974609375,377.4565124511719,414.7447509765625,445.63970947265625,481.10260009765625,525.2561645507812,540.0692138671875,543.2489624023438,544.5123291015625,552.8237915039062,569.4656982421875,545.7155151367188
sample_9c6ed4bbfb73719a,376.2439270019531,372.9996643066406,369.01678466796875,367.02703857421875,363.0013732910156,359.8228454589844,357.1297302246094,355.9909973144531,353.642333984375,355.0538330078125,354.7524108886719,356.63604736328125
sample_2adc723943226fa4,397.9841613769531,400.0904846191406,401.7761535644531,400.799560546875,400.0584716796875,397.7492980957031,395.9649963378906,394.2611389160156,392.44915771484375,390.7735290527344,388.40093994140625,387.13922119140625
sample_4e5e59e16bf44378,351.6238098144531,359.8523864746094,379.237548828125,397.29559326171875,416.5255126953125,430.91766357421875,445.991455078125,452.5776062011719,460.6390075683594,465.40814208984375,473.177734375,473.55316162109375
sample_d048306211dc4a00,309.8126220703125,312.54949951171875,317.4501037597656,321.6606140136719,327.5359802246094,334.21588134765625,342.4852294921875,348.1266784667969,355.7284851074219,361.8096923828125,366.32794189453125,371.0931091308594
sample_335da5f7264c6c07,336.4202575683594,338.46734619140625,341.6404724121094,346.6019592285156,351.1444091796875,360.1362609863281,376.5062561035156,396.1097412109375,407.9278564453125,419.97723388671875,410.09295654296875,410.14215087890625
sample_3b600179e319d7c6,423.85015869140625,420.8598937988281,417.794921875,416.2095031738281,413.0426940917969,409.5948486328125,406.78948974609375,404.2096252441406,402.1493835449219,399.36407470703125,397.6539001464844,395.51568603515625
sample_0b98d6f07e5e568f,273.0355224609375,280.7507629394531,291.11199951171875,300.0036926269531,311.8969421386719,322.818115234375,333.561279296875,340.482666015625,348.65008544921875,354.7362060546875,361.91094970703125,364.8470153808594
sample_c6a09cabb528a8be,361.1545715332031,369.6421203613281,382.93170166015625,401.9729919433594,419.3749694824219,424.433837890625,426.9532470703125,440.40130615234375,446.2834167480469,448.3756408691406,440.54083251953125,432.4171447753906
sample_98a2edb01cd9c22f,301.421630859375,302.0561218261719,305.23736572265625,307.47283935546875,310.998046875,315.367919921875,320.99395751953125,324.8080139160156,329.4249572753906,334.6870422363281,338.8031921386719,342.7471923828125
sample_d8e1199dfc6cbcf5,473.5469970703125,474.5935974121094,468.7862243652344,461.4582824707031,454.3896179199219,446.8228454589844,439.7781677246094,433.4519958496094,427.4710998535156,422.45281982421875,417.8266296386719,415.16845703125
sample_dcf87d17ee3de1a0,531.5054931640625,532.4218139648438,525.218994140625,515.4082641601562,507.923583984375,495.0928039550781,482.07635498046875,467.5028076171875,457.62750244140625,449.3892517089844,443.4613342285156,437.8012390136719
sample_329178fb9a52a8e5,346.607177734375,362.481201171875,381.2954406738281,399.084228515625,417.06585693359375,433.2713623046875,446.14801025390625,453.7572937011719,451.923095703125,452.1117248535156,452.22015380859375,451.55706787109375
sample_bca109ac2cab2131,333.87664794921875,342.1304016113281,355.5705261230469,372.6915588378906,407.4150390625,437.0348205566406,444.53997802734375,441.25897216796875,447.2224426269531,455.22247314453125,463.92510986328125,467.9875793457031
sample_672b07ab9fc5709c,353.02691650390625,354.5059814453125,357.8349304199219,360.8288879394531,365.6441650390625,371.268798828125,377.376220703125,380.3131103515625,385.6863098144531,389.938232421875,392.54833984375,395.5231628417969
sample_cb6ffa02bba9e86a,518.746826171875,532.026611328125,540.2671508789062,541.1544799804688,542.1467895507812,539.35009765625,539.7685546875,532.4012451171875,530.4075317382812,524.151611328125,522.844482421875,520.1184692382812
sample_effadd624ddf8df1,335.16937255859375,340.8298645019531,349.8753356933594,356.2089538574219,364.84521484375,378.8321228027344,390.8930969238281,401.3470458984375,391.3443908691406,399.38299560546875,401.1468200683594,411.5798034667969
sample_a5699d864d459944,454.87261962890625,447.70391845703125,439.5358581542969,432.7341613769531,422.70654296875,414.1841125488281,406.3619079589844,399.4383850097656,393.1893615722656,387.32171630859375,382.52142333984375,378.91229248046875
sample_7a10f979b444f551,458.26690673828125,448.9982604980469,435.8405456542969,424.0458984375,408.90362548828125,392.2578125,383.11865234375,377.5231018066406,371.54315185546875,378.77947998046875,388.8623962402344,402.78759765625
sample_e97bdfa1e3a6c80d,356.16448974609375,354.2608642578125,355.4827575683594,357.7686462402344,360.5675048828125,364.8423156738281,369.4497985839844,372.1512145996094,376.52593994140625,381.325927734375,383.17291259765625,386.8818359375
sample_a4f558c221e3f4f4,356.1614074707031,357.46539306640625,359.8140869140625,361.0805969238281,368.51617431640625,377.70220947265625,385.156005859375,392.7063293457031,397.71441650390625,401.7907409667969,411.3341064453125,412.8187561035156
sample_c337b1026b9c53df,362.9606628417969,367.76177978515625,372.0133361816406,373.31402587890625,376.29217529296875,376.209228515625,376.51141357421875,375.4622497558594,374.9933776855469,372.8294677734375,372.8246154785156,371.3955993652344
sample_fdeac9e312952423,667.2539672851562,657.870361328125,646.1184692382812,632.6491088867188,618.2036743164062,603.07666015625,592.7881469726562,583.01123046875,579.445556640625,575.5613403320312,581.319091796875,575.9219970703125
sample_d085a77acd9b8018,292.0918273925781,298.533447265625,307.0837097167969,313.39080810546875,323.6455078125,332.35980224609375,341.64471435546875,347.3368835449219,354.63067626953125,358.98260498046875,364.93658447265625,366.7476501464844
sample_8841997ff19c4252,371.6817321777344,374.16839599609375,377.9499206542969,379.3705139160156,383.0848388671875,389.209228515625,394.8894958496094,394.5724182128906,396.49981689453125,397.5276794433594,399.6331481933594,402.8349914550781
sample_7959037a130c68ab,518.7393188476562,497.7698669433594,480.50299072265625,465.9645690917969,453.6855773925781,443.298095703125,432.58111572265625,423.6281433105469,414.9664306640625,407.47882080078125,400.8208923339844,397.72979736328125
sample_47e5a51b8ae26e51,620.8059692382812,601.4494018554688,577.2811279296875,552.7565307617188,530.2075805664062,509.767578125,493.6431579589844,480.8958740234375,470.849609375,462.6927490234375,455.5912170410156,450.7564392089844
sample_7d907ae1870f6da0,472.97314453125,471.5831298828125,467.274658203125,463.9538269042969,459.25225830078125,453.0137023925781,451.0084533691406,448.3791198730469,441.07513427734375,436.74725341796875,435.7563781738281,435.0192565917969
sample_b433714127d253aa,424.6463928222656,417.4693908691406,410.98046875,405.57769775390625,399.60772705078125,394.0016784667969,390.0414123535156,385.811279296875,382.5970153808594,379.8862609863281,377.36328125,375.8947448730469
sample_2efa57daf47f758c,315.9754638671875,322.085693359375,329.01397705078125,333.1089782714844,339.1502990722656,343.77264404296875,349.354248046875,351.92669677734375,356.35430908203125,357.6104736328125,361.0231628417969,361.6832275390625
sample_8eb3d36008b21be9,318.9437561035156,318.8373107910156,320.7781066894531,322.584228515625,325.6524963378906,328.164306640625,329.1834716796875,333.9029235839844,335.0975036621094,342.225341796875,344.793701171875,344.6174621582031
sample_6dcab0eff40f29eb,627.099853515625,622.7503662109375,615.564697265625,609.0167846679688,600.6270141601562,590.8236083984375,577.5307006835938,561.5061645507812,546.8207397460938,529.8455810546875,512.638916015625,501.16424560546875
sample_91823126232ca85e,402.94549560546875,400.84063720703125,399.5938720703125,398.22662353515625,397.79522705078125,396.8622741699219,396.98638916015625,395.40625,394.58880615234375,393.61724853515625,393.4868469238281,394.7872314453125
sample_55d553e12721b183,353.00042724609375,350.74468994140625,348.3367919921875,346.49072265625,345.34326171875,347.2859802246094,349.7200622558594,351.946533203125,352.178466796875,352.2901916503906,351.0175476074219,353.04229736328125
sample_f7f1e98650cb6033,469.7789611816406,478.7054138183594,484.0152893066406,483.72991943359375,484.319091796875,481.91070556640625,480.1168518066406,475.6063232421875,474.1885681152344,469.803466796875,464.6447448730469,459.26263427734375
sample_7037eb5425f2a758,342.7581787109375,343.0268249511719,344.535888671875,345.12115478515625,346.8793640136719,349.5962219238281,353.1388244628906,355.25714111328125,358.0747375488281,360.74017333984375,364.6713562011719,367.10455322265625
sample_e0a4c752280cf463,349.3141784667969,349.9834899902344,350.6584777832031,352.73883056640625,354.0026550292969,355.1857604980469,356.87933349609375,359.9825744628906,361.3974609375,369.6500244140625,377.2786865234375,384.0848388671875
sample_a8e3977ee70a27ef,391.6094665527344,386.4542541503906,383.31463623046875,380.9514465332031,379.69140625,381.5796813964844,386.7589416503906,393.7876281738281,396.5829162597656,398.9441833496094,398.4306640625,399.81024169921875
sample_b24c6e71396c1d55,350.34326171875,349.9014587402344,351.1076354980469,352.6694030761719,353.3125,355.4649353027344,357.1596374511719,357.8978271484375,356.0487976074219,356.82012939453125,356.97314453125,359.1537780761719
sample_10a6eccde63c5871,357.0061950683594,375.69171142578125,397.908203125,418.45916748046875,440.2691650390625,461.08154296875,482.81817626953125,506.63873291015625,529.9615478515625,554.3767700195312,582.8544311523438,616.78564453125
sample_f86b3ad90124904d,307.7809753417969,325.5912780761719,344.40814208984375,362.28497314453125,383.7435607910156,400.0621337890625,414.28643798828125,424.49969482421875,437.2481689453125,444.3934326171875,458.184814453125,460.741455078125
sample_3a57419ff3f95fbd,338.22509765625,367.46478271484375,406.74554443359375,443.344482421875,466.8775634765625,486.949951171875,502.682373046875,513.3031616210938,511.85302734375,511.16400146484375,508.26080322265625,507.1759033203125
sample_483ffac577acad13,316.7221374511719,319.37359619140625,324.8251647949219,329.04913330078125,336.280029296875,344.8328552246094,353.30120849609375,359.4216003417969,367.36834716796875,373.6449279785156,379.36328125,385.3106384277344
sample_b3a5d9a61a44f2f7,415.1785583496094,418.88555908203125,424.80499267578125,428.5210876464844,431.1112365722656,429.87060546875,424.8474426269531,422.411376953125,420.4972229003906,414.9111328125,410.62457275390625,406.9590148925781
sample_104c6c181bd08948,368.97967529296875,369.0293884277344,368.5892028808594,369.92010498046875,368.9381103515625,368.94384765625,369.5235290527344,372.0749206542969,373.10150146484375,373.7079772949219,374.8802490234375,376.0613708496094
sample_137061af026b4b19,441.36358642578125,458.2013244628906,474.57403564453125,487.7705078125,498.43988037109375,506.134033203125,510.0736083984375,509.0555419921875,508.1402893066406,506.9806213378906,503.7625732421875,493.1976623535156
sample_745f18112cf3bf92,344.24578857421875,343.6961364746094,345.3895263671875,347.1613464355469,349.2064208984375,352.1392517089844,355.92401123046875,360.0257873535156,365.05792236328125,370.31549072265625,373.1335754394531,377.6703796386719
sample_090065b7061c78c3,333.2542724609375,339.4952697753906,349.8474426269531,358.23394775390625,370.3084716796875,382.5603942871094,393.5890808105469,402.1572265625,410.95379638671875,418.5802307128906,425.3182067871094,430.9567565917969
sample_d09925649915a2d9,374.9515380859375,375.12274169921875,376.1703796386719,375.7561950683594,377.83856201171875,379.80322265625,382.80682373046875,384.00628662109375,391.3345031738281,399.9020690917969,413.7939147949219,422.54766845703125
sample_b77334875c381cc2,365.61285400390625,365.265869140625,368.310791015625,370.8526916503906,375.4026184082031,381.308349609375,386.35101318359375,391.0181884765625,397.6180114746094,399.1151428222656,399.0342102050781,400.6129150390625
sample_0cc42b419bb817fd,424.16937255859375,429.31817626953125,430.72845458984375,427.800537109375,427.3937683105469,424.8518371582031,421.63800048828125,421.83892822265625,425.1336364746094,427.8707275390625,426.3716735839844,425.3995056152344
sample_9967c6028ee1d75d,449.5935974121094,454.4132385253906,455.77667236328125,460.0989074707031,460.26959228515625,451.2293701171875,444.1295166015625,443.6086120605469,448.0213623046875,437.9659423828125,430.3785095214844,429.1860656738281
sample_ea237325b4b31526,326.9679870605469,329.80474853515625,334.1863098144531,336.59429931640625,340.9480285644531,344.904052734375,350.0052795410156,353.5198669433594,357.7340087890625,362.62799072265625,367.88623046875,376.98858642578125
sample_23d1f57b73eb15f3,466.8276672363281,467.15771484375,461.93658447265625,453.5155334472656,447.7393493652344,439.92132568359375,433.7739562988281,426.1265563964844,420.27587890625,414.5152587890625,410.9405822753906,406.1710510253906
sample_6161717a00e5b913,451.8976135253906,448.3345947265625,443.7455139160156,439.7449951171875,439.1166687011719,423.62353515625,416.3175964355469,409.3841857910156,401.15887451171875,391.8240966796875,387.083251953125,388.0135803222656
sample_9de55da5d02b57c0,364.6688537597656,364.4611511230469,365.0103759765625,365.2750244140625,366.2650451660156,367.4174499511719,368.6658630371094,370.0113830566406,370.8938293457031,372.28240966796875,373.1185302734375,374.3370361328125
sample_915bf0a3e0f7afed,518.1481323242188,517.4502563476562,510.3219299316406,499.4405517578125,490.16632080078125,478.93841552734375,469.25067138671875,461.0079040527344,455.50592041015625,446.53985595703125,439.86767578125,436.1833801269531
sample_0222822e56381136,543.423583984375,523.6309204101562,500.9473571777344,482.0049133300781,461.25823974609375,440.9012756347656,424.30291748046875,411.2179260253906,401.6413269042969,392.50030517578125,384.7467041015625,380.3103332519531
sample_23849ce4423098e9,611.02001953125,588.18798828125,565.279541015625,546.342041015625,529.83251953125,516.6295166015625,508.81781005859375,507.18743896484375,504.1768798828125,497.73541259765625,492.12652587890625,487.9544677734375
sample_eddb0032ca07c2dc,327.6755676269531,341.1614074707031,355.79486083984375,365.0238037109375,377.7251892089844,387.92376708984375,397.4765625,404.4725036621094,411.9145812988281,416.9178771972656,423.67596435546875,425.948974609375
sample_125259a4003fed85,413.85882568359375,407.7654724121094,401.53662109375,394.8180236816406,389.2646179199219,384.3834228515625,380.92852783203125,376.86553955078125,373.1370849609375,370.53955078125,367.9706115722656,366.03094482421875
sample_c40f96587cc49198,400.0184631347656,397.8053894042969,395.36468505859375,393.019775390625,390.5743713378906,389.2039489746094,390.9668273925781,388.8672790527344,388.9610900878906,388.55792236328125,389.3251647949219,389.5866394042969
sample_490b6150cac46a5f,464.1902160644531,455.0560302734375,446.0906982421875,439.7910461425781,432.3436279296875,428.2509765625,426.7972412109375,425.3909606933594,423.74884033203125,421.6783142089844,414.78289794921875,410.010986328125
sample_ee20efb7d0b29993,354.72052001953125,356.491455078125,359.25177001953125,359.07232666015625,361.4949951171875,363.0788879394531,365.0133361816406,365.06732177734375,366.05413818359375,367.0747375488281,368.62255859375,369.51226806640625
sample_e3996c4327e73e77,358.54656982421875,380.185546875,402.7431945800781,418.72528076171875,437.82012939453125,455.72711181640625,471.15838623046875,484.8760070800781,493.2242431640625,501.5595703125,511.4833984375,519.9544677734375
sample_4b3ec08a77b1b717,362.6476745605469,370.2177734375,380.3480224609375,383.04364013671875,390.81378173828125,399.67291259765625,405.0838928222656,419.7572021484375,422.73480224609375,428.25469970703125,439.031982421875,453.29248046875
sample_7f035344f012f4de,359.3723449707031,359.249267578125,360.5113220214844,361.4637756347656,362.76727294921875,364.5166015625,367.6408386230469,368.718994140625,371.684326171875,372.8520812988281,373.61834716796875,375.61767578125
sample_a97ec004caaa472e,356.0226745605469,358.38958740234375,362.63055419921875,366.7596130371094,376.61151123046875,389.68206787109375,403.23590087890625,408.7911071777344,412.35528564453125,411.4491271972656,414.8067321777344,413.6509094238281
sample_f305f3fe8a8e29f7,327.7757568359375,328.3698425292969,330.310302734375,331.68756103515625,334.8353271484375,338.4354248046875,343.0928955078125,345.9520568847656,350.4336853027344,354.2668762207031,357.0942687988281,359.75238037109375
sample_ae2a64519c36fae2,440.9040832519531,434.1471862792969,426.0502014160156,418.0652160644531,409.79473876953125,402.3926086425781,396.6368103027344,390.1739807128906,385.0699768066406,380.1482238769531,377.1609802246094,373.5713806152344
sample_d3f0ff56123e3c32,530.581298828125,531.8126831054688,523.4705810546875,511.70233154296875,501.8143615722656,491.1310729980469,481.8379821777344,472.67572021484375,465.0460205078125,458.8707275390625,452.1963195800781,447.17950439453125
sample_481045ef4b2b31a0,491.25836181640625,491.0662536621094,489.83514404296875,488.716552734375,488.5077209472656,487.9683837890625,487.43841552734375,485.907958984375,485.11517333984375,483.7588195800781,483.06414794921875,482.14617919921875
sample_0b76112250c1d469,333.6033020019531,338.082763671875,344.06890869140625,347.6533508300781,353.6368408203125,358.2334899902344,363.8199768066406,367.7503967285156,372.662353515625,375.634765625,378.92156982421875,380.90594482421875
sample_96a12eb96d970bd7,416.11163330078125,477.93267822265625,520.1455688476562,544.549072265625,573.7161865234375,592.4984130859375,587.2749633789062,584.5845947265625,590.04345703125,595.7313842773438,608.0381469726562,621.009033203125
sample_455f91b53c6e0cea,347.29608154296875,365.0224914550781,390.13018798828125,415.765625,443.4207458496094,471.8644104003906,504.578857421875,544.1099853515625,573.4534912109375,604.1123046875,631.603515625,656.7557373046875
sample_a4384edeb9bd0772,371.8050537109375,374.6522216796875,377.76959228515625,377.8664855957031,380.0440368652344,380.4609375,381.0287170410156,379.6461181640625,380.1810607910156,379.0072021484375,379.64166259765625,378.00262451171875
sample_c208709a1a405190,459.7499694824219,455.31414794921875,449.1484680175781,441.7776794433594,435.7278747558594,428.63629150390625,422.45989990234375,415.0214538574219,409.698974609375,403.7268981933594,400.1362609863281,395.8999328613281
sample_439c69d928b6fb95,397.0841979980469,395.9632263183594,397.6793518066406,400.2832946777344,404.6308898925781,415.2384338378906,424.0819091796875,434.7436218261719,436.7047119140625,430.1654357910156,426.0527648925781,429.1158447265625
sample_dd201bdd665568d9,323.30511474609375,329.12835693359375,335.916748046875,340.4396057128906,349.7696838378906,358.1513366699219,364.9234924316406,372.4046630859375,380.94091796875,388.4228515625,403.319091796875,418.28985595703125
sample_6d0e346ea686e35b,448.7928466796875,442.75689697265625,434.0225524902344,422.8829650878906,412.406494140625,404.55615234375,398.9058837890625,392.52313232421875,386.9311828613281,382.7808837890625,378.6106262207031,376.2408447265625
sample_b50730580e630d11,373.24609375,383.7930908203125,399.90509033203125,418.53668212890625,440.914794921875,473.35760498046875,505.42620849609375,533.3031616210938,552.0700073242188,582.04052734375,607.7766723632812,617.6907958984375
sample_333bcf9347953bc2,543.3831176757812,527.1612548828125,505.2264709472656,483.6097106933594,463.5846862792969,443.168701171875,421.337890625,409.39422607421875,400.03173828125,392.7393798828125,385.64422607421875,378.3077392578125
sample_76700a378b813348,486.7809753417969,511.1153869628906,529.2977905273438,548.4268798828125,560.8682250976562,572.861572265625,577.2191772460938,559.7437133789062,555.5307006835938,543.6895751953125,536.254638671875,529.8129272460938
sample_e780dce701d01ef8,319.7584228515625,324.61578369140625,332.777587890625,340.9109802246094,353.1579284667969,364.5920104980469,376.1971130371094,384.69281005859375,393.51129150390625,400.57684326171875,409.0549621582031,412.7372741699219
sample_7c2eddbb4d5c9cbc,349.1443786621094,353.0540466308594,357.51995849609375,359.9253234863281,363.73895263671875,364.5502624511719,364.6341552734375,365.1351318359375,366.2113342285156,364.5339050292969,364.6506042480469,363.2195129394531
sample_e939e0095fb308b4,284.7934875488281,289.1106262207031,296.5549621582031,300.6533508300781,307.799560546875,317.18603515625,325.3891906738281,332.1402587890625,337.6611633300781,340.59295654296875,346.20159912109375,353.0879211425781
sample_8357d056561184c0,476.9800720214844,475.12042236328125,477.8456115722656,473.0839538574219,464.70806884765625,456.55047607421875,450.1981201171875,454.5689697265625,454.16937255859375,458.3898010253906,477.4988098144531,496.2010803222656
sample_b99bc318eaa5b6f2,389.3486328125,399.3622131347656,411.46044921875,419.7657470703125,436.0242004394531,448.1207580566406,468.7961120605469,483.6589660644531,507.894775390625,515.1806640625,538.976318359375,543.0810546875
sample_791ccb4f8457a713,385.2204284667969,384.17791748046875,383.4761962890625,383.32452392578125,382.9186096191406,382.525634765625,383.0827331542969,382.80712890625,383.27825927734375,383.0074768066406,383.3141784667969,383.63629150390625
sample_d03044313f2987e9,399.40264892578125,390.54193115234375,381.4244689941406,375.229736328125,366.03143310546875,364.1780090332031,362.2784729003906,366.31298828125,365.9765319824219,365.0645751953125,361.54791259765625,356.8624267578125
sample_bc21a422eb36c5a9,371.60260009765625,392.7707824707031,413.1020202636719,418.8850402832031,420.47479248046875,426.26849365234375,432.389892578125,440.55047607421875,445.8886413574219,442.57684326171875,442.2713928222656,445.46551513671875
sample_74baab7fe36958b7,340.2877502441406,340.8126525878906,343.3207092285156,345.1773376464844,349.44342041015625,355.47613525390625,361.325927734375,362.09613037109375,366.58929443359375,371.7251892089844,374.8363342285156,376.1112976074219
sample_5f3291d3ac835979,588.6126708984375,586.179931640625,579.0491333007812,569.7056274414062,559.6792602539062,543.6648559570312,528.0385131835938,516.9502563476562,508.33685302734375,501.061767578125,495.120361328125,489.6366271972656
sample_3e34eb6e3686f3fc,283.281982421875,288.5485534667969,296.4304504394531,303.2827453613281,312.35101318359375,322.87957763671875,333.39501953125,341.09619140625,350.6241455078125,357.5457458496094,364.1335754394531,368.686279296875
sample_79d43dc98be67466,398.888916015625,396.3609313964844,394.59375,392.2840881347656,391.6058044433594,391.04345703125,391.7367248535156,391.5071105957031,389.8404235839844,390.1956787109375,390.261474609375,394.3890686035156
sample_c4b925abd66d0ec0,354.7585754394531,371.2232971191406,391.0732116699219,405.31488037109375,423.3152160644531,438.7242431640625,445.6150207519531,452.27252197265625,456.73443603515625,461.1758728027344,465.3455810546875,463.4447326660156
sample_4cd6f5644c05e617,348.8869934082031,374.3333740234375,410.576904296875,457.4509582519531,503.3555908203125,551.9168701171875,601.126220703125,637.0897216796875,642.1102294921875,631.0286254882812,635.4656982421875,628.6648559570312
sample_8a65b91bbcc23acc,619.4262084960938,594.9005126953125,569.4451904296875,547.6953125,525.9297485351562,505.9767761230469,489.57586669921875,474.4822998046875,461.89532470703125,450.3604431152344,440.2166748046875,431.9986572265625
sample_c3a270b752b820d9,353.12939453125,353.2206726074219,354.4348449707031,355.0687561035156,356.22320556640625,357.4830322265625,359.5111083984375,361.280029296875,361.9527893066406,363.20697021484375,364.90069580078125,366.223388671875
sample_08734fcb2c46affd,381.3598327636719,406.10711669921875,437.91015625,464.55426025390625,491.2236633300781,511.54522705078125,531.7406005859375,539.23193359375,532.90966796875,524.5770874023438,520.2342529296875,519.9758911132812
sample_9b5fcb93cc7001cc,299.41156005859375,316.9007568359375,336.1020202636719,351.27532958984375,366.7663269042969,384.0743713378906,394.9332580566406,411.48272705078125,420.37628173828125,426.9794921875,435.32440185546875,439.53045654296875
sample_dda047e9691cfb34,352.44732666015625,357.2435302734375,364.6667175292969,368.3484802246094,371.77471923828125,375.7009582519531,377.3429260253906,386.6927795410156,397.01910400390625,399.5375671386719,420.1406555175781,451.8979797363281
sample_dab95214b79a5a0a,400.6312561035156,395.5244140625,390.4814453125,385.72808837890625,381.171875,377.0593566894531,374.2703857421875,371.6926574707031,368.96563720703125,368.1077880859375,366.79571533203125,366.826904296875
sample_154a4300541c1efc,307.3576965332031,311.77362060546875,317.5827331542969,322.5130310058594,333.13153076171875,343.04315185546875,354.7352600097656,358.5029602050781,365.1968994140625,368.5079040527344,375.3924255371094,373.69927978515625
sample_766ce8b800285c5d,442.00091552734375,439.8847351074219,435.17010498046875,430.1429748535156,424.4481506347656,418.391845703125,413.17144775390625,407.7164001464844,402.9700012207031,398.75262451171875,394.76654052734375,391.69525146484375
sample_34c83e35d6a61aca,299.57098388671875,304.51983642578125,311.041259765625,316.61260986328125,323.7250671386719,330.9920959472656,339.482666015625,344.7605895996094,348.56573486328125,351.56524658203125,356.7767028808594,358.9814147949219
sample_2fc06e7d4426fdb1,544.7252807617188,547.1221313476562,543.772705078125,538.5765991210938,537.071044921875,533.2877807617188,531.1608276367188,527.9011840820312,525.8507080078125,522.8690185546875,522.567138671875,518.673828125
sample_28fdb43350e0b140,555.9668579101562,545.7018432617188,531.2015380859375,515.8136596679688,499.0526123046875,485.0748596191406,473.67364501953125,463.3197021484375,454.4217834472656,447.17169189453125,441.16009521484375,436.05059814453125
sample_dccc125f054c795e,326.9599609375,339.26593017578125,351.85003662109375,359.9237976074219,368.736328125,374.4812927246094,376.21392822265625,379.22161865234375,383.4245910644531,383.68280029296875,386.41009521484375,385.03045654296875
sample_d4bbf4d48e6c9b9e,336.8111572265625,343.92132568359375,351.5283508300781,356.1759033203125,361.9759521484375,366.1209716796875,369.9833068847656,372.16058349609375,375.7035217285156,374.4527893066406,377.05938720703125,378.0460510253906
sample_08f1b47912840523,344.40875244140625,342.135009765625,342.3195495605469,343.32208251953125,345.19287109375,347.64013671875,350.43780517578125,352.59613037109375,356.27301025390625,360.904052734375,364.5417175292969,367.9273681640625
sample_1edca7a7d6a232d1,523.4168701171875,531.198486328125,537.3059692382812,541.3408203125,541.3433837890625,538.6942749023438,537.9591674804688,537.792724609375,536.1988525390625,533.7930297851562,534.6505737304688,535.759521484375
sample_bbec8bc6a384056b,304.94451904296875,309.9643249511719,316.1941833496094,322.1335754394531,336.4078063964844,354.04852294921875,367.8290710449219,380.88946533203125,391.1315612792969,400.4344177246094,407.01165771484375,413.1710205078125
sample_2684a647715ff2a0,545.8389892578125,552.9165649414062,554.0701904296875,547.1077880859375,551.8178100585938,544.8298950195312,536.388427734375,529.396240234375,529.2266845703125,524.4453125,522.5625610351562,516.3645629882812
sample_44fbbefedc5cdcce,294.4837341308594,299.64776611328125,306.8330078125,315.8448486328125,326.32012939453125,336.9464416503906,354.2320556640625,372.7436828613281,405.1313781738281,441.970703125,464.939208984375,474.51422119140625
sample_e50392c63e2b0401,522.284423828125,512.8895874023438,501.8684387207031,489.0789489746094,480.2047119140625,467.0547180175781,456.9110412597656,448.0756530761719,435.3956604003906,430.521484375,426.4339599609375,426.09246826171875
sample_0c0d4c674eca046f,312.1319580078125,317.817138671875,325.0277404785156,331.74566650390625,341.30743408203125,351.044921875,366.2598571777344,376.97418212890625,387.005859375,395.5802307128906,401.02490234375,405.4583740234375
sample_0cbf4bcade72f98e,435.6241149902344,433.7543029785156,428.9342041015625,421.34942626953125,416.0449523925781,409.89581298828125,404.3234558105469,398.0316467285156,392.974365234375,387.7630615234375,384.6649475097656,381.3634033203125
sample_6fade424daa089d7,494.47705078125,505.7542419433594,497.9723205566406,492.3218994140625,487.3576354980469,475.0938720703125,467.56378173828125,468.8359375,466.02752685546875,457.9419250488281,450.8902282714844,442.7403564453125
sample_c3176e918f18b8f7,479.0518798828125,475.9857482910156,472.48919677734375,471.341552734375,466.2484436035156,461.40948486328125,456.9427795410156,465.3825378417969,478.1868896484375,489.02569580078125,504.7926025390625,514.1972045898438
sample_a1b22f5b8dc89ca0,528.3961791992188,518.4652709960938,506.618408203125,495.6660461425781,481.8291320800781,472.0547180175781,459.63482666015625,449.2790222167969,441.9422607421875,428.4505615234375,423.8897705078125,419.5999450683594
sample_f34c8b6c706683f7,385.27947998046875,383.88653564453125,384.7086181640625,385.8678283691406,383.6236877441406,383.218505859375,383.7926025390625,385.02703857421875,385.4613037109375,387.6549987792969,387.9998474121094,389.6864013671875
sample_0a8351bf76521726,608.7399291992188,608.216796875,603.3372802734375,597.61474609375,594.383544921875,585.5335083007812,575.6316528320312,561.228271484375,553.3995971679688,542.2677612304688,532.76611328125,525.1317749023438
sample_a106b76743a5d564,379.26605224609375,374.3325500488281,369.59259033203125,368.67926025390625,364.3538513183594,361.5365295410156,359.69732666015625,357.6452331542969,356.8712158203125,358.8840026855469,358.02801513671875,360.3591003417969
sample_389021763f8579e8,292.1952209472656,299.4715576171875,316.0154113769531,332.79962158203125,360.2893371582031,401.7235107421875,413.32269287109375,424.07598876953125,424.4782409667969,441.85797119140625,458.5381774902344,453.3025207519531
sample_a7f4b3b87dcaf775,296.8920593261719,300.4603576660156,307.2353210449219,312.8021240234375,321.4685974121094,332.28631591796875,342.65570068359375,350.73687744140625,361.335693359375,372.6618957519531,383.4206848144531,391.23760986328125
sample_f637260a270594c7,392.5965576171875,386.7507019042969,379.63348388671875,375.10711669921875,370.52716064453125,363.85394287109375,356.72900390625,354.85198974609375,351.0438537597656,344.9625549316406,344.0399475097656,344.8379211425781
sample_c96634d6492b7628,594.046630859375,598.2749633789062,596.4926147460938,591.239990234375,587.5486450195312,585.683837890625,580.2276000976562,567.14013671875,556.8387451171875,547.8549194335938,531.6212158203125,518.9051513671875
sample_c3552eda72b8d776,408.47265625,414.31610107421875,421.34710693359375,419.9422607421875,419.77923583984375,418.127197265625,421.0050964355469,422.3995361328125,429.2752990722656,437.15667724609375,449.203369140625,464.09442138671875
sample_3b7f5c72b1a9196e,368.5849304199219,372.0777587890625,380.3046569824219,387.0170593261719,393.9870910644531,401.8012390136719,417.95001220703125,432.9945068359375,444.0167236328125,450.30133056640625,458.8217468261719,477.22979736328125
sample_a4e03a34f5719502,451.2975158691406,448.6946716308594,445.76019287109375,441.9197692871094,438.7735290527344,435.8793640136719,433.6067810058594,429.82489013671875,428.1412658691406,425.7523193359375,422.5284729003906,420.2677917480469
sample_94c5c430dc54bb42,346.9465026855469,351.7514343261719,362.4162902832031,374.78759765625,392.4468688964844,401.7512512207031,409.33941650390625,418.777587890625,424.2119445800781,424.869873046875,428.0381774902344,427.58111572265625
sample_e0b4e053dea220eb,319.5012512207031,323.4464111328125,329.6173400878906,334.2731018066406,341.1994323730469,347.89971923828125,355.305419921875,362.24871826171875,374.6546325683594,387.6429443359375,394.8049621582031,402.5223388671875
sample_6eaabe8eb46a6c1f,463.46527099609375,450.61309814453125,437.00567626953125,427.0273742675781,416.69024658203125,405.7951965332031,398.7965393066406,391.6620788574219,381.05078125,376.02587890625,369.26080322265625,365.1538391113281
sample_78f6c1a99b183bd5,549.2952270507812,528.5800170898438,506.1690979003906,489.6162109375,472.3586120605469,458.8301086425781,445.08563232421875,432.08233642578125,422.81475830078125,414.9142761230469,407.6495361328125,402.8570861816406
sample_860f9c8a88440089,478.82177734375,467.7320861816406,455.9233703613281,445.1031494140625,433.31622314453125,423.822509765625,415.4647216796875,410.1129455566406,407.31744384765625,404.2352600097656,399.4445495605469,395.36358642578125
sample_0b95bfa1cfd35a5c,359.4723815917969,358.9661560058594,358.8610534667969,356.88250732421875,357.17742919921875,357.3160400390625,357.9935302734375,357.5289306640625,358.0338134765625,358.3958740234375,359.15673828125,359.7453918457031
sample_7ed991b4b98e972d,354.206298828125,361.11767578125,369.7781066894531,376.5561218261719,385.4828186035156,392.09417724609375,397.6822204589844,401.889404296875,404.4095458984375,404.877197265625,403.22943115234375,405.9298095703125
sample_7f07c785fa8b6487,400.5784606933594,410.4691467285156,422.9876403808594,434.6085205078125,443.02264404296875,451.4715881347656,458.909912109375,462.97418212890625,466.6197814941406,463.01904296875,459.48870849609375,456.7586975097656
sample_34a299966aade711,358.5082092285156,363.34600830078125,369.2357177734375,372.066650390625,375.55523681640625,377.4797058105469,377.5101318359375,379.2927551269531,379.57464599609375,379.9557800292969,378.8206481933594,379.1171569824219
sample_a8fc7344f4263db2,410.6793518066406,409.5923156738281,408.592529296875,407.10321044921875,406.2003479003906,404.9704895019531,404.1244812011719,402.8833923339844,400.9629821777344,399.2533264160156,398.7391662597656,397.2686767578125
sample_964d91b324363aa4,366.7434997558594,364.6860656738281,364.23980712890625,364.11956787109375,365.3419494628906,366.9646911621094,369.7714538574219,370.9062194824219,373.6029052734375,375.1093444824219,376.18896484375,378.4342041015625
sample_0566bc2fe9d9a890,433.1422424316406,424.1667785644531,413.6185302734375,404.54266357421875,393.9801940917969,384.13128662109375,376.34637451171875,369.4214172363281,364.25665283203125,359.61474609375,353.49224853515625,352.47137451171875
sample_79db50ab81c1a586,433.0202941894531,423.1798095703125,413.5625915527344,407.178955078125,399.4931335449219,392.257080078125,383.4078063964844,378.68585205078125,374.2414245605469,369.37371826171875,365.4913635253906,365.4648742675781
sample_cb7687ec8e9f2476,569.226806640625,570.7676391601562,562.1585693359375,551.7216186523438,538.98974609375,525.5316772460938,511.7276916503906,499.9638366699219,488.0721435546875,478.0131530761719,473.8323669433594,467.07818603515625
sample_98dc465dd158c26c,335.5931091308594,337.65875244140625,340.7832336425781,342.53582763671875,346.3380126953125,349.6153259277344,354.05120849609375,356.86053466796875,363.2167053222656,372.6158447265625,376.9670715332031,385.98858642578125
sample_54d2841db9017c46,326.1687316894531,325.9494323730469,328.073974609375,329.81427001953125,332.8170166015625,337.0712890625,342.3453369140625,345.8571472167969,351.4938659667969,356.0216064453125,360.5699768066406,365.27655029296875
sample_6aed9596cc2482c9,641.1597290039062,627.069091796875,609.17236328125,589.5709838867188,573.6126098632812,558.73876953125,544.9549560546875,533.9061279296875,523.5651245117188,515.790771484375,507.6353759765625,500.8441162109375
sample_cba431b52f801786,469.0366516113281,485.4722900390625,504.24066162109375,517.8035888671875,502.9729919433594,494.42486572265625,486.89532470703125,471.3808898925781,461.9627685546875,461.6896057128906,455.4715881347656,444.62371826171875
sample_d2653d9bec195d7f,410.1871032714844,404.6097106933594,398.91192626953125,392.4797058105469,387.28387451171875,382.7730712890625,379.6329345703125,375.7807922363281,372.40277099609375,369.54296875,367.3085021972656,365.1949157714844
sample_034d4692ddca0767,421.0357360839844,416.48797607421875,409.1065368652344,403.5958251953125,396.28387451171875,388.962158203125,384.23675537109375,378.7299499511719,374.14361572265625,370.45819091796875,368.2254638671875,367.7268981933594
sample_f4e48fb1efcacc46,360.5121154785156,359.0713195800781,358.3824462890625,361.1608581542969,362.65087890625,360.361083984375,359.7033996582031,359.3109436035156,356.05499267578125,357.9327392578125,357.623779296875,358.68487548828125
sample_e7aa6c3e98367a62,464.69134521484375,447.63299560546875,430.8927001953125,417.9661560058594,403.0115051269531,389.28228759765625,377.8307800292969,367.6281433105469,359.36553955078125,353.03857421875,346.6530456542969,343.28436279296875
sample_3ae1cbee05561c5c,334.42877197265625,338.8002624511719,345.9162292480469,350.0916442871094,356.9622497558594,362.705810546875,369.12689208984375,374.46905517578125,379.27508544921875,384.64154052734375,387.73516845703125,389.095703125
sample_a258e077f465a0e5,369.73431396484375,368.84283447265625,369.078857421875,372.0852966308594,372.1712646484375,372.06158447265625,376.16522216796875,378.4698486328125,379.17730712890625,383.9569091796875,382.3183288574219,384.4795227050781
sample_b5c6dac1fce28236,380.416015625,389.2814025878906,397.1817321777344,400.0194396972656,404.4012145996094,405.7361755371094,405.2704772949219,403.740234375,404.3305358886719,402.142822265625,400.86944580078125,399.1700744628906
sample_a70d85722b0c1ce4,565.3765869140625,557.787353515625,546.1758422851562,531.6930541992188,516.28076171875,504.3300476074219,495.3909912109375,481.3502197265625,475.1244201660156,471.6997985839844,476.9648742675781,479.7437744140625
sample_5c151f1cec45e181,340.17596435546875,341.3587951660156,343.35919189453125,343.7704162597656,345.1414794921875,346.28863525390625,348.0174560546875,348.89019775390625,349.87139892578125,350.5726013183594,351.7867431640625,352.18109130859375
sample_97bf28b3ece47bf3,451.2461853027344,454.968505859375,467.1523742675781,486.8302917480469,512.9745483398438,534.1990966796875,546.2061767578125,546.7945556640625,543.0317993164062,529.5059204101562,517.46484375,500.5463562011719
sample_53fb276de83e7bc9,358.4916687011719,358.51104736328125,360.9338073730469,362.8731689453125,365.7560729980469,370.9652099609375,376.33837890625,380.6961364746094,387.5247497558594,392.8170166015625,396.5606994628906,401.9685974121094
sample_b0b60836b810668c,345.4935607910156,356.9571228027344,374.32220458984375,389.27215576171875,390.8361511230469,392.1488037109375,398.7229919433594,392.6826171875,399.5894775390625,404.5511169433594,403.6441650390625,424.686279296875
sample_cbd503d75a79cd1e,295.8306884765625,311.4000549316406,334.2962341308594,355.44146728515625,379.8185729980469,396.1448059082031,410.375732421875,424.8658142089844,437.3392639160156,449.4400634765625,458.38800048828125,458.8511962890625
sample_e44f0e911faeba05,572.3139038085938,559.2974243164062,545.22802734375,532.0435180664062,517.9892578125,504.1144104003906,491.8269348144531,480.10614013671875,469.74072265625,460.5653076171875,453.5205383300781,447.6142272949219
sample_6f4ee3c101b02647,310.04742431640625,313.366455078125,317.9573974609375,320.30535888671875,325.1796569824219,329.50830078125,334.4599914550781,337.560546875,342.2535095214844,344.67999267578125,348.78155517578125,350.2997741699219
sample_1cbc1993491ea6c8,361.6341857910156,385.4991455078125,411.40997314453125,429.5688171386719,446.4952392578125,470.50640869140625,494.600830078125,518.8828125,533.9528198242188,545.5380859375,544.9180297851562,544.1661376953125
sample_55d78947d6671e01,456.82177734375,476.6972351074219,482.12994384765625,483.6116638183594,480.5609436035156,465.7872009277344,451.89788818359375,450.177490234375,455.94012451171875,461.78228759765625,480.9569091796875,514.1317749023438
sample_39f40fba13ed665b,367.57080078125,368.4046936035156,370.74102783203125,371.7290954589844,374.2760314941406,376.3813171386719,378.68975830078125,379.18597412109375,381.1268005371094,381.2047119140625,382.23187255859375,382.8044128417969
sample_c5e89fd8d321075a,419.95477294921875,472.350830078125,507.3663635253906,540.3007202148438,565.4151000976562,568.67236328125,570.992919921875,579.5473022460938,588.8417358398438,603.2979125976562,620.2642822265625,617.0103149414062
sample_7f367c4d4ac197ae,329.57373046875,331.5894775390625,335.23468017578125,336.990478515625,340.8349914550781,344.1217041015625,348.4305725097656,350.23175048828125,354.3978576660156,356.58135986328125,359.1119384765625,361.0564270019531
sample_7908703f1ef7e9ba,383.9349670410156,393.85052490234375,403.07110595703125,407.5577087402344,413.69622802734375,416.1689453125,419.0308532714844,418.0792236328125,419.2273864746094,416.62091064453125,416.2603454589844,412.385009765625
sample_16fa22cadbb4a463,441.5342102050781,450.32611083984375,461.82122802734375,470.6496276855469,484.44842529296875,497.7724609375,516.9759521484375,542.7335815429688,563.7884521484375,575.4595947265625,577.7501831054688,579.5362548828125
sample_0509376a63a12685,364.4028015136719,362.5122375488281,359.3228759765625,357.8213806152344,355.3868408203125,355.7437438964844,355.1802062988281,359.6986389160156,362.57354736328125,366.1513671875,367.8564758300781,369.4294128417969
sample_86b3c0d6f49f20d7,391.2198181152344,393.34161376953125,395.49835205078125,395.7584228515625,396.5948486328125,396.09228515625,396.1485290527344,395.70458984375,394.9134826660156,393.4237060546875,392.99981689453125,392.3211975097656
sample_6c1f42325312f7e2,448.4267883300781,444.41009521484375,438.3498840332031,432.9599304199219,427.3345947265625,420.860595703125,414.6064147949219,408.9570617675781,404.062255859375,399.5118713378906,395.65655517578125,392.8392333984375
sample_dfd772d4925b712e,429.3544006347656,425.52288818359375,422.4756774902344,419.4988098144531,414.79559326171875,412.2124938964844,407.08929443359375,406.8892822265625,407.46929931640625,405.7695617675781,405.5845642089844,408.12054443359375
sample_a00b96de6679d020,540.2359008789062,545.2562866210938,552.5696411132812,567.8633422851562,577.4716796875,590.3141479492188,601.9002075195312,610.8521728515625,605.522216796875,598.5477294921875,593.7227783203125,590.15185546875
sample_18b663ddd0b46654,301.0788879394531,307.68267822265625,314.88909912109375,320.8863830566406,329.232421875,335.9239807128906,342.3879089355469,345.6589050292969,350.3596496582031,352.3849792480469,354.64508056640625,355.09442138671875
sample_40986e5c61464c18,312.89825439453125,315.4482116699219,319.6583557128906,322.63543701171875,327.901123046875,333.9089050292969,339.90631103515625,345.28936767578125,351.569091796875,356.75091552734375,360.7060241699219,365.4043273925781
sample_736a31eff368c914,336.7100524902344,337.1347351074219,339.52374267578125,341.56976318359375,344.33367919921875,348.8177795410156,354.2198486328125,358.7402038574219,365.27313232421875,370.492919921875,374.98870849609375,379.6070861816406
sample_ee35d1a1d272f095,368.5870666503906,385.3973388671875,400.37969970703125,405.2979736328125,414.3633117675781,422.3705749511719,428.55743408203125,432.48944091796875,437.4808044433594,444.5107116699219,450.9639587402344,459.78173828125
sample_ebc739e04bc8f0ef,285.2884521484375,290.5432434082031,297.11083984375,301.7613830566406,308.106201171875,315.4960632324219,323.59002685546875,330.0928039550781,336.1600646972656,340.3086853027344,345.9259948730469,348.92266845703125
sample_10f849c6a1ca8072,288.0867004394531,293.7638244628906,301.6389465332031,307.59686279296875,316.50103759765625,325.5154724121094,334.76177978515625,340.63519287109375,347.090576171875,352.3431396484375,358.110595703125,361.41583251953125
sample_54a5e0be314cfd95,502.64178466796875,488.3077392578125,468.72796630859375,453.6959533691406,443.902099609375,433.0748596191406,429.2609558105469,432.9129638671875,431.657958984375,425.5350341796875,418.79791259765625,404.7593688964844
sample_dd46da2d16000c49,341.8370056152344,342.8697509765625,346.1752624511719,349.80841064453125,356.5696716308594,363.82623291015625,368.03179931640625,369.5944519042969,377.2784729003906,383.9173278808594,390.35577392578125,393.7387390136719
sample_53402b7bc465fa20,363.91607666015625,364.9650573730469,369.5328063964844,375.4616394042969,388.21160888671875,407.6060485839844,421.51080322265625,436.2114562988281,446.05572509765625,457.59576416015625,477.75372314453125,500.43499755859375
sample_4addc63441561ae3,341.015625,348.3095703125,352.74981689453125,357.0424499511719,365.0565185546875,368.6358947753906,370.0877685546875,372.96734619140625,366.51385498046875,364.347412109375,366.3305969238281,364.3650207519531
sample_6679aa0edb1256b1,517.140625,516.4280395507812,509.6322021484375,501.72967529296875,493.5038757324219,487.6429443359375,483.63165283203125,478.90960693359375,473.822509765625,468.15301513671875,457.8482666015625,448.3996276855469
sample_c42713b8ffb576aa,326.8390197753906,328.0443115234375,328.806884765625,331.0390625,332.0242614746094,332.7667541503906,335.66461181640625,336.2995300292969,336.8028259277344,343.2592468261719,346.108642578125,352.2420654296875
sample_b415452e593a4341,272.77508544921875,279.45880126953125,289.1949462890625,297.76336669921875,306.9709167480469,316.6254577636719,325.45648193359375,334.74365234375,344.4613952636719,351.52484130859375,358.33056640625,361.6275329589844
sample_64d6962d84d2dbbe,318.6313781738281,320.15093994140625,323.3731994628906,325.67596435546875,329.9502868652344,334.9666748046875,340.3008728027344,344.5300598144531,349.6635437011719,354.05438232421875,358.35662841796875,362.4385681152344
sample_cf456d800e6a440d,638.9938354492188,637.248779296875,631.72265625,625.7467651367188,619.62353515625,611.4951782226562,602.8017578125,594.6181030273438,585.9917602539062,577.298828125,574.8067626953125,571.1207275390625
sample_efa10bcd87987b0d,378.405517578125,377.9739074707031,383.0655517578125,390.56024169921875,398.47589111328125,409.2365417480469,417.8199768066406,425.0961608886719,428.6579895019531,435.3798828125,435.7506408691406,436.099609375
sample_d7cca62fa01aeab7,479.8828125,473.251708984375,464.6750183105469,455.08941650390625,443.0060729980469,431.1488952636719,421.4175109863281,413.041748046875,405.3131103515625,398.72747802734375,393.1813049316406,389.3093566894531
sample_a98d7e753102a3db,353.0226745605469,359.02740478515625,368.81927490234375,381.0109558105469,396.7717590332031,429.19732666015625,441.876953125,448.78778076171875,463.9361572265625,494.34002685546875,497.5947265625,504.20123291015625
sample_dc2a3e7975b427de,400.28485107421875,405.52691650390625,415.3480224609375,439.6512145996094,456.13775634765625,455.75482177734375,440.1285400390625,452.0521240234375,463.72174072265625,462.8387756347656,442.0770568847656,448.70709228515625
sample_f7e01b0c04c91073,329.16302490234375,331.4408264160156,333.9670104980469,339.77593994140625,341.9100036621094,349.58612060546875,353.84906005859375,348.5859680175781,354.9737854003906,355.2677307128906,357.66009521484375,359.6690979003906
sample_703ebd9c43aa4426,418.35308837890625,422.79168701171875,424.3045349121094,423.93280029296875,422.57330322265625,419.53424072265625,416.6867980957031,414.0141296386719,411.7369689941406,409.06597900390625,406.8286437988281,405.0351257324219
