sample_id,target_00,target_01,target_02,target_03,target_04,target_05,target_06,target_07,target_08,target_09,target_10,target_11
sample_07393cebc8e6882a,629.332275390625,619.7431030273438,605.1168212890625,591.8201293945312,574.97607421875,558.0457763671875,543.9899291992188,529.621337890625,509.78643798828125,498.1688537597656,489.624755859375,482.18695068359375
sample_640b9e2639db9b4f,382.4235534667969,380.2170104980469,378.83685302734375,377.65625,376.6888122558594,375.9735412597656,375.61956787109375,375.1452331542969,374.4328918457031,374.3776550292969,374.05938720703125,373.89892578125
sample_cd1159b14b325e4b,423.7137451171875,415.52716064453125,405.9519348144531,398.6257019042969,390.8935546875,383.11724853515625,376.513916015625,370.8655090332031,365.4366455078125,363.10498046875,358.3712158203125,355.131103515625
sample_cdb23a4bf60ec4df,381.2781066894531,378.96649169921875,376.2463684082031,374.05242919921875,371.4927673339844,368.5662841796875,366.5078125,364.7486267089844,362.3819885253906,360.7955627441406,360.2073669433594,357.84619140625
sample_3713237d245e38bb,422.77264404296875,436.9220886230469,450.9068908691406,462.31488037109375,476.03948974609375,484.27386474609375,493.77801513671875,502.5335388183594,508.5457458496094,511.83282470703125,518.573486328125,520.5557861328125
sample_f31824a4e3d5930f,399.1537780761719,399.3851623535156,399.73065185546875,399.80426025390625,400.3617248535156,400.26568603515625,400.2174377441406,399.6524353027344,399.3544616699219,398.25860595703125,397.84686279296875,396.61309814453125
sample_25bea02c24a67c08,473.8910217285156,492.9915771484375,503.241455078125,502.7689208984375,510.9380798339844,508.9201965332031,509.73138427734375,495.1809387207031,489.0820617675781,481.342041015625,478.3990478515625,476.6122741699219
sample_2dd3977ed2b2ff57,404.9447326660156,400.80364990234375,394.59259033203125,390.19097900390625,384.4217529296875,379.24053955078125,374.27587890625,369.5231628417969,367.427734375,362.80120849609375,361.23077392578125,366.0799865722656
sample_32a96879a30b2909,440.072998046875,433.88720703125,426.0360412597656,420.11480712890625,413.42626953125,407.41021728515625,403.36773681640625,398.6756896972656,392.65777587890625,388.8031921386719,384.44189453125,383.78826904296875
sample_aad76c976c41a05f,387.07427978515625,390.3587341308594,397.8055114746094,402.6130065917969,406.7123718261719,412.13983154296875,413.30670166015625,414.57073974609375,413.0084228515625,406.63165283203125,405.81756591796875,402.07745361328125
sample_bca1cb59b70a22e6,287.5049743652344,291.4612121582031,298.1107177734375,302.8025207519531,309.07476806640625,315.7392272949219,320.9483642578125,326.1131286621094,331.44970703125,334.5358581542969,339.0885314941406,342.20611572265625
sample_811305c96bbd2824,323.0079345703125,332.8312683105469,344.2659912109375,353.5592956542969,364.223388671875,374.4654846191406,386.041259765625,401.2826843261719,414.4525146484375,424.5762634277344,437.48870849609375,445.5453796386719
sample_1b9772ccc78fca78,351.9209289550781,351.47845458984375,352.10675048828125,352.6803283691406,354.0833740234375,356.4416809082031,358.212646484375,360.042724609375,361.4828796386719,362.88287353515625,364.3722229003906,365.7785949707031
sample_26dc6ca145467ebb,360.80877685546875,365.25006103515625,370.37451171875,372.8763427734375,375.54864501953125,379.52105712890625,383.43768310546875,386.2283630371094,390.0810852050781,391.4963073730469,395.08721923828125,396.35723876953125
sample_98842d07544af6e2,367.4893493652344,367.1907043457031,367.83319091796875,368.2665710449219,369.3840026855469,370.49481201171875,371.34368896484375,372.5393371582031,372.7940368652344,373.8599853515625,374.78509521484375,375.54241943359375
sample_c964c449faaf90f2,343.89886474609375,342.3544006347656,341.8233337402344,341.13629150390625,343.63922119140625,343.32379150390625,341.7061462402344,340.77789306640625,340.3169250488281,339.1739196777344,341.87298583984375,348.5647277832031
sample_376a00813b7bf0b0,400.0357360839844,397.06036376953125,394.1003723144531,391.762939453125,389.04876708984375,386.9255676269531,385.0726623535156,383.97406005859375,381.9058532714844,381.01739501953125,379.3824768066406,378.3591003417969
sample_0d7f49c865bf5da3,385.1139221191406,387.9261474609375,392.31854248046875,392.7513427734375,391.2001647949219,391.9442138671875,389.6311340332031,387.06646728515625,388.8695373535156,389.5514221191406,391.15667724609375,392.0221252441406
sample_2f279e207b201e3d,447.78802490234375,458.2858581542969,471.4598083496094,484.5343017578125,492.09765625,486.044921875,481.9344787597656,489.4792175292969,484.1883850097656,469.4635314941406,456.0971374511719,450.1212463378906
sample_ee237257712686c8,461.29736328125,454.10693359375,444.0494079589844,436.17974853515625,427.6811828613281,419.0345764160156,413.3172607421875,408.1943359375,402.9333801269531,398.5850524902344,392.5390625,389.5765686035156
sample_5d8e1635ce7c934c,386.6342468261719,390.274658203125,391.31134033203125,390.65155029296875,392.3970642089844,390.5001525878906,390.3243103027344,385.94866943359375,384.5249328613281,382.6843566894531,382.4873352050781,381.5312194824219
sample_ed80421a26312202,404.63385009765625,401.8326416015625,399.4826354980469,396.87078857421875,394.477294921875,391.4757080078125,389.2777099609375,387.4011535644531,385.4297180175781,384.55029296875,383.1234436035156,382.2890625
sample_151ad0fb36840adf,396.25225830078125,393.8598937988281,391.6352844238281,389.7302551269531,388.25555419921875,386.8835754394531,386.0044250488281,384.791015625,383.73065185546875,382.8534851074219,382.71112060546875,381.9791564941406
sample_8381566215893eb5,509.917724609375,499.98175048828125,487.8674011230469,478.218505859375,468.16619873046875,459.1531982421875,452.4284973144531,446.394287109375,445.0115661621094,445.42230224609375,446.569091796875,444.24346923828125
sample_1d2121d81e214e57,299.1788330078125,300.3414001464844,303.5744934082031,305.0599365234375,310.8846435546875,311.4195861816406,316.3691101074219,322.8012390136719,322.0198974609375,323.9930725097656,329.7647705078125,325.658447265625
sample_8657c167f711013a,360.4784851074219,358.3076171875,355.9061584472656,353.98651123046875,351.8804931640625,349.560791015625,347.8732604980469,345.07745361328125,343.3277587890625,341.0693664550781,338.78973388671875,338.261962890625
sample_e9c234275cbec2a2,351.8952941894531,355.0819091796875,365.2357177734375,369.5876159667969,370.8613586425781,359.22357177734375,353.52642822265625,355.24188232421875,357.91943359375,358.90887451171875,360.6214294433594,359.8701171875
sample_fbf01e4b6151f775,445.34576416015625,456.759033203125,465.65399169921875,461.9686279296875,461.46807861328125,475.2656555175781,474.1631164550781,461.0266418457031,448.7195739746094,448.11767578125,443.1317138671875,443.9872131347656
sample_10d6d1c50ff6e8eb,442.46728515625,436.19635009765625,427.188720703125,419.9490966796875,412.1069641113281,403.375,396.9324035644531,389.9977111816406,384.5298767089844,380.5607604980469,375.07177734375,371.7418212890625
sample_128ee4eee3eb9506,411.7016906738281,413.9637756347656,412.8744812011719,410.4682312011719,408.50091552734375,406.5850524902344,405.8916320800781,403.4791564941406,402.6508483886719,404.27789306640625,404.4682922363281,400.1689453125
sample_ec5ee34fe44d6c64,315.81402587890625,325.447509765625,337.82159423828125,347.35284423828125,358.04852294921875,368.4989013671875,377.2559814453125,384.1267395019531,391.63702392578125,395.84356689453125,402.3597412109375,405.7333679199219
sample_0167fa422722a0e2,444.4193115234375,439.415771484375,431.6198425292969,425.2724609375,418.46429443359375,410.6709899902344,404.65362548828125,398.5875549316406,393.061279296875,389.13946533203125,384.0169982910156,380.68048095703125
sample_2b9fa5e8aa45ff01,443.9760437011719,437.0343933105469,426.88287353515625,418.37811279296875,409.6436767578125,399.7531433105469,392.7732849121094,385.3061828613281,379.24578857421875,374.5539855957031,368.98870849609375,367.4681396484375
sample_cb8f5f10502a2009,292.7519836425781,296.12335205078125,302.2424011230469,307.2485046386719,312.91815185546875,319.6517028808594,324.78375244140625,330.0249938964844,334.9801025390625,338.24822998046875,342.421142578125,345.43011474609375
sample_e7a8a0bb40501503,601.5963745117188,606.3016357421875,605.8521728515625,603.8659057617188,598.5843505859375,593.771728515625,579.3571166992188,567.048583984375,558.8767700195312,553.8272094726562,541.0222778320312,540.6184692382812
sample_945d066b761acc18,360.9134216308594,359.8048095703125,359.870361328125,359.62005615234375,360.0672302246094,361.3275146484375,362.23553466796875,363.1402282714844,363.87994384765625,364.8200378417969,365.5061340332031,366.3125305175781
sample_efb1efddf184c58d,610.2562866210938,620.0830078125,616.0276489257812,604.8948364257812,599.3090209960938,595.8159790039062,567.9705810546875,558.611328125,548.365966796875,526.6127319335938,513.31201171875,505.9161682128906
sample_3c45d5e67034ba0e,399.4203186035156,397.1797180175781,395.43402099609375,393.84619140625,392.5026550292969,390.90667724609375,390.1202087402344,388.5147399902344,386.8553771972656,386.76336669921875,386.1826171875,385.5621032714844
sample_23c883867fc1daeb,440.4599609375,436.31329345703125,431.13433837890625,426.76959228515625,422.0907897949219,417.0593566894531,413.04302978515625,408.9875793457031,407.244384765625,404.4943542480469,400.1945495605469,397.61065673828125
sample_8a64eaf81c862720,379.55145263671875,408.9517517089844,439.69140625,464.4848327636719,490.2278137207031,517.548095703125,546.819580078125,564.157470703125,591.626953125,627.5816040039062,662.1759643554688,668.3077392578125
sample_e0c9fbd81ab7a859,351.64447021484375,351.4538879394531,352.0302734375,352.5371398925781,354.0122375488281,355.201416015625,356.73284912109375,357.93341064453125,358.8739013671875,359.47174072265625,360.9809875488281,361.48211669921875
sample_6e4de22042d4ec31,367.7252502441406,367.69207763671875,368.36993408203125,368.5459289550781,370.0239562988281,371.1032409667969,372.7998046875,373.37579345703125,374.880126953125,375.4652404785156,376.5700988769531,377.3502502441406
sample_45857440ba8e7c9a,311.2174987792969,320.2727966308594,335.29388427734375,346.1052551269531,353.99835205078125,363.05999755859375,370.55157470703125,378.37420654296875,386.39190673828125,390.29595947265625,397.0426025390625,401.2343444824219
sample_bea820781e71b086,498.6729736328125,486.05462646484375,470.8106689453125,458.91046142578125,447.3389892578125,436.31317138671875,427.8702697753906,417.9400329589844,410.8187255859375,404.4593200683594,398.5311279296875,395.0480041503906
sample_420a9b3c72f556a3,325.1748352050781,328.0285949707031,332.37384033203125,335.11505126953125,339.03240966796875,343.7721252441406,348.31768798828125,353.03851318359375,356.53228759765625,358.990234375,361.41363525390625,363.82916259765625
sample_c4be1e5bae7c237a,626.4985961914062,612.96044921875,597.9503784179688,585.5975341796875,578.2781982421875,570.3343505859375,564.26806640625,563.9502563476562,564.5473022460938,571.1083984375,568.676025390625,568.8470458984375
sample_9bebbbebbb150308,266.3256530761719,278.8670654296875,294.1007080078125,305.8511962890625,318.15093994140625,329.958984375,340.0820007324219,348.3504943847656,356.94488525390625,362.1204833984375,369.6989440917969,374.10772705078125
sample_83f2f41f92dc003c,581.4856567382812,569.3462524414062,553.2837524414062,539.1427001953125,525.0267333984375,509.7502746582031,495.8812561035156,484.7332458496094,476.2418212890625,468.8131103515625,461.490478515625,455.28045654296875
sample_84e6f35cdc38be1d,401.6597595214844,406.0152282714844,409.41656494140625,410.413818359375,413.7990417480469,418.78668212890625,423.5884094238281,430.67584228515625,436.9074401855469,457.96368408203125,470.0205078125,487.62689208984375
sample_b26062026f8bedcb,363.3313903808594,381.7082214355469,404.0203857421875,420.4930419921875,437.0689697265625,449.40863037109375,460.2877502441406,471.13360595703125,484.45648193359375,487.49066162109375,497.00634765625,504.6349792480469
sample_5d01b7333894d709,410.96002197265625,409.0911560058594,407.9550476074219,406.6233825683594,405.996826171875,405.68902587890625,405.0756530761719,404.87152099609375,404.2351989746094,404.1648864746094,403.85113525390625,403.6339111328125
sample_c9b3a0534b2adf5f,624.5911254882812,623.0386962890625,616.19775390625,609.2002563476562,598.6467895507812,589.9542236328125,585.8881225585938,579.4655151367188,576.1642456054688,573.23974609375,570.3809204101562,565.2840576171875
sample_2a01809b0f308234,454.845703125,457.37713623046875,456.29345703125,452.52618408203125,450.064208984375,442.3917541503906,438.8719787597656,432.3825378417969,428.4796142578125,423.9238586425781,419.6839599609375,416.07281494140625
sample_2a6325256da2c822,536.2935791015625,535.556884765625,526.2018432617188,519.9451904296875,511.68255615234375,502.3949279785156,489.2813720703125,477.6316223144531,467.4192199707031,461.5242919921875,456.3049621582031,451.6294860839844
sample_b7e2ca6c7acd4dcb,452.1405029296875,448.5625915527344,441.8149719238281,436.43896484375,430.49676513671875,422.69830322265625,417.57568359375,410.4451904296875,405.8941650390625,401.6263122558594,396.9383544921875,393.0645446777344
sample_b5e20a4b1bdab8e3,452.7947082519531,447.7929992675781,440.7591552734375,432.6280822753906,424.539306640625,415.3688659667969,409.4039611816406,403.0214538574219,398.36279296875,394.46356201171875,389.4242248535156,386.90252685546875
sample_82017ddd80a46cc6,445.4691467285156,439.9659729003906,431.2723083496094,424.4123840332031,417.35125732421875,409.550048828125,403.70794677734375,397.7401123046875,392.6166076660156,388.53985595703125,383.5920715332031,380.3486328125
sample_c8e7115090586e50,306.32647705078125,309.4662780761719,311.9499206542969,315.5114440917969,318.20068359375,332.3447265625,342.479736328125,349.20465087890625,342.5235595703125,343.537841796875,336.73162841796875,343.3030090332031
sample_dc027c12dda8c1a6,525.9168701171875,516.2224731445312,503.8677978515625,497.0047607421875,487.7298278808594,470.87176513671875,464.6697692871094,460.24853515625,451.02679443359375,439.6531677246094,429.23077392578125,427.818115234375
sample_aecc2148ae34f849,362.96026611328125,361.8714294433594,361.51092529296875,360.9339599609375,361.1014404296875,361.1844482421875,362.0004577636719,361.6346740722656,362.85137939453125,362.6419982910156,363.0200500488281,363.25677490234375
sample_8b42e72c605c79d7,372.643310546875,370.5528259277344,368.8854675292969,367.17681884765625,365.7745666503906,364.5577392578125,363.66693115234375,362.6181335449219,361.8135986328125,361.6220703125,360.4220275878906,360.0195007324219
sample_b324b49526179f30,310.6337585449219,313.3324279785156,318.0336608886719,321.89227294921875,326.79852294921875,332.6578063964844,336.9997863769531,341.62158203125,345.8478698730469,348.9814758300781,352.6106262207031,355.408203125
sample_7e81902db1a1102f,395.2963562011719,417.08099365234375,444.2439270019531,466.09942626953125,479.5211181640625,493.62860107421875,520.5477905273438,540.5234985351562,576.3214721679688,617.107421875,661.2926025390625,683.871337890625
sample_7dd961db1087bec1,366.7838439941406,366.8361511230469,367.4133605957031,367.5203552246094,368.5867614746094,368.8876647949219,370.4134521484375,370.02960205078125,371.5071716308594,371.4854431152344,372.71746826171875,372.7935485839844
sample_ea1a00a0e65e9826,416.6834411621094,413.7725524902344,409.5237731933594,406.6550598144531,403.2076416015625,398.0660095214844,393.8269958496094,390.98419189453125,387.2812194824219,383.71954345703125,382.65478515625,379.9385681152344
sample_a4a30e62afc97417,376.9435119628906,378.4861145019531,380.41485595703125,381.8782958984375,383.9122619628906,385.2132263183594,386.9017639160156,386.5867919921875,388.3410339355469,387.8009338378906,388.2649841308594,388.0561828613281
sample_cdab93bfbe70f66a,291.31158447265625,296.4247741699219,304.62518310546875,310.6549377441406,318.05096435546875,326.1513366699219,332.4771728515625,338.83856201171875,344.7999572753906,348.5200500488281,354.129150390625,357.53076171875
sample_c7c524d4e9e4ece2,392.5563049316406,391.0932312011719,390.9032287597656,390.5867919921875,390.7217102050781,391.9827575683594,393.2668762207031,397.3028869628906,405.65313720703125,416.8475341796875,425.0642395019531,445.1015625
sample_4bcabd5983d189f0,391.3556823730469,389.1317443847656,387.0103454589844,385.21795654296875,383.51812744140625,382.15228271484375,381.3614807128906,380.526611328125,379.9654541015625,379.30926513671875,378.7888488769531,378.1034240722656
sample_660943221940951f,543.7571411132812,534.117919921875,515.8115844726562,499.5225524902344,487.9269104003906,471.17156982421875,460.20208740234375,447.9671325683594,439.6387634277344,432.47686767578125,425.10711669921875,420.72265625
sample_e8c834ac9b8b5489,322.1648864746094,323.7499694824219,327.1060485839844,330.1640625,334.3507080078125,338.9612121582031,342.3008728027344,346.3164978027344,349.3435974121094,352.20697021484375,355.34515380859375,357.94281005859375
sample_53f60a8fb30eaa63,444.4968566894531,439.4797058105469,432.6060791015625,426.0660095214844,419.7957763671875,412.67584228515625,407.37615966796875,401.48248291015625,396.90289306640625,393.19482421875,388.92071533203125,385.78826904296875
sample_73194d40989b98ac,374.8887023925781,384.5970764160156,394.79290771484375,404.60772705078125,433.8630676269531,456.59844970703125,476.6486511230469,490.17425537109375,505.37847900390625,496.54998779296875,518.4144897460938,516.314208984375
sample_4f850d3e5d6a3522,529.499755859375,527.9493408203125,525.4619140625,522.5320434570312,520.2930908203125,516.71337890625,514.3781127929688,511.1435241699219,509.3321228027344,507.4056396484375,504.80938720703125,503.0140686035156
sample_753f3baa924a34fb,341.3179016113281,341.6051940917969,343.5481872558594,345.44805908203125,348.5807800292969,352.64453125,356.15985107421875,360.74359130859375,363.9949645996094,368.2677307128906,375.59075927734375,382.9124450683594
sample_773b8c6374157638,410.058349609375,407.6200256347656,405.69781494140625,403.9038391113281,401.65545654296875,399.9948425292969,398.50927734375,397.8655700683594,396.358642578125,395.9696350097656,394.5017395019531,394.32745361328125
sample_e5a862a330a96d74,399.6571044921875,395.3026123046875,388.4396667480469,383.24017333984375,377.34014892578125,370.3548583984375,366.6872863769531,362.6485900878906,363.126220703125,362.4804992675781,362.9666442871094,363.82818603515625
sample_da4fabc1187db04b,320.6194152832031,323.20556640625,328.6165466308594,333.88360595703125,333.06280517578125,337.7806701660156,338.8712158203125,352.77410888671875,361.7936096191406,366.02301025390625,355.1596374511719,349.83758544921875
sample_c12365177620d167,449.541259765625,447.67333984375,447.63555908203125,446.0406188964844,446.6438293457031,445.9680480957031,442.3475646972656,439.3367614746094,435.3233947753906,432.1222229003906,428.062255859375,423.2374267578125
sample_a792a3374d6a6e74,582.71923828125,573.2822875976562,560.9786376953125,554.2192993164062,542.341552734375,529.9544677734375,519.9653930664062,510.5163269042969,499.5496826171875,486.3310546875,475.40570068359375,467.38629150390625
sample_149bfa65dec725f7,332.97296142578125,331.1524658203125,330.0800476074219,328.9292297363281,328.5406799316406,327.2291564941406,327.6224060058594,327.39947509765625,328.4865417480469,329.2453918457031,329.0978088378906,331.32464599609375
sample_bbe5f46d6e5326a8,305.8721618652344,306.76983642578125,310.1405334472656,313.0190124511719,316.9690246582031,321.8426818847656,327.4124450683594,332.28936767578125,336.58868408203125,340.2745056152344,352.6313781738281,360.84783935546875
sample_9fa215bfef10e3b6,451.11077880859375,442.053955078125,431.0347595214844,422.59991455078125,413.1799011230469,404.80059814453125,397.2571105957031,389.7095642089844,383.1113586425781,378.37908935546875,372.3906555175781,368.5856628417969
sample_0aca06b2b91bbd20,339.5451354980469,342.7928771972656,347.1101989746094,350.1319885253906,354.4046936035156,358.5289611816406,362.2103271484375,365.32666015625,368.68414306640625,371.05438232421875,373.874755859375,376.1073913574219
sample_1860a721786e9ac2,318.9814147949219,322.90155029296875,331.9859619140625,338.48919677734375,346.3069152832031,355.22125244140625,361.9862060546875,368.64874267578125,374.99951171875,378.88397216796875,384.4524841308594,388.2525329589844
sample_b70efa31ab846aff,355.578369140625,354.8228454589844,355.6978454589844,356.38970947265625,360.4316101074219,363.72540283203125,359.3576354980469,357.00323486328125,357.6047668457031,356.6972961425781,361.430908203125,363.6332702636719
sample_e37d87f54753b265,326.3638610839844,349.3066101074219,372.7998046875,391.4381408691406,409.9468994140625,426.40789794921875,440.2994384765625,452.5709228515625,463.60595703125,471.8782958984375,481.781982421875,488.06158447265625
sample_86a8caa6730ec36d,296.7077331542969,302.74871826171875,310.736572265625,316.9198303222656,324.0950927734375,331.1020812988281,337.3251647949219,342.2690734863281,348.2012634277344,351.376220703125,356.1892395019531,359.198974609375
sample_f5832e911a86ed00,300.71905517578125,302.6666259765625,304.47723388671875,307.96527099609375,313.3755187988281,315.3958740234375,318.8642578125,324.1452941894531,321.959716796875,324.5511474609375,329.7678527832031,329.58709716796875
sample_cc2417f501bdfd1c,337.4207458496094,348.6923522949219,358.4886169433594,365.716552734375,379.3865966796875,385.87884521484375,387.2669677734375,391.1165466308594,396.7651062011719,398.1939697265625,403.1697998046875,402.19183349609375
sample_f90b82d04f646fb5,322.43524169921875,325.6329650878906,330.05462646484375,333.4212951660156,337.79852294921875,342.1490173339844,346.3484191894531,348.73004150390625,352.5572204589844,354.4703063964844,357.79083251953125,359.69036865234375
sample_64af1b7610e614dd,335.5788269042969,338.2204895019531,342.51275634765625,345.825927734375,350.49517822265625,355.7149658203125,359.678955078125,364.0588684082031,367.9292297363281,370.8359680175781,374.161865234375,376.8827209472656
sample_c1c0959a898d3fb3,432.39581298828125,429.5433654785156,425.2251281738281,421.43170166015625,417.7542724609375,413.4873046875,411.1882629394531,408.6689453125,405.0773010253906,401.5392761230469,398.0620422363281,395.7442626953125
sample_02dc116142aaf115,359.2590026855469,366.27520751953125,373.37567138671875,378.46539306640625,384.1949157714844,388.4437561035156,393.1256103515625,395.6283874511719,403.8130187988281,408.0608825683594,410.9383544921875,414.8135681152344
sample_e4aeebc473c31a6f,300.76129150390625,307.4756774902344,316.1396484375,322.91217041015625,330.6206970214844,337.98779296875,344.6097717285156,349.7301025390625,355.9908142089844,359.471435546875,364.6318054199219,367.75091552734375
sample_01bb65f39b5a4631,651.5787353515625,637.8565673828125,623.2825927734375,610.5709838867188,598.1382446289062,583.9552001953125,569.882568359375,552.7230224609375,539.67578125,528.5760498046875,515.5947265625,506.7427978515625
sample_96acc88c4067a9de,383.52398681640625,382.277099609375,382.2261657714844,381.77691650390625,382.0733337402344,384.0639953613281,386.3673400878906,389.2209167480469,390.63189697265625,397.5206298828125,394.01776123046875,402.8592834472656
sample_a8213d2b37924929,615.9269409179688,604.4638671875,591.8946533203125,578.878173828125,567.80224609375,553.5946044921875,538.7376708984375,524.5433959960938,513.7472534179688,500.70233154296875,491.5753173828125,483.9544677734375
sample_fa8a6a13551507b3,353.30267333984375,378.4565124511719,407.1881103515625,445.18487548828125,509.1072998046875,539.1533813476562,576.0601806640625,603.0964965820312,620.3489990234375,621.8294067382812,641.1654052734375,656.8661499023438
sample_bc11d3fd662ded19,453.684814453125,450.0828857421875,443.7177429199219,438.57122802734375,433.0218505859375,425.3390197753906,420.289794921875,413.51300048828125,409.0416564941406,405.08209228515625,400.2855529785156,396.78564453125
sample_1b9189f53063cd9b,354.36077880859375,352.8400573730469,352.1322937011719,351.5328674316406,351.3738098144531,351.5516357421875,352.1259460449219,352.1605224609375,352.7886962890625,352.7117919921875,353.6240539550781,353.9833068847656
sample_c066ba28fb53a359,303.4527587890625,306.4283752441406,313.1380920410156,319.19891357421875,325.1806945800781,336.9635314941406,348.4771728515625,363.9978942871094,367.2857971191406,367.3276062011719,372.9312744140625,377.1395263671875
sample_d8bbd7529105e735,602.5299072265625,592.2141723632812,578.7838134765625,566.2257690429688,554.2650146484375,537.6851806640625,524.3624877929688,511.06207275390625,497.74945068359375,488.093994140625,479.59295654296875,473.1739501953125
sample_14c9c0533d8cf5c0,373.1415100097656,372.7915954589844,375.5975341796875,379.3118591308594,386.634765625,400.48455810546875,413.37237548828125,428.22161865234375,448.07098388671875,463.6322021484375,471.88092041015625,482.3970031738281
sample_4bef925d1b7fc913,364.6209411621094,363.69287109375,361.3161926269531,361.33447265625,360.1173400878906,364.18170166015625,374.6562194824219,375.05120849609375,379.9356689453125,376.408447265625,411.42510986328125,438.5320739746094
sample_2aefe57b23de0d99,488.81488037109375,503.6221923828125,520.2669067382812,532.7761840820312,533.0358276367188,536.3141479492188,532.0560913085938,519.360595703125,522.7100830078125,514.2103271484375,502.6620788574219,493.15203857421875
sample_f8d3ba67c6cde096,316.25750732421875,317.6341857910156,320.4638671875,323.0650634765625,327.4852600097656,332.7490234375,336.7109680175781,340.9029235839844,344.4617919921875,347.6904296875,350.9555969238281,353.69036865234375
sample_e5a4a3bbde68221a,356.5539855957031,356.5011901855469,357.3042907714844,358.1075134277344,359.51739501953125,361.5319519042969,363.5962219238281,365.2173156738281,366.9234924316406,368.56610107421875,369.91473388671875,371.340087890625
sample_4254ea6bd3ecf9dd,616.538818359375,593.0050659179688,567.3895263671875,546.1001586914062,527.55517578125,509.02783203125,494.55645751953125,480.2213134765625,468.4787902832031,458.51104736328125,448.4851989746094,440.881103515625
sample_63b2b6f891199dfb,499.3526611328125,488.53607177734375,474.33941650390625,462.68060302734375,450.0526123046875,438.7204284667969,430.2079162597656,421.24853515625,414.4021911621094,409.66192626953125,404.23077392578125,398.15447998046875
sample_a4d395655189c922,379.8983154296875,379.2692565917969,379.3254089355469,379.2918701171875,379.71868896484375,379.83905029296875,380.1636962890625,380.3545837402344,380.445556640625,380.7127380371094,381.1157531738281,381.22662353515625
sample_08bdaf8d3b1d8dc8,457.2983703613281,452.812255859375,445.6617736816406,439.7192077636719,433.0147399902344,425.5439147949219,419.5546569824219,413.577392578125,408.1545104980469,404.31097412109375,399.0885314941406,395.62298583984375
sample_baa92b941d19ca0e,363.2605895996094,361.770751953125,360.8023681640625,360.0203552246094,359.7924499511719,359.93157958984375,360.2723693847656,360.2736511230469,360.73162841796875,360.8701477050781,361.2667541503906,361.47039794921875
sample_08eefe23644a868e,424.9971923828125,422.91259765625,419.1352233886719,416.03570556640625,412.1767272949219,407.1432189941406,405.0223693847656,401.994384765625,401.7898254394531,401.5079040527344,400.1627502441406,399.1528625488281
sample_187da4336eb6be9f,349.7873840332031,349.7215881347656,357.0328674316406,366.51202392578125,374.7427673339844,390.1209716796875,403.5567321777344,413.8623046875,421.78033447265625,421.71923828125,428.3800354003906,428.41778564453125
sample_95b4498d04f8dbe4,301.05389404296875,304.1319274902344,309.5755310058594,313.7025451660156,319.0113830566406,324.9933776855469,329.6999816894531,334.6114196777344,338.94110107421875,342.02301025390625,346.1671447753906,348.9892272949219
sample_0c1f18c0d08b2f3d,336.09515380859375,336.404296875,338.4318542480469,340.28271484375,343.2572937011719,347.2208251953125,350.099853515625,353.0029296875,355.714599609375,357.6265869140625,359.8403015136719,362.103271484375
sample_6d79a7f57bb9dd43,495.126708984375,495.7622985839844,493.0594787597656,498.53631591796875,504.19635009765625,507.1098937988281,509.9171142578125,523.0079956054688,521.915771484375,517.8206787109375,514.037109375,521.215576171875
sample_db2389a12a259dcb,327.38067626953125,327.1966857910156,329.6808776855469,331.7970886230469,333.26007080078125,336.46673583984375,341.5977478027344,340.8978271484375,343.0747375488281,348.61273193359375,355.0196228027344,361.1681213378906
sample_6d7f476726eb8b24,358.7752380371094,368.0850524902344,380.6827087402344,396.6020202636719,420.2518310546875,445.76739501953125,466.0924072265625,488.1573486328125,525.3889770507812,561.9608154296875,583.3102416992188,577.4830322265625
sample_89dd33ca177237f6,530.83056640625,541.9722290039062,543.6669921875,547.8613891601562,557.4761962890625,571.4266967773438,571.1912841796875,583.1978759765625,595.671875,603.8853759765625,594.3923950195312,591.42236328125
sample_ff70bc7fe4f13ccb,397.52587890625,416.3553466796875,446.908203125,478.4365539550781,518.44921875,554.0642700195312,590.642333984375,605.564208984375,606.9005126953125,587.7791137695312,577.751953125,572.7349853515625
sample_154668ced0d69a44,401.3359375,402.3175048828125,402.4440002441406,402.19140625,402.4904479980469,400.8103332519531,400.9970703125,398.3950500488281,398.3612060546875,396.52740478515625,395.9437255859375,394.1864929199219
sample_f629f3d23759e915,405.9549255371094,402.9644470214844,400.0726013183594,397.7877197265625,395.4894714355469,393.30792236328125,391.6751708984375,389.81982421875,388.280029296875,387.1733703613281,385.2073669433594,383.9427185058594
sample_caf5d80993b32561,472.70587158203125,478.4375,486.4864196777344,498.86297607421875,507.13360595703125,513.3519287109375,512.4953002929688,513.597900390625,525.301025390625,534.771240234375,528.7705078125,528.03759765625
sample_fba775a2c24b996a,379.1961975097656,378.13525390625,377.6863098144531,377.3162841796875,377.2983703613281,377.4169616699219,377.63226318359375,377.8244934082031,377.56512451171875,377.8068542480469,377.9237976074219,378.0249328613281
sample_15c1d096f0d8350e,444.64453125,437.5952453613281,425.39630126953125,413.9967041015625,404.3299255371094,393.7750549316406,386.33795166015625,378.05194091796875,373.113525390625,368.8591613769531,362.7440185546875,361.2512512207031
sample_31fce5b3839284ab,434.0675354003906,430.2620544433594,425.4817199707031,421.34014892578125,416.4410400390625,411.29949951171875,407.2703857421875,403.3638610839844,399.6955871582031,397.07843017578125,393.1406555175781,390.88824462890625
sample_8f621165923ea381,394.9796142578125,395.7151794433594,396.2738342285156,396.4517822265625,397.24176025390625,396.2364501953125,396.7202453613281,395.1735534667969,395.7015686035156,393.9479064941406,393.8782958984375,392.4476318359375
sample_fe2e6c5bd5a8e624,445.1007080078125,439.2197265625,431.3139953613281,424.80914306640625,418.2701721191406,410.9141540527344,405.4485778808594,400.2078857421875,395.061279296875,392.28326416015625,387.5797119140625,385.1233215332031
sample_659c3f335e60f403,414.69500732421875,412.5794677734375,409.5172424316406,406.70526123046875,403.8363952636719,399.2410583496094,396.7629699707031,392.9197998046875,389.7193603515625,387.478515625,384.63934326171875,384.1838684082031
sample_565cbc75c3de3602,480.8398742675781,499.63665771484375,517.2957153320312,529.248779296875,552.1910400390625,572.3971557617188,582.2903442382812,564.1708374023438,556.3875732421875,556.7882080078125,563.587646484375,545.02783203125
sample_02b07c104460f4e0,329.0195007324219,328.97149658203125,330.71112060546875,332.43524169921875,335.3116455078125,337.30413818359375,339.1569519042969,345.62664794921875,343.4532775878906,345.1795654296875,350.7956848144531,356.5057678222656
sample_d6c767141094adae,491.5982666015625,480.79193115234375,466.81170654296875,455.14349365234375,444.04046630859375,431.5885009765625,422.3418273925781,412.6315612792969,405.1050109863281,398.6983642578125,391.8120422363281,386.7122802734375
sample_1e0ac64be1a3bc2a,388.8275146484375,386.8992614746094,384.5520935058594,382.6643371582031,380.7806701660156,378.6459045410156,377.15643310546875,375.08251953125,373.5603942871094,373.18975830078125,376.2603759765625,388.875732421875
sample_7257eff202b87d40,480.9691162109375,483.1076965332031,478.48687744140625,471.1106872558594,463.64227294921875,457.5827331542969,448.9664001464844,436.1028137207031,426.24993896484375,421.66278076171875,413.2563781738281,408.5694274902344
sample_c2f2193f9591d071,343.4327697753906,342.91754150390625,343.4405822753906,344.46429443359375,348.3458557128906,359.943603515625,374.7585144042969,388.80126953125,373.1939392089844,367.7192687988281,379.34515380859375,400.2919921875
sample_86ecd7b7efcdc349,390.60748291015625,408.6422119140625,430.96466064453125,454.5768737792969,476.1708984375,486.00677490234375,496.0535888671875,522.0081787109375,540.4952392578125,575.385498046875,620.0628662109375,662.550537109375
sample_afc063171d68ade3,458.7591552734375,455.5945739746094,452.20428466796875,449.0599060058594,446.8452453613281,444.01129150390625,441.9372863769531,438.49267578125,437.615234375,435.9741516113281,433.198974609375,431.2109680175781
sample_0d814a480a147710,351.45465087890625,351.8583679199219,353.48394775390625,354.7102966308594,357.1742858886719,360.0764465332031,361.7580871582031,364.3368225097656,365.80035400390625,367.9342956542969,369.694091796875,371.3986511230469
sample_dec0d0dae802e14f,303.78863525390625,305.6481018066406,309.10272216796875,311.3293762207031,314.4974365234375,316.68524169921875,318.0120544433594,319.0351257324219,321.6251220703125,322.275634765625,324.3688049316406,325.20172119140625
sample_0b3a81ed5522140e,314.26513671875,313.9828186035156,316.1816711425781,317.94775390625,321.061767578125,325.7299499511719,329.16680908203125,332.52496337890625,335.5752258300781,338.0953674316406,341.2517395019531,343.4767150878906
sample_b133303ea09b9654,555.257568359375,545.4122924804688,530.8952026367188,519.1354370117188,508.09063720703125,495.33258056640625,486.59149169921875,476.72308349609375,469.7015380859375,461.49041748046875,455.2431335449219,449.379150390625
sample_97cd37a42acadff9,290.0485534667969,291.7019958496094,296.84588623046875,301.7432861328125,305.75439453125,311.8183288574219,314.5185241699219,318.3978576660156,322.18304443359375,325.09423828125,327.6561279296875,330.0234680175781
sample_f59b28bd83b68e1c,487.7763977050781,474.5429382324219,458.9216613769531,446.72015380859375,434.8387145996094,422.7502746582031,412.9873352050781,403.9976501464844,396.2265625,390.3398132324219,382.7890625,378.0518798828125
sample_e474604211caabea,473.5244445800781,464.117919921875,451.50677490234375,440.83056640625,430.1540222167969,419.31854248046875,410.4647216796875,400.7942810058594,394.0355224609375,387.6410217285156,380.9189453125,376.0950927734375
sample_6796dd543dee7cdb,578.6146240234375,559.5374145507812,539.3360595703125,522.4016723632812,507.18426513671875,491.15289306640625,478.76348876953125,466.11962890625,456.0099792480469,447.37005615234375,438.541748046875,431.8583984375
sample_573814b9cd5820be,423.262451171875,424.9049377441406,420.9934997558594,420.01641845703125,418.2767333984375,417.26776123046875,406.08380126953125,402.09100341796875,395.1727294921875,390.1112060546875,388.4330749511719,389.76812744140625
sample_94909cfcbf274ee9,387.38714599609375,387.05078125,386.94268798828125,386.3900451660156,386.8113098144531,386.3701477050781,386.6922912597656,385.7677307128906,385.97454833984375,385.22442626953125,385.51654052734375,384.5079040527344
sample_0a15dd4ed32eb914,392.718994140625,390.0337219238281,386.47528076171875,383.5064697265625,380.88604736328125,375.905517578125,372.7726745605469,369.49945068359375,366.57403564453125,363.8269348144531,360.83721923828125,359.32525634765625
sample_5a324a738de84017,388.31964111328125,410.5899658203125,431.96661376953125,463.7880859375,481.52423095703125,482.50640869140625,475.2696228027344,473.8386535644531,476.1052551269531,489.11651611328125,490.52935791015625,481.21484375
sample_81c23dfc9febf80f,415.5227355957031,410.095947265625,403.1615905761719,396.85107421875,389.6893310546875,382.5184020996094,377.2603759765625,371.5807800292969,363.7120361328125,360.2434387207031,355.3941955566406,355.8999328613281
sample_4aa7ab013b27d632,372.6922302246094,386.3787536621094,400.6839904785156,413.47943115234375,428.5640563964844,451.0549621582031,465.2915954589844,470.15728759765625,463.1466064453125,477.12725830078125,480.147705078125,477.22137451171875
sample_6c5b489d6911e606,373.6160888671875,372.1358642578125,371.81988525390625,371.4007873535156,371.6372985839844,372.38336181640625,373.3184814453125,374.93487548828125,376.2704162597656,379.7835388183594,381.9128112792969,386.32183837890625
sample_cfa08cc11e4a6bf0,351.9233703613281,351.78759765625,351.575439453125,351.3052978515625,351.2944030761719,351.1453857421875,352.95501708984375,353.618896484375,355.9683532714844,356.7738037109375,360.0006408691406,356.815673828125
sample_efe9b93547c6e685,338.0663757324219,338.1380615234375,340.481201171875,344.5309143066406,348.4654846191406,346.61932373046875,345.7691650390625,347.7037353515625,348.45574951171875,354.2965393066406,357.78839111328125,355.5400390625
sample_f9ccc04ae0e0c4ce,535.0015869140625,519.1893920898438,500.39263916015625,485.32098388671875,470.98614501953125,455.9753112792969,444.6173400878906,432.977294921875,423.8775329589844,415.86370849609375,407.70782470703125,401.4031982421875
sample_946aa54ae6612866,423.833984375,421.49951171875,421.5592956542969,419.5572509765625,416.1557312011719,411.4343566894531,407.4701232910156,403.4384460449219,400.06640625,397.54437255859375,395.28289794921875,398.1806335449219
sample_45e39849947fd11d,579.9481811523438,564.22314453125,544.4210815429688,528.09033203125,514.4869384765625,499.687744140625,488.97308349609375,477.7671203613281,469.163818359375,461.3106994628906,452.95867919921875,446.1772155761719
sample_f6705e58cea7da5e,386.30072021484375,384.15838623046875,381.0449523925781,379.3004150390625,376.4927673339844,373.0702209472656,371.2400207519531,368.965576171875,366.8082580566406,366.5494384765625,366.37939453125,368.9949951171875
sample_cbe574dcd9c389d2,332.0574951171875,331.08404541015625,332.4835510253906,334.7150573730469,337.96002197265625,339.04852294921875,341.6659851074219,338.9274597167969,338.3272705078125,338.15484619140625,337.2153625488281,338.4708251953125
sample_f752f2f12400ee22,319.8114929199219,322.6415710449219,326.9711608886719,330.4211120605469,335.1327819824219,340.33502197265625,344.43768310546875,348.6758117675781,352.37823486328125,355.32989501953125,358.5660095214844,361.3824157714844
sample_751639bf067c1fae,418.3122863769531,417.5143127441406,416.9344787597656,414.06976318359375,410.990234375,406.2404479980469,404.0141296386719,400.7248840332031,397.19708251953125,394.66387939453125,397.7027282714844,395.09539794921875
sample_2f38c1430eb21885,321.53369140625,320.5516052246094,320.6463623046875,321.08502197265625,319.7967224121094,318.1124267578125,318.595947265625,319.82196044921875,322.3736877441406,324.20361328125,328.14801025390625,340.6927185058594
sample_3ed284690d877dee,341.3384094238281,340.2898254394531,340.583984375,340.90130615234375,341.9466552734375,343.710205078125,345.4315490722656,347.1893310546875,348.40521240234375,352.08349609375,354.0354309082031,355.5912170410156
sample_780f90610811cb96,598.218505859375,592.3460083007812,587.9461669921875,576.9254760742188,567.0956420898438,552.2247314453125,535.9925537109375,516.6282348632812,508.44317626953125,498.1866455078125,489.7139892578125,480.9220275878906
sample_e6eb4619dc2f030a,444.09600830078125,447.2874450683594,456.7280578613281,474.605712890625,482.8827209472656,503.7767639160156,538.6175537109375,562.2962646484375,577.595458984375,592.3555908203125,596.259033203125,587.5421142578125
sample_18d536a21c26d6d0,304.09454345703125,307.7842712402344,313.56884765625,318.1327819824219,323.7306213378906,329.7422790527344,334.6233215332031,339.3876953125,343.83477783203125,347.1165466308594,351.05010986328125,353.90399169921875
sample_a0cd053e8a0aece0,363.1337585449219,381.0644836425781,401.5753479003906,419.5833740234375,434.9432373046875,450.003173828125,463.0018310546875,470.57086181640625,481.66693115234375,487.41094970703125,496.2042541503906,502.6375732421875
sample_d3c8d95dfa04fc64,485.1007080078125,478.9958801269531,468.383056640625,459.3370056152344,450.6938781738281,440.5385437011719,433.4427490234375,425.02142333984375,419.0960998535156,413.8780822753906,408.12652587890625,403.7483215332031
sample_ff846552df312a6f,466.2032775878906,461.3399353027344,452.8283386230469,447.7192077636719,442.1211853027344,430.5469665527344,425.01068115234375,416.9265441894531,411.5146484375,407.0077819824219,402.23870849609375,397.79345703125
sample_91fa2c96071fcb0d,308.9165954589844,309.8337707519531,312.92523193359375,315.76275634765625,319.55645751953125,324.34661865234375,328.1920471191406,331.61138916015625,335.3978576660156,339.297119140625,342.536865234375,344.887939453125
sample_578a8e2f37652a04,438.1119384765625,472.1305847167969,509.5261535644531,552.8460083007812,606.4627075195312,650.78955078125,684.013671875,690.3575439453125,714.6871337890625,740.0294799804688,751.1370849609375,739.52197265625
sample_3c3a6848822543b8,473.3147277832031,461.27197265625,447.2833557128906,436.07659912109375,425.0647888183594,413.5295715332031,404.12835693359375,396.0654602050781,389.20697021484375,384.2182922363281,380.4763488769531,375.48760986328125
sample_426234b373230d5e,394.9337158203125,395.0951232910156,405.4710693359375,405.93280029296875,408.5349426269531,396.0790100097656,391.25848388671875,392.6639099121094,399.2109375,399.8656311035156,394.86566162109375,382.2951354980469
sample_9b19edfb2a261987,356.1605529785156,359.6969299316406,365.52703857421875,371.66180419921875,381.7564697265625,392.7458801269531,392.1087951660156,397.5605773925781,403.3954772949219,408.5132751464844,417.11767578125,422.0330505371094
sample_e6c6a32bafc93ddf,402.6460266113281,399.06689453125,393.49560546875,389.1748352050781,383.50335693359375,376.736572265625,372.4586181640625,367.23504638671875,362.98089599609375,359.0473327636719,355.2131042480469,353.003173828125
sample_4b585b4f5af25525,316.61004638671875,327.481201171875,341.8504333496094,352.4786376953125,365.3379821777344,376.52801513671875,380.664794921875,384.9199523925781,391.9276428222656,394.2872009277344,398.68304443359375,398.0135498046875
sample_f1dc438fdfd5d302,518.42822265625,503.06353759765625,484.2261047363281,469.1145324707031,454.88629150390625,440.0500793457031,428.5992126464844,417.211181640625,407.8753662109375,400.11151123046875,391.893310546875,385.8466796875
sample_7a09b9e91e9b8374,394.711181640625,392.595458984375,390.795166015625,389.15203857421875,387.81207275390625,386.3717346191406,385.622314453125,384.3096618652344,383.8759765625,382.647216796875,382.448974609375,381.42266845703125
sample_ad658558139038f3,387.22332763671875,389.5702209472656,392.0818786621094,393.6350402832031,396.0440368652344,396.9053039550781,398.5126953125,398.5113830566406,399.9977111816406,399.7254943847656,401.1583251953125,400.6233215332031
sample_d8c420348da2f944,508.62786865234375,499.71490478515625,485.9511413574219,474.27655029296875,463.8038024902344,451.34228515625,442.5636901855469,432.7569885253906,426.7904052734375,420.92529296875,414.3023376464844,410.59539794921875
sample_fee9420e30f19f73,376.94873046875,375.14178466796875,372.6145935058594,370.68084716796875,368.1524353027344,365.2197570800781,363.37115478515625,363.3316650390625,369.8984375,370.1258850097656,360.0167541503906,365.3519592285156
sample_13070dab81c7a242,316.0386047363281,316.99102783203125,320.6371154785156,323.7174987792969,327.6816711425781,332.8244323730469,336.3970947265625,340.533447265625,344.0193176269531,346.6870422363281,350.04876708984375,352.88726806640625
sample_34aa29a4df00c697,462.3334045410156,456.4222717285156,446.7304382324219,438.81683349609375,430.58184814453125,421.05218505859375,414.72735595703125,406.8146667480469,401.4344482421875,396.3892517089844,391.10797119140625,386.96649169921875
sample_7b48d8c358d5b6cc,666.9803466796875,650.6756591796875,632.0591430664062,616.5355224609375,602.5609130859375,587.6525268554688,576.546142578125,564.5535278320312,555.3807983398438,546.7839965820312,538.8756713867188,532.29345703125
sample_6952de8a823aedad,312.52587890625,320.9722595214844,333.1266784667969,349.1963806152344,364.2872619628906,377.7918701171875,386.69970703125,389.6284484863281,393.7302551269531,403.7862243652344,405.83233642578125,400.56939697265625
sample_45743eb53675dd35,353.9487609863281,359.4203186035156,365.4725036621094,369.8944396972656,375.4817810058594,380.033447265625,385.3138427734375,387.49615478515625,391.22955322265625,392.32452392578125,395.26873779296875,395.9892272949219
sample_a64c5d12f638559d,432.80975341796875,430.7420349121094,427.3297119140625,424.5482177734375,421.2831726074219,416.5176696777344,413.11163330078125,408.5469055175781,405.4742431640625,402.59295654296875,399.05584716796875,396.13226318359375
sample_b78bbdc16608ba8c,278.03961181640625,281.58172607421875,289.18017578125,293.15777587890625,298.386962890625,304.9823913574219,310.58709716796875,314.5504150390625,318.80767822265625,321.5064697265625,325.9392395019531,327.76519775390625
sample_c5107c81a7bc792e,340.68035888671875,342.7333679199219,345.9846496582031,348.41204833984375,351.9287414550781,356.0311279296875,359.3189697265625,362.7978515625,366.2210388183594,368.7511901855469,371.70159912109375,373.91632080078125
sample_d56a7146d902d515,402.8881530761719,420.019775390625,438.2971496582031,453.03662109375,467.44195556640625,481.2397155761719,492.6473693847656,502.313232421875,511.988037109375,519.0922241210938,527.259033203125,531.53369140625
sample_f00287a2cbde8122,351.7835388183594,353.32623291015625,357.9776916503906,362.0156555175781,375.7432861328125,385.1033630371094,390.01953125,398.57415771484375,411.8975524902344,432.7692565917969,447.1803894042969,449.34735107421875
sample_900358450be536ce,363.3380126953125,386.94622802734375,410.07763671875,428.23974609375,446.1217346191406,462.3331298828125,476.1390075683594,488.24212646484375,499.0094299316406,507.110595703125,516.842041015625,523.0628662109375
sample_e8c371e7def76f3e,444.43035888671875,439.91473388671875,432.5226135253906,428.7357482910156,439.4271240234375,467.47613525390625,495.1618347167969,518.9436645507812,543.0361328125,567.5364379882812,597.439208984375,604.9797973632812
sample_824bd3749ac2d2cc,439.04901123046875,433.1238098144531,426.6197204589844,420.9748840332031,415.345703125,409.33721923828125,404.78204345703125,399.9739990234375,395.7466735839844,393.09423828125,388.96221923828125,386.6184387207031
sample_0b87afe3782b64d6,498.011962890625,487.7939758300781,473.8674011230469,461.771728515625,450.34051513671875,437.87786865234375,428.832763671875,419.0586853027344,411.3544616699219,405.11431884765625,398.1353759765625,393.04541015625
sample_cd9b0b08e7aac31b,359.0382385253906,363.77777099609375,370.47198486328125,378.580322265625,394.2709655761719,406.3950500488281,412.635009765625,415.6690673828125,414.8975524902344,422.771240234375,431.96661376953125,431.86065673828125
sample_8da2d10a360e3317,317.0157470703125,317.49224853515625,320.64031982421875,322.05975341796875,325.1527404785156,328.74786376953125,331.80279541015625,334.3944396972656,338.0242614746094,339.3674621582031,341.68902587890625,343.68621826171875
sample_e38c2102b5fb332b,355.47454833984375,360.02825927734375,366.34698486328125,370.7779235839844,376.9936828613281,383.44195556640625,390.5592956542969,395.3910827636719,399.89654541015625,408.7367858886719,419.66802978515625,423.8632507324219
sample_cf4604ed66661692,408.58795166015625,426.1373596191406,444.8243408203125,468.5994873046875,489.1688232421875,505.8809814453125,515.787109375,534.1946411132812,545.7384033203125,547.87353515625,550.1141357421875,551.9719848632812
sample_b4242c620c64cd8e,304.09539794921875,305.9578552246094,310.1582946777344,313.25518798828125,317.4665222167969,321.6225891113281,325.4166564941406,328.43511962890625,332.2915344238281,334.12896728515625,337.0757141113281,339.1932678222656
sample_4e277403d88602e5,358.4041442871094,356.04644775390625,353.7325439453125,351.8625183105469,350.536865234375,348.5838928222656,347.6473693847656,346.2215270996094,344.8450927734375,343.9046325683594,343.0002136230469,342.42462158203125
sample_e36aa55d723076f3,427.194091796875,424.1829833984375,418.53753662109375,413.8611145019531,409.4288635253906,403.2709045410156,398.3150329589844,392.70281982421875,389.22381591796875,387.2465515136719,381.2038269042969,378.0296630859375
sample_b82c854e547b94f0,444.31072998046875,450.3583984375,456.861572265625,462.78759765625,473.58319091796875,494.29833984375,517.6912841796875,536.3436889648438,561.6041259765625,598.3448486328125,632.864990234375,653.6025390625
sample_84a3f885da6c5b88,334.5484619140625,334.6010437011719,337.2728271484375,337.63653564453125,339.5347595214844,338.4521789550781,338.62542724609375,339.0429382324219,338.405517578125,339.69256591796875,340.7845458984375,342.4909973144531
sample_fda506d7120ac863,359.975830078125,361.56341552734375,363.8003234863281,365.5767822265625,368.30938720703125,370.52294921875,373.1375427246094,374.6825866699219,377.0535583496094,378.2228088378906,380.42578125,381.6048889160156
sample_65823ce54868952e,305.86407470703125,307.1296081542969,310.8454895019531,313.1471252441406,316.7721252441406,320.89190673828125,324.51141357421875,327.7571716308594,331.1006774902344,333.047607421875,335.9264221191406,338.05706787109375
sample_c268ed486989f3a9,327.80096435546875,332.561279296875,338.8470458984375,343.670654296875,352.1254577636719,363.7713928222656,377.1983947753906,386.51654052734375,403.3529052734375,422.59039306640625,445.5010681152344,454.54730224609375
sample_4a834d9c17c0f9fd,296.3467712402344,300.5716247558594,309.2646789550781,315.4823303222656,328.4215087890625,336.44427490234375,337.0295715332031,334.947021484375,340.65899658203125,344.1527099609375,349.11767578125,352.4229736328125
sample_b4071bd330dd0128,511.3269348144531,505.79541015625,495.716552734375,489.8172302246094,487.2331848144531,477.244873046875,475.2199401855469,474.89263916015625,466.24993896484375,450.69244384765625,438.38360595703125,434.634033203125
sample_67187765d796918c,399.0909118652344,398.1145324707031,399.1481628417969,404.4476623535156,414.541015625,430.0346984863281,438.4490051269531,436.3131103515625,439.1016845703125,442.4217224121094,446.6676025390625,438.416015625
sample_269418069ec1b20c,320.54827880859375,335.5211181640625,352.685302734375,366.2914733886719,380.6907958984375,393.2203063964844,404.4351806640625,414.1505126953125,423.00762939453125,429.2137451171875,437.55938720703125,443.4278564453125
sample_fd8d4e26e58d0c66,408.8677978515625,409.3848571777344,411.36279296875,413.00640869140625,414.1855773925781,419.6183776855469,426.39288330078125,421.1046142578125,425.0535583496094,436.5172119140625,449.8592834472656,461.1260681152344
sample_39b366ff0d055ef9,375.8409423828125,375.19464111328125,375.2559509277344,375.33526611328125,375.8253479003906,375.7628479003906,376.829345703125,376.6919860839844,377.22589111328125,377.0055847167969,377.250244140625,377.0225524902344
sample_75e096f3bbbaa725,353.6907958984375,379.12506103515625,404.46734619140625,426.1590576171875,442.44818115234375,457.52581787109375,470.8337097167969,483.6455078125,493.1959228515625,500.3097839355469,508.3985900878906,512.728515625
sample_615cd7df0cf30f34,497.15875244140625,486.941162109375,473.7840576171875,462.59832763671875,452.0658264160156,440.6888122558594,432.0015869140625,422.807861328125,415.8945617675781,409.7416076660156,402.7696533203125,398.1531982421875
sample_782124615b203a40,449.93353271484375,442.678466796875,433.39654541015625,425.1216735839844,417.5311584472656,409.2825927734375,403.85284423828125,399.2858581542969,394.6296691894531,388.5330810546875,382.0540771484375,379.0213623046875
sample_0c299d124bf4fc2f,347.84893798828125,353.9856262207031,364.6669921875,376.9291076660156,395.93548583984375,430.952880859375,457.0406494140625,481.41156005859375,499.84033203125,537.7081909179688,557.0611572265625,573.928466796875
sample_dfea9c4e2e24d167,469.8076171875,466.2961120605469,459.9122009277344,453.331298828125,447.44659423828125,439.3548583984375,434.0582275390625,426.9265441894531,421.698974609375,416.9227294921875,412.29791259765625,407.9554443359375
sample_5a82b7cdbf57d2cf,578.7867431640625,573.407470703125,564.9248046875,558.49462890625,556.5580444335938,545.4673461914062,547.2283325195312,539.8621215820312,533.2564697265625,517.0009765625,508.16802978515625,498.4158630371094
sample_c0c62d7c979e418b,292.6996765136719,307.1119079589844,321.1290283203125,331.66168212890625,344.7140808105469,358.7048645019531,369.865966796875,377.7098388671875,386.530517578125,392.29541015625,399.59649658203125,405.21356201171875
sample_9abfee627f311105,314.54388427734375,314.7183837890625,317.7200622558594,325.75921630859375,333.8233337402344,343.7787780761719,341.027587890625,345.6825866699219,345.9650573730469,361.7907409667969,373.2740478515625,378.2596740722656
sample_7ac154ad6ba2ef1d,395.2377624511719,401.55889892578125,408.1531677246094,412.7706604003906,419.2633361816406,425.5677490234375,430.9512939453125,433.0317687988281,443.1080017089844,451.0919494628906,455.5903015136719,455.0892333984375
sample_3603f3a0cd51e979,324.3283386230469,326.9006652832031,331.44329833984375,334.6854248046875,339.8327331542969,345.6243896484375,350.1741027832031,354.4351501464844,359.2491760253906,361.8116455078125,365.7753601074219,368.65869140625
sample_776fb01c682ce2ca,544.7755126953125,532.828369140625,519.116943359375,507.862060546875,497.7277526855469,484.4803161621094,471.89678955078125,459.8959655761719,451.02484130859375,444.54779052734375,437.43572998046875,432.49603271484375
sample_2b56e247f7ecdf4b,397.4996032714844,391.3669128417969,383.7305908203125,378.1067199707031,372.0202941894531,365.939697265625,362.063720703125,356.7197570800781,353.5492858886719,351.4703369140625,345.9684143066406,343.2311096191406
sample_4d7aba7a9158a0bc,350.94970703125,354.2882995605469,361.5337219238281,370.00897216796875,388.72052001953125,412.5718688964844,431.9953308105469,444.3708190917969,442.38104248046875,444.62347412109375,466.7413330078125,467.77978515625
sample_9da52c27f96dbd7c,702.6137084960938,703.517578125,702.5419311523438,700.1356811523438,691.57666015625,684.9420166015625,680.8270263671875,674.5435180664062,667.7454833984375,664.142578125,660.7095947265625,662.7191162109375
sample_50c485550570ccbe,304.0862121582031,307.052001953125,311.7490234375,315.6031494140625,320.6048889160156,326.09185791015625,330.6469421386719,334.5503845214844,338.7979736328125,341.25360107421875,345.2603454589844,347.82525634765625
sample_3aa355028d97b6da,444.4654235839844,437.5973205566406,428.67462158203125,421.2627868652344,411.6563720703125,400.0504150390625,393.4162292480469,386.163818359375,380.74468994140625,377.009765625,373.4913635253906,370.85546875
sample_def353c77e98c5ab,388.19134521484375,387.1565856933594,388.094482421875,386.8700866699219,385.8084411621094,390.3993835449219,381.79534912109375,380.201171875,380.6654968261719,378.96905517578125,377.75628662109375,379.30078125
sample_776126709628e611,350.76348876953125,351.4520263671875,353.2583312988281,354.5844421386719,356.9994201660156,359.7430114746094,361.8348083496094,364.27410888671875,366.08502197265625,368.1950988769531,369.43505859375,371.1759033203125
sample_4cf13f14baae85aa,386.7744445800781,385.4023742675781,384.771240234375,384.13629150390625,383.43475341796875,386.43487548828125,388.44683837890625,399.16900634765625,419.7655029296875,443.12164306640625,447.4895935058594,454.1473388671875
sample_15baf1a76650d888,406.84014892578125,405.6482849121094,404.87384033203125,403.1858825683594,399.9124450683594,397.8753662109375,396.8775634765625,393.9774475097656,390.7328186035156,394.0379943847656,391.9909362792969,395.59356689453125
sample_01e684db3a69abf0,627.8330078125,618.663330078125,608.0217895507812,599.708740234375,592.0689086914062,582.6546630859375,577.2545166015625,567.635009765625,559.2978515625,554.51416015625,549.5576171875,543.8599853515625
sample_fbab3807ae8629af,369.49652099609375,368.183837890625,367.4621887207031,366.4750061035156,365.8299560546875,365.5750427246094,365.32952880859375,365.4520263671875,367.2149658203125,369.0050964355469,373.489013671875,378.3279113769531
sample_f5ae16d074c4e823,313.5867919921875,320.40106201171875,331.2093811035156,339.53271484375,348.3840026855469,357.6017150878906,366.5360412597656,374.35723876953125,382.2119445800781,391.3445739746094,402.1503601074219,411.39764404296875
sample_a2a78ae6bc53f728,387.6820983886719,385.8139953613281,382.55194091796875,379.5482177734375,375.1298522949219,369.9881896972656,366.57183837890625,362.88250732421875,359.87554931640625,357.87890625,356.7232666015625,357.87786865234375
sample_949bcbd9c863efec,459.91973876953125,453.8999328613281,445.38330078125,438.1063232421875,430.7572326660156,422.44183349609375,417.011962890625,409.46551513671875,404.0743408203125,400.00439453125,396.5982666015625,393.73858642578125
sample_af92183e5baa7835,617.55029296875,606.0498046875,596.6458129882812,584.665283203125,570.2908935546875,553.3563232421875,540.8074951171875,526.0485229492188,517.23095703125,505.43701171875,497.5982666015625,491.28045654296875
sample_d2c6247806c93f2d,352.3009948730469,350.9732971191406,350.2850646972656,350.931884765625,351.9101867675781,347.4072570800781,346.2430114746094,344.465576171875,345.0418701171875,348.97003173828125,357.7721862792969,376.606201171875
sample_0a33e048e3a98617,294.5954895019531,298.74371337890625,306.1802978515625,311.5053405761719,318.3439025878906,326.2735595703125,332.6123352050781,338.475830078125,344.36181640625,347.8529052734375,352.9860534667969,356.4791564941406
sample_905c007216ec9810,363.52252197265625,365.89208984375,370.71429443359375,375.4545593261719,378.8547668457031,381.4955139160156,381.7025451660156,390.7266540527344,402.41290283203125,410.6520080566406,407.6282958984375,408.7684326171875
sample_dc2a0f8e27ac0d85,508.3102722167969,501.0643005371094,489.0074768066406,478.6829833984375,469.580322265625,458.2632141113281,450.63226318359375,440.9095458984375,434.417236328125,428.2197265625,422.13360595703125,416.7005920410156
sample_02a69fdaf27ade41,601.8407592773438,578.2801513671875,552.7227783203125,532.8936767578125,514.5303955078125,496.10260009765625,481.7168884277344,467.4552001953125,455.875732421875,446.27880859375,436.2095947265625,428.768798828125
sample_030fa54e5c20752c,706.5215454101562,690.1997680664062,671.00439453125,654.098388671875,635.410888671875,622.4713745117188,613.2059326171875,602.3942260742188,591.2744750976562,580.8238525390625,569.0735473632812,554.41162109375
sample_9956734bd196cd50,486.6402282714844,486.9631652832031,479.44146728515625,477.3840637207031,471.4712219238281,459.4459533691406,448.7529296875,440.6926574707031,434.9375305175781,431.00579833984375,425.740478515625,420.5635681152344
sample_ca503b288166ed8c,342.8306579589844,344.890625,347.734619140625,349.7920837402344,352.9817199707031,355.943603515625,358.5964660644531,360.9893493652344,362.8951721191406,364.0702209472656,366.5076904296875,367.602294921875
sample_15aa9da5c192a029,332.7223815917969,335.40765380859375,335.765625,336.9609375,340.40313720703125,356.2778625488281,383.4312438964844,420.4792785644531,456.70611572265625,491.121337890625,530.1583251953125,564.9259033203125
sample_9e19f2570b930af2,383.4992370605469,380.751220703125,377.5169677734375,374.2419738769531,372.1111145019531,368.538330078125,365.8815002441406,363.3943786621094,360.4427795410156,359.5322265625,358.19586181640625,358.95855712890625
sample_302cc6352a0cdeda,384.0377197265625,386.9826965332031,390.3599548339844,392.84228515625,396.0947570800781,398.48583984375,400.7945556640625,402.1758117675781,404.5914611816406,405.2920227050781,406.37298583984375,406.8388977050781
sample_c809543322d333e4,487.4290771484375,499.69647216796875,509.2110595703125,515.7745971679688,523.2857055664062,527.8515625,533.365966796875,534.421630859375,539.2293701171875,539.6031494140625,543.38623046875,543.8077392578125
sample_d58dd82e4224f7ff,324.87261962890625,347.75225830078125,370.5218505859375,388.65264892578125,406.6965026855469,423.7544250488281,437.6034240722656,449.1031188964844,460.31097412109375,468.2787170410156,478.1954345703125,484.39666748046875
sample_2453cac039d3ae1b,380.6065979003906,399.8636779785156,418.3536071777344,433.1123962402344,447.26812744140625,463.6645812988281,477.3407897949219,491.4488525390625,507.63861083984375,518.5042114257812,527.84912109375,533.1817626953125
sample_9b38660549bcecd9,424.0120849609375,418.6162414550781,411.73095703125,405.8841552734375,399.92706298828125,392.94451904296875,388.2241516113281,382.95367431640625,378.3497314453125,375.0665588378906,370.9145202636719,368.009033203125
sample_ebf0d8a89b8176d9,525.3851318359375,519.66748046875,506.771728515625,496.49346923828125,487.31829833984375,475.3300476074219,468.1316223144531,458.56719970703125,452.6102600097656,446.1832580566406,440.4745788574219,434.8096923828125
sample_80fcb4df3b0fd383,333.8406066894531,333.9978332519531,337.07135009765625,339.24652099609375,344.8570251464844,354.0249938964844,360.4684143066406,360.8724365234375,362.21234130859375,363.45477294921875,367.7431335449219,371.3017272949219
sample_87df0b143891dae7,414.9419860839844,412.41748046875,410.3783264160156,408.3582763671875,406.8711242675781,405.439208984375,404.60272216796875,403.5655822753906,402.74310302734375,401.6325378417969,400.390869140625,399.8548889160156
sample_60b51ce798a0196c,355.163330078125,354.7103271484375,357.4786071777344,359.67724609375,362.5306091308594,366.66278076171875,369.76513671875,372.7774963378906,375.56494140625,377.58758544921875,380.1770935058594,381.82568359375
sample_c21dcbbe13c7f12e,458.19757080078125,456.3390197753906,450.6697692871094,445.6466064453125,440.47906494140625,433.3742370605469,428.58282470703125,422.228271484375,418.1511535644531,414.3349914550781,409.8566589355469,406.0864562988281
sample_50cafc4050f59b05,493.99615478515625,480.7561340332031,464.2826843261719,450.901611328125,438.13824462890625,424.45123291015625,414.5242004394531,403.9230651855469,395.64093017578125,388.5409851074219,381.13714599609375,375.2798156738281
sample_5e76277248c8a678,480.2617492675781,484.1156311035156,488.1107177734375,490.835205078125,491.5359802246094,489.42138671875,490.6634216308594,489.3114013671875,484.97930908203125,480.9275207519531,475.7674255371094,479.2648010253906
sample_d7245fa02fba9b76,375.3431396484375,375.8330383300781,377.9787902832031,379.41912841796875,382.8573913574219,389.3107604980469,392.927001953125,396.677490234375,404.7177734375,419.5030822753906,427.3195495605469,430.23712158203125
sample_63d36478fd28f0d5,306.10589599609375,322.72607421875,337.9345703125,347.8681335449219,360.2513122558594,372.39788818359375,384.09881591796875,392.5267639160156,394.8494567871094,396.8172912597656,402.8014221191406,404.1142272949219
sample_5e7b3b4b8330496d,348.6226806640625,352.0540466308594,357.3673095703125,361.47955322265625,367.6429138183594,374.0602111816406,379.3109130859375,384.29278564453125,389.3087463378906,392.4544982910156,397.5589294433594,401.9853210449219
sample_327dd918c8fb6a71,555.026611328125,564.9585571289062,569.93310546875,566.9295043945312,569.0829467773438,555.8310546875,551.8615112304688,549.9368286132812,549.2303466796875,548.32421875,549.532470703125,547.4012451171875
sample_cdacda281a6afead,419.96649169921875,418.04852294921875,415.0798034667969,412.63934326171875,410.13037109375,406.4422607421875,404.2400207519531,401.32489013671875,398.7979431152344,396.5079040527344,394.0580749511719,391.93206787109375
sample_b9603d6b1890cff0,412.67376708984375,409.8684997558594,406.9197998046875,404.4405517578125,401.4299011230469,398.06536865234375,395.16046142578125,392.7028503417969,390.6401672363281,389.2080993652344,386.92645263671875,385.7377624511719
sample_f6e0a499dc01a321,326.8453369140625,333.6142578125,341.208984375,346.84564208984375,353.20758056640625,359.2133483886719,364.9862060546875,368.8487243652344,373.908447265625,376.21685791015625,380.2855224609375,381.8697509765625
sample_b729716ef59a0c48,296.3190612792969,303.63970947265625,309.8618469238281,311.5226745605469,318.3758544921875,325.49786376953125,331.24560546875,336.6589050292969,342.4572448730469,345.880615234375,350.65655517578125,353.92266845703125
sample_cd541bfeecfe2a2a,342.0445251464844,342.1581115722656,343.3492431640625,344.8981628417969,347.26007080078125,349.6761779785156,351.87103271484375,353.9071350097656,355.4407958984375,357.73846435546875,359.7106628417969,361.066162109375
sample_ad82b56f9ad43033,404.5711364746094,411.73565673828125,418.6119384765625,420.3658142089844,425.625732421875,430.0048522949219,430.11846923828125,430.6351318359375,433.2947082519531,430.30218505859375,431.0125732421875,429.7491149902344
sample_2a13318dffe39f57,413.3325500488281,409.59783935546875,403.5371398925781,398.3232421875,392.5905456542969,385.09100341796875,380.6468505859375,374.8892822265625,371.8605041503906,376.2344055175781,379.01123046875,380.603515625
sample_d763ffe3d61ef65d,453.12469482421875,446.29022216796875,437.4386291503906,428.13861083984375,417.29345703125,406.06622314453125,399.1400146484375,391.93328857421875,385.9508056640625,380.6424255371094,374.1627502441406,369.861328125
sample_6307bb74720c5cda,647.9039306640625,638.7128295898438,625.3955078125,614.0451049804688,603.84130859375,591.46630859375,582.7421875,572.6146240234375,565.1939086914062,558.377685546875,551.7696533203125,545.4876098632812
sample_732c8292a11313e4,352.93865966796875,353.5706787109375,361.1307678222656,365.8261413574219,368.9700622558594,375.33502197265625,391.0864562988281,397.889404296875,391.3695373535156,384.9486999511719,388.527587890625,390.8027038574219
sample_e581cbf5c0b5dd1b,307.49267578125,308.7905578613281,311.595458984375,313.4238586425781,315.6389465332031,316.797119140625,318.9171142578125,320.2029113769531,322.42181396484375,322.50537109375,324.2360534667969,324.24725341796875
sample_3448a97e003e3338,391.0697937011719,393.24774169921875,394.82476806640625,395.76275634765625,397.3107604980469,396.9111022949219,397.8877868652344,396.5257873535156,397.44952392578125,396.0371398925781,396.4151611328125,395.25439453125
sample_62fc7a5405bbcce0,324.9627380371094,325.39532470703125,328.3694763183594,330.11346435546875,333.45281982421875,337.56427001953125,341.878173828125,345.9893493652344,351.6245422363281,354.7893371582031,364.60223388671875,372.9363098144531
sample_b8745bcce9d2ad97,448.62664794921875,445.2801208496094,441.20416259765625,437.78692626953125,433.8353576660156,429.6605529785156,426.916259765625,424.0079345703125,421.02960205078125,418.79925537109375,415.70867919921875,413.93792724609375
sample_d5665c2c14330483,414.8183288574219,436.3423767089844,466.5793762207031,480.6961669921875,497.523193359375,502.93560791015625,514.5866088867188,516.0556640625,518.0617065429688,513.3001708984375,507.2484130859375,503.10382080078125
sample_1f3816dab986551d,301.75396728515625,313.4495544433594,330.7390441894531,348.2398986816406,358.4383239746094,367.73468017578125,377.1544494628906,385.12677001953125,394.7518310546875,399.7929992675781,400.67596435546875,400.61712646484375
sample_8645c0768769f1d2,410.96942138671875,410.6023864746094,409.05267333984375,408.314208984375,407.4896240234375,406.2416076660156,403.2151184082031,400.40966796875,403.2454833984375,405.1609191894531,405.48175048828125,409.0075988769531
sample_3252fcbdfde498a9,413.0791015625,409.8984069824219,406.6696472167969,403.9278564453125,401.0609130859375,398.0939636230469,395.7364501953125,393.1808166503906,391.2659912109375,389.76617431640625,387.4953308105469,385.7384033203125
sample_b7a096a0f4bac271,329.1802978515625,329.0028076171875,331.2389831542969,332.64190673828125,335.48040771484375,339.3658142089844,342.3034362792969,345.8402099609375,349.989013671875,354.10919189453125,357.42376708984375,367.33209228515625
sample_ef6343abcad7ae57,433.3810119628906,429.8483581542969,425.5513000488281,421.94378662109375,417.991455078125,412.98638916015625,408.7920837402344,404.523193359375,400.8658752441406,397.690185546875,393.46087646484375,390.7488098144531
sample_8e823c6a6bc6575f,444.2083740234375,440.7065124511719,435.5929870605469,432.09259033203125,427.1100769042969,420.17547607421875,414.3289489746094,409.16046142578125,405.2780456542969,402.54296875,398.85357666015625,396.9457092285156
sample_0d66d63faaad7b96,542.7498168945312,538.315673828125,526.8829956054688,514.3692626953125,501.7799987792969,493.5446472167969,483.0701599121094,473.4383544921875,463.9270324707031,456.8645324707031,450.96044921875,445.6483154296875
sample_84bafe7f62db145c,409.4968566894531,404.5756530761719,396.5226135253906,390.37164306640625,383.539306640625,376.1257019042969,372.9117126464844,369.8282470703125,368.18914794921875,367.3194580078125,366.1799621582031,368.943115234375
sample_49ca3a1a92f43790,297.824951171875,301.9569091796875,308.5135498046875,313.6456604003906,319.67486572265625,326.37994384765625,331.5062561035156,336.80126953125,341.9236755371094,345.4977111816406,349.6274108886719,352.9278564453125
sample_75211e1279fe8e42,400.1591796875,406.561279296875,415.45849609375,431.88836669921875,451.3110656738281,474.31341552734375,485.2967529296875,504.842041015625,514.3222045898438,512.9678955078125,511.7413330078125,522.6622924804688
sample_2ce7d859c5ab544b,372.075439453125,384.7198791503906,398.54510498046875,409.6278076171875,422.25079345703125,440.6221923828125,465.7016906738281,490.6522521972656,510.9379577636719,530.65478515625,569.647705078125,607.46875
sample_699bef7bc74eebe6,370.9101867675781,369.2904357910156,368.5628967285156,367.9255065917969,367.9270324707031,368.3189392089844,368.9878845214844,368.6884765625,369.20965576171875,369.2576904296875,369.7621154785156,369.94512939453125
sample_a2d5c2d8a841e240,338.0372314453125,339.6087341308594,342.3629150390625,344.4447021484375,348.4378662109375,352.3259582519531,354.7638244628906,358.25885009765625,363.1234436035156,365.8673400878906,367.546142578125,369.0848388671875
sample_5fe97f76de589501,404.3543701171875,418.30584716796875,429.62884521484375,436.8673400878906,444.96240234375,449.4004211425781,449.4720153808594,449.126708984375,452.4766540527344,453.05889892578125,453.98516845703125,450.3668212890625
sample_1573fd72e82cf195,336.08087158203125,337.6060485839844,340.0816345214844,342.3207092285156,345.65960693359375,349.065185546875,351.927001953125,354.34869384765625,356.55841064453125,358.4081726074219,360.70977783203125,362.4073181152344
sample_a763c41725f0de82,358.3576354980469,357.98748779296875,360.49334716796875,362.850830078125,366.26666259765625,371.0475769042969,374.7735290527344,378.82666015625,382.1695861816406,384.6949768066406,388.309814453125,390.8078918457031
sample_0a9e16b265d02fab,424.5915832519531,422.5474853515625,420.76043701171875,419.3917541503906,418.7403564453125,418.5470886230469,418.3280944824219,417.9698181152344,418.03564453125,418.1518859863281,417.8241882324219,417.37713623046875
sample_7dfc4152340051fa,358.78564453125,358.8103332519531,359.94293212890625,360.6995849609375,362.4996032714844,364.4646301269531,366.09832763671875,367.3715515136719,369.16046142578125,370.0137023925781,371.4230041503906,372.65997314453125
sample_cbbc4d72c3011f0c,511.27593994140625,499.3146057128906,484.9777526855469,473.31610107421875,462.089599609375,450.37213134765625,441.146484375,432.2620849609375,424.81219482421875,418.578857421875,412.0099182128906,407.2694396972656
sample_0172b2a3b2808970,324.2358703613281,330.1304016113281,340.51458740234375,348.4411926269531,356.78338623046875,365.4266662597656,373.00177001953125,379.1436462402344,385.48101806640625,389.1507263183594,395.07440185546875,398.3028564453125
sample_25bf03eb9495e9b0,405.33441162109375,402.2288818359375,399.2252502441406,396.6056823730469,394.3361511230469,392.109130859375,389.9903564453125,388.2774353027344,386.0972900390625,385.2236633300781,383.40216064453125,382.26324462890625
sample_6cfb556b7a34fe2d,297.6819763183594,299.5894775390625,307.6310729980469,313.81866455078125,319.9931640625,323.0967102050781,335.7559509277344,341.13006591796875,355.7999572753906,349.12164306640625,349.6905517578125,353.5960388183594
sample_09ced447b602e720,350.9134216308594,349.7275085449219,349.5942687988281,349.38861083984375,350.1375732421875,351.3649597167969,352.2969055175781,353.5021057128906,354.39990234375,355.58612060546875,356.6007080078125,357.77685546875
sample_bf1004f7768d9af2,337.50634765625,340.7289123535156,345.3116149902344,348.35516357421875,352.79852294921875,356.94232177734375,360.85748291015625,363.32666015625,367.0084228515625,368.7684326171875,371.7669677734375,373.0525207519531
sample_153963fb528182c0,424.94287109375,421.37725830078125,411.77264404296875,402.61077880859375,395.65130615234375,387.26068115234375,379.47637939453125,373.4146728515625,369.1697692871094,371.06317138671875,371.5611572265625,365.010986328125
sample_6e9dc870ea18ed95,328.4491882324219,334.26898193359375,342.3753967285156,348.39080810546875,355.83251953125,363.76348876953125,370.2177734375,376.11993408203125,382.3964538574219,386.0798034667969,391.15301513671875,394.03045654296875
sample_11748e1e0430c60d,333.3313293457031,334.9951477050781,338.1234130859375,341.3624572753906,345.4538269042969,349.10345458984375,351.4375,354.4690246582031,358.57244873046875,361.6991882324219,363.97412109375,365.88922119140625
sample_9fa1858e77039032,380.2931823730469,397.45782470703125,421.8515930175781,456.2123718261719,517.0518798828125,568.3978271484375,605.4197998046875,619.8862915039062,620.234375,626.0987548828125,638.9957275390625,617.9168090820312
sample_27e4fa8324adc202,357.4197082519531,357.813720703125,360.8313293457031,362.58050537109375,366.0575866699219,370.3910217285156,373.9450988769531,376.767333984375,380.518798828125,382.123046875,385.0030517578125,386.7259216308594
sample_ec22e0119d80e1ad,454.7803955078125,453.1957092285156,450.2741394042969,447.3746032714844,448.11822509765625,454.1044921875,453.23333740234375,455.6317138671875,453.5445556640625,449.02838134765625,446.4801025390625,440.5627746582031
sample_69cf57e00b47616d,296.01611328125,301.5440979003906,309.3475036621094,315.2335510253906,322.0134582519531,328.6218566894531,334.6026611328125,339.3741455078125,345.00823974609375,348.2566833496094,353.11767578125,356.31195068359375
sample_a801ccf286c65575,584.27880859375,613.0975341796875,631.85498046875,627.4495239257812,603.0849609375,597.8382568359375,584.9189453125,564.379150390625,547.3387451171875,534.1507568359375,515.9750366210938,508.9682922363281
sample_1aa7e24d3e1fc1ce,326.8309020996094,329.61492919921875,333.71417236328125,336.75982666015625,341.1950988769531,345.7228698730469,349.6970520019531,352.5198669433594,356.1602783203125,358.0665283203125,361.3897705078125,363.3578796386719
sample_3f9fc9f395166142,372.0994873046875,372.6444396972656,375.7513427734375,379.21697998046875,386.6286926269531,401.57208251953125,414.49237060546875,421.3131408691406,425.9171447753906,422.3643493652344,427.07086181640625,433.5392150878906
sample_9aabe01725411a3c,444.3330383300781,441.34820556640625,435.7667541503906,430.7619323730469,425.791259765625,419.0928039550781,414.6232604980469,408.2079162597656,404.2032165527344,400.2431640625,395.8327941894531,392.253662109375
sample_d1eca5a9c75a9446,304.06451416015625,321.9599304199219,341.7420349121094,357.99627685546875,373.06793212890625,387.1922607421875,398.36016845703125,408.5776672363281,418.77325439453125,426.05914306640625,434.3721008300781,439.306396484375
sample_a67a3d77f62234b5,386.89105224609375,385.9747619628906,385.4971618652344,384.6241760253906,382.0128173828125,379.34283447265625,377.496826171875,376.0062561035156,376.270751953125,374.7919006347656,373.5805969238281,372.283203125
sample_f091db7ffc210660,409.8999938964844,407.0017395019531,403.62115478515625,400.9363098144531,398.3830261230469,395.8611145019531,393.6556091308594,391.39947509765625,389.5235595703125,388.09283447265625,385.9202575683594,384.4311218261719
sample_0e31ffe90271fb4d,405.4267883300781,402.9718322753906,399.656005859375,396.5314636230469,392.3515930175781,387.67816162109375,384.3710021972656,380.4791259765625,378.5989990234375,377.984619140625,376.851806640625,377.071533203125
sample_c935710c0e97520e,354.0843505859375,356.3863220214844,359.5888977050781,362.0154724121094,365.41632080078125,368.5247497558594,371.67181396484375,374.2910461425781,376.9759521484375,379.1515808105469,381.4683837890625,383.30755615234375
sample_3692c102904f9e7a,378.75640869140625,377.1177978515625,375.30914306640625,372.8627014160156,369.73046875,367.4781188964844,366.6431579589844,367.9181213378906,361.8391418457031,358.1335144042969,354.2166442871094,354.0966796875
sample_93b8b222721be4bc,615.411376953125,628.9633178710938,644.4056396484375,660.355224609375,671.57568359375,662.388916015625,663.5276489257812,664.0555419921875,666.4940795898438,661.4889526367188,647.6676025390625,647.6328735351562
sample_d4a9f2a100e204af,323.1681823730469,323.107421875,324.8174743652344,325.33587646484375,327.1432800292969,334.9728088378906,346.26739501953125,349.01141357421875,359.0561218261719,363.0439147949219,361.5006408691406,366.2178039550781
sample_2b68691405f5d16a,604.5336303710938,594.6873779296875,579.8117065429688,567.6475219726562,557.7531127929688,544.2991333007812,534.9847412109375,523.7332763671875,516.5084838867188,509.2027587890625,502.1177062988281,495.825927734375
sample_393feed53e30c721,367.8209228515625,390.07000732421875,412.2439270019531,431.91717529296875,450.8216857910156,470.64013671875,490.33306884765625,506.7200927734375,523.9658813476562,540.9141845703125,556.4374389648438,567.7037963867188
sample_f18dc8fb2889082a,407.7650451660156,415.8123474121094,422.2370300292969,426.42425537109375,431.5699768066406,433.83160400390625,436.7559509277344,436.7436218261719,439.387939453125,438.50140380859375,440.7753601074219,439.66131591796875
sample_55f38e3bc123c071,456.4681396484375,480.174560546875,494.24273681640625,503.07855224609375,506.4906005859375,513.523681640625,514.5645751953125,511.3470764160156,509.4461669921875,499.90631103515625,498.92510986328125,498.197021484375
sample_8222d115bbadf273,365.8177490234375,376.560302734375,387.6274108886719,395.2205810546875,409.16156005859375,420.1365661621094,419.7216796875,418.98095703125,426.5655517578125,435.3688659667969,445.1326904296875,445.68304443359375
sample_4e38ac53318585f4,355.3642578125,354.89215087890625,356.8106384277344,358.2676696777344,359.4423828125,366.87738037109375,369.62701416015625,368.5452880859375,374.26995849609375,386.29541015625,387.5492248535156,386.30950927734375
sample_42b891dc4ee24b3f,362.170654296875,362.63250732421875,366.0744323730469,369.96527099609375,374.9442138671875,379.38006591796875,384.8252868652344,394.01141357421875,400.2990417480469,401.6938171386719,406.2904052734375,403.2462158203125
sample_10e492b37f72aa58,364.06829833984375,362.4376220703125,361.43426513671875,358.2016296386719,358.6076965332031,357.7744445800781,361.5373840332031,372.34613037109375,371.3606262207031,375.3166198730469,377.314697265625,411.7439270019531
sample_29c3e1782b591541,326.1713562011719,328.3442687988281,337.7701110839844,349.4976806640625,363.9207458496094,374.0467224121094,382.16217041015625,388.04534912109375,401.4635925292969,407.8091125488281,402.7510681152344,397.0310974121094
sample_58d9810fb7f28eff,353.91448974609375,353.4104919433594,355.0654296875,357.58612060546875,359.9881286621094,364.54150390625,372.69268798828125,373.972412109375,374.67718505859375,387.3889465332031,373.61328125,374.19110107421875
sample_6a331bfb6f7e2e1f,430.71575927734375,428.12432861328125,424.47528076171875,420.7129211425781,418.7829284667969,415.3006591796875,409.4337463378906,405.9808044433594,401.2812194824219,398.36944580078125,395.06512451171875,393.0502624511719
sample_6d4fdbdbfe71a15b,367.9646301269531,365.41748046875,362.28094482421875,359.7877197265625,357.677001953125,356.7650451660156,361.7757568359375,371.0468444824219,374.77813720703125,369.9571838378906,368.90020751953125,374.6029052734375
sample_448274bacaa9e4e0,382.1069641113281,384.47161865234375,387.06103515625,389.106201171875,391.5503845214844,392.6907043457031,394.5950012207031,394.4249572753906,396.1826477050781,395.3103942871094,396.4277648925781,396.09521484375
sample_ccb7d52ad0aafe80,409.2156066894531,411.9929504394531,414.9389953613281,421.6600341796875,425.0037536621094,425.2074279785156,426.2491149902344,427.7537536621094,426.3990173339844,425.7506408691406,423.09295654296875,421.301025390625
sample_8f9e40c50ca9f4e2,349.935791015625,348.0271911621094,346.3855285644531,345.08197021484375,343.7075500488281,342.67901611328125,341.8440856933594,340.7215270996094,342.37457275390625,341.5856018066406,343.6190185546875,348.16851806640625
sample_932478bd356233e4,416.0712585449219,413.5933837890625,409.94757080078125,407.3578796386719,404.3173828125,400.6210021972656,397.8368835449219,395.32318115234375,392.2681579589844,389.81646728515625,387.4206848144531,385.0179443359375
sample_a1449937fa68d592,380.6691589355469,378.78466796875,377.9897766113281,377.42108154296875,375.04510498046875,374.1543884277344,372.49261474609375,373.0859375,374.49090576171875,373.72943115234375,373.574951171875,375.48687744140625
sample_4311f5e15241959e,347.8883056640625,347.2611389160156,348.8770751953125,350.64208984375,355.391845703125,362.74725341796875,371.7779235839844,389.2148132324219,428.05572509765625,452.0218811035156,471.393310546875,488.09796142578125
sample_790a04fc67888463,517.3473510742188,517.06982421875,510.5237731933594,508.713134765625,508.05206298828125,500.80218505859375,494.58154296875,481.3299560546875,472.3160705566406,458.9314880371094,448.4666442871094,439.632080078125
sample_b0578f0b445e4193,509.0516052246094,497.1247863769531,485.14483642578125,475.1104431152344,465.65325927734375,454.771484375,447.8760986328125,441.83837890625,437.2784423828125,436.6356506347656,436.92333984375,439.8018798828125
sample_b2f9923d9c0a0e74,388.16387939453125,386.97802734375,385.56982421875,384.37994384765625,383.5299072265625,381.61151123046875,381.2039794921875,379.36474609375,378.077392578125,377.1688232421875,376.26763916015625,375.29644775390625
sample_8602a18118bebb71,342.3849182128906,347.4751281738281,353.52716064453125,360.1993103027344,374.73876953125,383.259521484375,380.96099853515625,377.7266845703125,384.5831604003906,385.2448425292969,394.60662841796875,398.095703125
sample_060c7b0d9235d974,389.286865234375,401.7391357421875,413.822509765625,418.4359130859375,427.9861755371094,439.8551330566406,445.36334228515625,447.716552734375,452.704345703125,450.18182373046875,453.4692687988281,454.08013916015625
sample_e252c1f1cc775895,328.3697509765625,328.32196044921875,330.79461669921875,332.9996032714844,336.3744812011719,343.38311767578125,359.0220947265625,370.0758361816406,379.3477478027344,372.5412292480469,376.550537109375,376.7142333984375
sample_5aa57e21a54fab81,462.90966796875,459.8525085449219,451.32879638671875,444.4551086425781,438.2463684082031,429.7220153808594,423.3803405761719,417.0045166015625,411.1545104980469,406.2191467285156,401.60357666015625,398.01226806640625
sample_4087bc8297052e4f,381.97186279296875,393.9591979980469,412.3780212402344,419.48590087890625,429.7241516113281,439.0617980957031,450.47784423828125,450.79791259765625,449.55902099609375,443.41070556640625,444.1706848144531,449.6379089355469
sample_6655f6b4c692d72b,400.5477294921875,398.10833740234375,395.7740783691406,392.994384765625,390.79888916015625,388.3492736816406,386.60821533203125,385.0096435546875,383.4671325683594,382.1343688964844,380.61151123046875,379.33135986328125
sample_d4a2c78b6fe20fad,443.514404296875,437.8913269042969,429.1750793457031,422.2470703125,415.0887145996094,406.47528076171875,400.2351379394531,393.4621276855469,388.02227783203125,383.4723205566406,378.3049621582031,374.6843566894531
sample_03646654ab19a920,614.0921630859375,612.2180786132812,607.6809692382812,594.00146484375,582.9463500976562,572.2211303710938,565.1445922851562,550.0926513671875,547.87255859375,544.6161499023438,542.3464965820312,536.6275634765625
sample_5a1edbdadb1e06a0,339.6916809082031,341.65875244140625,344.63739013671875,346.6763610839844,349.934814453125,353.72900390625,356.2994079589844,359.353759765625,361.89080810546875,364.3717041015625,366.606201171875,368.75238037109375
sample_fef79f489309fae6,353.8872985839844,351.96856689453125,350.05908203125,348.6769104003906,347.1121520996094,345.36138916015625,344.0086364746094,342.1231994628906,340.76806640625,339.5285339355469,338.48516845703125,341.88006591796875
sample_d6a72e2a874c12d3,309.8453369140625,315.2923889160156,320.9307861328125,325.4315490722656,331.31298828125,337.5835876464844,343.3222351074219,348.1944885253906,353.6156311035156,356.4612731933594,360.2678527832031,363.14862060546875
sample_1b81845c0e467a25,435.3542175292969,437.9219970703125,438.4427795410156,437.7499694824219,437.6116943359375,435.0412292480469,437.5334167480469,441.6588439941406,433.04248046875,432.7615051269531,433.0478210449219,445.65997314453125
sample_a38531cd53e312c4,354.2010498046875,353.1512451171875,353.1950378417969,353.2379455566406,353.8959045410156,355.0102233886719,356.2053527832031,357.60955810546875,358.1888122558594,359.1092834472656,360.7575988769531,361.6235046386719
sample_9262ebde047bcc36,368.2512512207031,395.7027587890625,417.2448425292969,433.6865234375,464.1993408203125,488.89532470703125,526.180419921875,570.1168212890625,616.759033203125,636.9712524414062,673.850830078125,679.1856079101562
sample_b13ab4c9bd49800f,403.39373779296875,447.447021484375,493.140869140625,537.2813720703125,572.514404296875,591.246826171875,601.0951538085938,608.7710571289062,614.6094970703125,607.4349365234375,601.9498291015625,577.2655029296875
sample_6ddb422485b3b4fb,319.71661376953125,320.63922119140625,324.05023193359375,326.2874450683594,330.0688781738281,335.53265380859375,339.928466796875,345.9096984863281,349.8902282714844,357.9139404296875,366.9547119140625,380.260986328125
sample_252cf17eb785dfc2,421.9064636230469,419.25225830078125,415.18359375,411.547607421875,407.57940673828125,401.9912414550781,399.0055236816406,393.990966796875,390.5101013183594,388.0176696777344,386.4154052734375,384.9663391113281
sample_204f0ac52b7a8f70,538.3023681640625,543.9619140625,540.4364624023438,534.68798828125,531.0227661132812,526.8353271484375,519.5289306640625,515.0011596679688,517.9754638671875,524.9099731445312,526.3077392578125,535.5396118164062
sample_310cfcf87323c8b9,582.8751831054688,569.0972900390625,552.421630859375,537.3475952148438,522.1625366210938,500.6287841796875,487.0817565917969,476.07220458984375,466.37860107421875,458.2397766113281,449.84564208984375,442.9596862792969
sample_52a9d86de951dcde,507.8467712402344,500.394775390625,487.28515625,473.68218994140625,462.3167419433594,450.4012451171875,441.4647216796875,431.9366760253906,424.9856262207031,418.6410217285156,412.5116882324219,407.0950927734375
sample_8d554696bd4cfb13,316.3744812011719,325.5520324707031,337.0436096191406,345.93914794921875,355.8229675292969,365.8199157714844,374.7747497558594,382.0419921875,388.3962707519531,395.02386474609375,403.7369384765625,409.4538269042969
sample_527826b33d0ed062,516.7763671875,503.22314453125,486.0881042480469,473.3395080566406,461.36328125,449.35272216796875,439.7557678222656,431.6688232421875,425.0270080566406,417.1561279296875,410.7113342285156,404.942138671875
sample_4cab0a343cc46121,376.6726379394531,375.0665588378906,375.87554931640625,371.8176574707031,370.5420837402344,370.4306640625,369.4284973144531,368.40032958984375,369.21026611328125,364.90802001953125,364.8634948730469,363.9910888671875
sample_79e099d4a2db479a,450.0849304199219,440.5635986328125,427.89556884765625,416.8386535644531,405.8788146972656,394.7890930175781,385.8580017089844,377.03497314453125,369.98779296875,364.3290710449219,357.86505126953125,353.03955078125
sample_249ea91958d504d8,356.5548400878906,360.9921569824219,367.5689697265625,370.1904296875,372.173583984375,375.48760986328125,376.8448486328125,379.6690368652344,381.5182189941406,379.8916320800781,380.05694580078125,381.198486328125
sample_7cc9643e80ff9358,389.82366943359375,389.48492431640625,391.64715576171875,405.5124206542969,422.732177734375,444.9165954589844,480.7249755859375,552.848876953125,603.1153564453125,635.7003173828125,658.9957275390625,671.672607421875
sample_d96e43dd6e9add6c,474.3869934082031,469.3837890625,458.7166748046875,450.676513671875,441.43182373046875,431.72149658203125,423.8082275390625,415.631591796875,409.7403564453125,404.8416442871094,398.7131042480469,394.35772705078125
sample_8f880339a3ddfc4b,485.8670349121094,477.36517333984375,466.8960876464844,459.01361083984375,450.6679992675781,442.2729187011719,435.9433898925781,429.9739685058594,423.0982971191406,418.9300842285156,413.2882080078125,411.579833984375
sample_df2d2c22fae335c4,465.48480224609375,494.7220153808594,518.1893920898438,545.4574584960938,581.1522827148438,610.7213134765625,623.6810913085938,626.6455688476562,634.8377685546875,633.7149658203125,649.587646484375,639.609619140625
sample_30246105156b94d5,466.7646179199219,460.6334228515625,451.313720703125,443.33740234375,435.58184814453125,426.7962646484375,419.548828125,412.09942626953125,406.53424072265625,403.7808837890625,398.9639892578125,395.1866455078125
sample_786c14011feb2636,451.46942138671875,452.860107421875,449.3121643066406,444.3724670410156,440.0596923828125,436.769287109375,432.272216796875,424.0401611328125,417.81915283203125,412.56695556640625,407.4392395019531,404.327880859375
sample_918e0ce784045a9c,399.2762451171875,396.244873046875,393.28778076171875,390.67181396484375,387.7829284667969,385.1790466308594,383.2315979003906,381.31640625,378.71282958984375,377.48193359375,375.4083251953125,374.15350341796875
sample_c4b7bef4ae9e6da6,352.8924560546875,359.5843505859375,368.18145751953125,375.01983642578125,380.6830139160156,385.6808166503906,391.01275634765625,395.0826416015625,400.604736328125,404.0244140625,408.46484375,410.0898742675781
sample_8129b0975a691261,317.6089172363281,322.9151306152344,329.5694885253906,334.423095703125,340.4691162109375,346.4468078613281,351.7378234863281,355.7978820800781,360.9215087890625,363.31573486328125,367.73516845703125,369.8174743652344
sample_b1b328277552ed18,493.85394287109375,481.80084228515625,466.6163330078125,453.0177307128906,440.05108642578125,426.76611328125,416.9342956542969,406.8654479980469,398.93377685546875,392.3883972167969,384.69366455078125,379.4992980957031
sample_e2d726aa5d405140,326.2727966308594,333.3116455078125,340.3336181640625,349.83758544921875,351.9820556640625,351.23040771484375,347.9955749511719,352.5300598144531,350.93792724609375,348.4773864746094,349.4414367675781,351.8349914550781
sample_f816bacf2cfba86b,480.64080810546875,472.6956481933594,463.424072265625,455.73297119140625,448.9310607910156,443.9695129394531,440.360595703125,441.7265319824219,435.1610412597656,433.5310974121094,434.3155822753906,427.6217041015625
sample_f8fadee01e5d0095,421.476806640625,421.132080078125,420.1552429199219,418.82049560546875,418.0170593261719,415.30633544921875,414.2528076171875,411.3766174316406,409.6533203125,407.1801452636719,405.80230712890625,403.5627746582031
sample_42569f4f565a2438,491.80303955078125,489.2575988769531,484.6626892089844,480.19195556640625,475.7978515625,469.32501220703125,464.944091796875,459.60113525390625,455.99493408203125,452.1945495605469,448.62872314453125,445.1671447753906
sample_df1e5284bb2b68c0,352.22222900390625,364.46197509765625,378.8505554199219,391.45440673828125,416.4906005859375,427.65740966796875,439.917724609375,453.7132263183594,471.0834655761719,489.1942138671875,510.0169677734375,516.737548828125
sample_00789f224028e3bc,378.7998046875,376.3055725097656,372.7808837890625,369.9941711425781,367.1673583984375,362.1741943359375,359.1743469238281,355.4757385253906,354.220458984375,350.8407897949219,347.21441650390625,347.9346923828125
sample_c835a7200b1533d8,349.4172668457031,349.95831298828125,354.3384704589844,357.7174987792969,361.8785705566406,367.25848388671875,371.62445068359375,375.24530029296875,379.5409851074219,381.83087158203125,385.50372314453125,387.8033447265625
sample_ea65cb67e4900a33,394.6241760253906,393.1678466796875,391.7954406738281,390.56158447265625,389.479736328125,387.91912841796875,387.16070556640625,386.45965576171875,385.46405029296875,384.6302490234375,384.4127502441406,383.8995666503906
sample_92d2610d2e635fbe,524.7459106445312,511.73687744140625,495.78289794921875,482.4225769042969,470.576171875,459.16363525390625,450.2370300292969,440.1875,432.4261474609375,425.81988525390625,418.46575927734375,413.16357421875
sample_4c1b654032f0ed14,377.1169738769531,379.8539123535156,383.6443176269531,385.2052001953125,388.7472839355469,395.5399169921875,394.752685546875,393.15716552734375,387.0896911621094,385.62939453125,383.02423095703125,379.77056884765625
sample_20180b8233185799,301.9958801269531,309.60772705078125,319.8206787109375,326.7972412109375,335.4590148925781,343.69232177734375,351.34912109375,357.6080627441406,364.671875,368.4140625,374.4392395019531,377.466796875
sample_77031a517d6abbb6,286.546142578125,292.55682373046875,300.861572265625,307.15130615234375,314.5076599121094,321.88751220703125,328.0838928222656,333.7877197265625,339.94744873046875,343.4039001464844,348.66802978515625,351.75286865234375
sample_3329c03b3632d2cf,450.2143249511719,445.7269592285156,438.5367736816406,432.768798828125,426.78363037109375,419.267333984375,413.8713073730469,407.33673095703125,402.6013488769531,398.4548034667969,393.759033203125,390.3441162109375
sample_9226eb3fda4d6e87,355.7472229003906,354.84552001953125,355.8671569824219,354.29168701171875,353.12255859375,353.0242614746094,352.0283203125,352.76263427734375,352.96331787109375,353.57940673828125,355.00152587890625,356.7332458496094
sample_8c4610611a4be4a6,372.94500732421875,377.0729675292969,387.1392822265625,398.0694274902344,399.53857421875,408.8461608886719,422.5373229980469,439.6758728027344,462.6195983886719,479.744384765625,498.98516845703125,505.87591552734375
sample_43d71d5cec748078,319.6709899902344,320.3287658691406,323.185546875,326.0394592285156,329.78759765625,334.6128845214844,337.9200439453125,342.148681640625,344.91357421875,347.95745849609375,351.0041809082031,353.75042724609375
sample_e25abde607e2caa5,445.5006103515625,468.8265686035156,471.5754699707031,467.7528076171875,471.6126708984375,475.557861328125,476.7035827636719,473.5572204589844,475.3313293457031,464.1250305175781,464.3818359375,461.5702209472656
sample_6c5e4a0024a03007,370.76934814453125,368.9152526855469,367.8821105957031,366.7556457519531,366.3437805175781,366.3659362792969,366.20819091796875,366.4554138183594,366.430419921875,366.5370178222656,366.862060546875,367.0622253417969
sample_6f4fce47a97f0273,325.4491882324219,331.30096435546875,339.5281982421875,345.42388916015625,353.0013122558594,360.8048095703125,367.39630126953125,373.07244873046875,379.44635009765625,382.923828125,388.3685607910156,391.4190979003906
sample_f267ca41acc56ccd,430.49041748046875,424.7761535644531,416.9947509765625,410.7103576660156,403.9017028808594,395.61688232421875,391.01068115234375,383.73333740234375,377.3649597167969,374.047607421875,368.45428466796875,364.9593505859375
sample_605b64e630bafd72,327.5526123046875,333.3756103515625,342.68115234375,347.4403991699219,353.0134582519531,360.6966247558594,366.182861328125,372.1300964355469,378.20343017578125,381.38836669921875,386.00372314453125,389.0330505371094
sample_54652cd81c340193,491.5890808105469,482.6722717285156,470.78472900390625,460.91363525390625,451.07952880859375,440.7908935546875,431.94598388671875,423.44512939453125,416.4259338378906,410.9962158203125,404.25372314453125,399.758056640625
sample_5312d6d1c2ec6425,404.9427185058594,416.74261474609375,426.6849060058594,429.2060546875,439.5751647949219,440.99493408203125,435.46490478515625,432.065673828125,426.6676940917969,423.62432861328125,426.2926025390625,426.37786865234375
sample_634b60eb2eab5c0b,445.22540283203125,440.2132263183594,433.2032470703125,427.3966369628906,420.6082458496094,412.8077697753906,406.8586730957031,401.43841552734375,396.15667724609375,392.63507080078125,387.5496826171875,384.62298583984375
sample_53fd2ece3e0d497f,323.46221923828125,325.2989807128906,329.74169921875,332.94952392578125,336.7665710449219,341.22198486328125,344.28277587890625,349.21478271484375,353.13751220703125,356.04052734375,358.3389892578125,360.44183349609375
sample_b707b424d5e3fedc,449.6663513183594,453.97637939453125,455.76446533203125,455.64605712890625,454.986572265625,450.8165283203125,448.4876403808594,429.1893310546875,422.91497802734375,417.1931457519531,410.4405822753906,411.91107177734375
sample_4e05e10cae45245c,314.7449951171875,316.8053283691406,321.10980224609375,324.65216064453125,329.1449279785156,334.6815490722656,338.7193908691406,343.1097106933594,346.931396484375,349.90008544921875,353.4613342285156,356.188720703125
sample_12a69b44127c6be1,312.4468078613281,316.3439636230469,324.374755859375,330.3980712890625,337.6566467285156,345.7616882324219,352.5091857910156,358.3266906738281,364.50714111328125,367.724609375,373.46484375,376.47784423828125
sample_a12506e5d5919eab,603.4513549804688,599.8613891601562,591.0652465820312,580.8103637695312,571.2706909179688,554.7549438476562,541.3004150390625,524.9603881835938,514.5278930664062,507.4485778808594,501.3677062988281,495.0937805175781
sample_fcff70070d1fc33a,571.8648681640625,553.3668212890625,534.2806396484375,520.369384765625,507.6354064941406,494.2470703125,482.5823974609375,469.1365966796875,458.491455078125,450.104736328125,441.810302734375,435.5187683105469
sample_4ef50224ab5fd52d,299.5550231933594,300.31341552734375,303.9634094238281,306.23785400390625,310.1438903808594,315.697998046875,318.500244140625,321.56732177734375,325.2752990722656,330.947021484375,333.9140625,336.6651916503906
sample_ec8fb37790a5d918,445.2291259765625,440.41455078125,434.4120178222656,429.7611389160156,424.5905456542969,419.90191650390625,415.63714599609375,411.5401306152344,407.6272888183594,405.140869140625,401.661865234375,400.0283508300781
sample_b3a87e76fbbb3d57,400.7093200683594,397.64996337890625,395.7254638671875,396.4743957519531,395.4872131347656,394.02276611328125,393.3587341308594,390.7638854980469,389.9155578613281,391.973876953125,392.9246826171875,390.8655090332031
sample_7f2b9efd9ad1ea19,496.49127197265625,489.5866394042969,480.7579650878906,474.6514892578125,469.7699279785156,467.22113037109375,459.9214172363281,454.3468933105469,449.6078796386719,446.8430480957031,439.3941955566406,429.6843566894531
sample_c057edd2a46e81cb,360.5368957519531,359.3623962402344,359.3581237792969,361.1761474609375,368.63043212890625,392.8535461425781,413.53021240234375,418.5029602050781,420.8064880371094,430.3276062011719,449.2413635253906,452.1317443847656
sample_66a05f4e2dd191b7,410.8265075683594,406.7909240722656,403.46783447265625,401.58026123046875,403.6207275390625,402.6927185058594,402.5762023925781,408.87152099609375,406.58880615234375,398.3578796386719,399.8489074707031,391.1654357910156
sample_c5176474e0af91b8,488.84490966796875,481.2541198730469,470.4797668457031,460.6087951660156,451.8180236816406,441.991455078125,434.2655029296875,426.0858459472656,419.60809326171875,414.1589660644531,408.3067321777344,404.0853271484375
sample_d0312295fc7a7d25,319.5526123046875,325.802001953125,336.3341369628906,344.10247802734375,353.2086181640625,362.7415466308594,370.5903625488281,377.56060791015625,384.5221862792969,388.466064453125,394.7625732421875,398.3551330566406
sample_f4ab9bd74a0f561a,563.2113037109375,549.267822265625,531.865966796875,516.8516235351562,503.3627624511719,488.896240234375,478.50738525390625,466.98748779296875,458.252685546875,450.5099182128906,442.9940185546875,436.28436279296875
sample_a79837d3385a94d6,528.464111328125,547.4722900390625,560.04541015625,570.7769775390625,582.97607421875,579.20166015625,566.7702026367188,558.0588989257812,560.5765991210938,546.988525390625,532.8765258789062,508.23724365234375
sample_f4111815156cf5d1,298.51739501953125,301.35906982421875,306.25592041015625,309.9997253417969,314.8547668457031,320.24444580078125,324.6650390625,328.79107666015625,332.9747619628906,335.6816711425781,339.5328674316406,342.1867980957031
sample_306ba2cdc05f8ad8,558.1262817382812,543.0016479492188,524.2540283203125,508.9080810546875,494.7864685058594,479.46343994140625,468.0455322265625,455.92645263671875,446.67578125,438.695556640625,430.2467041015625,423.84735107421875
sample_3616703cf0f0d9f3,324.7098083496094,323.4796447753906,323.3025817871094,323.865966796875,322.88812255859375,323.2128601074219,324.77593994140625,326.0379638671875,326.8789978027344,328.95733642578125,326.11126708984375,325.93255615234375
sample_261025f0ce7da2ee,543.9510498046875,534.9707641601562,524.0626831054688,512.748291015625,504.9548645019531,496.34588623046875,486.8023681640625,476.394287109375,472.51702880859375,474.5384521484375,468.3782958984375,467.0814208984375
sample_20113919780ea8c7,402.8418273925781,400.2149353027344,397.81573486328125,395.6225891113281,393.7928161621094,391.4963684082031,390.2484436035156,388.3503112792969,386.15313720703125,385.525146484375,384.2281188964844,383.44110107421875
sample_04bc966e281c910d,585.5304565429688,562.3654174804688,536.50048828125,515.9017333984375,497.6302185058594,478.6971435546875,464.1994323730469,449.9365539550781,438.57855224609375,429.13494873046875,419.0240783691406,412.6577453613281
sample_10de1477891d2d10,382.7365417480469,379.2108154296875,374.843017578125,371.46453857421875,368.32293701171875,366.0787658691406,368.1019287109375,369.01812744140625,370.95733642578125,372.7901916503906,378.7941589355469,379.4729919433594
sample_99bdbfb68f6f7294,339.1390380859375,346.3972473144531,355.180419921875,360.33197021484375,364.28106689453125,370.59454345703125,388.24432373046875,381.0182189941406,366.9422912597656,370.8447265625,373.20733642578125,372.30560302734375
sample_8c09fdb0778093fc,414.59185791015625,413.03460693359375,411.5280456542969,410.24749755859375,409.3203430175781,408.0999755859375,407.7464904785156,406.3528747558594,406.3433837890625,405.4686279296875,405.2547302246094,404.5796813964844
sample_817461785b74f003,379.89764404296875,379.1813659667969,378.6839599609375,378.5408935546875,379.0087890625,377.88958740234375,376.2835693359375,380.0451354980469,377.88568115234375,385.12884521484375,386.3102111816406,389.1490173339844
sample_5f6314bfeb154d3e,275.53729248046875,280.0475158691406,286.7218933105469,291.744873046875,297.82489013671875,304.77264404296875,309.1715393066406,314.3741455078125,318.5766296386719,321.7559814453125,325.2833251953125,325.7645568847656
sample_dec59108a23f6cf6,386.6823425292969,385.4183654785156,385.0629577636719,384.3883972167969,384.7052917480469,385.670166015625,386.41192626953125,387.1562805175781,387.8429870605469,388.1026306152344,389.8177490234375,390.00543212890625
sample_b14b61e71fdf3d8b,396.9260559082031,421.8719177246094,444.1879577636719,469.2978210449219,488.297119140625,497.78607177734375,500.42877197265625,517.23193359375,518.5540771484375,524.3380737304688,512.9780883789062,502.65771484375
sample_747538c3de240b66,492.5281677246094,487.54608154296875,478.6053161621094,470.2627868652344,461.7440490722656,452.2333679199219,444.78167724609375,438.39093017578125,432.9377136230469,428.92132568359375,426.1556701660156,430.84832763671875
sample_83d5dae52d3ca43d,296.274169921875,300.671142578125,307.5553283691406,312.9021301269531,318.98760986328125,325.5167236328125,330.7336120605469,335.8927917480469,340.7219543457031,344.06964111328125,348.6512451171875,351.5940856933594
sample_fed7cf2416a7b380,388.3216857910156,387.940185546875,388.14581298828125,388.53076171875,389.5307312011719,390.74169921875,391.9545593261719,393.32281494140625,393.8345947265625,394.8079833984375,396.1185302734375,396.6361083984375
sample_6c67997e794c23e3,434.4203186035156,432.2330017089844,429.69085693359375,427.5318603515625,426.8556823730469,426.33038330078125,427.52471923828125,427.73846435546875,425.6533203125,420.16461181640625,411.8063049316406,407.26519775390625
sample_fecf1cd5a11aa7f6,368.10546875,366.31768798828125,366.0419921875,365.7477722167969,365.3128662109375,367.41436767578125,367.7550048828125,369.3995056152344,373.89508056640625,372.8249206542969,372.42840576171875,381.6618957519531
sample_cd072e16b662f205,562.1199951171875,552.260986328125,537.9783935546875,526.1434936523438,514.7404174804688,503.7046203613281,493.4757080078125,485.8620910644531,480.9943542480469,473.5977783203125,463.99755859375,461.5986328125
sample_60184b8611f15fbb,505.15875244140625,495.28228759765625,482.6452941894531,472.35076904296875,461.941162109375,450.38360595703125,441.2066345214844,431.51971435546875,421.5995788574219,414.0501708984375,407.32086181640625,402.266845703125
sample_bd5cd0094f86a84a,309.1353454589844,317.8377990722656,329.460205078125,338.3109130859375,348.48541259765625,358.5305480957031,366.97137451171875,374.3301086425781,382.4439697265625,385.2162780761719,391.7793273925781,397.568115234375
sample_5721cff6c4f97829,377.2213134765625,373.61590576171875,371.107177734375,369.291748046875,368.4833984375,368.36688232421875,368.3614807128906,366.3282775878906,362.92425537109375,361.6689758300781,362.340087890625,362.355224609375
sample_3e5cac7a1e7f683a,526.0211181640625,515.06494140625,501.61712646484375,490.8128662109375,480.0779724121094,468.91131591796875,460.3502197265625,453.09259033203125,445.6451110839844,438.23382568359375,432.23077392578125,427.1538391113281
sample_b14566130025e690,437.6390686035156,475.27777099609375,512.9149780273438,545.7363891601562,584.658203125,619.0742797851562,638.7406616210938,631.71337890625,620.7009887695312,598.34765625,594.9851684570312,587.623291015625
sample_56bbcdaa26800afa,435.6820983886719,433.688720703125,431.69793701171875,430.0115051269531,428.06195068359375,426.8240051269531,425.2387390136719,424.8944091796875,423.6286926269531,423.36126708984375,421.6706848144531,421.2428894042969
sample_b908fc957c5ca49c,418.8665466308594,417.78082275390625,417.31298828125,416.92156982421875,417.5116882324219,418.7966003417969,419.7271423339844,420.5458984375,421.6745300292969,422.5600891113281,423.4151916503906,424.0592041015625
sample_07476bd6b92931f1,414.36163330078125,410.56585693359375,406.13458251953125,402.44781494140625,397.92254638671875,393.4903564453125,388.3638610839844,384.0757141113281,380.369140625,377.7803039550781,374.4339599609375,372.10968017578125
sample_66ae1c8371959add,314.4939270019531,319.18817138671875,327.01385498046875,332.654541015625,339.89434814453125,348.0018005371094,354.42413330078125,360.4656677246094,366.455078125,369.76446533203125,375.1653747558594,378.0330505371094
sample_a772a9a88bf82a04,602.1007080078125,591.5078735351562,574.5899658203125,557.2588500976562,538.7388916015625,524.427490234375,511.077880859375,500.16375732421875,492.9403076171875,486.8927917480469,479.7537536621094,470.1700744628906
sample_0b253c3479c71dcb,366.3090515136719,364.7334289550781,363.7259826660156,362.9335632324219,362.62835693359375,362.6783752441406,363.032470703125,362.8257751464844,363.2857360839844,363.41522216796875,363.6504211425781,363.887451171875
sample_108563aeddf0003e,328.16290283203125,332.96636962890625,336.1661376953125,336.9833984375,342.7676086425781,352.38299560546875,359.0334167480469,363.38092041015625,365.784912109375,364.74920654296875,369.2510681152344,371.87884521484375
sample_25eb53720b01ea43,352.2020568847656,358.0220642089844,364.9716796875,376.32427978515625,398.397216796875,422.1207580566406,427.08587646484375,432.50640869140625,436.74334716796875,433.3411865234375,422.661865234375,414.9252624511719
sample_2b6251ad1cd0fa6e,521.2507934570312,521.9258422851562,521.8799438476562,521.379638671875,521.01904296875,519.8101806640625,519.0465698242188,517.2233276367188,517.3341064453125,516.7451782226562,515.6664428710938,514.8861694335938
sample_cb7c1eeeda667af2,419.55316162109375,414.4243469238281,408.9950256347656,405.0583190917969,400.44659423828125,395.8064880371094,391.94537353515625,389.3468933105469,386.4981994628906,384.1165771484375,381.0059509277344,379.55450439453125
sample_557e34f78a6a7605,339.6988830566406,342.5284423828125,348.957763671875,357.546875,362.1624450683594,368.0285949707031,373.84100341796875,377.8046569824219,387.4659423828125,406.370849609375,414.04437255859375,423.0207214355469
sample_db50a129879ffbc4,296.64337158203125,312.43585205078125,328.4906921386719,341.4729309082031,355.4403991699219,369.8896179199219,380.6318359375,389.4420471191406,397.5130920410156,403.4061584472656,411.4339294433594,417.0966796875
sample_7502bbf8aa67d87a,312.82867431640625,318.5440979003906,327.5421142578125,334.0686340332031,342.46405029296875,351.4504089355469,359.8148193359375,364.774169921875,372.1860046386719,374.875244140625,380.6256408691406,384.13824462890625
sample_e7e7fee37d9db547,553.73388671875,538.3427734375,520.0596923828125,504.9000244140625,490.7616271972656,476.116943359375,464.8307800292969,454.05865478515625,444.4696960449219,436.8150634765625,428.37213134765625,422.17852783203125
sample_8dd6d6cde19e3294,313.9031066894531,315.555419921875,319.533203125,322.49468994140625,326.8101501464844,332.0773010253906,335.97454833984375,339.8114013671875,343.51385498046875,346.0007019042969,349.36590576171875,351.99700927734375
sample_f809a74510f8a5fb,421.62701416015625,414.9490966796875,404.74395751953125,396.2458801269531,388.16876220703125,378.3731994628906,371.308837890625,364.2078857421875,357.89434814453125,353.8537902832031,347.7970275878906,344.41326904296875
sample_2020156dc9ea50a1,650.2208251953125,645.1193237304688,636.189208984375,626.9990844726562,625.2083740234375,613.21142578125,597.7816772460938,583.9400634765625,583.3433837890625,575.1103515625,561.1035766601562,543.5966796875
sample_e90cbf949be520a3,281.59820556640625,285.2545471191406,291.19366455078125,296.3392333984375,300.3302001953125,305.8900146484375,310.9900817871094,316.180908203125,318.9183349609375,321.77520751953125,325.4697265625,328.0460510253906
sample_1a54b348c1de48ea,367.4925842285156,367.3579406738281,368.28875732421875,368.62005615234375,371.4222412109375,372.8316650390625,376.1248474121094,377.8724060058594,391.48138427734375,396.33355712890625,395.7740478515625,401.39019775390625
sample_2646dace051eaf5a,416.2915344238281,415.3564758300781,413.5281677246094,411.94183349609375,410.40472412109375,407.6841735839844,405.91241455078125,403.01641845703125,401.1194763183594,398.5918273925781,396.467529296875,394.5382385253906
sample_b4497d02d08dd3f1,495.93035888671875,507.0465393066406,523.739013671875,543.3229370117188,550.3506469726562,561.9747924804688,577.4739990234375,599.1505126953125,603.5174560546875,623.2603759765625,644.5452270507812,653.8557739257812
sample_59be4908b4e0176d,417.2568664550781,414.23419189453125,410.9891357421875,408.2832946777344,405.1171875,401.7115783691406,399.4352111816406,396.49267578125,393.9937744140625,391.3225402832031,388.53155517578125,386.1018981933594
sample_2c8181299cda7177,404.06207275390625,402.95404052734375,401.5871887207031,400.20635986328125,399.032958984375,396.84161376953125,395.798095703125,394.0655822753906,392.861328125,391.0631408691406,390.1795349121094,388.9646301269531
sample_7f5222cb3eb4929d,445.59381103515625,440.4797058105469,433.6338806152344,428.1405944824219,421.6396789550781,412.72509765625,403.82373046875,397.87908935546875,396.9050598144531,399.6020202636719,406.0598449707031,416.0192565917969
sample_5d8491474d0f4a46,597.7954711914062,597.2767333984375,600.1172485351562,601.3218994140625,597.9563598632812,596.0867919921875,594.572509765625,589.4571533203125,583.0724487304688,574.6172485351562,568.458251953125,564.2322387695312
sample_f2c1cd80d466bebb,422.14959716796875,421.7076721191406,420.4763488769531,419.3720703125,418.5552673339844,416.2546691894531,415.00177001953125,411.96136474609375,410.7281799316406,408.58306884765625,406.47900390625,404.6182861328125
sample_66dea2418c27863a,353.0394592285156,352.0313415527344,354.1788024902344,359.7001647949219,361.40869140625,370.8402404785156,375.1585693359375,372.53680419921875,376.2113342285156,380.46099853515625,381.7367248535156,386.9189453125
sample_ee8a19f60fdc2d4d,317.80792236328125,319.10028076171875,322.0398254394531,323.8204345703125,329.03466796875,330.1326599121094,334.58111572265625,340.30291748046875,343.2503662109375,341.421142578125,344.4507141113281,345.7820739746094
sample_bb264d2e5bd22818,498.5494384765625,491.4267578125,479.1186218261719,468.6829833984375,459.3177490234375,448.09783935546875,440.05206298828125,430.62481689453125,424.16778564453125,418.47967529296875,411.971923828125,407.0337219238281
sample_78a03df5a86e4d95,408.583251953125,405.7672119140625,401.1834716796875,396.78692626953125,391.8601989746094,385.53961181640625,382.7251281738281,378.9740295410156,377.60986328125,375.77154541015625,367.94586181640625,364.22137451171875
sample_2fc9cae6fdd41ae3,410.7855224609375,408.6460876464844,406.2117614746094,403.9947814941406,402.0961608886719,399.4057922363281,397.7616882324219,395.2435302734375,392.84130859375,390.7444152832031,389.16693115234375,387.2209777832031
sample_a6e1dd60fe14455b,307.7890319824219,315.8209228515625,325.5567626953125,333.65692138671875,341.9841003417969,351.2217712402344,359.26824951171875,366.4080810546875,372.8670654296875,377.065673828125,382.5947265625,385.6875915527344
sample_c026d9f966fda071,384.9093933105469,402.10711669921875,417.296875,427.5559997558594,436.514892578125,445.3741455078125,449.99273681640625,450.14031982421875,451.02960205078125,454.1312255859375,456.7969970703125,456.0148620605469
sample_310851bc2a2224f6,314.09039306640625,332.2157897949219,352.29766845703125,367.1365966796875,382.61785888671875,397.1922607421875,409.2528076171875,419.6217346191406,429.6712646484375,437.6189270019531,445.4498291015625,451.0830383300781
sample_8be79b1e12c5fe02,464.5967102050781,464.2445373535156,458.9964599609375,451.266357421875,445.897705078125,440.3456726074219,432.8421936035156,416.9570617675781,407.8117980957031,402.6836853027344,398.4242248535156,394.73663330078125
sample_a4928b43b599f291,343.04888916015625,341.38165283203125,340.51416015625,338.9457702636719,338.12811279296875,339.2236633300781,340.032470703125,341.2821350097656,338.7297668457031,336.71728515625,336.7335205078125,337.8199768066406
sample_057379090f86b5df,288.587158203125,292.0167541503906,298.3118591308594,302.81866455078125,308.56182861328125,314.9283142089844,320.06964111328125,325.4317626953125,330.1818542480469,333.3383483886719,337.7206115722656,340.9304504394531
sample_293555298fe036e1,291.6191101074219,298.0705871582031,307.9591979980469,315.383544921875,324.69622802734375,333.32818603515625,341.0548095703125,347.27923583984375,354.3247985839844,358.1142883300781,364.1998291015625,367.80059814453125
sample_a2ad5a33f9f86187,497.468994140625,487.8153076171875,476.03436279296875,465.6072082519531,454.84130859375,442.21826171875,432.9388427734375,424.4214172363281,417.4411926269531,411.8212890625,405.1406555175781,400.818115234375
sample_6c54654e832d1537,460.9695739746094,454.29022216796875,444.0912170410156,436.2708740234375,427.46881103515625,418.11724853515625,411.02294921875,404.0146484375,397.8921813964844,393.1657409667969,387.6592102050781,383.7463684082031
sample_011a3022d69c67be,367.3240966796875,366.93017578125,367.0425109863281,366.8353576660156,367.4407043457031,367.5272521972656,368.122314453125,368.03399658203125,368.30712890625,368.3000793457031,369.0158386230469,369.03533935546875
sample_a456b719c10d00ff,483.67578125,484.7147216796875,481.6001281738281,477.89923095703125,475.1520690917969,472.6036071777344,472.1635437011719,472.92999267578125,470.98358154296875,476.0204772949219,482.98101806640625,498.78857421875
sample_123b71f83d7c0e0b,382.2410888671875,384.72479248046875,387.2763671875,389.32110595703125,391.7285461425781,392.5150451660156,394.3049011230469,393.8791809082031,395.3968505859375,394.41351318359375,395.5655822753906,394.970947265625
sample_025201e66fd12f26,368.5333557128906,377.9186096191406,392.51654052734375,420.3737487792969,443.74200439453125,466.74725341796875,482.3045654296875,499.4793701171875,494.2743225097656,515.26513671875,516.2996826171875,520.9694213867188
sample_828142ba94cee305,308.9742126464844,309.677490234375,312.4667053222656,314.4771728515625,317.9075622558594,321.53326416015625,324.9185791015625,328.9690246582031,330.7476806640625,332.0173645019531,334.793701171875,337.0186767578125
sample_8869b3fed1015681,291.31072998046875,298.4564208984375,308.8900146484375,316.7311096191406,325.271484375,334.80841064453125,342.2417297363281,348.7470703125,356.0189208984375,359.9218444824219,366.1097412109375,369.632080078125
sample_421e3d2d555dea7a,633.0044555664062,615.4514770507812,589.281005859375,569.98876953125,551.458984375,534.25927734375,522.71044921875,510.6959228515625,502.0099792480469,494.51385498046875,488.52935791015625,482.74407958984375
sample_74fde0747e54042e,321.0162353515625,322.6353759765625,326.3109436035156,329.3045959472656,333.500732421875,338.6019287109375,342.43896484375,346.71649169921875,350.1895751953125,353.05267333984375,356.36590576171875,358.99700927734375
sample_db14813c9ec40ff2,357.0663146972656,359.253662109375,365.7558288574219,369.6690673828125,375.0798034667969,383.7167663574219,394.1715393066406,398.1402282714844,397.8641052246094,398.80120849609375,403.3588562011719,408.82135009765625
sample_79fd30b0370675da,511.59381103515625,506.6502685546875,499.24493408203125,493.1817321777344,486.6832580566406,479.22113037109375,473.9521484375,468.8621520996094,463.1545104980469,460.0908508300781,455.6512756347656,452.6772155761719
sample_da145a8a667979f1,620.0261840820312,615.7389526367188,604.8153686523438,595.1824951171875,585.95849609375,568.2509765625,552.7383422851562,534.06884765625,525.5322265625,519.4607543945312,515.55322265625,513.3126220703125
sample_25a8a8b1568f840c,310.7533264160156,313.6735534667969,321.1104431152344,327.6041259765625,334.5436096191406,344.542236328125,360.7882995605469,373.98773193359375,383.066650390625,387.6895751953125,390.70867919921875,391.41259765625
sample_f514731ca62a9738,466.1349182128906,460.3177490234375,450.7861328125,443.3212585449219,436.0572814941406,427.855224609375,421.5656433105469,414.987548828125,409.9723815917969,405.6802978515625,400.57440185546875,396.96197509765625
sample_745b4f60a7f6eefa,330.3836364746094,329.55633544921875,330.6440124511719,331.3509521484375,333.3207092285156,336.43121337890625,338.785888671875,341.1368103027344,343.0896911621094,344.86590576171875,347.1510314941406,348.7621154785156
sample_914752184535f34d,395.7789611816406,413.4255065917969,436.490966796875,459.3430480957031,475.2427978515625,499.03839111328125,512.6072998046875,514.99462890625,513.1919555664062,526.2515869140625,525.4091796875,527.0940551757812
sample_557eb89f89a9c468,336.1858825683594,337.8459167480469,343.78350830078125,348.0821838378906,353.8547668457031,360.93927001953125,366.4544982910156,371.46905517578125,376.814208984375,379.67291259765625,384.541259765625,387.3216857910156
sample_a76d9677a5ef572e,579.6861572265625,572.9467163085938,560.383056640625,545.88134765625,535.080078125,521.99755859375,512.856689453125,499.03497314453125,492.63641357421875,487.9927978515625,482.8827209472656,477.87103271484375
sample_caf97475faaff1f7,431.3930969238281,430.1571960449219,427.2431335449219,425.193359375,422.66815185546875,419.1887512207031,417.3265380859375,413.523193359375,411.2697448730469,409.04168701171875,405.75860595703125,402.9043273925781
sample_902cd9066938e18b,555.20458984375,558.5482177734375,552.5404052734375,541.3466186523438,528.123779296875,513.2247314453125,495.8321533203125,486.5028076171875,475.2804260253906,468.0773010253906,458.0426025390625,453.41455078125
sample_022b9864fb831d1a,355.18267822265625,356.491455078125,362.90850830078125,368.7271423339844,373.9237060546875,382.2748107910156,392.528564453125,401.52667236328125,398.8326110839844,401.35052490234375,407.07086181640625,411.1518859863281
sample_ce5e930af3082d64,399.4322509765625,432.1181945800781,462.7467041015625,500.19769287109375,543.65771484375,592.4833374023438,618.2361450195312,646.486328125,652.3489990234375,670.2589111328125,675.967529296875,668.4349365234375
sample_8e3441f577e2d417,462.3739013671875,452.49755859375,438.6452941894531,428.1854248046875,416.8909606933594,404.60614013671875,396.18011474609375,386.47564697265625,379.0963134765625,373.32568359375,366.4463195800781,361.820068359375
sample_16be59985e29579b,306.2146301269531,311.3608093261719,317.88885498046875,322.64605712890625,328.7002258300781,334.3927001953125,339.64434814453125,342.97076416015625,347.9009094238281,350.0281066894531,354.4988708496094,356.76324462890625
sample_a7c92106d6766579,320.315673828125,323.4357604980469,328.0615539550781,331.5535583496094,336.3611145019531,341.4511413574219,345.6650390625,349.9334411621094,353.9498291015625,356.9676208496094,360.31732177734375,362.9924621582031
sample_c2efdb9c423742b6,671.8289794921875,656.5325927734375,637.22607421875,621.5855102539062,607.1361694335938,591.3966064453125,579.9031982421875,567.9332275390625,558.281005859375,549.8880004882812,541.7678833007812,534.627197265625
sample_57f312fc691f11e9,313.2239685058594,320.19403076171875,326.8203125,332.5484619140625,339.2329406738281,345.383544921875,350.771484375,353.08599853515625,353.7674865722656,355.1736145019531,358.7890625,361.81683349609375
sample_273591b7b3d74a69,330.0557556152344,333.5071105957031,338.8117980957031,342.6779479980469,347.6865234375,352.2492980957031,355.981689453125,359.4554748535156,363.7979736328125,366.22760009765625,369.559814453125,372.21453857421875
sample_1e3905c41d6a2fe4,558.8359985351562,562.8642578125,559.2620849609375,549.557861328125,540.7459106445312,532.4508056640625,522.8547973632812,512.3333129882812,507.60888671875,500.4980163574219,495.5010986328125,488.7320861816406
sample_5faaf6f8c0b59d2b,456.5398864746094,454.2170104980469,449.4336242675781,444.8119201660156,439.42279052734375,432.1675720214844,427.6497802734375,421.3468933105469,417.0513610839844,413.490966796875,408.6141662597656,405.16973876953125
sample_e797b18e8f520fc5,347.5103759765625,368.80450439453125,391.797607421875,414.9397888183594,452.7730712890625,492.170654296875,516.110595703125,511.445556640625,513.6752319335938,519.004638671875,535.8880004882812,534.7213134765625
sample_fc590df46c610586,666.734619140625,672.7783203125,675.0280151367188,672.5872192382812,674.5861206054688,675.99951171875,677.3720092773438,693.3436279296875,722.6827392578125,723.615234375,704.9993286132812,705.4895629882812
sample_808d06a9def8c034,388.5689697265625,386.4302062988281,384.70489501953125,383.07763671875,381.7558288574219,380.258056640625,379.30987548828125,378.4401550292969,378.0007019042969,376.8421936035156,376.8935241699219,375.5753479003906
sample_00a10c700a59d910,386.4106140136719,384.211669921875,381.9478454589844,379.8872985839844,378.20867919921875,376.18084716796875,374.4088439941406,373.5570983886719,371.69757080078125,370.7738037109375,369.61260986328125,368.6479797363281
sample_4ae6b15f33579141,292.1195373535156,297.7892761230469,305.62530517578125,311.6303405761719,318.7823486328125,325.6346130371094,331.6737976074219,336.8453369140625,342.6546325683594,345.9724426269531,350.89593505859375,353.81097412109375
sample_7456792a7457985a,393.7591552734375,390.39202880859375,386.2875061035156,383.0018615722656,379.02288818359375,376.3966979980469,374.170166015625,371.6893005371094,371.21826171875,370.4542236328125,366.2859802246094,366.6828918457031
sample_86ac4d61e6c34e77,317.2935485839844,321.79376220703125,327.4302062988281,331.4884033203125,336.81829833984375,341.78363037109375,346.4224853515625,349.062255859375,353.4898986816406,355.087158203125,358.6583251953125,360.2132568359375
sample_2d3b2cf8d8a17a87,424.91290283203125,421.7725524902344,417.35015869140625,413.63006591796875,409.5104675292969,404.7638854980469,400.3095397949219,396.0180969238281,392.612060546875,390.49774169921875,387.4754638671875,385.5234680175781
sample_a3d6aec5c7576c70,374.5227355957031,370.0020751953125,364.2312927246094,359.10791015625,354.6528625488281,350.30255126953125,344.98577880859375,340.6180725097656,340.22381591796875,336.1668701171875,331.3416442871094,328.0025329589844
sample_a442ab5131bd1d85,423.7720642089844,420.32806396484375,416.8917541503906,414.0185852050781,409.8480224609375,405.8179931640625,402.3179626464844,399.0316467285156,396.4037780761719,394.085205078125,390.6817321777344,388.7713623046875
sample_29c86f158e487940,379.53594970703125,384.1135559082031,389.4996337890625,393.8025207519531,400.67486572265625,405.8918151855469,410.02923583984375,419.03515625,429.7088623046875,435.0244140625,436.82440185546875,447.91876220703125
sample_9d11747d554d4a3e,608.1946411132812,594.6901245117188,579.5049438476562,566.7943725585938,554.9010620117188,542.5101318359375,532.7376708984375,523.0044555664062,515.3306884765625,508.7402038574219,501.4180603027344,496.49798583984375
sample_865a673ff9e212b1,383.2581481933594,397.39178466796875,406.9884338378906,416.54315185546875,425.29840087890625,437.7803649902344,438.4720153808594,438.74365234375,434.5417785644531,433.8961486816406,441.09912109375,440.08856201171875
sample_36c5941d81bf4be4,371.42486572265625,370.33514404296875,368.78515625,367.7643127441406,366.8487243652344,367.32427978515625,367.6127014160156,368.130859375,367.82830810546875,367.0447998046875,368.8965759277344,369.0360107421875
sample_e232f8e6e50f06e7,474.81805419921875,464.8153076171875,451.9786682128906,441.0201110839844,430.6785888671875,419.0115966796875,409.8049621582031,401.2790222167969,393.7427062988281,388.3013916015625,381.8173522949219,377.1518859863281
sample_1031688b83e2039a,434.0824890136719,436.1790466308594,436.39044189453125,434.58197021484375,433.54693603515625,431.0392761230469,429.3491516113281,424.5799865722656,423.06463623046875,419.8772277832031,416.88006591796875,413.78485107421875
sample_efa0bc12d9a32777,353.62579345703125,352.20782470703125,351.00030517578125,349.8426513671875,348.70477294921875,346.6711120605469,345.41314697265625,343.4486389160156,342.7490539550781,341.36212158203125,339.6676025390625,339.0340270996094
sample_60888962fd25ca1b,370.21075439453125,369.437744140625,369.0735168457031,368.0600280761719,368.02642822265625,368.10693359375,368.8609924316406,368.5308532714844,369.9433898925781,369.9051818847656,371.1239013671875,373.477783203125
sample_e98c2f4477357752,352.0355224609375,363.64178466796875,391.2675476074219,417.25921630859375,430.9163513183594,441.95648193359375,456.34466552734375,480.228515625,485.77325439453125,484.84442138671875,463.759033203125,469.77459716796875
sample_c2f7caa1bef9ec58,423.85882568359375,419.0766906738281,413.6758117675781,409.1329040527344,403.5591125488281,397.7317199707031,392.82537841796875,388.8587646484375,385.20758056640625,382.3852844238281,378.32086181640625,375.9754333496094
sample_156782210715e7be,321.404296875,323.778076171875,326.3457946777344,327.36224365234375,330.31597900390625,335.0803527832031,338.5379333496094,342.4775085449219,345.6473083496094,348.4652404785156,351.56689453125,354.11065673828125
sample_4b37a93391c5d60b,480.6104736328125,477.226806640625,471.06500244140625,465.2571105957031,459.5155334472656,451.36761474609375,446.28558349609375,439.7062072753906,435.243408203125,430.6783142089844,426.58502197265625,422.3976745605469
sample_3bf9eb6a1b713626,371.4254150390625,369.97064208984375,369.30242919921875,368.5411376953125,368.280029296875,368.16925048828125,368.615478515625,368.5732116699219,369.08709716796875,369.0456237792969,369.7955322265625,369.8347473144531
sample_fab0bf0ea9a4d975,382.86370849609375,386.94091796875,392.2217102050781,396.3807678222656,402.4432373046875,411.11126708984375,416.35003662109375,418.83514404296875,425.02783203125,439.2843933105469,443.1954345703125,439.7044677734375
sample_f07610287ecc3e89,403.8786315917969,403.6125183105469,403.5364074707031,403.2655334472656,403.1240234375,402.7552490234375,402.9595642089844,402.50140380859375,401.8414306640625,401.10504150390625,400.80450439453125,400.0284118652344
sample_a915c44ac7ac202d,387.5915832519531,385.531494140625,383.6632080078125,381.9949645996094,380.46514892578125,379.33038330078125,378.6892395019531,377.9503173828125,377.69915771484375,377.219970703125,376.8634948730469,376.33807373046875
sample_c6f8749953e195af,394.4068908691406,390.4432678222656,384.3704528808594,379.45550537109375,373.9843444824219,367.5791320800781,363.6552734375,359.3774108886719,357.60015869140625,359.3140869140625,359.49932861328125,361.2148742675781
sample_2fa0fe8c1e5563cc,428.9142761230469,425.546630859375,422.1973571777344,420.25848388671875,417.9329528808594,415.57177734375,414.4812927246094,418.7791442871094,422.4266357421875,424.5743103027344,425.0299072265625,422.48883056640625
sample_507070442578054e,523.0036010742188,512.1522827148438,496.8948059082031,483.7378845214844,472.102294921875,459.0000915527344,449.2984619140625,438.8891906738281,430.71893310546875,423.93939208984375,416.5911865234375,411.05059814453125
sample_fb222b75147378ab,324.19720458984375,325.9098815917969,330.4708251953125,334.197509765625,339.060546875,344.7848815917969,348.89788818359375,353.560546875,357.4801940917969,360.8619384765625,364.4312744140625,367.3824157714844
sample_02618879af651892,345.1528625488281,353.45196533203125,363.3486633300781,372.4673767089844,389.3860778808594,398.9615173339844,402.45391845703125,406.7267150878906,414.9039001464844,419.5126953125,426.9471740722656,429.127197265625
sample_27ce0cdb916bb6fc,356.59613037109375,355.89080810546875,356.19171142578125,356.36834716796875,357.5028076171875,359.4290771484375,360.8625183105469,362.37322998046875,363.4488830566406,364.30841064453125,365.64727783203125,366.82281494140625
sample_4a2a1c9164c8b5ee,395.11968994140625,394.6170349121094,394.172607421875,393.8186340332031,393.7341613769531,393.0008544921875,392.72430419921875,391.64990234375,390.97174072265625,389.70684814453125,389.1921081542969,388.1114501953125
sample_c46ba09b7b5370ab,390.27862548828125,389.1805725097656,388.017822265625,386.9213562011719,386.1206359863281,384.41241455078125,383.82879638671875,382.6401672363281,381.2062072753906,380.5856018066406,379.55419921875,378.69830322265625
sample_d3d3414528956728,347.72711181640625,353.802001953125,359.9169006347656,364.13397216796875,369.2815856933594,373.37994384765625,377.8144836425781,379.67242431640625,383.9345703125,384.8288879394531,387.68218994140625,388.51861572265625
sample_b3cf295801522e73,422.80950927734375,420.2149353027344,415.8918762207031,412.4649353027344,408.7669372558594,403.59063720703125,399.9385986328125,395.5841979980469,392.308349609375,389.3556213378906,386.2568359375,383.74554443359375
sample_023fb5e550a0caa2,542.6048583984375,538.1386108398438,530.1753540039062,524.2228393554688,520.2398071289062,514.6107788085938,511.017822265625,496.92315673828125,489.21746826171875,483.8240966796875,474.7183837890625,463.8018798828125
sample_e0cb91e667103dbc,330.1107177734375,332.59033203125,336.51287841796875,339.6773376464844,344.3296813964844,349.107666015625,353.10296630859375,357.1063232421875,360.95416259765625,363.8619384765625,367.0540771484375,369.82720947265625
sample_fdde51eb17dac184,340.9810791015625,349.08538818359375,357.79266357421875,364.2347412109375,372.7210388183594,378.6905212402344,382.5120849609375,387.73687744140625,392.6481018066406,396.2479248046875,401.56024169921875,404.1976623535156
sample_8f6f2981b2942393,371.0523986816406,369.9726867675781,369.68109130859375,369.4237365722656,369.2538146972656,369.5564880371094,369.46490478515625,369.48931884765625,370.0609130859375,369.60540771484375,369.88336181640625,370.09088134765625
sample_302a6d6b4c8b7d34,337.0202941894531,357.65460205078125,378.7430725097656,395.3284912109375,411.9696350097656,428.3453674316406,443.15966796875,454.75732421875,464.4368896484375,472.8404541015625,490.74664306640625,497.6206970214844
sample_574d962d8b059928,490.12542724609375,477.11859130859375,461.83843994140625,449.8774108886719,438.1889343261719,426.32110595703125,416.7725830078125,407.8959655761719,400.22222900390625,394.0035400390625,386.8367919921875,382.1616516113281
sample_17cfbe8d01eac8e9,312.9800720214844,317.3726806640625,324.9303894042969,330.5137939453125,337.63787841796875,345.4309997558594,351.66119384765625,357.8046569824219,363.908447265625,367.5686340332031,372.8182067871094,376.47784423828125
sample_4abf772adba312c6,505.0813293457031,499.7740783691406,491.9529724121094,487.5369567871094,480.97064208984375,475.1512145996094,476.16009521484375,465.4757080078125,450.52117919921875,437.9334716796875,434.0540771484375,424.1924743652344
sample_0079d25c2c5ac3f2,353.8859558105469,352.7355041503906,354.7160949707031,357.81219482421875,358.1388244628906,362.22418212890625,366.4958801269531,371.1639404296875,371.37408447265625,379.4203186035156,375.42156982421875,374.8302001953125
sample_9273589b525f7104,601.652587890625,583.097900390625,561.7252197265625,543.7904052734375,528.0093994140625,511.9796142578125,499.12054443359375,486.02471923828125,475.21173095703125,466.5381774902344,457.6795654296875,451.08111572265625
sample_13e3fdff17574e41,383.4881896972656,381.35028076171875,379.7465515136719,378.5074768066406,377.7544250488281,377.55743408203125,376.9654541015625,377.0232238769531,377.8089599609375,380.6678466796875,378.3330078125,379.1045227050781
sample_a569a28d12627566,467.43597412109375,463.56585693359375,456.12030029296875,448.8514709472656,442.0710144042969,433.2624816894531,427.8628845214844,420.2044982910156,415.4083251953125,410.9193420410156,405.8252868652344,401.90252685546875
sample_316b8ba936458e12,349.7699890136719,353.9622497558594,358.8466491699219,362.09124755859375,366.76153564453125,370.5259094238281,374.4684143066406,375.6317443847656,379.1559143066406,379.742431640625,382.49755859375,383.136474609375
sample_9ef8cbf61e535a49,600.5686645507812,589.3187255859375,575.3114013671875,561.9112548828125,549.1519775390625,536.1812744140625,526.6470947265625,515.6112060546875,506.5259094238281,496.4924011230469,488.69366455078125,482.16680908203125
sample_98bd2f8c574564a9,497.8226318359375,486.91778564453125,472.8949279785156,461.54833984375,450.59039306640625,438.6298522949219,429.7434997558594,420.8179931640625,413.45208740234375,407.778076171875,400.2131042480469,396.8213806152344
sample_76d163e2d49e9054,420.070556640625,424.2074279785156,427.221435546875,429.1650390625,431.68878173828125,433.25054931640625,433.5225830078125,431.7503662109375,431.5693054199219,428.230712890625,421.7483215332031,419.8872375488281
sample_441284b3449b40b8,483.73687744140625,476.83184814453125,466.7161560058594,457.8821716308594,449.0435791015625,439.42242431640625,432.55010986328125,428.0112609863281,428.72509765625,432.0753173828125,430.6512756347656,435.89410400390625
sample_30593107ca8f4adc,425.0707702636719,421.0328674316406,415.9122009277344,411.6292724609375,406.65338134765625,400.77001953125,396.52978515625,392.01470947265625,387.9765319824219,384.9848937988281,381.23077392578125,378.6958923339844
sample_ebc7d937425aa2fd,447.4949951171875,441.9979553222656,434.3418884277344,427.91680908203125,420.5889892578125,412.4594421386719,406.19891357421875,400.4994201660156,394.9658508300781,391.2677307128906,385.96929931640625,382.9593505859375
sample_8d06777854284b11,519.916015625,512.4886474609375,501.7853698730469,492.7991027832031,483.980712890625,473.94219970703125,466.6490783691406,459.2688903808594,452.4041748046875,447.0826721191406,441.893310546875,437.63922119140625
sample_edbb355eac3f707d,635.3948974609375,646.4578247070312,649.571044921875,651.8133544921875,657.545654296875,661.59814453125,682.2320556640625,711.896240234375,715.9189453125,685.8995361328125,687.5902709960938,696.8606567382812
sample_aec0f807a8d90ffd,553.5099487304688,553.311279296875,549.9309692382812,546.0199584960938,542.7056274414062,536.5845336914062,533.5440063476562,527.757080078125,523.8734130859375,519.7091064453125,516.9750366210938,513.3827514648438
sample_6fc8cc1a4cd7265f,312.1319580078125,318.06231689453125,327.02801513671875,334.01055908203125,344.251708984375,362.16461181640625,375.3646545410156,385.658935546875,392.3442077636719,391.3688659667969,394.82794189453125,404.5145263671875
sample_5b2ab25e3adae783,502.4109802246094,496.4969177246094,484.67462158203125,475.0805358886719,466.193603515625,455.2649841308594,447.7648620605469,439.0316162109375,432.65362548828125,427.1346435546875,421.3005676269531,416.2512512207031
sample_d04f18d13f906177,330.2044372558594,333.90155029296875,338.9576416015625,344.9097900390625,359.7823486328125,367.564697265625,387.75921630859375,374.475830078125,375.1980895996094,371.0108642578125,372.3888854980469,373.324951171875
sample_d13d943358c49c6b,468.0777282714844,465.6253662109375,458.00262451171875,451.0091247558594,444.8778991699219,436.1481628417969,431.0805358886719,423.2858581542969,419.0481872558594,414.4426574707031,409.4056701660156,405.3996276855469
sample_2661de60ef3b7f96,331.26397705078125,334.8568420410156,339.7630615234375,344.49609375,359.34442138671875,368.7999572753906,364.8548889160156,362.238525390625,366.0973205566406,369.08544921875,375.143310546875,377.40692138671875
sample_a178a00324cf95f9,311.90802001953125,311.52777099609375,313.62127685546875,315.8940124511719,317.8310852050781,319.715087890625,325.2030334472656,323.10968017578125,327.02703857421875,331.5070495605469,330.1583251953125,331.44158935546875
sample_3ccbcfb353d3c6e8,604.599609375,596.9143676757812,589.0926513671875,579.6281127929688,566.419677734375,551.7865600585938,536.810791015625,525.7705688476562,521.4150390625,516.767333984375,514.546142578125,511.195068359375
sample_4adf302e581253a9,389.70025634765625,392.654296875,399.4993896484375,406.61260986328125,415.01904296875,427.0480041503906,439.3684997558594,455.11993408203125,468.1012878417969,491.3736572265625,507.99224853515625,519.5466918945312
sample_24e7d0e681559842,370.9833068847656,374.8982849121094,383.7360534667969,392.9940490722656,402.2577819824219,408.88751220703125,421.0198669433594,426.4351806640625,437.3247985839844,443.9218444824219,443.5355224609375,441.41778564453125
sample_f4041c9d78c9fe42,489.78759765625,479.5188903808594,465.75640869140625,454.7555847167969,444.15350341796875,432.432861328125,423.7156982421875,414.1400451660156,406.6451110839844,400.4816589355469,393.7696533203125,388.820068359375
sample_7bd68a27fe8f93b7,385.3117980957031,382.1009521484375,378.03759765625,374.4730224609375,370.6604919433594,366.3839416503906,364.1436462402344,366.36724853515625,371.7225341796875,374.30926513671875,368.22503662109375,366.23291015625
sample_d20aa291aa189fad,384.7596435546875,382.7340393066406,380.9826965332031,379.2016296386719,378.149658203125,376.9710998535156,377.2011413574219,377.0444030761719,378.7528076171875,384.7256164550781,391.6310119628906,398.77294921875
sample_120fa03ca6c36d8d,439.5162658691406,434.5863342285156,427.91168212890625,422.66961669921875,416.4648132324219,409.9700622558594,404.47381591796875,399.3536682128906,395.29547119140625,392.042236328125,387.3694763183594,384.6191101074219
sample_9e1aa6b01fb87aa9,602.4098510742188,588.9693603515625,571.8937377929688,558.14111328125,545.0130615234375,530.467041015625,519.6677856445312,508.22137451171875,499.4500732421875,491.4457702636719,483.7484436035156,476.9505920410156
sample_948c0f47f056a205,565.5733032226562,552.7389526367188,537.8387451171875,526.2911376953125,515.001953125,504.330810546875,497.8689880371094,492.5739440917969,491.1851806640625,484.9009704589844,476.3023376464844,469.7083740234375
sample_4c39af3b40a750e6,345.21661376953125,345.5522155761719,346.9491271972656,348.1771240234375,350.6163635253906,353.85943603515625,356.0314636230469,358.8588562011719,360.86053466796875,363.2080993652344,365.20294189453125,367.1752624511719
sample_c3aeaebb20549903,537.9751586914062,533.4498291015625,526.7868041992188,520.9010620117188,514.9899291992188,508.3834228515625,503.29949951171875,498.25537109375,492.5970153808594,489.5223388671875,485.3694763183594,482.508056640625
sample_0013684ef0a5399e,638.4468383789062,634.2827758789062,627.1251831054688,622.6724243164062,600.158203125,589.33544921875,577.5753784179688,554.0078735351562,539.4866943359375,531.0413818359375,515.0099487304688,499.94281005859375
sample_160f2acf2c52b3af,312.86322021484375,315.7001953125,319.880859375,323.16485595703125,327.467041015625,331.9089050292969,335.9871826171875,339.0893859863281,343.2079772949219,345.392333984375,348.7369384765625,350.9957275390625
sample_e053cb13ca8ea306,399.3939514160156,395.7843933105469,390.3150329589844,386.52203369140625,382.7349853515625,380.3711853027344,376.80047607421875,371.994384765625,366.61639404296875,363.4042053222656,359.38006591796875,358.94183349609375
sample_2bb3135f2c964e64,596.885986328125,601.313720703125,604.2221069335938,576.0030517578125,568.5921020507812,558.6016235351562,538.7875366210938,524.8045043945312,517.0830688476562,501.25079345703125,487.0320129394531,478.20416259765625
sample_c9dfdda2a583a18d,466.3984375,467.7864074707031,473.4740295410156,484.9093933105469,503.62017822265625,509.564697265625,528.6880493164062,556.9097900390625,575.8450927734375,588.08740234375,596.6741943359375,598.8817138671875
sample_35431ae3419ff7ac,318.22296142578125,324.3436279296875,336.1675720214844,343.51580810546875,354.3840026855469,358.6412658691406,360.0838928222656,361.56396484375,363.5158386230469,368.0730285644531,370.8606262207031,365.7367858886719
sample_c2b9a100a65495aa,368.38800048828125,366.12640380859375,363.6839294433594,361.9038391113281,359.983642578125,357.8398132324219,356.21917724609375,354.7265930175781,352.9741516113281,351.9549255371094,351.07373046875,349.94012451171875
sample_e6a506615dddbe5f,323.8305358886719,324.7085266113281,329.2830505371094,332.9078063964844,337.2850646972656,343.2943115234375,347.66632080078125,352.4012451171875,356.68414306640625,359.62628173828125,363.7877502441406,366.5780334472656
sample_847d947fa62d5df7,330.1520690917969,330.84503173828125,333.68896484375,335.6259765625,340.0187072753906,344.97216796875,347.0790100097656,352.0334167480469,355.31488037109375,362.544921875,363.3513488769531,369.99700927734375
sample_dabcebbe3c891989,354.657470703125,379.94622802734375,409.0228271484375,433.2090759277344,450.8237609863281,450.86871337890625,462.9798583984375,467.8590393066406,475.04644775390625,488.88031005859375,500.6812744140625,496.9642028808594
sample_43e714cf1a278a6d,374.7358093261719,378.1180114746094,381.4989929199219,383.75982666015625,386.9573974609375,388.9612121582031,391.3970947265625,392.0215759277344,394.0177307128906,394.1221923828125,396.18438720703125,396.1587829589844
sample_e9feccd0d21f4fdd,581.4862670898438,561.69970703125,540.83544921875,524.0371704101562,508.6835021972656,493.349853515625,480.7466735839844,469.2721862792969,459.31585693359375,450.66644287109375,442.06292724609375,436.0817565917969
sample_40653fb5286966aa,398.92779541015625,420.1497497558594,446.2983093261719,463.2123718261719,488.0456848144531,504.7939758300781,510.0354919433594,510.04547119140625,525.4564819335938,523.2914428710938,528.8455810546875,513.9888916015625
sample_21a3925795227c7b,577.8826904296875,565.5126953125,547.422119140625,536.6798095703125,522.3141479492188,507.5849304199219,495.84503173828125,484.25189208984375,475.6387634277344,467.74896240234375,460.7837829589844,454.7239685058594
sample_8330221633cb22fb,438.9687194824219,433.9914245605469,425.8976745605469,417.8672180175781,410.06390380859375,402.0047607421875,396.06500244140625,389.929931640625,384.5168151855469,380.90380859375,375.96929931640625,373.6811218261719
sample_d434fbb85c8f47bc,398.1053466796875,400.32769775390625,401.93243408203125,402.6511535644531,404.1091613769531,403.632080078125,404.3800964355469,402.7961120605469,403.5140686035156,401.7633361816406,401.9804382324219,400.1863098144531
sample_9c0bcc17b8fa9e0e,583.0171508789062,592.9337158203125,588.4025268554688,574.4478759765625,565.2753295898438,555.2896728515625,540.8143920898438,527.31640625,511.6621398925781,501.4324951171875,496.4427795410156,492.1853332519531
sample_54a9a683c686fd37,375.6755676269531,392.2315673828125,405.3228454589844,407.40283203125,408.5472412109375,416.74334716796875,424.6783447265625,437.7606201171875,444.2986755371094,460.7585144042969,475.7713928222656,502.98565673828125
sample_9d7877bedc0c2560,348.49591064453125,349.65863037109375,351.5362854003906,352.9524841308594,355.8372497558594,361.5794677734375,366.23248291015625,370.267333984375,376.2438049316406,390.85321044921875,402.9569091796875,408.9272155761719
sample_04f8bfa14818e857,528.4677734375,528.5018920898438,527.52392578125,526.1875,525.2008666992188,523.3680419921875,521.9432373046875,519.613037109375,519.3140869140625,518.0999145507812,516.6858520507812,515.3853759765625
sample_b17b5bebc9cc6ed1,408.17340087890625,437.9764709472656,472.022705078125,511.2283630371094,548.9546508789062,589.3582763671875,607.67333984375,611.77783203125,597.7183837890625,585.947265625,584.4039306640625,543.8641967773438
sample_2065e5d7f04c2f01,340.1136474609375,363.543212890625,387.5222473144531,411.18328857421875,431.123291015625,444.94708251953125,455.6202392578125,466.89971923828125,481.69482421875,489.9735412597656,500.2784423828125,504.6148681640625
sample_c966b5ed28fca0bc,340.0207214355469,344.6998596191406,354.43084716796875,351.1242980957031,364.14422607421875,367.83465576171875,389.1983947753906,382.475830078125,374.3923034667969,370.35418701171875,378.0717468261719,372.9137268066406
sample_d31efad2fd13f3bf,360.9306335449219,360.263916015625,360.36273193359375,360.62353515625,361.4055480957031,362.2452392578125,363.1881408691406,364.2880554199219,364.7251281738281,365.5187072753906,366.727294921875,367.31121826171875
sample_5139705ad99aa113,410.02740478515625,406.90374755859375,403.579345703125,400.53106689453125,397.78900146484375,394.6392517089844,392.44635009765625,389.94354248046875,387.0187072753906,385.57037353515625,383.95648193359375,382.5718688964844
sample_18ed84aa379feef7,414.2289123535156,418.5592346191406,422.166015625,425.0827941894531,430.6865234375,432.2523498535156,438.20062255859375,437.61480712890625,439.264404296875,439.843017578125,452.8831481933594,445.8039855957031
sample_69af8bd521a327f2,360.1283264160156,359.0393371582031,358.9102783203125,358.7171630859375,359.3555603027344,360.4657287597656,361.4823913574219,362.3896179199219,363.0370178222656,364.11248779296875,364.79913330078125,365.6126708984375
sample_09309318b478645c,398.11541748046875,396.85009765625,396.34771728515625,395.8265075683594,396.00299072265625,397.3987121582031,399.45867919921875,405.25714111328125,407.47259521484375,410.57177734375,412.9955749511719,417.96966552734375
sample_73f8a4e89fbbf40c,367.8793640136719,371.0999755859375,374.3877258300781,378.2723083496094,394.24407958984375,409.5823059082031,412.16473388671875,415.1368713378906,420.45941162109375,432.73138427734375,451.85797119140625,462.84765625
sample_0c559b72f5ee284e,299.03399658203125,300.89654541015625,305.74169921875,309.21405029296875,313.6667175292969,319.1028137207031,323.5854797363281,327.7774963378906,331.78173828125,334.692138671875,338.24578857421875,340.9111328125
sample_47ca03576ff9443a,325.8818664550781,326.6525573730469,329.74810791015625,332.6842346191406,336.687744140625,341.95635986328125,345.515625,349.67919921875,353.4206237792969,356.0111389160156,359.67156982421875,362.4986267089844
sample_46aa23a8ab11be3e,415.44940185546875,412.88653564453125,411.1492614746094,409.73046875,408.2869873046875,407.2787170410156,406.1202087402344,406.2944030761719,404.9383239746094,404.9990234375,404.4324035644531,404.2825622558594
sample_0f46c4202bf91ec4,354.5350646972656,361.4756774902344,367.63934326171875,374.99444580078125,381.9577331542969,383.55499267578125,382.6986999511719,384.9131164550781,384.89556884765625,385.6816711425781,389.1556701660156,390.5489501953125
sample_a374008011ff3bca,394.2266540527344,392.514892578125,391.034912109375,389.6977844238281,388.4576721191406,387.0200500488281,386.22344970703125,385.14862060546875,384.11077880859375,383.4799499511719,382.8230895996094,382.19927978515625
sample_802c4a7511340745,405.76727294921875,405.80633544921875,403.1290588378906,399.8219909667969,396.57159423828125,391.4161071777344,389.8509521484375,388.3587951660156,395.3870544433594,401.3121032714844,400.8424072265625,420.91607666015625
sample_7fc1c2bc9131cef1,345.5488586425781,350.4226989746094,360.8614501953125,367.6718444824219,376.2765197753906,386.60784912109375,410.9978942871094,416.0013122558594,424.79541015625,436.3790283203125,463.9321594238281,482.20770263671875
sample_b6b2bedb97228c95,425.1562194824219,425.2100830078125,424.5382385253906,423.2102355957031,422.5618591308594,419.6653137207031,418.7758483886719,415.16558837890625,413.3455810546875,410.66107177734375,408.9370422363281,406.4378356933594
sample_8c2b67897e414125,384.8979187011719,390.1689147949219,400.7504577636719,409.9783020019531,422.9841003417969,432.8831787109375,442.14276123046875,448.97418212890625,459.40496826171875,458.94952392578125,462.7864074707031,464.5778503417969
sample_abd0a2eaf7cb4046,374.8741455078125,372.46014404296875,369.919921875,365.9528503417969,362.3328552246094,359.0629577636719,357.0711975097656,356.1859130859375,354.9725646972656,347.59466552734375,344.48077392578125,342.13031005859375
sample_4500214616e55071,417.77569580078125,419.8612976074219,420.6822509765625,420.78717041015625,421.3290100097656,419.3485107421875,419.2725830078125,416.2462158203125,415.564208984375,412.7085876464844,411.6813049316406,409.0962829589844
sample_342cd8b590222ce5,324.46209716796875,330.68475341796875,340.63958740234375,346.07708740234375,352.7514343261719,361.0862731933594,369.6544189453125,372.6894226074219,377.4984130859375,379.9481201171875,385.1053161621094,388.03173828125
sample_b9d8bc4599901213,349.5316162109375,352.9018859863281,359.0543518066406,360.86688232421875,365.2447814941406,382.4498596191406,396.5399169921875,398.0487060546875,400.6199951171875,405.4612731933594,424.78729248046875,443.2950439453125
sample_944dd93dfdd60092,417.69451904296875,414.3707275390625,410.7042236328125,407.77886962890625,404.32623291015625,400.83074951171875,398.1924743652344,395.19097900390625,393.0230712890625,390.8407897949219,388.2652282714844,386.3523864746094
sample_9bd4b758f5dfc0d7,489.291748046875,479.4143371582031,468.03460693359375,456.6983337402344,446.11651611328125,434.20245361328125,425.57208251953125,417.4112548828125,410.8337707519531,406.968505859375,402.3076171875,398.3687744140625
sample_d8a31b3b8c283bd6,435.3694763183594,431.02545166015625,424.7452392578125,419.27325439453125,413.4526672363281,406.39617919921875,400.9689636230469,395.9197692871094,391.0438537597656,387.40618896484375,382.85443115234375,379.8966979980469
sample_94d6bbd780ee5fee,329.8100891113281,330.46160888671875,334.4945983886719,341.387451171875,353.5303955078125,367.7489318847656,374.4603271484375,381.5165100097656,386.9583435058594,397.7435607910156,405.30230712890625,397.36810302734375
sample_b54a8aab5beb87ae,294.39111328125,296.1763916015625,300.7138977050781,304.3215026855469,308.854248046875,314.30950927734375,318.20611572265625,323.08599853515625,326.6570129394531,332.60369873046875,336.1826171875,339.1590270996094
sample_e655298e9db64530,468.98162841796875,464.56707763671875,458.05072021484375,452.9425964355469,446.17742919921875,441.0575866699219,438.7403259277344,434.0960388183594,428.7607421875,426.29345703125,418.36328125,415.45123291015625
sample_38e068a167ad7007,444.6520080566406,439.8847961425781,432.64776611328125,426.6611633300781,420.245849609375,414.143310546875,410.6788635253906,406.0384216308594,402.365966796875,399.5638732910156,393.6088562011719,389.508056640625
sample_4768854fcf248743,393.9992980957031,393.3905029296875,392.6673278808594,391.8163757324219,391.30303955078125,389.53094482421875,389.18310546875,387.1410217285156,386.3327941894531,384.80743408203125,384.0967102050781,382.91973876953125
sample_5fe7b2b2df3f7a6b,360.7422790527344,362.8814392089844,366.31829833984375,367.69329833984375,371.100830078125,373.13201904296875,374.150146484375,374.6046142578125,376.6126403808594,378.51043701171875,380.2713928222656,381.65911865234375
sample_2d143fe1d6d2244b,426.2575378417969,424.5657958984375,427.94232177734375,421.750244140625,421.8867492675781,418.7042236328125,419.8637390136719,406.0537109375,404.1406555175781,396.3242492675781,390.0496826171875,389.49053955078125
sample_1829e7c51870c80c,353.7388916015625,352.3783874511719,352.4935607910156,352.8907775878906,353.8408203125,356.2673645019531,359.1121826171875,362.20330810546875,365.7176818847656,368.3590087890625,376.3106994628906,387.3637390136719
sample_db1ed1d5fea725cb,402.00006103515625,403.73663330078125,405.5329284667969,405.7623596191406,407.54327392578125,408.5080871582031,410.0718688964844,409.3562927246094,411.5449523925781,411.0397033691406,410.9276428222656,410.169189453125
sample_4b6636d4728d3e5b,293.3236389160156,300.60565185546875,310.12603759765625,317.3754577636719,325.5086669921875,334.32818603515625,341.9208984375,347.9945068359375,355.125244140625,358.85430908203125,364.9303894042969,367.9677734375
sample_9a5f1a9b93fd644c,369.2102355957031,366.9718322753906,365.3784484863281,364.0280456542969,362.39013671875,360.2762756347656,358.6138916015625,358.4198303222656,357.51641845703125,357.8681945800781,354.97015380859375,353.0776062011719
sample_65b8cf23d454a128,489.7821350097656,483.0450439453125,473.5912780761719,465.9652099609375,458.2691345214844,449.72149658203125,443.4149475097656,437.9977111816406,431.7815246582031,428.2488098144531,423.39508056640625,420.24151611328125
sample_2a242f2870e04dc1,601.155029296875,589.2953491210938,573.7277221679688,557.1580810546875,541.9380493164062,525.8135375976562,510.151611328125,496.8688049316406,486.7712097167969,478.6712646484375,470.833251953125,464.4012451171875
sample_d81097cd7bbdfb18,442.650634765625,438.4305419921875,431.91192626953125,426.0252685546875,420.34014892578125,412.87945556640625,408.1697998046875,401.519775390625,396.7466735839844,393.10638427734375,388.2917175292969,385.12005615234375
sample_8c553284d19c77c3,414.888427734375,411.71185302734375,407.7806396484375,404.07623291015625,400.3604431152344,396.3426208496094,393.22869873046875,390.0791015625,387.5035705566406,385.34515380859375,382.5169982910156,380.7984924316406
sample_354e35c74b667fd3,295.0087890625,303.1300964355469,318.126953125,331.7334899902344,350.662841796875,359.9651184082031,366.1738586425781,373.719970703125,381.6195983886719,389.1258544921875,395.89154052734375,393.4518737792969
sample_6bc5c8742aaff4a9,334.47705078125,337.3848571777344,344.38079833984375,349.4378356933594,357.3428649902344,373.1543884277344,379.5091857910156,377.21142578125,372.872802734375,378.1911315917969,380.44586181640625,388.57086181640625
sample_2904e9a4c8d3832b,465.6716613769531,470.47601318359375,469.51275634765625,465.8948059082031,466.54327392578125,467.1877136230469,468.3800964355469,462.7503662109375,450.9689025878906,444.4530944824219,440.14837646484375,438.5918273925781
sample_7676aaccd1475559,292.29779052734375,299.0406799316406,308.91766357421875,315.63153076171875,323.9460754394531,332.7081298828125,340.29608154296875,346.28265380859375,353.32696533203125,357.0744323730469,363.0682067871094,366.1905212402344
sample_60d002e99b6a1e0f,508.4029235839844,546.21728515625,580.8049926757812,608.4395751953125,630.60595703125,626.3201904296875,614.1015014648438,589.0590209960938,583.8102416992188,575.2001953125,553.5399169921875,533.8077392578125
sample_fdf45e9d2845fce9,371.05560302734375,370.09527587890625,370.31658935546875,370.622314453125,371.7093200683594,373.5642395019531,375.65191650390625,377.1477966308594,378.2867126464844,378.7235107421875,382.1897888183594,382.90545654296875
sample_e0a17768680fc648,440.242919921875,434.507568359375,426.6751403808594,420.0902099609375,413.81402587890625,408.3943786621094,407.7235107421875,409.46893310546875,408.49603271484375,413.2793273925781,414.319091796875,415.1560974121094
sample_049dc8b66fdab047,490.5640869140625,479.59796142578125,465.1170654296875,453.0604553222656,441.37750244140625,428.5295715332031,419.12835693359375,409.2620849609375,401.6126403808594,394.9549560546875,387.93218994140625,382.825927734375
sample_cdf8b8a4e385ec12,305.11968994140625,315.6861572265625,330.18328857421875,341.0068664550781,352.1620788574219,362.7408142089844,372.35235595703125,380.43182373046875,391.8104553222656,405.9921875,417.9498291015625,426.2122802734375
sample_c6c20f9cab0c9f3b,336.22296142578125,338.6231689453125,342.06878662109375,346.4053649902344,354.4371643066406,362.0079345703125,366.79217529296875,369.1470031738281,370.6146240234375,373.4909362792969,377.7060241699219,380.37786865234375
sample_46115e3157895047,443.6330261230469,447.5310363769531,447.9581604003906,450.5545349121094,455.5557556152344,462.767822265625,471.2022705078125,490.9606018066406,509.8084716796875,526.0272216796875,536.1795043945312,550.22265625
sample_df2b7c8377bf0749,578.9628295898438,561.121337890625,537.8917846679688,518.3436279296875,502.68402099609375,485.09393310546875,472.1037292480469,459.2281188964844,448.91888427734375,439.89874267578125,431.0152587890625,424.0837097167969
sample_f2aa5e4f8177c4a7,384.0763854980469,382.2910461425781,380.9793395996094,380.0160217285156,379.10467529296875,378.3634948730469,378.1593322753906,377.5096435546875,377.609375,377.1453857421875,377.00604248046875,376.7588195800781
sample_0b26aa755b3910ee,513.3952026367188,502.15643310546875,489.58984375,477.12738037109375,466.4408874511719,452.82861328125,444.2163391113281,434.6722412109375,427.5496826171875,420.8820495605469,415.5841369628906,411.4869689941406
sample_c1482dbc36292bc7,314.92578125,324.8333435058594,338.1274719238281,349.38671875,359.7991638183594,365.67218017578125,370.97137451171875,377.90301513671875,382.25311279296875,384.79693603515625,386.0796813964844,386.5223388671875
sample_2b7f06acd135aae4,461.8329772949219,456.75689697265625,449.2171325683594,440.9498596191406,432.50128173828125,424.1780090332031,417.72607421875,409.65533447265625,404.2738952636719,398.96453857421875,393.0956115722656,389.074951171875
sample_6eb22f86dd558e82,361.0362243652344,359.9886779785156,359.7019348144531,359.23773193359375,359.5304260253906,360.096435546875,361.35614013671875,361.1859436035156,362.770263671875,362.5055847167969,363.6463928222656,363.7270812988281
sample_89ae42348df70ce1,466.94097900390625,461.91473388671875,454.1197814941406,447.8260803222656,440.77044677734375,432.6582336425781,426.93951416015625,420.4485778808594,415.5623474121094,411.3075866699219,406.5320129394531,402.9587097167969
sample_e5f3b4a35eae31b2,286.80877685546875,290.91961669921875,297.7080078125,303.1747131347656,309.33123779296875,316.3100280761719,321.88983154296875,327.2724609375,332.6199951171875,335.9534912109375,340.4595642089844,343.6489562988281
sample_feb870857a91424e,399.10235595703125,401.50299072265625,411.74969482421875,423.24200439453125,428.52587890625,437.52337646484375,467.6673583984375,487.94708251953125,505.3418273925781,515.4635009765625,531.140625,523.66162109375
sample_aa26cfd1e4cb322e,404.303955078125,401.9931640625,397.2947082519531,393.85345458984375,389.1949768066406,383.47454833984375,379.5550231933594,375.39776611328125,371.9613037109375,368.7438659667969,365.18218994140625,363.5241394042969
sample_e10d661db4c0684f,331.9715270996094,330.4295654296875,333.0185852050781,335.5720520019531,336.51324462890625,338.5780029296875,342.6507263183594,340.7774658203125,344.11651611328125,347.8563232421875,349.93658447265625,347.2485656738281
sample_f1ac6e751b432ff4,454.55084228515625,457.8106689453125,459.3733215332031,460.7668762207031,462.5123596191406,458.0899963378906,451.141357421875,439.1910095214844,434.510498046875,431.59014892578125,427.2508544921875,423.7087097167969
sample_98b8b01e3f680d6c,319.3318786621094,320.61065673828125,324.2795715332031,326.9654846191406,331.0848388671875,336.0931091308594,339.977294921875,343.7944641113281,347.3685302734375,349.7910461425781,353.0757141113281,355.6651916503906
sample_f4bfaf53ac02891e,437.8240661621094,445.390380859375,452.1255187988281,451.2738952636719,450.07373046875,451.9709167480469,457.7054748535156,460.3470153808594,459.94012451171875,445.1544189453125,439.95458984375,435.0086975097656
sample_f309fa228b92c6cb,350.6858215332031,352.52789306640625,360.0124206542969,364.38763427734375,375.81170654296875,399.4011535644531,421.5431823730469,425.39453125,429.6132507324219,431.5977478027344,429.08056640625,416.09246826171875
sample_dda0ec8703208e8c,390.5266418457031,389.4684143066406,388.4310607910156,386.9502868652344,387.9115905761719,389.5485534667969,391.8941955566406,396.5304260253906,408.85833740234375,417.83795166015625,422.9264221191406,425.39019775390625
sample_f0b18de55d95325b,651.3314208984375,640.3634643554688,625.7003173828125,612.9692993164062,601.7774047851562,588.7855224609375,579.1911010742188,568.5535888671875,560.9163208007812,553.7713012695312,546.3455810546875,540.0505981445312
sample_b84e718397363c77,414.91241455078125,411.3046875,406.19000244140625,402.4228210449219,398.56622314453125,391.0386962890625,388.11419677734375,386.5943603515625,387.9298095703125,390.3485412597656,394.18658447265625,391.6809387207031
sample_682e70a494cdf8ed,404.5707092285156,426.9654846191406,438.075927734375,452.310791015625,461.6923522949219,471.7515869140625,486.5218811035156,499.1539306640625,499.5976257324219,505.68505859375,514.624755859375,519.2031860351562
sample_4d2b4dbcaf181640,443.13848876953125,434.6316833496094,422.78485107421875,412.8063659667969,403.09222412109375,391.9148864746094,384.32952880859375,377.0553283691406,371.7664794921875,369.5870361328125,361.504638671875,358.253173828125
sample_4c29b121bae29bd3,311.59906005859375,313.2388610839844,315.31402587890625,317.903076171875,323.08154296875,329.9302062988281,336.804443359375,340.80462646484375,346.205810546875,346.6644287109375,351.59912109375,355.2997741699219
sample_266551f8b9ea9303,371.1820068359375,397.36163330078125,423.5787353515625,446.1348876953125,470.10003662109375,491.7220458984375,512.3809814453125,534.9099731445312,561.0848388671875,573.4612426757812,600.624755859375,634.7713623046875
sample_3ce884f8ab4ce5ed,375.2090148925781,378.29718017578125,381.78363037109375,383.8174743652344,386.7665710449219,388.1010437011719,390.3551940917969,391.34869384765625,393.9575500488281,396.6429748535156,398.58544921875,402.6413269042969
sample_392d2a4380983bf3,479.5060729980469,473.4095458984375,462.9663391113281,454.46923828125,445.1312561035156,435.12518310546875,425.3631896972656,416.7943115234375,410.7035217285156,405.49859619140625,399.0311279296875,394.75091552734375
sample_ae37578fdd1a666c,535.0366821289062,520.0807495117188,503.0594177246094,490.16455078125,476.8117980957031,460.70355224609375,448.6703796386719,437.16033935546875,428.1725158691406,420.4632873535156,412.40216064453125,406.29022216796875
sample_ff482ebe0bd7dd9c,349.6434631347656,352.3217468261719,355.8876647949219,358.4041748046875,361.8040771484375,364.7131652832031,367.564453125,369.5758056640625,371.489501953125,372.7738037109375,374.7709655761719,375.58709716796875
sample_f43b8e8c98a241fc,279.0355224609375,284.62939453125,293.0420227050781,299.3081359863281,306.66375732421875,314.59814453125,320.9053649902344,326.88262939453125,333.1968994140625,336.8198547363281,342.15301513671875,345.5301208496094
sample_a91f5f153a08d141,329.2838439941406,333.8097229003906,339.1523742675781,343.1908264160156,348.16192626953125,352.5641784667969,357.1728210449219,359.709716796875,364.1428527832031,365.3194274902344,368.826171875,369.93695068359375
sample_92f528688d3bf24d,431.888427734375,428.6692199707031,425.2598571777344,422.4236145019531,419.3764343261719,416.0502014160156,413.4867858886719,411.7536926269531,409.3429870605469,408.2982482910156,405.6870422363281,404.3775329589844
sample_563fbb15c0edd6b3,358.9166564941406,357.7728271484375,357.51092529296875,357.2294921875,357.5609130859375,358.26177978515625,359.54302978515625,359.691650390625,361.30316162109375,361.76312255859375,362.8316955566406,363.10498046875
sample_98a8ebab6521498c,324.9154357910156,332.61871337890625,344.54248046875,346.911376953125,348.2501525878906,367.8892822265625,377.69775390625,375.6419677734375,370.44537353515625,371.6658630371094,374.9569091796875,387.1453857421875
sample_7e305228398b968f,371.8715515136719,375.3951721191406,380.3742370605469,388.5464782714844,399.2131652832031,408.5312805175781,413.5580139160156,425.0182189941406,430.394287109375,438.9029235839844,449.3076171875,445.86065673828125
sample_caa449088cfc4523,516.6718139648438,526.767333984375,519.8886108398438,513.7592163085938,504.77197265625,501.8371276855469,490.2875671386719,483.78082275390625,481.7664794921875,478.8605651855469,466.7833251953125,463.85400390625
sample_af4ba808de832497,468.5928039550781,461.17950439453125,450.9520568847656,442.72491455078125,434.593505859375,425.7944641113281,419.085693359375,412.11297607421875,406.09393310546875,401.4378662109375,395.90478515625,392.191162109375
sample_2db3d321dd8db5e0,317.96368408203125,329.1827392578125,342.7669677734375,355.0076599121094,366.88787841796875,377.0812072753906,387.17254638671875,394.7030334472656,403.95574951171875,412.3527526855469,427.1954040527344,436.32330322265625
sample_a83e353bfb564be8,422.85028076171875,425.69488525390625,427.1304931640625,427.49017333984375,428.427978515625,426.6141662597656,426.1652526855469,422.28466796875,421.5614318847656,418.2724304199219,417.1109924316406,414.5155029296875
sample_c51361562f214cb5,390.6368408203125,388.5901184082031,386.8507385253906,385.2594909667969,384.3934326171875,385.1826477050781,383.3406066894531,383.8689880371094,384.5345458984375,386.0495910644531,384.3832702636719,389.0817565917969
sample_26837e6f7ec759ea,489.7792663574219,479.9432373046875,468.256591796875,458.73138427734375,449.3917541503906,439.55078125,431.633544921875,424.0621032714844,417.7231140136719,412.55596923828125,406.7325439453125,403.25579833984375
sample_4b705b6b6dfcf9c2,347.7060241699219,347.1639709472656,348.5495300292969,349.64227294921875,351.57366943359375,354.2527770996094,356.5055847167969,358.8130798339844,360.8692321777344,361.9894104003906,364.19146728515625,365.3040771484375
sample_c7b668357689e8c6,309.3845520019531,315.30096435546875,325.1534118652344,332.8956298828125,341.25830078125,350.84002685546875,359.4745788574219,367.2283935546875,378.2640075683594,387.3047180175781,398.8270263671875,409.1749267578125
sample_c22fb240ef804d77,375.0030517578125,376.15093994140625,379.0050964355469,381.44036865234375,386.9067077636719,391.607421875,393.9019470214844,398.2520751953125,407.2600402832031,410.4963073730469,412.14727783203125,415.35723876953125
sample_86679ac78aa09b5e,488.2788391113281,479.6083068847656,466.8123779296875,456.19427490234375,445.4915771484375,434.6492614746094,426.4912414550781,418.59429931640625,413.37603759765625,409.50396728515625,403.3553466796875,399.31195068359375
sample_a564dffc61ed8fb3,402.2146301269531,407.3074951171875,416.62530517578125,423.73797607421875,431.5263977050781,440.2516174316406,450.70745849609375,455.7707824707031,462.23590087890625,465.8630676269531,468.2007141113281,472.36163330078125
sample_d36cfb032768ce36,352.9210205078125,356.25421142578125,359.0550231933594,362.950927734375,364.6236572265625,365.64813232421875,367.9522399902344,370.1978454589844,373.5182189941406,375.1411437988281,377.7824401855469,378.8059387207031
sample_eeac0eb025842d0d,320.764892578125,324.2459411621094,332.0829162597656,337.8936462402344,345.3626708984375,353.9142761230469,360.1479187011719,366.23516845703125,372.5592041015625,377.5564880371094,381.3871154785156,385.47784423828125
sample_b03f39b2b5dfb575,336.16998291015625,338.4609375,342.2834167480469,345.2223205566406,349.4885559082031,354.4414367675781,358.2465515136719,362.2351379394531,365.8609313964844,368.7164306640625,371.52447509765625,374.07965087890625
sample_e56e02dad762fece,365.5888671875,365.1080017089844,366.4809265136719,367.3800964355469,369.2267150878906,371.9324035644531,374.3326416015625,376.25543212890625,377.9212951660156,378.8130798339844,381.4774475097656,382.15203857421875
sample_b3a71b0232f49280,366.2896728515625,364.7547607421875,364.44134521484375,364.16522216796875,364.316162109375,365.01910400390625,365.810791015625,366.5897521972656,367.4594421386719,368.6201171875,370.12738037109375,371.00433349609375
sample_2f31ebc640ceb991,421.835693359375,415.54815673828125,406.7304382324219,399.907958984375,392.419677734375,387.6661376953125,387.5588684082031,386.55706787109375,386.05572509765625,385.036865234375,380.5032958984375,377.3634033203125
sample_1716e9e3f03cefea,364.43511962890625,362.9493103027344,362.2503662109375,361.570068359375,361.486328125,362.1148376464844,363.0074157714844,363.4359436035156,363.98919677734375,363.94659423828125,364.6714782714844,365.1231689453125
sample_5feaf6465de6da2d,274.1499938964844,279.22222900390625,286.9445495605469,292.5472717285156,299.2131652832031,306.2164001464844,311.8620300292969,317.23516845703125,322.511474609375,325.9569091796875,330.71661376953125,333.75738525390625
sample_5dd8ea42457ed034,396.57818603515625,420.67938232421875,441.0223388671875,456.18170166015625,489.22418212890625,505.222412109375,500.94366455078125,490.57086181640625,487.29827880859375,487.134033203125,500.684814453125,499.65252685546875
sample_d1acfc296cb4a2d5,502.5419616699219,492.83868408203125,479.3953857421875,468.218505859375,457.4160461425781,445.3088684082031,436.581787109375,427.2349548339844,419.3956604003906,413.273681640625,406.4463195800781,401.4869689941406
sample_76b85ca3cc0a1944,491.7134704589844,504.3147888183594,500.4732971191406,495.1250915527344,499.0058288574219,489.28460693359375,474.69512939453125,466.8613586425781,463.8401184082031,457.7511901855469,454.7950439453125,452.1337890625
sample_1886fb78df2f336d,413.9067077636719,412.0218811035156,410.6876525878906,409.0654296875,408.2607727050781,407.583251953125,406.7646179199219,406.1333923339844,405.5576171875,404.9877014160156,404.1365661621094,403.84405517578125
sample_81b747d6da230ac5,402.8595275878906,401.6749572753906,400.1358947753906,398.4212646484375,397.75494384765625,395.97320556640625,395.24859619140625,393.8333740234375,396.7048034667969,396.4590148925781,393.049560546875,387.9223327636719
sample_b795a6ed7540c562,420.59613037109375,420.00274658203125,418.68804931640625,418.03521728515625,420.4971923828125,418.93109130859375,425.7537536621094,441.2927551269531,460.2491760253906,463.4095764160156,466.12872314453125,459.60968017578125
sample_6972dd674065c490,376.37530517578125,375.0985412597656,373.91351318359375,371.5572509765625,369.84820556640625,367.7127685546875,366.2206115722656,364.0401611328125,362.6059265136719,361.46356201171875,358.962890625,358.0782775878906
sample_3fadd1b7b6a8cdda,335.9440612792969,336.7391662597656,340.3384704589844,343.5852355957031,347.66290283203125,352.9277648925781,357.45709228515625,361.7198791503906,364.74273681640625,367.44091796875,371.4498291015625,374.1642150878906
sample_1435433c82395272,372.41534423828125,374.4881896972656,377.6026611328125,380.6600341796875,385.9447326660156,391.1107177734375,397.4781188964844,406.1639709472656,419.025634765625,419.3643493652344,424.20556640625,432.1492919921875
sample_9f91add5ba88de7d,356.18353271484375,356.0474548339844,358.5185241699219,360.2287902832031,362.8179626464844,366.3503112792969,369.3257751464844,371.8435974121094,374.307373046875,375.7020263671875,378.5635681152344,379.70269775390625
sample_35bf5867b4bd6472,456.7239074707031,455.5251770019531,453.273193359375,451.6529235839844,449.9987487792969,450.35528564453125,450.34490966796875,452.1185607910156,452.73663330078125,451.5168151855469,449.1988525390625,444.6345520019531
sample_4f0b215c590e934a,404.4391174316406,411.54791259765625,423.654541015625,436.1875305175781,445.1731872558594,447.28863525390625,452.6434326171875,458.0826416015625,473.25311279296875,477.09674072265625,473.5770263671875,473.19183349609375
sample_565e628681da1ad8,468.6038818359375,460.7936706542969,450.7574462890625,442.46844482421875,434.09326171875,424.97564697265625,417.7648620605469,409.60107421875,403.9508056640625,398.79840087890625,393.240478515625,390.97039794921875
sample_aa223eafe4c08e41,593.2442016601562,598.1304321289062,576.7396240234375,568.0679931640625,559.7471313476562,540.6661376953125,527.548828125,518.865478515625,502.7100524902344,489.21630859375,480.28997802734375,471.70709228515625
sample_f6b77e92cb913405,365.3739318847656,387.6353454589844,412.24365234375,436.6284484863281,459.7228698730469,474.5416259765625,469.66033935546875,479.7709045410156,482.06170654296875,486.3468017578125,498.8385314941406,507.9661560058594
sample_3b4fb87895f8601d,343.8449401855469,344.2085876464844,347.00830078125,346.177978515625,347.0284423828125,348.54486083984375,351.0704345703125,353.65289306640625,361.70648193359375,366.3674621582031,359.1106262207031,356.52874755859375
sample_5e08ffbab549cca1,468.9674377441406,473.0018310546875,474.7647399902344,479.5234680175781,478.6252136230469,464.3028564453125,460.098388671875,455.3397521972656,451.05938720703125,447.836181640625,446.2723693847656,435.1708679199219
sample_8e9cb979b2cf9489,348.1234130859375,359.52178955078125,372.18341064453125,382.63507080078125,393.27459716796875,403.07940673828125,412.1026916503906,420.62506103515625,437.35052490234375,458.95037841796875,466.2784423828125,475.6512145996094
sample_bd580481b4c02c90,356.16009521484375,355.70367431640625,356.86358642578125,358.04345703125,356.63818359375,356.5007629394531,356.63720703125,358.36114501953125,359.32598876953125,365.6220703125,369.8675842285156,362.3285827636719
sample_84b3381317809bbb,392.9125671386719,392.4809265136719,391.13800048828125,389.6574401855469,387.4802551269531,384.1643981933594,380.8998718261719,376.1265869140625,373.41070556640625,371.53900146484375,369.3089599609375,368.48272705078125
sample_8c835ec6d649fa8a,375.4119873046875,372.8418273925781,370.55877685546875,368.1927490234375,364.87060546875,361.2307434082031,358.7183532714844,355.6553955078125,354.78765869140625,352.3381042480469,348.66009521484375,346.378173828125
sample_d981475930acfdf5,333.6910705566406,336.06146240234375,342.2911682128906,348.6622009277344,355.78131103515625,361.7106628417969,365.0557556152344,366.3436279296875,371.4855651855469,374.2586669921875,378.51123046875,381.2655029296875
sample_b956cb0419fb3ab9,353.7355651855469,353.7210388183594,354.61431884765625,355.4112854003906,356.94873046875,358.5707092285156,360.038330078125,361.68341064453125,362.8757629394531,363.9803466796875,365.7494201660156,366.76470947265625
sample_420ae68295d9ae82,516.7719116210938,508.6444091796875,495.92376708984375,485.2112121582031,475.6046142578125,464.17083740234375,456.12451171875,447.49261474609375,440.8250732421875,434.1123352050781,427.49932861328125,422.259033203125
sample_224fa1ee2ca14b89,353.49267578125,354.9024658203125,353.1582336425781,359.3411865234375,392.33331298828125,418.5402526855469,438.7708740234375,479.2115478515625,546.0591430664062,565.84130859375,592.8968505859375,605.802490234375
sample_a973595c42abbbf8,688.7350463867188,680.486572265625,664.7012329101562,649.9620361328125,637.9406127929688,623.7617797851562,606.5940551757812,588.9739379882812,576.1529541015625,560.399169921875,544.8279418945312,533.7421875
sample_4b1190b7bb82a39e,386.31243896484375,386.58148193359375,388.4705505371094,387.2829284667969,386.7584228515625,386.6895446777344,387.10943603515625,385.5130615234375,385.74945068359375,384.40087890625,384.5718078613281,383.7414855957031
sample_115c8ec6c4533588,342.86968994140625,347.9388427734375,356.5831298828125,361.10858154296875,360.6175842285156,361.04083251953125,365.2730712890625,372.6961669921875,378.296875,379.9936218261719,380.81158447265625,379.0525207519531
sample_5d43066c8b882bfa,381.8700256347656,381.22393798828125,381.250732421875,381.2154235839844,381.6026611328125,381.5832824707031,381.8603515625,381.9193115234375,381.98095703125,382.1400146484375,382.4211120605469,382.3584899902344
sample_99905707b44bb0f0,503.4468688964844,492.47625732421875,477.7007141113281,467.2926940917969,454.3030090332031,441.8365478515625,431.49383544921875,422.25189208984375,415.2048034667969,409.2182922363281,404.0752868652344,400.7096862792969
sample_14c372ce8cacae73,560.7969360351562,552.010986328125,536.5070190429688,519.4330444335938,509.7784423828125,495.167236328125,482.6639404296875,471.7875061035156,464.9119873046875,458.16290283203125,451.03997802734375,445.1596984863281
sample_79b9dbc8d095a7b0,467.3647155761719,459.1647033691406,447.7294006347656,438.7571716308594,429.3800964355469,419.4698791503906,411.9000549316406,404.51971435546875,398.3608093261719,393.1191101074219,387.17510986328125,383.03045654296875
sample_e09ed3272e282abd,411.41015625,411.5684814453125,414.7391662597656,417.60943603515625,421.7655334472656,432.5733642578125,450.9483642578125,456.1131286621094,454.29034423828125,454.0334777832031,459.11944580078125,468.2919921875
sample_27097667a642d702,504.4908447265625,509.234619140625,514.6950073242188,516.6795043945312,514.47412109375,511.3666687011719,510.9912109375,510.9096984863281,511.5752258300781,511.248779296875,509.9500732421875,509.510986328125
sample_3449524713a3a8d6,625.6228637695312,627.213623046875,618.5397338867188,611.4425048828125,609.0817260742188,582.3231811523438,573.2367553710938,561.109619140625,538.6470947265625,524.8834228515625,516.379150390625,500.7077331542969
sample_90b24ae88a2e0caf,379.5218200683594,379.81427001953125,385.1160888671875,383.0064392089844,388.61358642578125,377.2206115722656,370.5135498046875,370.1452331542969,371.2601318359375,363.5025329589844,364.8966369628906,364.3948974609375
sample_726f1409774d58ea,308.9502258300781,311.9859619140625,317.8740539550781,319.478759765625,330.2430419921875,336.9283142089844,351.2190856933594,346.6487121582031,347.3424072265625,350.97100830078125,356.3526611328125,356.87884521484375
sample_6036b1e706abb283,310.4105529785156,310.4308776855469,311.9685363769531,312.9072570800781,314.3027038574219,315.7205505371094,317.47906494140625,318.65374755859375,320.3622131347656,320.3304443359375,321.86029052734375,322.49468994140625
sample_0d3549329427bc28,582.6766967773438,571.2740478515625,556.4500122070312,543.65478515625,532.489501953125,519.387939453125,509.557861328125,498.51629638671875,487.5302734375,479.1804504394531,472.34033203125,466.4992980957031
sample_a4203b5fb7640798,387.7022399902344,387.69573974609375,387.8965759277344,387.9375915527344,388.6280212402344,388.4576721191406,388.73138427734375,387.9954528808594,388.1957702636719,387.25537109375,387.4825744628906,386.522216796875
sample_fc043a00e7c21de3,321.4069519042969,335.57684326171875,350.0455627441406,361.0995788574219,372.91375732421875,385.1498718261719,395.7598876953125,403.723388671875,412.14007568359375,418.2400207519531,425.60882568359375,430.43890380859375
sample_346c13a5be3c1567,569.9656982421875,558.0587768554688,542.366455078125,529.0096435546875,517.2264404296875,504.6596984863281,494.43365478515625,482.52984619140625,474.831787109375,468.22027587890625,457.430419921875,449.5025329589844
sample_15140c286e83f0f8,366.5065612792969,366.95697021484375,368.2859802246094,369.441650390625,371.5273132324219,373.7330017089844,375.525146484375,377.0291748046875,378.6113586425781,381.20556640625,382.7811279296875,382.7898864746094
sample_9090e61424cc8f52,319.72064208984375,325.802001953125,332.8614501953125,338.4980773925781,346.5512390136719,356.78900146484375,366.8413391113281,372.008056640625,375.1925354003906,377.02783203125,382.3685607910156,385.474609375
sample_25ca206aa0beb8dd,340.5605773925781,339.8894958496094,344.14361572265625,341.5069885253906,342.898193359375,346.38470458984375,345.7453918457031,346.2308654785156,348.9549560546875,345.564208984375,348.1249694824219,351.27392578125
sample_494679bee222db8a,431.6247863769531,425.1172790527344,419.21728515625,413.0413818359375,406.4146423339844,401.48675537109375,396.366455078125,391.6824951171875,388.11651611328125,385.8238220214844,382.7882080078125,380.8934326171875
sample_41d197835bdd023f,350.3594055175781,349.35113525390625,349.56488037109375,349.7318420410156,350.670654296875,352.20123291015625,353.6009826660156,354.9836120605469,356.48223876953125,357.84375,358.95013427734375,360.3995056152344
sample_3c2c793d92315914,439.2443542480469,452.33197021484375,474.6014404296875,506.44305419921875,535.6458129882812,558.3252563476562,578.5477905273438,582.672607421875,579.84033203125,589.7364501953125,602.6812744140625,589.7479858398438
sample_cf312ec35e476058,528.2589721679688,524.321533203125,517.718017578125,505.4297180175781,488.1064453125,474.52093505859375,467.45245361328125,457.0858459472656,450.8076477050781,446.458740234375,440.97723388671875,431.64312744140625
sample_68271399ca34c621,406.05389404296875,410.5071105957031,417.5133972167969,424.9021301269531,438.638916015625,461.1822509765625,469.7132873535156,468.75042724609375,471.3812255859375,477.4383850097656,490.4507141113281,488.07818603515625
sample_8686ca608d1a1933,296.6754150390625,302.6954040527344,310.6532287597656,316.8371887207031,324.0013122558594,330.97808837890625,337.1912841796875,341.9368591308594,347.8520202636719,351.06427001953125,355.86590576171875,358.8103332519531
sample_9acadec79c7a354f,279.9283447265625,284.29803466796875,291.4580993652344,296.57147216796875,302.9501037597656,309.9507751464844,315.6485595703125,321.0317687988281,326.5679016113281,329.7333984375,334.53729248046875,337.75933837890625
sample_de55c2784d0b569b,527.7579956054688,515.80908203125,496.31072998046875,480.53790283203125,467.1630859375,453.21112060546875,442.8282165527344,431.7400207519531,422.94683837890625,415.62945556640625,408.1194763183594,401.9486389160156
sample_26c1e43f86c16dcc,377.38079833984375,381.9110107421875,386.33282470703125,390.0005187988281,394.2303466796875,398.0219421386719,403.09747314453125,406.14361572265625,412.691650390625,417.2448425292969,423.8045349121094,429.818115234375
sample_f508927f13f5a1c3,324.5839538574219,330.878173828125,345.59765625,355.2262878417969,358.9263000488281,364.9239807128906,375.4939880371094,376.6521301269531,396.92132568359375,396.7746276855469,385.1000061035156,380.3746032714844
sample_3fba02e320407deb,442.3630065917969,437.6949768066406,431.99530029296875,428.091796875,422.6280517578125,416.20709228515625,410.892333984375,404.86553955078125,400.1642150878906,397.1617736816406,393.24932861328125,391.44927978515625
sample_3d376a7d47cab16b,354.0382385253906,358.5592346191406,363.90234375,367.66180419921875,371.9242248535156,375.4146423339844,379.0039978027344,381.767333984375,384.4530944824219,386.2120361328125,388.7338562011719,389.77362060546875
sample_6c06cfd1251d0c7e,352.19134521484375,350.95404052734375,350.7418518066406,353.1835632324219,359.63043212890625,362.1412048339844,370.7777404785156,373.9571533203125,371.83123779296875,373.7678527832031,378.971923828125,379.32598876953125
sample_b885df5d1026bae9,294.7493896484375,304.8739013671875,320.04425048828125,332.0399169921875,341.13671875,353.86480712890625,360.67449951171875,369.1064147949219,377.7215576171875,384.6700744628906,391.7060241699219,396.00384521484375
sample_a4f1a14593beca00,285.2552795410156,290.9598388671875,299.23651123046875,305.42388916015625,312.6824951171875,320.1020812988281,326.23590087890625,331.83856201171875,337.9496154785156,341.36407470703125,346.42864990234375,349.86456298828125
sample_2c79ab7f9dad8cfc,405.7707214355469,403.3108825683594,401.1769104003906,398.4490051269531,395.55511474609375,395.6434631347656,395.1787414550781,390.2587890625,389.3152770996094,385.66558837890625,383.1192321777344,382.83233642578125
sample_67dc285abeac7b81,345.826416015625,345.1239929199219,345.9878234863281,346.8912353515625,348.7989196777344,352.1365051269531,354.48883056640625,357.3944396972656,359.98553466796875,363.16741943359375,365.6806335449219,369.43896484375
sample_999a44c5f319c8cb,379.6090087890625,386.0327453613281,404.51483154296875,433.27215576171875,463.9411926269531,503.15631103515625,537.9216918945312,573.6455688476562,586.3280029296875,585.8101806640625,573.5240478515625,559.9603271484375
sample_545fd907eb32857a,369.70916748046875,389.95721435546875,411.13226318359375,429.36236572265625,444.445068359375,454.95574951171875,468.51800537109375,480.7709045410156,491.94232177734375,501.28070068359375,517.0823364257812,534.8382568359375
sample_715935ac9c40db20,465.0231628417969,458.6227722167969,450.0499267578125,443.023681640625,435.4571838378906,427.1938171386719,420.9854431152344,413.9434814453125,408.575439453125,404.4844665527344,399.4427795410156,395.8515625
sample_82db5b8a4ee7e44f,420.5103759765625,480.1252136230469,535.3681640625,572.155517578125,594.8677978515625,615.7420654296875,635.1585693359375,631.1337890625,606.8330078125,569.6731567382812,547.8297119140625,543.5115966796875
sample_f1779c3878d73f87,295.60516357421875,299.59979248046875,305.7495422363281,310.3561706542969,316.1558532714844,321.89971923828125,326.716796875,331.1470031738281,335.5831604003906,338.1165466308594,342.05010986328125,344.79296875
sample_0e51ae6d296897ce,323.5535583496094,323.933837890625,326.9006652832031,327.9417419433594,330.4274597167969,336.68829345703125,335.68975830078125,339.1164855957031,345.08660888671875,350.9167785644531,357.4591064453125,359.8052978515625
sample_29a5c7007417fffe,495.846923828125,495.58892822265625,488.9059143066406,478.65386962890625,471.1840515136719,461.5980224609375,455.112548828125,442.692626953125,435.0721435546875,429.64044189453125,424.17333984375,419.79669189453125
sample_0bbac2152c3c83bf,373.8565368652344,378.22808837890625,384.0286560058594,384.7375793457031,387.6439514160156,393.2066955566406,398.1087951660156,403.70294189453125,411.7154235839844,418.41265869140625,440.63092041015625,454.5158386230469
sample_79c185cf5a4d3b13,500.2696228027344,492.7210998535156,483.035400390625,474.8902282714844,466.8560485839844,457.87713623046875,451.26422119140625,444.72991943359375,440.83795166015625,441.70458984375,445.471923828125,443.1233215332031
sample_9de29bb2b368d7e9,625.8447265625,607.5154418945312,586.6705932617188,565.2952270507812,549.8350830078125,533.1212768554688,523.5474853515625,512.3773193359375,504.88623046875,495.8724365234375,485.27142333984375,476.7427978515625
sample_8a60e8efc41d1f9e,379.4609680175781,380.5823974609375,383.75726318359375,387.2994689941406,389.91363525390625,391.1436462402344,394.5377502441406,398.587646484375,395.4906921386719,393.0657043457031,385.83984375,384.1327209472656
sample_751b4efdb91320ca,321.4422302246094,330.8893737792969,340.1396484375,345.242431640625,350.138671875,357.8954162597656,363.65570068359375,375.7707824707031,377.1470031738281,376.4005126953125,377.5311279296875,382.42364501953125
sample_e7fd2f8f81d5b62c,558.2448120117188,552.1791381835938,540.910888671875,529.9152221679688,516.6928100585938,501.9148864746094,492.81207275390625,482.0248107910156,475.18084716796875,468.772705078125,460.9427795410156,454.9840393066406
sample_d858a2a397950d7e,436.8545227050781,441.7552490234375,444.8884582519531,446.7771301269531,449.267333984375,448.3539123535156,449.0693054199219,445.86053466796875,445.8708190917969,442.37933349609375,441.8540954589844,438.4196472167969
sample_07943ca49129f750,473.208740234375,466.5034484863281,455.8273010253906,446.8490905761719,438.2311096191406,428.0090637207031,420.74676513671875,412.692626953125,406.3998107910156,401.3183288574219,395.240478515625,391.0827331542969
sample_4a0b0e8a5c8fcb21,355.10565185546875,355.996337890625,357.9771728515625,359.5887756347656,362.0871276855469,364.8074645996094,366.8836669921875,369.1046142578125,370.72113037109375,372.676025390625,374.5127868652344,376.064208984375
sample_416ac3f9711c8ec5,306.2719421386719,313.5097351074219,322.2370300292969,329.10247802734375,336.8959045410156,344.72393798828125,351.6181945800781,357.3877258300781,363.93438720703125,368.8387756347656,374.3199768066406,377.24798583984375
sample_16cae0408ee5b1e7,644.588623046875,642.73876953125,635.2667846679688,628.2244262695312,614.3269653320312,599.82177734375,588.7635498046875,579.0654907226562,563.5148315429688,560.7430419921875,558.1627197265625,555.6934814453125
sample_50c241a2c3abc106,387.6991271972656,417.625732421875,445.57952880859375,470.6654968261719,478.97381591796875,506.31658935546875,514.1881713867188,525.1878662109375,522.7035522460938,531.0221557617188,528.03466796875,525.741455078125
sample_fdf2c0099d6ff661,422.9105529785156,418.1726379394531,411.5506591796875,406.0333251953125,400.44000244140625,393.962158203125,388.3218078613281,382.30621337890625,379.0438537597656,379.7995300292969,374.8420715332031,370.2840270996094
sample_593e6681ea4b9d20,329.0152587890625,336.3731994628906,344.5565185546875,350.7222595214844,358.0707702636719,365.0704650878906,371.5205078125,376.0182189941406,382.8910217285156,385.7955322265625,390.3924255371094,393.5849914550781
sample_f7efac2e16dd9df8,397.6148681640625,400.7149963378906,399.89434814453125,399.1551818847656,400.6356506347656,405.8250732421875,411.3663635253906,413.73681640625,412.0389099121094,413.6005859375,412.9977722167969,413.43963623046875
sample_c8848a3cb1535f6d,309.35870361328125,318.4031066894531,324.68115234375,326.7621765136719,345.7215576171875,358.2393798828125,357.8232421875,354.0826416015625,358.00823974609375,360.11285400390625,374.6318054199219,376.3629150390625
sample_3794a52a55a17ffd,346.4959411621094,345.9801025390625,347.34332275390625,349.90313720703125,357.39984130859375,367.6949462890625,372.57708740234375,380.13006591796875,396.02783203125,399.6780090332031,394.876953125,387.2197265625
sample_69fb168762f5f2ae,388.7467346191406,386.6700744628906,385.42718505859375,384.3753967285156,383.3592224121094,383.0999755859375,383.633544921875,385.1732177734375,387.1588134765625,387.53631591796875,391.14324951171875,387.8971862792969
sample_b78e2ff7e6c985a4,434.2854309082031,428.9914245605469,422.0922546386719,416.43817138671875,410.18353271484375,402.52325439453125,396.6885681152344,390.0079040527344,384.75537109375,380.89501953125,375.9268798828125,372.7340393066406
sample_ce78108364166899,474.41845703125,471.0369873046875,466.81536865234375,463.45648193359375,460.1199645996094,455.7353210449219,452.80889892578125,450.0994567871094,446.37884521484375,444.8650817871094,441.8403015136719,440.3814392089844
sample_428340262b8c5d11,391.6534423828125,393.1076965332031,395.05023193359375,396.1260681152344,397.89019775390625,398.8697814941406,400.8975524902344,400.5130615234375,400.7529296875,398.82354736328125,398.3680114746094,397.823486328125
sample_80a1df5990ff6a9d,394.23138427734375,395.24835205078125,399.602783203125,401.3872375488281,408.1636962890625,417.8359375,414.3050842285156,419.9266662597656,431.2947082519531,445.2776184082031,456.8182067871094,469.3609619140625
sample_69c60a30e50c9db5,356.0624084472656,356.1333312988281,357.4360656738281,358.4745178222656,360.3106689453125,362.653076171875,363.9742126464844,366.04443359375,367.3329162597656,369.0348815917969,370.6795349121094,372.068115234375
sample_b354006131f20489,364.11822509765625,365.0895690917969,366.78778076171875,369.05560302734375,372.8606872558594,384.6250305175781,391.5896911621094,395.3470153808594,402.42376708984375,412.24652099609375,429.27935791015625,442.7496032714844
sample_e692166e8bf0cc7b,484.43768310546875,476.6678161621094,465.0906982421875,455.4845886230469,446.2802734375,435.67657470703125,428.21246337890625,419.52313232421875,413.0636291503906,407.71533203125,401.6662902832031,397.1983337402344
sample_4cdc7cdde647a495,391.57330322265625,402.3271789550781,410.90625,421.29718017578125,423.33642578125,421.2059631347656,420.171875,415.85211181640625,415.7718505859375,416.47003173828125,418.3164367675781,421.09765625
sample_d65ada818f9b229b,344.921142578125,347.1331481933594,350.4569396972656,352.90802001953125,356.24755859375,360.10345458984375,363.3078308105469,366.2402038574219,369.5475158691406,371.68536376953125,374.46221923828125,376.47283935546875
sample_923b92523373b97d,404.50958251953125,407.5317077636719,412.0060119628906,411.503173828125,411.9690246582031,410.1202087402344,411.2378845214844,410.13934326171875,411.5137634277344,410.279296875,415.27227783203125,417.08135986328125
sample_7e896b15544b1a0b,572.4306640625,578.241455078125,580.2908935546875,574.2998657226562,564.3087158203125,556.7513427734375,554.5665283203125,543.7943725585938,534.5035400390625,517.6574096679688,498.58587646484375,494.014892578125
sample_b98eca36f7ce8abf,386.492431640625,386.81573486328125,386.3138427734375,385.58758544921875,383.9591979980469,380.68597412109375,380.02691650390625,377.9393310546875,380.12982177734375,390.06951904296875,388.38995361328125,390.2251281738281
sample_8745ce3bcaee40a1,383.3148193359375,382.94952392578125,383.28778076171875,383.3933410644531,383.818115234375,384.1801452636719,384.7135925292969,385.056396484375,385.153564453125,385.46990966796875,386.11376953125,386.0164794921875
sample_5a42af9db120c1de,366.8151550292969,366.7628479003906,367.5368347167969,368.3244934082031,369.83856201171875,371.4105224609375,372.6589660644531,374.161376953125,375.220947265625,376.60992431640625,377.63128662109375,378.4877624511719
sample_2d0f04bd5d25be64,336.6074523925781,335.9974060058594,337.7025451660156,338.2613830566406,340.0567626953125,343.4439697265625,343.50274658203125,345.7546081542969,350.97930908203125,347.9608459472656,350.05926513671875,355.0397033691406
sample_82a2574cfc1e4be0,414.17083740234375,414.2225036621094,413.87921142578125,413.4393005371094,413.1037292480469,410.7398986816406,409.9042053222656,407.1198425292969,405.83172607421875,403.6514587402344,402.3018798828125,400.3374328613281
sample_e8d95a5da790e3ba,311.4699401855469,311.409912109375,312.5201416015625,313.3368835449219,314.8244934082031,316.7412414550781,318.0997009277344,319.1435852050781,320.5202941894531,320.7325439453125,322.0856628417969,322.9533996582031
sample_cdf8ce90d65f9d53,383.8045959472656,385.4393005371094,388.5708923339844,400.56182861328125,401.82611083984375,406.7721252441406,392.4944152832031,388.73553466796875,390.9228515625,400.5565185546875,400.42047119140625,396.5779724121094
sample_975e7e022aa53d51,326.1455383300781,340.95025634765625,357.1285095214844,369.81005859375,380.81341552734375,387.70916748046875,394.1111145019531,406.03521728515625,409.4677429199219,405.9354248046875,409.7969970703125,411.624267578125
sample_445de05cd1a80572,428.5472106933594,424.2599792480469,419.0093078613281,414.4058837890625,410.10955810546875,405.14202880859375,401.4893493652344,397.3909606933594,393.6977844238281,391.35052490234375,387.84429931640625,385.61065673828125
sample_3c8e77eb8aa1943c,396.02093505859375,392.8344421386719,388.9264831542969,385.9028625488281,382.6731872558594,379.0994567871094,376.3040466308594,373.9028625488281,371.3972473144531,369.82861328125,366.56158447265625,365.57379150390625
sample_d1c32c6081256697,293.2392272949219,294.1689758300781,298.56097412109375,303.0321960449219,304.14111328125,309.8475341796875,315.5324401855469,317.86224365234375,324.5344543457031,322.1151428222656,325.18658447265625,329.66455078125
sample_a3c38a1d52423704,457.44580078125,457.9976806640625,455.12933349609375,453.097412109375,451.6842041015625,448.71728515625,447.1816711425781,454.989013671875,461.6609191894531,471.1795654296875,468.32196044921875,471.3602600097656
sample_1bff996fa965d7e7,302.3711242675781,306.7884216308594,314.20819091796875,320.1585693359375,326.78790283203125,334.513671875,340.37109375,346.2826232910156,352.0104064941406,355.6847839355469,360.68658447265625,364.1453857421875
sample_b756aa03dafa7260,393.70172119140625,392.36505126953125,391.34759521484375,390.338623046875,389.75494384765625,388.6191101074219,388.0910339355469,387.2511901855469,386.8713073730469,385.8984069824219,385.5008544921875,384.7109069824219
sample_2c022dbc82146b3a,465.582763671875,460.97216796875,453.1478271484375,445.50390625,436.30767822265625,425.9792175292969,420.41363525390625,412.4180603027344,406.97454833984375,401.652587890625,395.7183837890625,391.1866455078125
sample_b69bf1f33d3c3e00,362.49029541015625,361.5856628417969,361.63433837890625,361.9819030761719,362.7433166503906,364.0092468261719,364.8335266113281,365.7763977050781,366.24493408203125,367.01666259765625,367.7169189453125,368.44720458984375
sample_03a50322b1d6d0a5,299.1028747558594,303.45794677734375,310.08306884765625,315.1250915527344,321.3499755859375,327.9173278808594,333.0864562988281,338.2521057128906,343.39764404296875,346.9136657714844,351.1123962402344,354.260986328125
sample_51805eb1ae07b064,344.813232421875,343.6022644042969,343.5890808105469,343.4526672363281,344.4868469238281,346.7972412109375,347.98382568359375,349.0596618652344,350.7214050292969,351.4042053222656,353.20916748046875,354.497314453125
sample_f6864fd863803a59,401.0679931640625,400.54241943359375,400.1326599121094,399.5603332519531,399.62750244140625,398.5771484375,398.3170471191406,396.9113464355469,396.58819580078125,395.7718200683594,394.61956787109375,393.7089538574219
sample_44b2b24f22fa258e,426.5017395019531,429.82159423828125,437.5274353027344,442.7117919921875,453.32568359375,466.1689453125,491.3465270996094,515.7030029296875,545.5109252929688,556.9571533203125,579.6654052734375,617.617431640625
sample_dafa79875678f195,317.45782470703125,317.4725341796875,319.8467102050781,321.49951171875,324.3524475097656,328.14605712890625,332.9590148925781,335.5842590332031,344.64947509765625,352.9365539550781,367.4635314941406,367.15771484375
sample_db7b6e4480fd0cbb,314.58392333984375,318.0860290527344,326.20794677734375,332.0093688964844,339.43768310546875,347.8729553222656,354.2371826171875,360.42498779296875,366.45941162109375,369.9967346191406,375.3871154785156,378.7005920410156
sample_fa689fe761160106,393.6758728027344,393.3871154785156,395.9961853027344,398.26373291015625,410.7164001464844,411.1788635253906,412.6549987792969,396.4679870605469,389.9208984375,392.02374267578125,398.11798095703125,397.14813232421875
sample_e14bdf85cd007e19,312.592041015625,314.5714111328125,318.6860046386719,325.0408630371094,331.5111389160156,338.45599365234375,338.902099609375,351.71990966796875,355.68511962890625,369.6449279785156,362.7806701660156,361.4346923828125
sample_1257383d310fcde7,449.9666442871094,461.057861328125,480.7381286621094,502.7931213378906,522.2645263671875,533.2088012695312,554.6848754882812,573.021728515625,582.0856323242188,563.6559448242188,562.7413330078125,561.1148681640625
sample_04a46c1fd045ef63,445.9576416015625,441.9529113769531,434.689697265625,428.6780700683594,422.4024963378906,414.43267822265625,409.1837158203125,402.1943359375,397.5015869140625,392.98687744140625,388.43572998046875,384.6223449707031
sample_f6a58ac88b95a6f4,411.9886169433594,408.098876953125,402.9540100097656,398.2905578613281,393.7410888671875,388.96087646484375,385.6763000488281,381.5977478027344,377.8680419921875,375.92413330078125,372.9966735839844,371.0251159667969
sample_55e53b7454fa761f,361.2430725097656,360.1512451171875,359.8165283203125,359.6138610839844,360.05084228515625,360.6041259765625,361.49981689453125,362.5095520019531,362.7145080566406,363.6808776855469,364.9259948730469,365.708740234375
sample_451e7e45f3348463,502.13201904296875,493.52508544921875,480.3957824707031,469.359619140625,459.24169921875,447.5252380371094,439.1341857910156,429.83837890625,422.63421630859375,416.31689453125,409.61944580078125,404.6502685546875
sample_c02cc96c09e5b710,517.8836669921875,511.4267578125,501.2855529785156,493.67572021484375,488.24432373046875,477.6880798339844,468.7551574707031,464.7672119140625,466.5688781738281,461.66815185546875,460.4242248535156,457.62493896484375
sample_5a48a396e6bb428b,419.5154113769531,416.687255859375,413.64892578125,410.63873291015625,407.8298034667969,404.600341796875,401.97076416015625,399.32318115234375,396.9666442871094,394.7003479003906,391.98651123046875,390.4337158203125
sample_966b7bbd78726e0a,359.623291015625,360.6698913574219,364.8211669921875,367.0437927246094,370.98779296875,374.8299255371094,377.1278381347656,380.119873046875,386.5225830078125,389.7511901855469,391.4891357421875,395.7491149902344
sample_d70979c3a6e0a8fc,656.163330078125,643.380615234375,625.14404296875,608.5459594726562,589.5619506835938,568.3218383789062,549.9588623046875,533.2145385742188,522.8104248046875,513.5382080078125,504.57177734375,497.636962890625
sample_3732c0364d887d0c,526.6239013671875,524.5527954101562,521.19775390625,517.754638671875,514.4111328125,509.81494140625,506.9554138183594,503.3062438964844,500.946044921875,498.8026428222656,495.9927062988281,493.9353332519531
sample_02ce83a81a45bb89,374.1490783691406,372.50689697265625,371.58013916015625,370.635986328125,370.126708984375,369.7069396972656,369.8218688964844,369.46728515625,369.32440185546875,369.0625915527344,369.2760314941406,368.9796142578125
sample_35651215af07a61b,441.3152160644531,440.90753173828125,438.3720397949219,435.7475891113281,433.4576721191406,428.3255310058594,425.61663818359375,420.50286865234375,417.598388671875,414.6240539550781,410.95648193359375,407.9062805175781
sample_0b3cc3b186b5267d,516.51123046875,498.7313537597656,478.6139831542969,462.45166015625,447.1346130371094,431.4677734375,419.5306396484375,407.4416809082031,397.9014892578125,390.1533203125,381.60711669921875,374.9661865234375
sample_038c827be5818c59,448.47747802734375,443.1492614746094,435.1475524902344,428.79302978515625,422.37054443359375,414.98101806640625,410.3942565917969,408.401123046875,409.8334045410156,407.4892578125,411.3769836425781,420.9902038574219
sample_c6a9c233324f29a5,386.5431213378906,384.5261535644531,382.90631103515625,381.3421325683594,380.07464599609375,378.950439453125,378.2806091308594,377.8638916015625,376.77398681640625,376.4019470214844,376.3080749511719,375.7822570800781
sample_95bbffec2d685b49,332.8265075683594,334.5187072753906,338.46710205078125,344.2636413574219,341.7139587402344,345.92840576171875,348.09710693359375,349.5724182128906,351.4028015136719,352.8597106933594,357.0797119140625,361.17071533203125
sample_7c3c6f5e8f0a7b42,451.1976623535156,445.9020080566406,439.3836975097656,433.3055114746094,427.045654296875,420.79986572265625,415.46539306640625,410.6689147949219,406.44952392578125,403.1705322265625,398.4834289550781,395.7314453125
sample_2529c8f72e4b35da,313.6873474121094,317.23529052734375,324.20782470703125,329.4718933105469,336.093505859375,343.8139953613281,349.7336120605469,355.6995544433594,361.36834716796875,364.99334716796875,370.076171875,373.53662109375
sample_b471550cf242ab46,363.10235595703125,366.08929443359375,369.1376953125,371.1231384277344,373.87579345703125,375.6669921875,377.68572998046875,378.5656433105469,380.0616760253906,380.3016357421875,381.9915771484375,382.3966979980469
sample_ae3cfd67a1069eb2,476.5800476074219,473.8205261230469,469.1348571777344,463.24945068359375,456.20330810546875,447.9177551269531,442.8476867675781,436.343505859375,428.8464660644531,424.53448486328125,419.9684143066406,421.2840270996094
sample_3fdfbf9c7ba93cf5,602.07373046875,590.4617919921875,577.6723022460938,563.26611328125,550.9390869140625,536.1715698242188,526.0947265625,512.4925537109375,498.55206298828125,485.93463134765625,476.95867919921875,470.1772155761719
sample_24c47dd61b2d8dfd,536.1041870117188,520.835205078125,505.17132568359375,493.27337646484375,482.0758972167969,470.26214599609375,460.2913513183594,453.1875,447.4217834472656,443.083251953125,442.56646728515625,443.81878662109375
sample_313461698f946a2c,435.9002380371094,433.93658447265625,431.1353759765625,428.6475830078125,426.1960144042969,421.95654296875,419.39202880859375,415.201171875,412.44061279296875,409.2843933105469,406.17822265625,403.2129211425781
sample_ac8149af179c9c66,305.4656982421875,308.0765686035156,313.11004638671875,317.1485290527344,322.19232177734375,328.3192138671875,332.7585144042969,337.8317565917969,342.14501953125,345.2552795410156,349.2811279296875,352.40692138671875
sample_0480fe6d705a524f,303.4574279785156,303.923095703125,307.3712158203125,309.0721435546875,310.9244079589844,317.5253601074219,316.448486328125,321.10968017578125,326.6831359863281,324.8467102050781,327.5843505859375,331.81048583984375
sample_ad680e494fc23407,465.0423278808594,468.61492919921875,465.25140380859375,453.00323486328125,443.38250732421875,434.3949279785156,429.3819885253906,421.0689392089844,416.9559326171875,410.9156494140625,404.9560241699219,400.7294921875
sample_67d353f400db3066,364.28900146484375,365.2088317871094,364.30364990234375,366.9870300292969,366.0696716308594,363.7972412109375,360.3477478027344,358.4783020019531,360.315673828125,362.0806579589844,362.3315734863281,363.25872802734375
sample_01091923098425eb,404.86444091796875,401.6446228027344,397.5723876953125,397.1183776855469,399.6934814453125,412.45977783203125,424.8070068359375,439.2080078125,439.24163818359375,438.347412109375,436.2756042480469,458.46307373046875
sample_ada72c8d353c6a3d,417.7187805175781,422.8298645019531,426.2357177734375,427.8763427734375,430.5111389160156,430.0049743652344,430.8838195800781,428.35546875,428.5296936035156,425.79046630859375,425.2857666015625,422.8202209472656
sample_ab4ebc02a585104d,332.2152404785156,334.7034606933594,338.4640197753906,341.2884521484375,345.4510498046875,350.03839111328125,353.8671875,357.33343505859375,361.28717041015625,363.72857666015625,367.0664367675781,369.4134216308594
sample_674ce58bb9bbab37,659.0826416015625,633.0586547851562,605.1107788085938,581.8421020507812,560.4781494140625,540.6345825195312,525.095947265625,509.93994140625,497.51361083984375,486.76959228515625,475.9180908203125,467.7817687988281
sample_c8a2b5a033bda355,294.0751647949219,297.7949523925781,305.34686279296875,312.6295471191406,323.5760498046875,334.9956970214844,346.09100341796875,365.00469970703125,384.524169921875,399.4810485839844,416.9498291015625,430.6531677246094
sample_49e8b396af03edfc,395.00152587890625,391.8984069824219,388.3709716796875,385.33270263671875,382.5076904296875,379.4222412109375,377.3124694824219,374.8486022949219,372.49267578125,371.0643005371094,369.6031188964844,368.6822509765625
sample_63ffde6e3ac72d6e,338.9294738769531,339.018798828125,340.7624816894531,342.3486633300781,344.9820556640625,348.66552734375,351.10260009765625,354.50799560546875,356.9559631347656,359.4567565917969,361.74908447265625,364.1177978515625
sample_ef3112cdcb70d615,427.8052673339844,422.07257080078125,413.63348388671875,406.6272888183594,399.2387390136719,390.5992736816406,384.3690185546875,377.93670654296875,372.9202880859375,368.7721252441406,363.490478515625,360.9051513671875
sample_ce99c43914985224,374.6146545410156,395.4145202636719,417.6304016113281,423.8446960449219,437.8403015136719,460.74365234375,477.55682373046875,471.96746826171875,466.8429260253906,468.20892333984375,465.550537109375,468.8392333984375
sample_c689aab73599aadd,351.86322021484375,355.6809387207031,362.4438171386719,375.6303405761719,386.0641784667969,394.3263854980469,403.57354736328125,417.4555358886719,438.28558349609375,449.954345703125,454.28729248046875,445.0155029296875
sample_445f2ed251b8ce1a,375.05712890625,378.07330322265625,381.2835693359375,384.015869140625,387.7229919433594,390.9326171875,395.4208679199219,400.4486999511719,405.6570129394531,411.3957214355469,418.550537109375,430.095703125
sample_476654e6b5309f19,367.8067626953125,366.5809326171875,366.04559326171875,365.380126953125,365.339599609375,365.5928039550781,366.41748046875,366.26092529296875,367.44915771484375,367.2731628417969,368.01837158203125,367.92364501953125
sample_0f7c1b3fa8e6d85b,389.4869689941406,394.908935546875,408.1532897949219,413.9198303222656,422.745361328125,453.6484375,473.8685607910156,492.279296875,504.02288818359375,517.837646484375,513.0576171875,530.0953979492188
sample_432d2caf4d665cc1,311.07379150390625,315.3993225097656,321.6246643066406,326.33154296875,332.2998046875,337.9538269042969,342.94415283203125,347.1673583984375,351.9551696777344,354.46832275390625,358.6128234863281,361.12542724609375
sample_46f345d6b9558458,555.498046875,557.3489990234375,552.6802978515625,547.1156005859375,543.5654907226562,538.191162109375,534.6905517578125,529.4113159179688,527.3115234375,524.5720825195312,521.8186645507812,518.2393798828125
sample_2a68dcd760075965,385.4203186035156,383.1317443847656,381.1214599609375,379.201416015625,377.51812744140625,375.69757080078125,375.01556396484375,373.76727294921875,372.2691650390625,371.71051025390625,371.1856994628906,370.6737976074219
sample_63658e04b7a35761,648.1492919921875,627.4053344726562,603.5574951171875,583.87109375,563.9819946289062,544.94873046875,530.4646606445312,516.6619873046875,505.6544189453125,495.9493103027344,486.77142333984375,478.984375
sample_b12320d2f9f9a50d,668.9102783203125,669.550537109375,664.4552612304688,658.6724243164062,647.6726684570312,633.1481323242188,612.816650390625,598.9773559570312,588.8575439453125,571.3047485351562,554.781982421875,542.8272094726562
sample_a98d5af04e0cd430,323.2304382324219,330.2473449707031,343.48785400390625,349.1448059082031,352.45849609375,358.93853759765625,364.56512451171875,368.44873046875,373.546142578125,372.8684387207031,372.5611572265625,373.2048034667969
sample_aee1af9334079935,497.25469970703125,484.11859130859375,465.7269287109375,451.98388671875,438.8878479003906,425.467041015625,414.7570495605469,405.49932861328125,397.5433349609375,390.7091064453125,384.99932861328125,382.2772216796875
sample_e1bf356bd790c373,336.4537658691406,340.78515625,349.58349609375,356.66339111328125,359.919189453125,363.11126708984375,364.71258544921875,366.6826171875,372.81201171875,378.182373046875,377.08941650390625,374.7432861328125
sample_36788a6654e87903,371.60003662109375,372.18701171875,376.04315185546875,382.5360412597656,395.5303955078125,409.0048522949219,424.04766845703125,443.1165466308594,458.19451904296875,462.8800354003906,474.0841064453125,480.5635681152344
sample_d5a8f232e38e7924,380.6146545410156,393.9736633300781,415.2126159667969,434.27532958984375,449.5412902832031,464.0154113769531,471.9526672363281,480.1505126953125,491.0032958984375,494.58984375,495.9074401855469,497.9908447265625
sample_14ce3da91a6ffe2f,334.2829895019531,343.170654296875,357.21002197265625,367.90606689453125,385.13671875,405.8428955078125,426.9009094238281,437.02508544921875,442.32659912109375,444.4236755371094,448.207763671875,449.2200622558594
sample_4cc3a8e9c52cb414,307.82171630859375,312.0102233886719,318.2357177734375,322.9513244628906,328.8497314453125,334.6231384277344,339.654052734375,343.95379638671875,348.6807556152344,351.3123779296875,355.58587646484375,358.2364501953125
sample_a2999fd687f17f0d,405.5915832519531,403.20635986328125,402.19451904296875,401.97882080078125,405.2936706542969,404.84857177734375,402.72564697265625,401.3486328125,398.29974365234375,397.8130798339844,400.0972595214844,398.6686096191406
sample_07ba65ebe4258aac,367.9877624511719,366.82080078125,366.3998107910156,365.9608154296875,366.0569152832031,366.53839111328125,366.92236328125,367.5141296386719,367.6300048828125,368.3341369628906,368.5386962890625,368.9525146484375
sample_a317f0a21ad11ef8,420.5633850097656,416.5957946777344,411.99554443359375,408.2079162597656,404.4912109375,401.0897521972656,398.1533203125,396.17742919921875,392.83221435546875,391.2793273925781,388.8434143066406,387.576416015625
sample_7596f66543412a7d,438.86322021484375,441.69488525390625,442.7415771484375,442.3494567871094,442.36041259765625,437.282958984375,435.71148681640625,429.8905944824219,428.0602722167969,424.79443359375,422.55419921875,419.4914245605469
sample_315eaa04b5863720,427.47796630859375,424.01361083984375,420.10693359375,416.5389404296875,412.9103698730469,408.3298645019531,404.68890380859375,400.990966796875,397.9092102050781,394.9916687011719,391.286865234375,388.8294982910156
sample_369e24d90891e1f3,357.43310546875,380.7096252441406,401.2437744140625,418.2139587402344,437.29608154296875,451.7939758300781,460.33819580078125,472.23193359375,483.1331787109375,492.2320861816406,502.4657287597656,515.509033203125
sample_dc3a221a8ae86db0,391.8593444824219,388.44000244140625,383.0234680175781,378.6542663574219,373.384765625,367.26605224609375,363.17694091796875,359.0350341796875,355.14898681640625,351.73876953125,348.68572998046875,346.0838623046875
sample_d2965a60a23bd2d1,318.6675109863281,337.9874572753906,358.0758056640625,373.90594482421875,389.9685974121094,404.5740051269531,417.25152587890625,428.03192138671875,439.5562438964844,448.6257019042969,457.610595703125,463.63238525390625
sample_57e9c0999d159ddf,439.6208190917969,443.430419921875,445.2139892578125,448.00738525390625,451.1664733886719,447.7892150878906,445.0899963378906,441.12957763671875,436.65716552734375,437.6607971191406,438.47076416015625,424.55126953125
sample_47fadee9c37f73aa,339.60906982421875,338.97210693359375,340.3337707519531,341.0086975097656,343.3474426269531,346.37420654296875,348.4944152832031,350.6588439941406,353.0750427246094,354.7757873535156,356.3935241699219,358.31732177734375
sample_9012be006a59d2bc,361.5549011230469,382.52667236328125,406.5212097167969,423.37042236328125,440.4952392578125,456.7350158691406,467.53485107421875,479.5675048828125,489.0377197265625,495.96875,506.15478515625,512.9603271484375
sample_79bcd7186bab0041,586.958251953125,572.4494018554688,553.83740234375,538.635498046875,523.8614501953125,508.5461120605469,496.50994873046875,484.92645263671875,475.77557373046875,467.27960205078125,459.0311279296875,452.2921447753906
sample_750faea74078904b,461.1532897949219,453.806396484375,443.4241943359375,435.9894104003906,431.6441955566406,436.776123046875,467.19427490234375,495.1164855957031,520.5787963867188,539.9116821289062,572.874755859375,603.2161865234375
sample_c3ebf0450a91adb9,390.2848205566406,388.53887939453125,387.17034912109375,385.8879089355469,384.6639709472656,383.14923095703125,382.35736083984375,381.6884765625,380.68450927734375,379.9478759765625,379.69873046875,379.14312744140625
sample_53ba969995ec355b,467.3006591796875,480.30859375,493.9057312011719,507.4044189453125,528.8270874023438,551.5272827148438,558.4533081054688,569.2454223632812,586.28955078125,612.2894287109375,621.3349609375,643.28759765625
sample_60c48353177dd566,327.490966796875,327.5384826660156,330.19744873046875,332.8944091796875,336.74346923828125,342.38311767578125,348.1808776855469,366.418212890625,376.6514587402344,384.8252258300781,378.541259765625,382.04345703125
sample_683298dcd12ce568,475.7030029296875,478.9646301269531,478.9739685058594,474.92791748046875,467.99267578125,457.00030517578125,453.7044372558594,443.8621826171875,432.0220642089844,422.7475280761719,417.4648742675781,410.06390380859375
sample_1216a93a03b679a8,550.7579956054688,540.1309814453125,525.7560424804688,514.2507934570312,503.6278991699219,491.2578125,482.9666748046875,472.8688659667969,464.6061096191406,458.5943908691406,451.59649658203125,442.7148742675781
sample_1ba33275eb0d4c00,469.26043701171875,462.727294921875,453.3135986328125,445.1966552734375,437.1941223144531,428.06011962890625,421.7454833984375,415.05194091796875,408.5364074707031,403.86932373046875,398.73077392578125,396.632080078125
sample_252ec917f8ce2a81,433.8481750488281,432.65216064453125,427.771240234375,420.2010192871094,407.50335693359375,399.4344482421875,393.4906311035156,385.3977355957031,382.96466064453125,381.85150146484375,374.5788269042969,370.3963623046875
sample_992ab058b2784a55,396.8425598144531,396.2039489746094,395.644775390625,395.0168151855469,394.9734802246094,394.0940246582031,393.8958435058594,392.7838134765625,392.3948669433594,391.5638427734375,390.9361572265625,390.18780517578125
sample_6f643ae5b8bf30a1,508.12384033203125,503.5457458496094,494.7587585449219,487.3466491699219,480.26409912109375,471.0047607421875,464.48480224609375,456.841796875,450.9723815917969,445.64044189453125,440.4966735839844,435.46356201171875
sample_8af9f6bb14a221f1,308.8499450683594,315.2923889160156,325.0979919433594,332.60650634765625,341.4209899902344,351.9482421875,357.8497619628906,365.4690856933594,371.576416015625,375.3863830566406,381.71484375,385.8561096191406
sample_e59558e8113a5569,466.8763427734375,461.3710632324219,452.06396484375,444.0732727050781,436.2321472167969,426.8296813964844,420.5572509765625,412.7129821777344,407.330322265625,402.41693115234375,397.2095642089844,393.13177490234375
sample_5d7dc547b598f920,462.7321472167969,451.57666015625,438.00604248046875,427.2427062988281,416.75311279296875,405.6553649902344,396.7965393066406,388.6180114746094,381.6451110839844,375.9495849609375,370.1168212890625,366.262939453125
sample_ede17d4e10dc2465,359.80908203125,360.1268005371094,362.7652282714844,364.5224304199219,367.21978759765625,371.1278076171875,375.0705871582031,378.4385070800781,380.0139465332031,381.5096130371094,386.9522705078125,386.852783203125
sample_d5da108f85283e3f,431.4606018066406,432.80328369140625,435.5469665527344,437.3661804199219,436.6557922363281,434.38970947265625,432.9797058105469,428.9507751464844,431.1934814453125,436.23126220703125,424.5968322753906,422.12469482421875
sample_51435766462ca285,359.2479248046875,358.2818603515625,358.2349853515625,358.16973876953125,358.6603088378906,359.7021179199219,361.04779052734375,361.83319091796875,362.9954833984375,363.3992614746094,364.6529235839844,365.4437255859375
sample_4b88203a1c617dc0,375.4173278808594,373.7494201660156,373.1947937011719,371.85504150390625,371.25799560546875,370.7689514160156,371.5303955078125,370.6927185058594,372.0705871582031,370.8359680175781,370.5387268066406,369.95184326171875
sample_4409b6f5521b93e9,441.93878173828125,438.7672119140625,435.21832275390625,432.3907470703125,429.49224853515625,426.70367431640625,424.1939392089844,422.35540771484375,419.44061279296875,418.5460510253906,416.11505126953125,414.84881591796875
sample_cf2fa95712452086,434.46685791015625,433.46173095703125,431.0489501953125,428.75152587890625,426.5059509277344,421.9018249511719,419.5273742675781,414.4791259765625,411.461181640625,408.44207763671875,405.1181335449219,402.26715087890625
sample_4f6a5b851d781066,349.845703125,353.0327453613281,357.12408447265625,365.2569580078125,374.6627197265625,380.9507751464844,377.7445983886719,374.68597412109375,378.5843505859375,384.4858703613281,389.7484130859375,390.71551513671875
sample_99f74e4014be18a9,474.3311767578125,471.23419189453125,465.843017578125,460.52203369140625,455.36602783203125,447.984619140625,443.3693542480469,437.14349365234375,432.58392333984375,427.9156494140625,424.3809509277344,420.1723327636719
sample_8c4c691f7fb1fcb8,381.4298095703125,381.8017272949219,382.8440856933594,383.70184326171875,384.9309387207031,385.896240234375,386.57525634765625,387.4673156738281,388.1108703613281,388.458740234375,389.0042724609375,389.1427001953125
sample_1d86e0ebb5c469c3,367.4057922363281,374.5716247558594,382.1534118652344,383.5472717285156,386.18121337890625,389.5896911621094,391.3248291015625,391.6249694824219,391.235107421875,389.3490905761719,390.4891357421875,391.0293273925781
sample_6b19b2bcd8e03889,374.44927978515625,376.5761413574219,380.4847106933594,382.3706970214844,389.4637451171875,392.94537353515625,396.66632080078125,402.0181884765625,426.41387939453125,427.62939453125,428.819091796875,435.81488037109375
sample_0fd857b956462798,405.0827331542969,406.19769287109375,410.199951171875,414.1396484375,420.08258056640625,427.203125,437.9134521484375,447.82159423828125,461.6524658203125,472.6551208496094,491.8517761230469,506.28857421875
sample_8d8b73c58f7ff6e5,554.1929321289062,542.2162475585938,527.2559814453125,513.5394897460938,501.2021484375,487.7599792480469,478.2273254394531,468.0349426269531,459.8209228515625,452.5876159667969,445.72900390625,440.2733154296875
sample_46dfa1c8e153e59e,406.1331787109375,404.8714294433594,404.88250732421875,405.49420166015625,406.5874328613281,408.2925720214844,410.3255615234375,413.36688232421875,418.97119140625,419.9625549316406,423.0028381347656,424.51226806640625
sample_8dc0fa00e3f7e5b2,390.56365966796875,407.53485107421875,439.7687683105469,473.5188293457031,506.5226745605469,539.6552124023438,573.3602905273438,605.7913818359375,622.4600219726562,611.8150024414062,603.31201171875,578.39599609375
sample_3bb5478d9776a827,388.10247802734375,386.9114074707031,385.9657287597656,385.1693420410156,384.71136474609375,383.7403869628906,383.8316345214844,382.9774475097656,382.2308349609375,381.5491638183594,381.76409912109375,380.9594421386719
sample_15753e9f1140b5ef,345.3548278808594,345.0141296386719,346.5730895996094,348.5096435546875,351.05377197265625,354.632080078125,357.0314636230469,360.2029113769531,362.22222900390625,364.6240539550781,366.7552795410156,369.008056640625
sample_4661a1c9e54a2d06,400.9709777832031,402.4461364746094,403.68212890625,404.274658203125,405.69000244140625,405.45672607421875,406.1820068359375,405.1884765625,405.7179870605469,404.2458190917969,404.4918212890625,403.304931640625
sample_a7e94a55530b7564,398.2734680175781,396.8369140625,397.6389465332031,399.2635192871094,399.3324279785156,395.6945495605469,390.95574951171875,387.52490234375,384.68670654296875,384.96087646484375,383.8634948730469,383.5185241699219
sample_2b1651267d9e3bcc,383.04132080078125,382.49713134765625,382.552001953125,382.48406982421875,382.9636535644531,382.8816833496094,382.85198974609375,383.00830078125,382.6839599609375,383.0807189941406,383.1988220214844,383.0418701171875
sample_20bc0dc5e939a6cd,547.2323608398438,544.7278442382812,541.794677734375,543.0030517578125,546.1689453125,553.8949584960938,558.0117797851562,557.2160034179688,560.11083984375,568.803466796875,572.5293579101562,566.201904296875
sample_ba2b32d1d23f3968,352.27362060546875,352.745361328125,355.1453552246094,356.7102966308594,363.5437927246094,367.6001281738281,367.1556396484375,372.93341064453125,386.93359375,387.4166259765625,386.9710388183594,385.50189208984375
sample_3f5f06e38366e852,350.8543701171875,353.0677185058594,358.4499816894531,361.4783630371094,368.6264343261719,380.32891845703125,387.430908203125,391.5741271972656,397.75341796875,395.43896484375,399.54437255859375,407.34686279296875
sample_5757c58690307dd1,316.5658874511719,319.3484191894531,323.64471435546875,326.6854248046875,331.0169677734375,335.37152099609375,339.2953796386719,342.37750244140625,346.0355529785156,347.6246032714844,351.0933837890625,353.0525207519531
sample_48b7d7720ab59ef1,532.88525390625,555.9365234375,565.796142578125,574.5463256835938,567.8609619140625,566.4697875976562,545.681884765625,533.9266357421875,507.2710876464844,501.8529357910156,492.1514892578125,486.13702392578125
sample_65ad6feec96aadff,387.595703125,410.5473327636719,433.57794189453125,463.5897216796875,489.4755859375,528.390625,571.8519287109375,618.6795654296875,640.54638671875,666.825439453125,675.0381469726562,692.52197265625
sample_0e16374bab5809f8,372.3467712402344,382.04034423828125,396.6828308105469,410.4117126464844,422.57464599609375,435.1796875,444.94097900390625,456.8860778808594,460.3636169433594,462.6822204589844,468.550537109375,473.8379211425781
sample_79648188910a4294,366.38677978515625,369.5690002441406,372.8878173828125,374.9662780761719,377.98223876953125,380.0931091308594,386.2869567871094,390.33343505859375,393.78826904296875,398.6003112792969,415.0739440917969,425.75933837890625
sample_852d81cb906e3694,406.1876220703125,403.6466979980469,401.3158264160156,399.7054443359375,398.5743713378906,396.439208984375,399.52471923828125,413.2416687011719,415.90411376953125,414.8948669433594,438.58233642578125,431.037109375
sample_7a3c6afce16448fe,321.0873718261719,320.83026123046875,322.9906921386719,324.34844970703125,326.5826110839844,330.1257019042969,332.7748107910156,335.3130798339844,338.20977783203125,340.74102783203125,342.28375244140625,344.4806213378906
sample_e9b7fbf7a55eb44a,353.96673583984375,353.0286560058594,352.9189758300781,352.62213134765625,352.9336242675781,353.6583557128906,355.2250671386719,355.69903564453125,358.0640563964844,360.1474914550781,363.9234619140625,369.0284423828125
sample_77ec80dde52b8a96,335.7431945800781,335.16131591796875,336.95440673828125,338.4774169921875,339.8549499511719,343.1725158691406,345.9058837890625,347.71478271484375,350.2911376953125,353.73931884765625,354.9127502441406,356.3992919921875
sample_7589b4333352db42,402.7650451660156,411.91033935546875,429.266357421875,450.3721618652344,463.4388427734375,468.74261474609375,473.62017822265625,483.425048828125,496.85162353515625,499.08941650390625,495.9940185546875,498.45318603515625
sample_b5880122353bed01,350.1159362792969,358.9550476074219,368.571044921875,375.8722229003906,384.7220764160156,392.9165954589844,398.91119384765625,407.0250244140625,417.5069580078125,424.9684753417969,427.013427734375,438.3460388183594
sample_8a15431723a3d3f3,376.3316955566406,374.7680969238281,374.5316467285156,373.1071472167969,372.6189880371094,372.90057373046875,374.218017578125,375.9105224609375,380.99859619140625,407.2555847167969,428.92156982421875,432.82135009765625
sample_a3654af9e037e498,404.5158386230469,428.5679016113281,473.8003234863281,527.3880004882812,550.4544067382812,579.4610595703125,609.6022338867188,657.1100463867188,689.5245971679688,686.2764282226562,658.85791015625,658.01416015625
sample_a67a34a3858681d6,421.3778076171875,417.8910217285156,413.9610900878906,410.8282470703125,407.4917297363281,404.43804931640625,401.4560546875,399.285888671875,397.1727294921875,395.6726379394531,393.82794189453125,394.6551513671875
sample_6774427d648f34ba,455.3583984375,451.80572509765625,448.1625061035156,445.2994384765625,441.1354064941406,437.19793701171875,432.35418701171875,431.52996826171875,432.3202209472656,431.232421875,426.5077209472656,425.6848449707031
sample_32f929cb28fa42e2,392.0513916015625,388.01153564453125,383.0511169433594,378.7284851074219,374.36602783203125,370.1055603027344,366.4754638671875,362.3841857910156,358.94287109375,358.22393798828125,356.4485168457031,361.6022033691406
sample_07ac029b2690fec2,567.514404296875,559.75927734375,550.6192016601562,543.56884765625,539.9888916015625,539.1973876953125,545.7251586914062,557.314697265625,575.3862915039062,598.9913940429688,611.3990478515625,620.2164916992188
sample_681a88184f3bc5c3,403.2425537109375,401.7420349121094,400.22576904296875,398.38348388671875,396.4276428222656,392.8398132324219,391.6431579589844,392.92999267578125,392.9383239746094,390.38641357421875,387.95977783203125,387.3413391113281
sample_c9fbe37b7bfb013f,457.0673828125,448.770263671875,437.3960266113281,427.59991455078125,418.1799011230469,407.52703857421875,399.8023681640625,391.6722717285156,385.16778564453125,380.10357666015625,373.6724853515625,369.69927978515625
sample_592828e9bd657e20,364.399658203125,364.23468017578125,370.7690734863281,383.66986083984375,389.786865234375,394.41949462890625,417.8510437011719,415.66229248046875,406.5419921875,407.44940185546875,415.78375244140625,413.90789794921875
sample_8f0761d23aab03f6,536.8226928710938,536.1785278320312,531.524169921875,530.4080810546875,530.0465087890625,529.2501220703125,524.018310546875,525.645263671875,523.3564453125,519.0191040039062,510.60003662109375,503.4911804199219
sample_cf6c0b6a8f1ae2bf,356.5796813964844,357.20281982421875,359.3659973144531,359.6792907714844,361.2178649902344,361.90899658203125,363.07598876953125,363.59442138671875,364.7947082519531,363.3027648925781,363.2666931152344,363.2405090332031
sample_0300beb1ef28841b,323.8305358886719,328.9172058105469,336.1391296386719,341.67144775390625,348.2821044921875,356.48992919921875,363.2093811035156,368.9368591308594,374.1535339355469,377.6483154296875,383.24310302734375,386.2544860839844
sample_68bf569a29888da2,397.55718994140625,402.74456787109375,408.68048095703125,413.6956787109375,419.53143310546875,422.9951477050781,432.18414306640625,440.7572021484375,447.4572448730469,448.9049072265625,460.9913635253906,463.8083801269531
sample_4b9d321a0c3491ec,357.7571716308594,364.2418212890625,377.6111755371094,384.1755065917969,389.6318054199219,391.8012390136719,395.8995361328125,410.7978820800781,400.36517333984375,381.6412658691406,384.4942321777344,385.2136535644531
sample_ad66b49c94baedcd,361.7723693847656,369.0066223144531,375.2642822265625,379.1424255371094,385.2319030761719,391.5343322753906,393.6889953613281,395.2860107421875,398.6579895019531,399.32281494140625,402.4635314941406,404.0453796386719
sample_01916bcd119dc6ee,372.6307373046875,397.63262939453125,419.5222473144531,435.4461975097656,452.09637451171875,471.32525634765625,485.388671875,498.70989990234375,506.510498046875,512.614990234375,521.93212890625,532.062255859375
sample_68fe21db25ba69e5,379.0146484375,378.5557556152344,379.35504150390625,379.9894714355469,381.89385986328125,384.73089599609375,386.8863220214844,389.0537414550781,391.1957092285156,392.94390869140625,394.6256408691406,396.2207946777344
sample_b1576adf2812bd0a,313.2773132324219,314.37872314453125,319.28997802734375,324.271728515625,327.7351379394531,335.474853515625,339.89788818359375,335.9469909667969,341.0464172363281,346.50677490234375,348.9917907714844,353.1080627441406
sample_d4374c39bc3de0f4,354.6148681640625,357.7203369140625,360.7351379394531,363.18963623046875,365.3948059082031,369.5423583984375,371.61328125,372.3978271484375,372.7433166503906,375.1759033203125,377.20513916015625,379.19781494140625
sample_1257caad37539d2c,497.2779541015625,488.5718688964844,475.95166015625,465.4676513671875,455.39227294921875,444.2042541503906,435.39227294921875,425.54345703125,418.8272399902344,412.6964111328125,405.96044921875,400.9259033203125
sample_2974fe5e4f2c3c98,320.4520568847656,329.4241027832031,340.84912109375,350.3359375,361.13568115234375,373.168212890625,390.0218505859375,402.1776123046875,415.0468444824219,424.2400207519531,435.1653747558594,442.10186767578125
sample_49ef474fbc233420,342.4701843261719,343.0142822265625,349.13385009765625,352.337646484375,353.4158020019531,360.88885498046875,374.6107177734375,377.0012512207031,378.4281311035156,376.78057861328125,378.7462158203125,380.47021484375
sample_a7e188421fab9499,352.5128173828125,355.8621826171875,359.9573974609375,362.7021484375,366.2232360839844,369.1727294921875,372.3539123535156,374.3876647949219,376.8197326660156,378.4132385253906,380.7047119140625,381.80657958984375
sample_39ff009c95d04509,386.5821533203125,385.15985107421875,384.305908203125,383.3551330566406,382.93310546875,382.03765869140625,381.8274230957031,380.5418701171875,380.13323974609375,379.2623596191406,378.85784912109375,378.0301208496094
sample_f1d8df84f9980648,408.19842529296875,408.4261169433594,408.5133972167969,408.4361572265625,408.5673522949219,407.73974609375,407.375,406.05987548828125,404.8987731933594,403.53955078125,402.5763244628906,401.35369873046875
sample_0011e9295fc116ca,415.09661865234375,411.29937744140625,406.356689453125,402.3236389160156,397.8348388671875,392.7748718261719,388.7613525390625,386.49945068359375,385.3354797363281,384.34344482421875,381.06512451171875,379.91082763671875
sample_4d7438877fce4e9d,362.9404296875,375.42205810546875,396.60028076171875,414.4632873535156,418.6000061035156,430.4611511230469,449.7417907714844,464.6962585449219,457.95574951171875,449.87127685546875,451.50372314453125,445.79669189453125
sample_cc331507e8d915ef,291.4757080078125,293.8299255371094,297.0852355957031,300.20538330078125,305.7572021484375,307.1217041015625,311.78759765625,317.28936767578125,319.0941467285156,324.80657958984375,323.4591064453125,325.36114501953125
sample_271a96cb54bdd93e,448.5267333984375,453.2562561035156,457.1664123535156,457.7605895996094,450.9938659667969,442.37725830078125,439.77459716796875,433.26812744140625,430.2414245605469,427.4158020019531,419.6260986328125,414.2064208984375
sample_c5841236ae46f558,683.4169921875,662.4011840820312,634.7789916992188,609.7614135742188,586.654541015625,564.7525024414062,548.8980102539062,533.6348266601562,521.2012329101562,510.4887390136719,499.73785400390625,491.3337097167969
sample_e79fe01f22076812,312.6744689941406,313.9957580566406,317.7032470703125,320.990478515625,325.1350402832031,330.1885681152344,333.8252868652344,338.28936767578125,341.416259765625,344.40277099609375,347.9617614746094,350.6639099121094
sample_af7653097c7d564a,420.41845703125,417.3514709472656,412.6625671386719,408.7703857421875,404.47906494140625,398.759033203125,395.2384033203125,390.285888671875,388.8864440917969,387.3036193847656,388.4330749511719,390.54541015625
sample_919eb526dfa6235a,398.0666809082031,396.38165283203125,395.4447021484375,393.9870910644531,393.5172424316406,393.4847717285156,393.3253479003906,393.82916259765625,393.5052490234375,393.6474914550781,394.0372009277344,394.096923828125
sample_39ab4473b93c85e4,358.5073547363281,365.9106750488281,370.0417785644531,374.52227783203125,378.9501037597656,391.15924072265625,401.46746826171875,405.45550537109375,401.0462341308594,395.1789855957031,399.194091796875,404.76519775390625
sample_ff4c68e580ee6cf6,380.77508544921875,385.6678771972656,392.1248474121094,395.84405517578125,399.2557067871094,403.1714782714844,403.1071472167969,398.52496337890625,399.0030822753906,395.3536376953125,393.38116455078125,393.912841796875
sample_039d0f0f7de376fc,530.0511474609375,533.2799682617188,531.5401611328125,528.9935913085938,528.0293579101562,523.4171142578125,521.9544677734375,517.380859375,516.0936279296875,513.1835327148438,511.0961608886719,508.1166687011719
sample_087d324544bca365,423.87823486328125,419.0340576171875,410.6754150390625,404.4377746582031,397.31427001953125,388.28619384765625,384.3230895996094,377.4451904296875,373.7076721191406,372.350830078125,366.1963195800781,365.232421875
sample_8c0cc7f2d372aa6b,478.9350280761719,475.0861511230469,467.6618957519531,461.06640625,454.42730712890625,445.7585144042969,440.1529846191406,433.3909606933594,428.4560546875,423.5432434082031,418.90301513671875,414.56878662109375
sample_059b5c77acadca60,549.2630004882812,532.5601196289062,512.8375244140625,498.3548583984375,484.26190185546875,469.52239990234375,459.5086669921875,448.33660888671875,436.3699035644531,428.60711669921875,420.37213134765625,414.73370361328125
sample_2a0556e14c300769,357.32000732421875,359.4189147949219,365.0126953125,383.8371887207031,403.3221740722656,412.942138671875,417.75921630859375,418.8080749511719,423.1339416503906,436.365478515625,425.9913635253906,405.1015625
sample_32e73a7648f09439,406.57220458984375,405.008544921875,404.111328125,402.8465881347656,395.1331481933594,392.00579833984375,386.6876220703125,381.88250732421875,380.4471435546875,381.9741516113281,374.2413635253906,372.93597412109375
sample_0bd52b3dec410846,388.65301513671875,386.4728698730469,384.5242919921875,382.49072265625,381.090087890625,378.9869384765625,378.48419189453125,377.4198303222656,377.4768371582031,378.20697021484375,380.786865234375,386.78680419921875
sample_4f2635f95bafdfcf,443.1496887207031,438.58837890625,432.99530029296875,427.85186767578125,422.4841003417969,415.8016357421875,410.7988586425781,406.0316467285156,401.9874267578125,398.8636779785156,394.4109802246094,391.6720275878906
sample_3ad22adc50994826,333.9440002441406,337.2705383300781,342.6797180175781,347.0083923339844,356.193359375,365.41339111328125,372.9651794433594,384.22161865234375,408.36163330078125,410.169677734375,409.07440185546875,417.29962158203125
sample_be6a86a2aa1db54a,496.9723205566406,488.9322509765625,476.0348815917969,465.2442932128906,455.4920959472656,444.0054931640625,435.5442810058594,426.02142333984375,419.17864990234375,414.8922119140625,408.5231628417969,403.31390380859375
sample_55cf7461e8c691f2,361.71142578125,360.3064270019531,360.7140808105469,361.28753662109375,361.6321716308594,363.077392578125,366.4510803222656,370.1736755371094,380.50909423828125,401.4321594238281,425.6689147949219,430.0911865234375
sample_cae0b1f234cd4604,558.4319458007812,544.4321899414062,526.3377685546875,511.8096923828125,498.5872802734375,484.0852966308594,473.56170654296875,461.9501953125,452.95989990234375,445.494384765625,437.4375,431.28631591796875
sample_a20d086c8bb6797a,354.7359313964844,353.89215087890625,353.9573059082031,354.1534118652344,355.0433654785156,355.9207763671875,356.9444274902344,358.1872253417969,358.7422790527344,359.7803039550781,361.3099365234375,362.2030029296875
sample_611c525c765bbc46,309.683349609375,311.0117492675781,315.2762145996094,318.7757568359375,323.27899169921875,328.780029296875,332.7332763671875,337.37750244140625,340.81103515625,344.1843566894531,347.79083251953125,350.884033203125
sample_e25d6947f7735ce8,359.5317687988281,359.27996826171875,360.2554626464844,361.1700134277344,362.79400634765625,364.8497314453125,366.7301025390625,368.38934326171875,369.6490783691406,371.23468017578125,372.88104248046875,374.09716796875
sample_fc93acf88b01810c,342.5655212402344,346.6166687011719,353.388916015625,362.8702392578125,367.20709228515625,386.6509704589844,390.109130859375,382.4792175292969,379.88250732421875,384.7421569824219,378.8292541503906,385.90594482421875
sample_4ea4b223e2fcfe2c,315.4566650390625,324.1235656738281,334.40435791015625,342.5004577636719,351.4346923828125,360.07403564453125,367.99078369140625,374.16400146484375,381.1121826171875,384.9893798828125,390.911865234375,394.074951171875
sample_12128f9275454818,376.9551696777344,375.92266845703125,376.2921447753906,373.7021179199219,372.91107177734375,373.6318664550781,378.0883483886719,379.4146423339844,377.6455993652344,377.54449462890625,387.1185302734375,393.6322021484375
sample_beddfbdd79767d72,529.5770263671875,518.0436401367188,505.0338439941406,494.2427062988281,483.79058837890625,471.45660400390625,461.87738037109375,452.628173828125,445.25250244140625,440.03802490234375,433.50640869140625,429.04345703125
sample_adfb57fb93a55f4d,406.6710205078125,406.4177551269531,406.3339538574219,405.8638916015625,411.87841796875,422.95941162109375,422.4861755371094,438.6622619628906,455.4313049316406,457.32452392578125,458.92156982421875,448.2752685546875
sample_289866507f6e8923,314.78192138671875,316.2169494628906,320.97076416015625,324.6271667480469,329.53546142578125,335.660888671875,340.0987548828125,344.82159423828125,349.20361328125,352.1219177246094,356.4281921386719,359.3817443847656
sample_04cd08f95d78a8d5,363.8721618652344,364.5899353027344,366.1246337890625,367.4067077636719,369.4461975097656,371.2342224121094,372.9156799316406,374.3198547363281,375.598876953125,376.5548095703125,377.78729248046875,378.48516845703125
sample_0f3476607b755a67,566.618408203125,571.9826049804688,563.8330078125,542.433837890625,524.7349853515625,507.55181884765625,498.8948974609375,487.7977294921875,476.935546875,464.22650146484375,453.0434875488281,446.3106689453125
sample_87cd9c2693878b14,321.537109375,325.8313903808594,333.2978515625,338.5706787109375,336.7229919433594,340.5010070800781,344.8448486328125,363.5673522949219,395.0688171386719,432.6647033691406,463.36151123046875,499.07330322265625
sample_2c77e0f577fe1809,647.1380615234375,642.7214965820312,640.7550659179688,641.737548828125,630.439453125,614.4921264648438,603.6497802734375,591.8892822265625,572.42138671875,556.3980102539062,539.4030151367188,531.2022094726562
sample_4aca888063057675,428.5325012207031,439.1187744140625,446.5161437988281,451.0544738769531,452.9212646484375,450.8078918457031,450.06414794921875,450.0080261230469,450.7936096191406,448.4720153808594,445.9109802246094,440.94732666015625
sample_c9f3418401f22069,298.5335693359375,301.0445861816406,306.1517333984375,310.27252197265625,315.4173583984375,321.2985534667969,325.5130310058594,330.57073974609375,337.6894836425781,346.0541076660156,349.8252868652344,354.53985595703125
sample_ad2d7737eeaa629c,373.94500732421875,377.9557189941406,382.0829162597656,383.9259338378906,389.30535888671875,395.5021667480469,398.3429260253906,399.24530029296875,399.2850036621094,407.85150146484375,419.4781188964844,427.53857421875
sample_6d5621b66d1732fe,371.7584228515625,375.0647277832031,380.25616455078125,387.9017333984375,398.5005187988281,398.7757263183594,405.43511962890625,418.6589050292969,434.58514404296875,457.10015869140625,470.86236572265625,489.1103210449219
sample_6a3ceddaa3462cca,302.897216796875,303.9070739746094,309.0435485839844,310.34552001953125,314.1190490722656,322.0462951660156,328.9425354003906,336.4792175292969,339.9498291015625,344.8653564453125,347.7183837890625,352.12933349609375
sample_1c2ae4abe6015e0b,381.0537414550781,379.2457275390625,378.375244140625,377.578125,377.47833251953125,378.15374755859375,378.6127014160156,379.3177185058594,380.41546630859375,382.12615966796875,383.5086669921875,389.9566345214844
sample_63388b7c142cd793,364.5594177246094,367.10321044921875,370.2139892578125,372.9164733886719,376.35400390625,378.9484558105469,382.5421447753906,387.98089599609375,390.8424987792969,397.13238525390625,401.9763488769531,404.32818603515625
sample_1f181125cdac20e1,595.2730712890625,579.6371459960938,560.281494140625,545.3871459960938,531.1361694335938,515.5619506835938,502.92132568359375,490.12982177734375,479.0879821777344,470.7684631347656,462.53466796875,455.073974609375
sample_8306a238d8052269,407.7951965332031,409.2012939453125,418.1164855957031,421.61041259765625,425.11627197265625,421.859130859375,423.4931335449219,429.058837890625,423.69244384765625,410.24725341796875,400.81744384765625,397.7191467285156
sample_c8ca45a98b62386e,340.8045959472656,340.5184326171875,342.1581726074219,342.93133544921875,344.7916564941406,348.81842041015625,350.476318359375,353.03509521484375,357.3491516113281,357.4525146484375,365.15325927734375,369.6578063964844
sample_4f972cc4a83651d1,413.9996643066406,410.0541687011719,405.1483459472656,400.7119445800781,396.4785461425781,391.9402160644531,388.5423889160156,384.6214904785156,381.2671813964844,378.7161560058594,375.7811279296875,373.5531921386719
sample_55eb881eafe67ab1,432.22821044921875,432.8790283203125,433.3509826660156,433.49395751953125,434.48809814453125,435.3383483886719,435.8457946777344,436.2308654785156,437.65155029296875,437.9737243652344,438.48870849609375,438.62286376953125
sample_af9706d97c1063ec,580.3296508789062,570.2393188476562,552.5897216796875,541.0942993164062,521.6268920898438,506.9490661621094,498.5759582519531,489.37054443359375,477.1311340332031,469.9083251953125,460.400390625,454.16748046875
sample_c61052cdf9b6e3ec,563.8318481445312,570.3828735351562,570.0712280273438,557.4223022460938,535.2030029296875,516.9182739257812,501.3470458984375,491.82147216796875,483.24993896484375,473.151611328125,460.39508056640625,448.9691162109375
sample_c5f7c930c92bc845,529.2584228515625,517.6151733398438,502.67230224609375,490.31610107421875,478.67706298828125,466.2146911621094,456.8075256347656,446.0349426269531,438.1202392578125,431.41949462890625,424.16009521484375,417.940185546875
sample_1c8489772e84f4b3,490.8651428222656,481.09454345703125,468.3399658203125,458.36767578125,448.0790100097656,437.23590087890625,428.86639404296875,420.455322265625,413.7817077636719,408.1366271972656,402.04437255859375,396.9820861816406
sample_86612bfa9c9a4481,384.2552795410156,391.95330810546875,399.0838317871094,404.258544921875,410.7823486328125,417.48992919921875,428.98492431640625,454.09283447265625,481.4525146484375,500.5188903808594,520.3314819335938,562.40185546875
sample_e44c8df5e12d1b15,452.95391845703125,447.59490966796875,438.855712890625,431.9083557128906,424.4825439453125,415.640625,409.32440185546875,402.0350036621094,396.32379150390625,391.64044189453125,386.3888854980469,382.4629211425781
sample_3e8f939ea53a27f4,378.5431213378906,376.6380920410156,375.1181335449219,373.5653381347656,372.01837158203125,370.78509521484375,370.0128173828125,369.7808532714844,368.5120849609375,368.3889465332031,369.1029052734375,368.07373046875
sample_c5d7512bfaae3ba5,473.6778564453125,469.11932373046875,462.24505615234375,456.5869445800781,450.1085205078125,442.46124267578125,437.112548828125,430.90960693359375,426.55145263671875,422.350830078125,418.0823669433594,414.566162109375
sample_657e4f4853c59e9a,578.488525390625,572.827392578125,561.9942626953125,552.6015014648438,544.1814575195312,533.5385131835938,525.9517822265625,517.4993896484375,510.6492614746094,504.74639892578125,498.9710693359375,493.63922119140625
sample_e02948839075016f,374.0798645019531,372.9247131347656,372.1914367675781,371.71490478515625,371.92095947265625,372.1482849121094,372.38677978515625,373.2278747558594,372.7117004394531,373.3641662597656,373.7169494628906,374.14227294921875
sample_388f418ae9f39f21,400.43670654296875,398.2803649902344,395.90631103515625,394.71826171875,392.9339904785156,392.012451171875,390.7673645019531,392.3944091796875,392.6988830566406,389.7008972167969,384.06756591796875,383.5495300292969
sample_233b082f720093da,336.4076843261719,343.2645263671875,342.13848876953125,343.5456848144531,350.6556091308594,366.37384033203125,371.71002197265625,372.03515625,355.8424987792969,348.96539306640625,352.1035461425781,354.75433349609375
sample_587a214b40f5f32d,339.6282958984375,340.2139587402344,343.9573974609375,348.5289611816406,347.0164489746094,354.9915771484375,355.61749267578125,354.0571594238281,351.7520446777344,351.39093017578125,356.31182861328125,362.2810974121094
sample_1e70a497b4ac91e2,454.5541687011719,451.7672119140625,448.7392272949219,446.07684326171875,443.7580871582031,440.8611145019531,439.1911926269531,436.10284423828125,434.69818115234375,433.8727111816406,432.48297119140625,427.6267395019531
sample_9bfb16af8deef743,474.3765869140625,477.80474853515625,480.5333251953125,491.7113952636719,507.15740966796875,527.4205322265625,535.2055053710938,554.2691040039062,583.2398681640625,601.09423828125,611.1583251953125,619.5382080078125
sample_897c49bb69995dcf,407.02020263671875,410.3525390625,416.2146301269531,414.27191162109375,416.6601257324219,424.7435607910156,423.8099365234375,410.5851135253906,404.82958984375,405.15802001953125,402.6834411621094,405.555419921875
sample_17c525f42c53c9cb,362.4216003417969,368.48394775390625,370.97271728515625,375.1178283691406,384.6951904296875,389.3039245605469,398.88726806640625,397.61822509765625,393.9074401855469,387.19989013671875,390.6199035644531,385.41534423828125
sample_14c9ca543e49544c,405.37530517578125,403.8320617675781,401.9237976074219,400.3464660644531,398.8529052734375,396.5060729980469,395.4214782714844,393.7638854980469,392.5538330078125,390.8664855957031,390.212646484375,388.8548889160156
sample_f62652f0b5c3a137,363.49273681640625,362.5710144042969,362.4572448730469,362.63885498046875,363.5089111328125,364.6793518066406,365.6309509277344,367.0937805175781,367.47723388671875,368.73968505859375,369.71380615234375,370.38409423828125
sample_007a7f93229cca2d,376.69677734375,376.5301513671875,377.148193359375,377.4767150878906,378.3488464355469,378.7662353515625,379.30462646484375,379.9776916503906,379.9309387207031,380.6389465332031,381.1985168457031,381.39862060546875
sample_cbccefe26e194aee,312.7437744140625,320.41583251953125,332.07086181640625,340.4754638671875,350.3221740722656,360.4794921875,368.686767578125,376.1538391113281,383.4548645019531,387.7847900390625,394.38446044921875,398.127197265625
sample_ff54b4a06854042e,370.6839599609375,369.2611083984375,368.64276123046875,368.1197509765625,368.0489196777344,368.5721435546875,368.6615295410156,369.3558654785156,369.4185791015625,369.8588562011719,370.2740478515625,370.4794921875
sample_ac738344f7fc0123,367.0521240234375,365.34967041015625,364.47247314453125,363.6442565917969,363.51116943359375,363.74554443359375,364.0213317871094,364.2795715332031,364.51959228515625,364.7434387207031,365.1556091308594,365.3524169921875
sample_7cc450780197f9f6,411.8191223144531,411.20928955078125,409.6168518066406,407.8965759277344,406.5533447265625,403.0148620605469,401.4256591796875,397.3164367675781,395.10919189453125,392.18804931640625,390.2820129394531,387.9281921386719
sample_26ba59dab26824a8,503.7634582519531,489.75408935546875,474.31048583984375,462.0919189453125,450.4636535644531,438.4195861816406,429.79071044921875,422.0857849121094,412.925048828125,407.2756652832031,399.5434875488281,395.6064453125
sample_663387d1586672c0,394.8418273925781,392.2629089355469,389.75323486328125,386.7546691894531,384.19879150390625,382.049560546875,380.51898193359375,378.8672790527344,377.5045471191406,376.3553161621094,374.8809509277344,374.0253601074219
sample_6a47a428b9b5afa7,671.25439453125,647.7492065429688,622.05615234375,599.3146362304688,579.7797241210938,560.2247924804688,546.1644897460938,531.5195922851562,519.6870727539062,509.14373779296875,499.28204345703125,490.8843688964844
sample_286c9d4c91c4feba,567.341552734375,568.0585327148438,568.3558349609375,571.4075317382812,578.9635009765625,573.89013671875,581.005126953125,585.6148071289062,591.2709350585938,579.4273681640625,576.305419921875,563.4349365234375
sample_1e30465343f2373e,347.07342529296875,354.58642578125,363.52886962890625,370.7722473144531,379.2588195800781,385.8813781738281,395.5903625488281,404.8385925292969,414.01239013671875,410.3465576171875,424.0196228027344,432.8489685058594
sample_6144647399a6f2a4,475.4931335449219,469.06842041015625,458.3551330566406,449.4773254394531,440.6436767578125,430.4637756347656,423.4162292480469,415.3095703125,409.0982971191406,403.8382568359375,397.9949035644531,393.637939453125
sample_b3d9bc614f94ffbb,472.8768615722656,468.7183837890625,459.2865905761719,451.4623718261719,443.96405029296875,434.3846740722656,428.1723937988281,420.0350036621094,414.5233459472656,409.2245178222656,404.17333984375,399.7411804199219
sample_1feae35d94b9cc10,302.9949951171875,308.9402770996094,314.0146484375,319.80450439453125,326.5953369140625,340.65887451171875,346.4927062988281,345.92669677734375,343.41387939453125,346.7610778808594,351.5311279296875,354.758056640625
sample_8d23ce9b99797322,389.6890563964844,388.900146484375,388.3218078613281,387.7481689453125,387.5234069824219,386.6573791503906,386.421630859375,385.7215270996094,385.0924072265625,384.5118713378906,384.33355712890625,383.79852294921875
sample_ffe354f60955060d,361.0362243652344,360.1645812988281,362.0338439941406,362.6002502441406,362.8809509277344,364.89154052734375,366.9127502441406,369.33087158203125,371.3020324707031,373.53277587890625,375.50384521484375,377.12493896484375
sample_f6f50012e62ced34,374.2187194824219,377.2225646972656,380.0335388183594,382.081787109375,384.6882629394531,385.6335754394531,387.58111572265625,387.7029113769531,388.9911804199219,388.403076171875,390.0278015136719,389.84344482421875
sample_ece238c3429c83f5,443.9142761230469,440.6212463378906,437.6557312011719,436.291748046875,434.4331970214844,433.806396484375,435.84124755859375,444.64398193359375,444.467529296875,440.91961669921875,437.69256591796875,439.0641784667969
sample_73678492a06b0cc4,388.29730224609375,388.6264953613281,388.9485778808594,389.1400451660156,389.8844909667969,390.0052185058594,390.35064697265625,389.7845764160156,389.74835205078125,389.05682373046875,388.9398498535156,388.4505615234375
sample_8081b7f3bfd0eed2,385.3053283691406,382.1968994140625,379.385009765625,376.9941711425781,374.99249267578125,372.49151611328125,371.20654296875,369.4638671875,367.5441589355469,367.1603698730469,365.98870849609375,365.21966552734375
sample_1176e7f8063dedd4,649.2750854492188,635.380615234375,617.2274169921875,600.4136962890625,588.1630859375,578.0968017578125,571.5048217773438,563.7501831054688,562.7058715820312,563.3013916015625,565.3314819335938,563.3668212890625
sample_f36c238829482792,450.94915771484375,450.9949645996094,446.305908203125,441.10223388671875,436.5176086425781,428.99609375,425.0097351074219,418.3028564453125,414.86151123046875,410.6780090332031,406.9427795410156,403.2762451171875
sample_d76cfb0cc7fc2dfd,336.56927490234375,335.3865966796875,340.228515625,346.38922119140625,359.9197082519531,367.2005920410156,367.5592956542969,352.4114074707031,347.111572265625,349.1213684082031,353.06005859375,355.0596923828125
sample_f295af0e9dcb609a,456.2410583496094,450.6120910644531,438.88287353515625,429.41925048828125,421.0810852050781,410.8437194824219,403.03265380859375,395.9299011230469,388.8011169433594,383.3304748535156,377.43218994140625,372.7502746582031
sample_0183aabd06db6a85,346.07916259765625,356.4853515625,371.40631103515625,381.4624938964844,391.2127685546875,398.1541748046875,404.8083801269531,408.97760009765625,418.5285339355469,424.66668701171875,436.67596435546875,445.8888854980469
sample_e2fc86fd4f723a3b,461.51153564453125,452.77886962890625,439.7845764160156,429.0620422363281,419.42926025390625,407.6492614746094,398.77716064453125,390.36041259765625,382.7340087890625,377.0968017578125,370.3738708496094,365.816162109375
sample_609ed0900c3d79a9,337.67303466796875,343.433349609375,350.4721374511719,349.94244384765625,350.7483215332031,356.955078125,364.4991455078125,370.3707275390625,374.4649658203125,374.2674255371094,374.24267578125,376.7716979980469
sample_35639b4b0aeed2fd,313.6744079589844,316.99542236328125,323.0340576171875,328.1327819824219,333.9556579589844,340.7137145996094,345.5829162597656,351.0012512207031,355.58099365234375,359.24822998046875,363.3403015136719,366.5966796875
sample_3e6c59a2d5715d43,546.8826904296875,536.5594482421875,522.1173095703125,510.0112609863281,498.515380859375,485.63775634765625,476.58306884765625,467.0146179199219,459.107177734375,452.24261474609375,445.62652587890625,440.37982177734375
sample_8bda1920b1334143,346.56365966796875,349.60186767578125,356.2219543457031,360.5299377441406,368.7564697265625,365.050537109375,368.50885009765625,365.8147888183594,365.3501281738281,366.8656311035156,370.30364990234375,371.6961975097656
sample_aea28c11d6042349,409.97491455078125,464.9312744140625,512.7003784179688,542.549072265625,566.0151977539062,586.3646850585938,600.092529296875,600.2388916015625,600.41650390625,581.4612426757812,561.4197998046875,557.2713623046875
sample_f762d249b25eb865,582.1511840820312,576.4248657226562,567.3150024414062,552.478515625,537.5311889648438,518.0802612304688,508.3211364746094,494.6553039550781,486.19171142578125,477.90972900390625,472.5240478515625,466.4869689941406
sample_2a7dcffb31cbea33,371.6835021972656,372.3820495605469,373.4665832519531,373.87335205078125,375.1161193847656,375.3097839355469,376.3465270996094,375.7528991699219,376.5736083984375,376.1385803222656,376.613037109375,376.4396057128906
sample_f7f4a9669cb2adab,382.73187255859375,381.993408203125,383.61376953125,384.8662414550781,386.6533508300781,390.02783203125,392.3814697265625,395.40289306640625,397.7651062011719,400.06341552734375,401.9801025390625,403.80181884765625
sample_95d8ecfc227c34bf,336.8548889160156,338.96258544921875,341.89434814453125,344.0400695800781,347.71307373046875,350.89434814453125,354.0693054199219,356.3063049316406,358.6538391113281,360.0718994140625,362.58233642578125,364.0035095214844
sample_0dbfd400abeb383a,394.6139221191406,393.8415222167969,393.05267333984375,392.4092712402344,391.88580322265625,390.70147705078125,390.4230041503906,388.9359436035156,388.5675964355469,387.1722106933594,386.22833251953125,385.023193359375
sample_f614c3b64ea5e36c,436.4327392578125,432.7950744628906,426.5788269042969,421.68695068359375,415.9843444824219,408.9797668457031,404.3609619140625,398.6485900878906,394.486328125,390.60369873046875,386.73431396484375,383.5054626464844
sample_78c1df8f4b4420c7,338.31158447265625,338.01947021484375,339.04644775390625,340.1798400878906,342.166748046875,345.2293701171875,347.55999755859375,350.81817626953125,352.9397277832031,354.9204406738281,357.2495422363281,361.1752624511719
sample_464146e9b5624f6e,372.88958740234375,377.292724609375,387.88909912109375,407.3931884765625,427.849365234375,432.9615173339844,438.8193664550781,443.43182373046875,440.8714294433594,428.5045166015625,419.53509521484375,420.9879150390625
sample_6bd6ad6dc70cfbd9,326.04095458984375,328.9720458984375,332.880859375,336.01605224609375,340.2701110839844,344.5162048339844,348.4069519042969,350.97412109375,354.91082763671875,356.49462890625,359.9856262207031,361.71942138671875
sample_c1b8ac1e6c287b74,350.6952209472656,351.305419921875,353.1072692871094,354.4563293457031,356.76971435546875,359.5880126953125,361.5279846191406,364.119873046875,365.7732238769531,367.8701477050781,369.1656188964844,370.96771240234375
sample_23aeeb09a0ce6c92,351.0102233886719,374.8416748046875,399.0223388671875,417.8848876953125,433.9468994140625,451.482666015625,464.4779357910156,476.0963439941406,488.4042053222656,496.710205078125,504.5964660644531,510.95123291015625
sample_9de47c5b1184c0dd,317.0023193359375,324.7782897949219,336.6264953613281,345.5996398925781,355.07232666015625,364.64483642578125,373.3116149902344,381.2928161621094,389.15118408203125,394.5403747558594,401.994873046875,410.39959716796875
sample_c8b7ab1696721f51,397.138916015625,405.774169921875,417.05670166015625,431.343994140625,460.6512145996094,484.0628662109375,506.25408935546875,521.906494140625,555.818603515625,565.8229370117188,580.8597412109375,586.0615844726562
sample_4140671d49e339eb,447.1871032714844,443.07550048828125,437.5093688964844,432.57122802734375,427.5844421386719,422.1292724609375,417.5478820800781,413.8011474609375,409.2281494140625,407.2968444824219,403.3924255371094,401.389892578125
sample_ddcc8a7147718881,401.1017150878906,397.75982666015625,393.85009765625,391.0516357421875,387.55126953125,384.4921569824219,381.21478271484375,378.42828369140625,375.99810791015625,374.230712890625,371.0227355957031,370.3517150878906
sample_6ce9e792f4a920dd,341.27008056640625,346.6101379394531,353.0835876464844,361.34967041015625,369.4828186035156,372.869873046875,373.7601318359375,375.2588806152344,375.9617004394531,381.0523986816406,384.8045349121094,382.9065856933594
sample_a68af8f6ab6972e1,350.1035461425781,349.7949523925781,350.76568603515625,351.1495361328125,352.90087890625,355.3097839355469,357.0550537109375,360.9969787597656,363.2496643066406,367.180419921875,370.61016845703125,381.7252502441406
sample_aba2cb630af60842,353.1105041503906,354.0722961425781,356.1369323730469,357.6879577636719,360.16680908203125,362.921142578125,364.9729309082031,367.4249572753906,369.307373046875,371.2609558105469,372.7822265625,374.3834533691406
sample_f226dd82175e3e8f,386.3009948730469,384.7547607421875,383.3995361328125,381.8176574707031,381.1468505859375,380.9783935546875,380.6558532714844,380.17999267578125,380.2454833984375,379.580810546875,379.7065734863281,380.5562744140625
sample_03c8b8597a8a1d34,352.1474609375,350.5122375488281,348.30914306640625,346.3917541503906,345.7591247558594,345.6349182128906,347.80511474609375,348.9621887207031,342.43505859375,341.219970703125,339.62408447265625,339.9910888671875
sample_cd4415aba183ac27,405.208740234375,439.7770690917969,482.748291015625,521.158935546875,566.210205078125,590.8931274414062,601.421142578125,592.4116821289062,587.1088256835938,588.83251953125,556.902099609375,534.6382446289062
sample_a679debf61f62c0b,368.31890869140625,371.50506591796875,377.8951416015625,382.9013366699219,389.1431884765625,396.0444030761719,401.6317443847656,406.3334655761719,412.00286865234375,415.39202880859375,419.22943115234375,422.4294738769531
sample_03fa87421e3876be,323.08074951171875,328.6933288574219,336.930908203125,342.89483642578125,350.532470703125,358.47412109375,365.1285400390625,370.9300842285156,377.3465576171875,380.871826171875,386.3146667480469,389.36358642578125
sample_0f619b1f132922cb,334.8292541503906,358.5858459472656,382.6889343261719,401.28973388671875,419.22210693359375,436.1440734863281,450.531005859375,462.94378662109375,474.1004943847656,482.3739318847656,492.476318359375,498.9486083984375
sample_35fcf7f8ccd9e933,411.6754150390625,416.2989196777344,418.59674072265625,417.48724365234375,417.7351379394531,418.8299255371094,419.38720703125,415.3639221191406,410.8592224121094,405.4626159667969,403.5042724609375,402.3862609863281
sample_d2e3bf0f4262fb69,418.4203186035156,416.1637268066406,414.5382080078125,412.8957824707031,411.690185546875,410.3820495605469,409.0644226074219,408.9621887207031,407.50177001953125,407.3880920410156,406.35467529296875,406.1860656738281
sample_6044d43f6085c214,410.1657409667969,409.0627136230469,408.9503479003906,407.0517578125,406.351318359375,404.3115234375,401.7409362792969,398.9113464355469,397.5370178222656,396.1411437988281,395.2738342285156,394.6031188964844
sample_1bf29d5848a64d65,314.5721435546875,314.9042663574219,317.6193542480469,320.75408935546875,332.5762634277344,343.3447265625,352.36395263671875,348.8148193359375,353.5235595703125,352.8481140136719,371.76519775390625,382.7567443847656
sample_dcb12176a416af17,390.2788391113281,410.95306396484375,432.0208740234375,448.7914123535156,465.1946716308594,480.2705993652344,492.94622802734375,504.34039306640625,514.2438354492188,521.8890380859375,530.9215698242188,536.40771484375
sample_ae755736fcad0b71,328.7921142578125,331.5616149902344,335.8739013671875,339.2723083496094,344.03900146484375,349.3763732910156,353.504638671875,357.7707214355469,361.9519958496094,364.6938171386719,367.97015380859375,370.57672119140625
sample_62bb7236c3acb27d,390.7300720214844,387.44000244140625,383.0235900878906,380.1837158203125,376.9886779785156,369.4903564453125,364.8101806640625,361.07232666015625,358.4146728515625,358.12164306640625,356.0920715332031,349.33111572265625
sample_be462209d22980ea,380.3104248046875,405.8774719238281,431.912353515625,461.062255859375,475.4249267578125,487.38775634765625,478.92681884765625,492.69293212890625,481.57147216796875,487.123291015625,496.26434326171875,499.41876220703125
sample_6d8a0a7f9c6dd958,607.107177734375,598.7252197265625,586.0630493164062,568.4088134765625,550.0399780273438,537.3641967773438,523.6652221679688,507.9162902832031,499.6365966796875,491.1649169921875,483.89154052734375,477.0577392578125
sample_353d6f6875af087f,271.652587890625,285.7687072753906,302.15692138671875,314.80279541015625,327.9021301269531,340.1929931640625,350.8478698730469,359.133544921875,368.12701416015625,373.439208984375,381.1053161621094,385.54669189453125
sample_b83998a5b73eb45e,349.9985046386719,348.98809814453125,350.29949951171875,351.3365783691406,354.09173583984375,358.18011474609375,360.8822021484375,364.0401916503906,366.7856750488281,369.026123046875,371.5127868652344,373.7582092285156
sample_83bcc218dfcb4053,340.0024719238281,354.2955322265625,369.07305908203125,379.4213562011719,386.4124755859375,394.07940673828125,406.8070983886719,410.2013244628906,410.09039306640625,411.7362060546875,416.1627197265625,416.90576171875
sample_34b557806d2dcd24,483.6426696777344,475.59112548828125,464.6739807128906,456.6087951660156,448.2680969238281,438.4461669921875,431.15814208984375,422.750244140625,415.3087463378906,407.45538330078125,399.88800048828125,395.42169189453125
sample_fca5f19899d384d3,314.30462646484375,321.09429931640625,336.3343811035156,349.6907653808594,360.43524169921875,371.9852600097656,380.0606384277344,393.4521484375,402.6282958984375,398.164306640625,394.971923828125,402.7398681640625
sample_0e9cdc5f363efac1,356.9279479980469,356.17523193359375,357.4833984375,357.9407653808594,360.5621643066406,363.51904296875,366.15411376953125,374.3063049316406,373.95001220703125,373.81561279296875,385.8040771484375,372.5003356933594
sample_8c2dc8a6bbc9f31c,359.62274169921875,360.57867431640625,363.0780334472656,359.9403076171875,367.2076110839844,403.954345703125,428.3019104003906,449.3809814453125,489.1963195800781,556.8675537109375,579.9285888671875,605.3622436523438
sample_65894ce2d3222fd1,468.0536193847656,462.3775634765625,451.3273620605469,444.229736328125,431.91839599609375,420.28082275390625,413.6044616699219,403.9434509277344,396.809814453125,392.366943359375,385.0673522949219,379.7535095214844
sample_9742a386df2b8bde,354.3110656738281,358.14141845703125,362.499267578125,365.7686767578125,369.7174072265625,372.9836730957031,376.72357177734375,378.0215759277344,380.962890625,381.88287353515625,384.3721008300781,384.91632080078125
sample_4c955501cd09fe4f,325.04791259765625,325.56121826171875,329.4390563964844,330.46478271484375,332.36981201171875,338.2566833496094,336.80133056640625,341.0181579589844,345.699951171875,347.7314147949219,346.01123046875,348.1468505859375
sample_a14c5430dd269443,331.138427734375,335.1807861328125,339.9716796875,343.8021240234375,350.1056823730469,356.5483703613281,361.716796875,365.0080261230469,368.1135559082031,370.07501220703125,374.24798583984375,376.57281494140625
sample_99de518c48c28f24,384.8935241699219,382.25225830078125,379.5726623535156,377.920166015625,375.96160888671875,374.0750732421875,372.3488464355469,371.31134033203125,369.8743896484375,369.6048278808594,368.3431701660156,368.03662109375
sample_62f8133527bdc872,424.4266357421875,417.3094787597656,407.9801025390625,400.0724792480469,391.393798828125,382.6546325683594,376.451171875,370.9095764160156,367.77935791015625,362.052978515625,356.8323669433594,350.7444152832031
sample_a1f6fbdd3828f924,358.49346923828125,360.3502197265625,366.6515197753906,369.3545837402344,372.7947082519531,378.8341369628906,383.7640075683594,389.9131164550781,396.0973205566406,397.52569580078125,399.161865234375,402.132568359375
sample_3c172e79f3ef737b,295.83038330078125,297.4381408691406,302.2138366699219,305.3626403808594,309.2039794921875,315.0280456542969,322.5939025878906,332.3232727050781,343.89874267578125,359.4559020996094,387.4083251953125,417.10968017578125
sample_c49a8910cbde93fc,574.4030151367188,573.3778076171875,568.25341796875,563.1512451171875,558.3295288085938,550.8958129882812,546.6400756835938,539.8384399414062,535.4212036132812,531.1547241210938,527.416259765625,523.36279296875
sample_fe9b7fa6c23f1494,288.4491882324219,294.42889404296875,302.5421142578125,308.77105712890625,316.05755615234375,323.18475341796875,329.3697814941406,334.7911071777344,340.75006103515625,344.1560974121094,349.21307373046875,352.25384521484375
sample_984f1f6e47986ed5,519.522705078125,517.2993774414062,515.301513671875,514.4818725585938,516.4276733398438,513.1395263671875,521.7549438476562,515.5757446289062,510.481201171875,503.4714660644531,506.3027648925781,495.4601745605469
sample_bfd3639f86cafd85,310.20306396484375,314.6231689453125,320.9997253417969,325.744873046875,332.0124206542969,338.338623046875,346.76434326171875,357.9368591308594,371.6849365234375,379.4903564453125,394.7678527832031,415.67266845703125
sample_deee650b234b630b,492.3813781738281,485.1282653808594,473.25750732421875,463.2450866699219,454.2179260253906,443.3379821777344,435.6141357421875,426.5705871582031,419.9638671875,414.5073547363281,408.0735168457031,403.30999755859375
sample_0ded1cc5172d0b53,335.29632568359375,336.3348083496094,339.3072204589844,341.5932922363281,345.35955810546875,349.8402404785156,353.0093078613281,356.93511962890625,359.7015380859375,362.697509765625,365.3575439453125,367.97314453125
sample_52a0b15c54f343ba,380.6373596191406,410.5721130371094,442.0250549316406,453.77197265625,482.9515380859375,496.052734375,509.15069580078125,510.1506042480469,521.1806640625,518.710205078125,519.3756103515625,511.40966796875
sample_4caf0e4e5f9dc0c5,367.3545227050781,368.4787292480469,370.386962890625,371.96075439453125,374.3027648925781,376.30108642578125,378.15838623046875,379.6452941894531,381.1371154785156,382.16741943359375,383.8184509277344,384.62200927734375
sample_49009e93eb577989,321.0213317871094,325.8248596191406,333.6245422363281,346.3577575683594,345.7686462402344,355.31488037109375,356.3681640625,364.01141357421875,370.5679016113281,379.9204406738281,371.9361572265625,375.8187561035156
sample_5937f288256e7f01,343.25543212890625,343.4728698730469,346.09326171875,352.3827209472656,361.13555908203125,368.52105712890625,375.71807861328125,391.26904296875,397.41607666015625,391.5186462402344,385.1649475097656,390.3817443847656
sample_7a744fa196b26a74,489.7654724121094,480.6636657714844,471.701904296875,464.5926513671875,456.1434326171875,447.4637756347656,440.32696533203125,434.7773742675781,427.6448974609375,424.21771240234375,419.3597412109375,416.3009033203125
sample_5ab182c4a25d87cc,316.0841064453125,317.8219299316406,321.69293212890625,324.74267578125,329.0820617675781,334.4700012207031,338.2646484375,342.6893615722656,346.2372741699219,349.04052734375,352.578369140625,355.385009765625
sample_77b11cbb220f3594,367.9356689453125,370.2131042480469,373.0541076660156,375.4285888671875,378.394287109375,380.943603515625,383.33984375,385.23004150390625,387.0844421386719,388.4722900390625,390.21441650390625,391.1448974609375
sample_172cc5bd53597dbb,523.9039306640625,514.0305786132812,500.3398132324219,488.85479736328125,478.6410827636719,466.26751708984375,457.4479064941406,447.0959777832031,439.7969665527344,433.077880859375,426.15301513671875,420.26617431640625
sample_7f865b5da95e67eb,422.5536193847656,431.4966735839844,439.7096862792969,448.57464599609375,458.0221252441406,464.428466796875,470.8400573730469,467.5910949707031,468.1557312011719,471.4005126953125,468.759033203125,454.7716979980469
sample_367c0bbea161ed05,441.5467224121094,436.0299072265625,428.5224914550781,422.7268981933594,415.845458984375,408.2989501953125,402.5643615722656,396.77740478515625,391.95928955078125,388.33526611328125,383.2563781738281,380.2350158691406
sample_651b14d1b6ad8bb6,362.3454895019531,387.87335205078125,411.0228271484375,432.431640625,461.67529296875,476.92694091796875,485.15325927734375,473.56072998046875,486.62554931640625,473.41094970703125,479.5098876953125,485.97265625
sample_e23e3d378f4f3ca5,509.1741943359375,505.9602966308594,497.4952087402344,488.83453369140625,479.1201477050781,463.6880798339844,454.1749572753906,445.3570251464844,438.1503601074219,432.3824768066406,426.0010986328125,420.75091552734375
sample_94f5417999076716,402.7376708984375,408.2734680175781,414.4442138671875,409.27191162109375,409.2690734863281,411.15576171875,416.2547912597656,421.15716552734375,424.07354736328125,420.78424072265625,423.6828308105469,421.8957214355469
sample_21b1ae5a974c7165,334.19805908203125,333.85223388671875,335.0070495605469,336.2211608886719,338.248779296875,341.0743408203125,343.4205322265625,345.6080017089844,347.3619079589844,348.580810546875,350.86505126953125,352.2756652832031
sample_6408c703907d8e1c,389.17791748046875,386.5827331542969,383.1420593261719,380.3000183105469,377.4017639160156,374.8921203613281,374.2288513183594,372.6537170410156,378.0278015136719,395.4626159667969,418.0123291015625,418.1316833496094
sample_63767acc8d4fa927,330.2945251464844,328.6774597167969,327.9968566894531,327.61138916015625,327.0034484863281,328.543701171875,327.0380554199219,326.6300048828125,327.7129211425781,328.2406005859375,329.166015625,330.8507995605469
sample_82232303a7149606,412.6790466308594,412.9756164550781,413.38134765625,412.6637268066406,412.8946533203125,411.37127685546875,413.22161865234375,406.8550109863281,406.90625,409.8970642089844,409.41717529296875,408.70916748046875
sample_b100364aca41070b,355.283447265625,354.5630187988281,354.6985778808594,354.5437927246094,354.9767761230469,355.74346923828125,357.503173828125,357.569580078125,359.8077697753906,360.9005432128906,364.7483215332031,367.5300598144531
sample_753de5984977e2d0,383.9438781738281,382.10980224609375,380.8612976074219,380.0449523925781,379.5125427246094,382.22076416015625,388.686767578125,396.77154541015625,399.2247009277344,400.89276123046875,404.7510681152344,412.7424011230469
sample_201f1dceb55eb73b,370.1851501464844,369.6983337402344,370.02166748046875,370.26727294921875,371.1703796386719,371.80902099609375,372.49151611328125,373.38446044921875,373.35406494140625,374.2636413574219,374.8583679199219,375.56170654296875
sample_de5dd3f4e9ed5958,474.203125,466.20733642578125,457.4519958496094,450.551513671875,442.3061218261719,432.5877685546875,423.4078063964844,415.8858337402344,410.6492614746094,406.462158203125,400.74932861328125,396.7483215332031
sample_da9e9e2feebfb3a8,348.10882568359375,351.0679931640625,354.8322448730469,357.61102294921875,361.3418273925781,364.5423583984375,368.04150390625,370.2215576171875,372.54534912109375,373.9713134765625,376.51611328125,377.501220703125
sample_2c953a2e1ad734a5,310.6614685058594,313.9847717285156,319.1797790527344,323.1158447265625,328.4989929199219,333.8900146484375,338.5884094238281,342.30633544921875,346.6938171386719,348.9693298339844,352.796142578125,355.4353332519531
sample_0164119cfac1e7b7,338.853271484375,341.2983703613281,342.8143615722656,349.3134460449219,352.854248046875,364.0760498046875,360.04150390625,358.62664794921875,362.22540283203125,364.0736083984375,364.0299987792969,369.9454040527344
sample_0e063c4fd91f54a1,352.68157958984375,378.9393615722656,405.6345520019531,425.01068115234375,447.0994873046875,458.7421875,465.0665588378906,474.5709228515625,487.0028991699219,491.4866943359375,501.51873779296875,503.2882080078125
sample_9941b7c91d857267,324.2607421875,330.56988525390625,340.1667785644531,342.7698669433594,350.2065734863281,360.4565124511719,365.82159423828125,375.1707763671875,374.3639831542969,371.72998046875,370.8106994628906,370.40692138671875
sample_10c12e13b3a855ed,415.7898864746094,414.8342590332031,412.9658508300781,411.5537109375,412.10614013671875,410.0090637207031,405.12860107421875,399.7944030761719,395.6021423339844,392.5494384765625,391.2477722167969,389.3597717285156
sample_cba33b5c253b5e28,312.3151550292969,313.9631652832031,318.0054931640625,321.37091064453125,325.7947082519531,331.0590515136719,334.91180419921875,339.2351379394531,342.53662109375,345.6644287109375,348.9555969238281,351.69036865234375
sample_7749d22beba083ea,424.1988220214844,425.99249267578125,426.84881591796875,427.08453369140625,427.45697021484375,425.02056884765625,424.4678039550781,420.8622131347656,419.5333251953125,416.5939636230469,414.51177978515625,411.8559875488281
sample_f570babfe6443dc1,295.0770263671875,299.5432434082031,308.55560302734375,315.9855651855469,324.2886962890625,336.4011535644531,347.3406982421875,357.126708984375,370.85400390625,393.86590576171875,401.64593505859375,398.56292724609375
sample_bf78a2decc2e15b8,508.96112060546875,520.6490478515625,530.6566162109375,527.947998046875,536.8483276367188,530.7239379882812,513.7850341796875,499.382568359375,487.40521240234375,479.310546875,476.75146484375,468.5248107910156
sample_ed8da745cb20eedc,413.40875244140625,410.2555236816406,406.1626281738281,402.5887451171875,398.9605712890625,394.4873046875,391.69732666015625,388.10284423828125,384.5057373046875,381.8893737792969,379.1159362792969,376.60546875
sample_b983b155215cab02,435.3048400878906,431.2120056152344,424.8424987792969,419.96759033203125,414.6341247558594,408.3390197753906,402.9773864746094,398.2689208984375,394.0373229980469,390.7596740722656,386.24932861328125,383.56097412109375
sample_e83ba2c861ea8e56,661.2713623046875,647.4404907226562,630.8662109375,612.8927612304688,602.650634765625,591.3527221679688,583.2732543945312,571.1061401367188,560.9403076171875,548.341796875,534.1742553710938,523.1798095703125
sample_cd9e55843c6e5ef7,415.6244201660156,414.8348388671875,413.70367431640625,411.92962646484375,410.8908996582031,408.0018005371094,406.8092346191406,403.701171875,401.75341796875,399.43756103515625,397.8250732421875,395.45367431640625
sample_a8a775c314d00c06,432.42950439453125,428.592529296875,421.5509033203125,416.72808837890625,410.99041748046875,403.57427978515625,398.1517028808594,392.6553649902344,388.9147644042969,383.9781188964844,378.8005676269531,377.0626220703125
sample_566d55b245038090,467.52691650390625,467.37060546875,465.0439758300781,462.95855712890625,461.3189392089844,458.05621337890625,456.068603515625,452.6960754394531,450.221435546875,447.9939270019531,445.6996154785156,443.6221923828125
sample_c246280c746deeb6,301.3568115234375,306.6059875488281,314.36126708984375,319.82830810546875,326.5132141113281,333.7331237792969,339.4422302246094,344.7097473144531,350.2598571777344,353.3208312988281,358.4710388183594,361.3125915527344
sample_b2aab6da6ae82c63,283.0142517089844,288.22222900390625,296.861328125,303.0021057128906,310.7823486328125,319.2261047363281,326.0838928222656,331.7402648925781,338.3964538574219,341.61187744140625,347.15301513671875,350.36358642578125
sample_58357296a4f453f7,457.2281188964844,450.64202880859375,441.1746826171875,433.4942626953125,425.98175048828125,417.30023193359375,410.32568359375,403.47906494140625,397.2348937988281,392.7012023925781,387.0540771484375,383.3551330566406
sample_32b5ed5dd9895a5b,394.77667236328125,391.0328674316406,386.39837646484375,382.356689453125,377.8723449707031,373.53961181640625,370.7474365234375,368.9435119628906,366.2834167480469,366.1371765136719,363.38226318359375,360.1051330566406
sample_857b9f91e0a2c808,371.7679748535156,370.1305236816406,370.7175598144531,371.4693908691406,372.4913330078125,374.8426208496094,376.2530212402344,377.88677978515625,379.11834716796875,380.2369384765625,381.4856262207031,382.50360107421875
sample_2005705ecc475be3,374.405517578125,371.3834533691406,367.8502197265625,365.0187683105469,362.0702819824219,358.5152282714844,355.9107666015625,352.8045349121094,350.3451843261719,348.0365905761719,345.6123962402344,344.37884521484375
sample_4e8a16eb42b23a5d,383.11529541015625,386.7076110839844,391.7769470214844,394.1898498535156,396.8200378417969,397.6925048828125,405.42926025390625,414.9029541015625,422.2632141113281,415.4183349609375,416.7431335449219,417.8033447265625
sample_6849762b7d1f7f1a,392.6485595703125,395.8941650390625,395.6026611328125,404.6860046386719,400.240966796875,406.4444885253906,409.3078308105469,412.5130920410156,397.3372497558594,397.4149475097656,386.483154296875,381.94708251953125
sample_27635b1bb9fcbadc,448.6899108886719,445.7032470703125,440.6278381347656,436.1091003417969,431.37261962890625,424.4234924316406,419.9579772949219,413.46893310546875,409.3778381347656,405.6590881347656,401.0752868652344,397.75335693359375
sample_197ee9f675f436f5,319.4331359863281,321.16839599609375,325.1930236816406,328.5940856933594,333.1041259765625,338.52410888671875,343.0722351074219,348.5368347167969,353.6027526855469,360.72320556640625,367.29876708984375,374.7077331542969
sample_29c290f636118e9e,357.1139221191406,354.91314697265625,355.9355163574219,361.7838134765625,377.1431884765625,377.3477783203125,389.54248046875,373.4283447265625,365.2911376953125,370.5200500488281,375.328369140625,367.041015625
sample_08ba6dd010a34253,281.1411437988281,283.7801513671875,291.92999267578125,297.4388122558594,297.4361267089844,305.0967102050781,312.6233215332031,316.93682861328125,322.53326416015625,323.94671630859375,319.9971008300781,321.49407958984375
sample_cff3e066000e4f3b,359.6902160644531,367.9681091308594,378.5151062011719,380.45733642578125,386.9764709472656,391.4279479980469,404.05609130859375,413.3809509277344,418.08404541015625,411.8684387207031,407.6274108886719,409.9840087890625
sample_cfdd69cef0bb6182,364.4920654296875,368.4132385253906,372.8951416015625,376.14892578125,380.1862487792969,383.1903381347656,386.455810546875,387.45208740234375,390.3392333984375,390.4530944824219,392.3782958984375,392.39019775390625
sample_f991fe22c6ea3f01,364.1862487792969,362.57354736328125,361.4759521484375,360.59466552734375,360.1829833984375,360.0738220214844,360.1956481933594,359.90032958984375,360.278564453125,360.264892578125,360.25946044921875,360.3328857421875
sample_87b3224757c63b8c,345.5923767089844,353.6758117675781,359.1953430175781,359.4234619140625,367.80108642578125,373.70452880859375,383.2624206542969,389.2622985839844,388.1622619628906,382.4423522949219,384.9154052734375,382.074462890625
sample_1600a6eb68556d0c,493.829833984375,513.3718872070312,538.7418823242188,557.9140014648438,576.018798828125,590.4007568359375,591.272216796875,579.5267944335938,582.8472900390625,587.352783203125,574.1741943359375,558.746337890625
sample_8a71e030ab7f9eaf,331.4983215332031,344.8457336425781,364.29571533203125,385.2091979980469,408.9427490234375,423.3655090332031,432.146728515625,438.6488342285156,442.90130615234375,446.1097412109375,447.7696228027344,443.99407958984375
sample_386c30e4584a2318,415.23236083984375,411.5232238769531,407.4818420410156,404.340576171875,401.097900390625,398.272705078125,395.3667907714844,392.7401428222656,390.14996337890625,388.7367858886719,385.99578857421875,386.79522705078125
sample_a8a39d4d42f77c8d,391.4223327636719,395.6830139160156,399.1726989746094,401.1979064941406,402.83221435546875,409.7435607910156,418.8073425292969,425.5368347167969,419.78607177734375,417.647216796875,419.94720458984375,422.30560302734375
sample_a569c69e2a35a2da,354.4046630859375,353.3724670410156,353.21588134765625,353.364013671875,354.1490783691406,355.5259704589844,356.6180419921875,358.23614501953125,358.73760986328125,359.8517761230469,361.2762451171875,361.89764404296875
sample_794ef2c73a3acd3d,636.0125732421875,628.8614501953125,618.925048828125,601.3523559570312,585.2290649414062,557.9490356445312,544.1309204101562,526.41796875,516.4566040039062,508.1182861328125,501.37744140625,495.06292724609375
sample_ed95e0ad2001abf8,673.0156860351562,662.00927734375,648.7009887695312,636.2265625,620.00244140625,602.2384033203125,589.5591430664062,572.6959228515625,557.2636108398438,545.8792114257812,534.1689453125,524.6278686523438
sample_9cff930aa4a0545b,374.0440673828125,372.30169677734375,369.9132385253906,368.06109619140625,365.80877685546875,362.9018249511719,360.5273742675781,358.32659912109375,359.5956115722656,366.008056640625,366.59515380859375,356.99432373046875
sample_f63ffc7b634619a8,406.4475402832031,403.5007019042969,400.8364562988281,398.1677551269531,396.3675537109375,394.111572265625,392.1842346191406,394.201171875,406.3739929199219,409.97265625,412.60858154296875,437.006103515625
sample_d73230e5ddcea250,573.1851806640625,550.7959594726562,527.5567626953125,508.7130126953125,491.1315002441406,473.4606018066406,459.6612548828125,445.9975891113281,435.1554870605469,426.05328369140625,416.2325439453125,409.2064208984375
sample_d2051777823b3f65,309.411865234375,311.0837097167969,316.2694091796875,319.2965087890625,324.23541259765625,331.8183288574219,335.5227355957031,340.2249755859375,344.5528564453125,346.4980163574219,350.83544921875,355.21453857421875
sample_4524329088b7abbe,432.303955078125,429.9771728515625,427.121337890625,424.804443359375,421.8363952636719,418.6982116699219,416.4812927246094,414.5503234863281,412.8082580566406,411.5616149902344,409.3482666015625,408.3742980957031
sample_f80ba85c375c9dc6,432.242919921875,426.5502014160156,420.0225524902344,414.7353515625,409.152099609375,403.5980224609375,398.87548828125,394.6112976074219,391.0416564941406,388.5118713378906,385.5187683105469,383.7268981933594
sample_9430a969a6cbeb7c,584.6083374023438,566.5752563476562,548.5595703125,532.7758178710938,518.5614013671875,504.5382080078125,493.8307800292969,482.39422607421875,473.76904296875,465.50311279296875,458.23431396484375,450.734375
sample_8acb7051ecccca8d,426.0794677734375,438.9874572753906,448.0743713378906,450.63665771484375,451.9993896484375,460.5165100097656,459.2042236328125,452.6724853515625,447.5093078613281,439.58447265625,437.3919677734375,437.631591796875
sample_1ea977d1734d5cd8,487.22711181640625,478.437744140625,466.8958435058594,457.3434753417969,447.94219970703125,437.86566162109375,429.9097595214844,422.3400573730469,415.569091796875,410.3236999511719,404.2952575683594,400.47723388671875
sample_1d6b3b803533a982,402.4434509277344,401.4897155761719,399.986572265625,398.6775207519531,397.539306640625,394.929443359375,394.1328125,391.1401672363281,389.28973388671875,387.2174377441406,385.7546081542969,384.1053771972656
sample_aa147e4b419eb37d,377.22528076171875,376.38177490234375,377.57891845703125,378.1690979003906,380.7590637207031,384.7539978027344,387.398193359375,389.8571472167969,394.0373229980469,401.18548583984375,402.86724853515625,399.63458251953125
sample_41c655c9697c4c7c,462.0942687988281,456.29437255859375,447.21661376953125,439.7095642089844,433.30108642578125,426.1780090332031,420.7525939941406,414.7401123046875,409.3671569824219,404.91595458984375,398.05938720703125,391.46356201171875
sample_75e2c6fb46755f82,474.3943176269531,467.458740234375,456.9244079589844,449.41119384765625,442.3689880371094,433.522705078125,427.0313720703125,420.102783203125,413.2392578125,407.6856689453125,398.9109802246094,393.3048095703125
sample_d198d43ab8df90fb,301.1601867675781,308.93408203125,322.54315185546875,334.0464172363281,348.34857177734375,369.3292236328125,389.4377746582031,407.34710693359375,425.0921630859375,437.731689453125,436.65478515625,443.8687744140625
sample_e8bbb513b955caf4,499.5800476074219,498.8486328125,495.96868896484375,490.6883239746094,491.430419921875,489.85015869140625,485.51898193359375,477.1875915527344,466.2649841308594,458.42681884765625,444.58502197265625,435.62298583984375
sample_9011121c844ee74d,380.0265197753906,378.8954162597656,378.14630126953125,377.557861328125,377.2598876953125,376.8564758300781,376.7716979980469,376.6562805175781,376.43853759765625,376.2657470703125,376.24627685546875,376.0546569824219
sample_12bb72cb4eff94ec,361.2557373046875,359.52557373046875,358.83709716796875,358.1815490722656,358.3972473144531,358.319091796875,359.11480712890625,360.46856689453125,359.7232360839844,360.46240234375,363.5516052246094,362.7755432128906
sample_c5c2fdfabe6c9c0e,504.2231140136719,510.19818115234375,513.472900390625,515.8202514648438,516.7686157226562,512.8803100585938,509.1362609863281,507.8063049316406,507.4174499511719,507.1820983886719,506.4277648925781,505.09588623046875
sample_d14bcc5c2eb8efe6,391.58538818359375,390.1571960449219,388.8544616699219,387.751708984375,386.8970031738281,385.6993713378906,385.3155517578125,384.6282958984375,384.2663879394531,383.32000732421875,383.52105712890625,382.76641845703125
sample_6a2a042c5271f551,401.594970703125,403.9646301269531,413.2772521972656,419.38116455078125,436.2142028808594,455.6114196777344,477.0496520996094,486.96063232421875,505.9470520019531,513.3682861328125,512.9091796875,509.3950500488281
sample_d3bbe0a575248ebd,390.69146728515625,389.9827575683594,389.27838134765625,388.7109680175781,388.34759521484375,387.36285400390625,387.1622314453125,385.94439697265625,385.8647766113281,384.8879699707031,384.2356262207031,383.38970947265625
sample_6af70532319b8ab2,434.80218505859375,434.30523681640625,434.41571044921875,434.4127502441406,435.3551330566406,436.6595153808594,437.53125,437.8416748046875,439.05255126953125,439.3659973144531,439.7825927734375,440.353515625
sample_3332441e8d22ed71,443.4386901855469,438.255859375,431.24493408203125,425.44622802734375,419.9960021972656,412.171875,407.0009765625,401.2417907714844,397.8486328125,394.6384582519531,390.6689453125,385.78759765625
sample_a1495138107325b1,290.5849304199219,296.5035095214844,304.7226867675781,311.01904296875,318.2825927734375,325.47412109375,331.6822204589844,336.8860168457031,342.89971923828125,346.36407470703125,351.2669677734375,354.5869445800781
sample_d4fa4e335a03a8ee,373.25860595703125,375.4349060058594,378.09912109375,382.2469177246094,387.52606201171875,390.43658447265625,399.3038024902344,417.1063537597656,420.0007019042969,419.3764953613281,425.9869384765625,435.0369567871094
sample_0b9d8b7bbe52aed3,335.4880676269531,337.3442687988281,340.63739013671875,343.3045959472656,347.1350402832031,351.10345458984375,354.0958251953125,359.5063171386719,362.8674621582031,364.50506591796875,366.0010681152344,367.8337097167969
sample_b44d5a10213e02dc,442.72174072265625,438.6117858886719,432.2036437988281,427.215576171875,421.5028381347656,414.9049987792969,409.8658142089844,404.6045227050781,400.4386291503906,397.00579833984375,392.27935791015625,389.33953857421875
sample_92270b695c6d812e,324.1035461425781,323.1879577636719,325.7089538574219,325.1842956542969,326.7110290527344,330.9451599121094,334.7259826660156,334.985107421875,337.20599365234375,333.5245666503906,332.5799255371094,332.79571533203125
sample_ea180cf0b701b41e,511.95751953125,503.62103271484375,493.090576171875,484.947509765625,476.25543212890625,466.4540710449219,458.8192138671875,448.8553161621094,440.51702880859375,437.3912353515625,432.4984436035156,424.47723388671875
sample_bace170af356ae28,448.22540283203125,443.7142333984375,437.5228576660156,431.09100341796875,423.77703857421875,416.9652099609375,412.0456237792969,407.2858581542969,403.3475341796875,399.3785095214844,393.9984436035156,391.1762390136719
sample_d5d50fdaf0237265,359.5114440917969,361.8568420410156,366.78387451171875,377.2327575683594,384.0752868652344,382.30340576171875,380.74169921875,383.0215759277344,387.0355529785156,390.4703063964844,393.49444580078125,381.602294921875
sample_e0ebadcda25bb3c8,361.3626403808594,359.2504577636719,359.5751647949219,358.3429260253906,362.4623718261719,374.8615417480469,375.5377502441406,381.177490234375,378.910400390625,410.9085693359375,437.44012451171875,457.5726623535156
sample_4a471e666f535e1d,369.32470703125,366.41009521484375,363.3919372558594,360.90325927734375,358.5799255371094,356.109130859375,354.5370788574219,352.170654296875,350.9454650878906,350.029541015625,348.9648742675781,348.6783447265625
sample_6667b71f6483db8a,366.7431335449219,362.9947509765625,360.8406982421875,360.322265625,360.3419494628906,360.29052734375,360.2152099609375,359.157958984375,359.09552001953125,358.8465576171875,359.39111328125,358.4231262207031
sample_df11479690a0ebcc,432.01397705078125,427.40716552734375,421.05072021484375,415.5954284667969,409.9088134765625,403.3755187988281,398.34832763671875,393.1570739746094,388.4679260253906,385.13409423828125,380.7705078125,377.89605712890625
sample_22e59b74c5173ac8,320.63885498046875,324.0007629394531,328.8464050292969,332.4462890625,337.4862976074219,342.67059326171875,347.0039978027344,351.0961608886719,355.47149658203125,358.2674255371094,361.7992248535156,364.43597412109375
sample_aa2103ae8ff5223d,374.8674621582031,380.71466064453125,391.63958740234375,401.309326171875,413.7469177246094,427.79437255859375,444.3536682128906,459.3775939941406,484.0272216796875,501.08544921875,514.7802124023438,522.64404296875
sample_c3b1263465884f7a,344.82220458984375,353.518310546875,360.1532897949219,365.027099609375,374.76409912109375,383.4090576171875,384.58453369140625,385.123291015625,386.05059814453125,385.0905456542969,390.74755859375,393.73614501953125
sample_2e043e13063b3cc1,338.84716796875,337.7674865722656,337.6047058105469,337.0290222167969,338.1258544921875,339.0123291015625,337.6294860839844,336.4274597167969,338.1575927734375,339.7857971191406,346.9734191894531,341.1661376953125
sample_4d08957428004290,578.246337890625,561.5986328125,544.5321044921875,527.0403442382812,512.111328125,498.1248474121094,487.6522521972656,476.5840759277344,467.5694580078125,459.191162109375,451.26434326171875,444.734375
sample_4a0d675b67adf054,387.7259826660156,386.5036315917969,385.44134521484375,384.9089660644531,381.69677734375,382.12823486328125,384.595947265625,386.8304138183594,383.8585510253906,382.7839660644531,381.79779052734375,383.6556091308594
sample_7142a21eb06c4426,339.3661193847656,339.5907897949219,340.0794982910156,340.4991760253906,341.9571533203125,347.65032958984375,359.466796875,375.26226806640625,389.4996032714844,371.843017578125,365.6455078125,377.3043212890625
sample_d167c12171284859,449.716064453125,454.3862609863281,454.2493591308594,453.5614318847656,453.96624755859375,447.5676574707031,445.1903381347656,437.1774597167969,435.17755126953125,431.82861328125,428.3288269042969,425.2409362792969
sample_02d6fdad65c68f5e,383.2397766113281,384.2975158691406,385.6559753417969,386.5389709472656,387.90704345703125,388.5497131347656,389.5055847167969,389.5885009765625,390.5140686035156,390.12164306640625,390.4757995605469,390.08026123046875
sample_a323581f182fc779,514.4547729492188,529.4536743164062,537.515869140625,553.147216796875,569.4003295898438,580.6185913085938,574.7301025390625,569.8453369140625,557.4138793945312,560.4490966796875,550.3080444335938,524.8421630859375
sample_8816bcf71acdebf2,422.167724609375,418.3952941894531,413.3428039550781,408.87725830078125,402.75323486328125,395.5378112792969,390.1377868652344,391.3401184082031,394.6553955078125,408.1239013671875,420.4242248535156,430.82672119140625
sample_93b8ad0498e38533,570.05908203125,558.7513427734375,540.283447265625,526.258056640625,509.97607421875,490.3175048828125,476.3120422363281,464.5264587402344,454.7646789550781,446.3748474121094,437.9887390136719,430.9557800292969
sample_736dc4c31b66c64c,403.2331237792969,401.546875,399.6529235839844,398.01995849609375,396.37469482421875,393.9893493652344,392.86358642578125,391.2774353027344,389.8428955078125,388.41156005859375,387.83544921875,386.46624755859375
sample_b326d632abdb419b,341.9849548339844,359.06927490234375,378.4908447265625,395.73016357421875,410.9665222167969,427.4050598144531,438.37957763671875,452.5844421386719,454.3958740234375,450.7424011230469,455.69189453125,463.0986328125
sample_6eb6fb58c9340a65,490.39703369140625,481.8768615722656,469.4236755371094,458.7813720703125,448.92950439453125,437.8814697265625,430.57080078125,421.8247985839844,415.8228759765625,413.77947998046875,413.08502197265625,411.4158630371094
sample_ab32aa612ad2c241,385.86468505859375,384.0245361328125,382.260498046875,380.829833984375,379.57159423828125,378.1674499511719,376.9905090332031,375.8910217285156,374.9508056640625,374.01116943359375,373.6106262207031,372.908447265625
sample_4d1719ee118681d1,479.33441162109375,476.2235412597656,472.3779296875,469.0516357421875,466.03887939453125,461.8100891113281,457.8758544921875,453.2248840332031,445.5914611816406,445.2117919921875,447.05584716796875,443.7713623046875
sample_2d1b4309c52f57cc,390.9775390625,388.39617919921875,386.23248291015625,383.9449768066406,381.99908447265625,379.052001953125,377.3669738769531,375.6147155761719,373.828857421875,372.7972717285156,371.4063415527344,370.3445739746094
sample_1c26273b4083a22d,429.11541748046875,428.0686340332031,426.0350341796875,425.34686279296875,425.280029296875,423.6707763671875,421.7185974121094,418.9469299316406,414.8553771972656,413.2295837402344,405.6954345703125,403.3326416015625
sample_18400e5a5e6b6641,371.1668701171875,369.2910461425781,367.3056640625,365.9166259765625,364.196533203125,361.96868896484375,360.67388916015625,356.7859191894531,354.5874938964844,353.88995361328125,353.1545715332031,351.5931091308594
sample_7e13ab34f23f642d,521.2343139648438,505.57318115234375,487.33721923828125,473.3709716796875,460.2117004394531,446.85308837890625,436.151611328125,426.095947265625,417.5607604980469,410.70233154296875,402.97637939453125,397.50775146484375
sample_98b5290e6032321e,340.1894836425781,338.2270812988281,338.1982727050781,337.81390380859375,337.8707580566406,338.5462951660156,338.7396240234375,340.5007629394531,341.6091003417969,340.1659240722656,340.9089050292969,341.813720703125
sample_05163707bad26b2d,628.0553588867188,624.4761352539062,612.1200561523438,599.3623657226562,589.0816040039062,579.1920166015625,564.3728637695312,559.458740234375,554.6492919921875,549.1103515625,541.3544311523438,534.585693359375
sample_d413b613f983cb46,327.3721923828125,327.1760559082031,329.5801696777344,331.615234375,334.8118896484375,339.3655090332031,342.38995361328125,345.3351135253906,348.4130859375,350.7314147949219,353.21441650390625,355.57452392578125
sample_e7a6066b675516ce,327.3912353515625,327.8417053222656,330.1385192871094,332.216796875,335.39654541015625,339.6056213378906,342.7289123535156,346.37579345703125,349.096923828125,351.7071228027344,354.2890625,356.6981506347656
sample_4ec371ee66aade54,465.58599853515625,461.0787658691406,453.12005615234375,446.24786376953125,439.1019287109375,430.3403015136719,424.251953125,417.1163635253906,411.5645446777344,407.4237060546875,401.86151123046875,398.23760986328125
sample_926a40dfce62b369,393.30072021484375,391.15838623046875,389.1145324707031,385.99456787109375,385.10552978515625,378.9334716796875,375.205078125,372.13336181640625,369.74212646484375,366.4525451660156,364.5823669433594,361.6015625
sample_dfcbce295f53bf23,480.3960266113281,469.6192932128906,455.1170654296875,444.9781799316406,434.90313720703125,421.0097961425781,410.77972412109375,401.9671630859375,393.4087219238281,385.26690673828125,378.2554931640625,374.15838623046875
sample_46027690051e1119,350.5110778808594,360.142822265625,371.87664794921875,382.17864990234375,385.3216552734375,392.56829833984375,397.4034423828125,409.74029541015625,420.8062744140625,423.7571105957031,419.1282958984375,413.1976623535156
sample_9e93aff0c3f24c85,632.6460571289062,626.8015747070312,614.2860717773438,604.7752685546875,598.0694580078125,588.3002319335938,582.3968505859375,575.66552734375,567.785888671875,561.1015625,557.6229858398438,553.0781860351562
sample_74d1e5a759f265b4,371.934814453125,371.9087829589844,372.27801513671875,372.3725891113281,373.0646057128906,372.77899169921875,373.5563659667969,372.9281005859375,373.3437805175781,372.7944030761719,373.3926086425781,372.8028564453125
sample_620be7c77fcb7629,317.0926818847656,320.12127685546875,326.1450500488281,330.958984375,336.81170654296875,343.59759521484375,348.48944091796875,354.0758361816406,358.7577819824219,362.46832275390625,366.8014221191406,370.20806884765625
sample_c03192158b4f8013,290.6825256347656,291.92913818359375,296.56793212890625,300.7594299316406,304.5602722167969,309.7490234375,314.62591552734375,322.17413330078125,331.78924560546875,340.5740051269531,349.8067321777344,377.18792724609375
sample_7d278c24a79cb141,467.1923522949219,472.0946350097656,478.9437561035156,486.10009765625,489.9556579589844,483.0517883300781,480.32720947265625,477.1444396972656,475.6656188964844,465.0638732910156,454.4537048339844,449.3942565917969
sample_774d1f27af8e1aca,470.6255798339844,475.46087646484375,472.5962219238281,464.414794921875,457.6218566894531,448.18328857421875,445.319580078125,438.2926940917969,432.7442932128906,426.8130798339844,421.01123046875,416.5518798828125
sample_6b345d067d7afb6d,319.97174072265625,323.7522888183594,329.9855651855469,335.521484375,341.6622009277344,349.0285949707031,355.5774230957031,361.05889892578125,364.97357177734375,365.9501037597656,369.5827941894531,374.0401916503906
sample_5759caa6ff17c837,438.96038818359375,432.9872741699219,423.95281982421875,420.0575256347656,422.50335693359375,418.8575439453125,439.2583923339844,488.0520935058594,545.0187377929688,549.4222412109375,570.7466430664062,609.306396484375
sample_12419ad7ec792880,343.57012939453125,350.2263488769531,360.50067138671875,372.3593444824219,383.1219787597656,400.30804443359375,419.37890625,439.4826965332031,446.9405212402344,450.744384765625,455.97454833984375,457.55511474609375
sample_a6706613145704f2,439.1201171875,433.53955078125,426.0640869140625,420.3135681152344,413.2265930175781,405.74090576171875,400.02880859375,394.2078857421875,389.3606262207031,385.8673400878906,380.9330749511719,380.3447570800781
sample_78617b1caaa77628,345.96295166015625,344.7682189941406,345.6370849609375,346.188232421875,347.5957946777344,349.3423767089844,351.33953857421875,352.5537414550781,354.30419921875,355.1996154785156,357.11260986328125,357.9742126464844
sample_b6f75d4beef89199,389.378662109375,388.8482360839844,388.9418029785156,391.22735595703125,390.8653564453125,389.9519348144531,398.0969543457031,385.7181396484375,385.51116943359375,385.8320007324219,385.57659912109375,383.75274658203125
sample_ac5701e79049f4d7,348.82281494140625,350.6125793457031,351.0498352050781,350.84320068359375,351.8409118652344,355.5807189941406,361.11376953125,365.91986083984375,363.7629089355469,363.19171142578125,364.5013122558594,366.1784973144531
sample_f13ced31cef56c7e,330.52593994140625,331.1441955566406,333.596923828125,335.7168884277344,338.9309997558594,343.1636657714844,346.2979431152344,350.04022216796875,353.04486083984375,355.5,358.20513916015625,360.7530212402344
sample_0676fae9b3117d33,620.09423828125,613.239013671875,602.4246215820312,592.4854125976562,583.9685668945312,573.8023681640625,566.7467651367188,558.929931640625,551.9508056640625,546.7463989257812,540.9171752929688,536.0278930664062
sample_3758e1ac40d90411,359.9549255371094,357.5827331542969,355.4130554199219,353.3004150390625,350.877197265625,349.0234069824219,348.1299133300781,348.0435485839844,352.2644958496094,363.863037109375,373.06854248046875,375.97357177734375
sample_d812db0bceb5f87a,339.4126281738281,340.3100891113281,342.0169982910156,340.3575744628906,341.2595520019531,343.04107666015625,347.98956298828125,354.1164855957031,363.1549072265625,378.4078674316406,406.00372314453125,427.4100036621094
sample_932e6d683de28825,397.7243957519531,406.5564880371094,425.90533447265625,445.8431396484375,469.4906005859375,483.5509948730469,504.61114501953125,515.63525390625,515.3026123046875,511.2069396972656,525.6194458007812,520.7694091796875
sample_1973a13ad9973466,589.9105224609375,585.2792358398438,576.189208984375,567.9910278320312,560.3699951171875,550.6898803710938,544.0300903320312,536.13671875,529.879150390625,525.0408325195312,519.856201171875,515.187255859375
sample_3a1a81047570702d,323.5621643066406,324.8704833984375,328.401123046875,331.46142578125,335.7599792480469,341.023193359375,344.802978515625,349.1232604980469,352.3414306640625,355.6367492675781,358.80010986328125,361.52508544921875
sample_e3904ba6d9c42138,430.07861328125,425.1300048828125,418.8979187011719,413.3143615722656,407.4775085449219,401.2514953613281,396.81695556640625,391.4180908203125,387.19134521484375,383.8619689941406,379.8482666015625,377.0064392089844
sample_c79aff842268d74a,321.4998779296875,324.78753662109375,329.5546875,333.1073913574219,338.1675109863281,343.3398742675781,347.6915588378906,351.6690368652344,355.9975280761719,358.74749755859375,362.3142395019531,364.9085388183594
sample_0d143b609fff9e38,333.0650634765625,333.2538146972656,335.1644592285156,336.9603576660156,339.7275085449219,343.4664306640625,345.9059753417969,349.1961364746094,351.40496826171875,353.91168212890625,356.2206115722656,358.4508972167969
sample_ccb241aa0f2d2559,311.2488098144531,317.4395751953125,327.1256408691406,336.8133850097656,344.2709655761719,351.9719543457031,359.7785949707031,368.75384521484375,372.5807800292969,375.370849609375,380.72723388671875,383.5262451171875
sample_ac82be6467cc5419,436.19122314453125,430.4329528808594,419.9942321777344,411.461181640625,404.91943359375,399.35125732421875,396.7610168457031,396.33331298828125,420.0121765136719,468.6932678222656,488.45513916015625,511.1466979980469
sample_936fd27ebfabbf0a,423.6926574707031,419.78765869140625,415.25946044921875,411.3070983886719,406.25347900390625,401.0721435546875,396.98028564453125,393.17401123046875,390.0697937011719,387.4163818359375,383.8411865234375,381.66552734375
sample_c8091792d788a203,316.16094970703125,317.0955505371094,321.1474609375,326.1723327636719,332.8730163574219,337.46209716796875,344.32611083984375,348.9131164550781,343.49761962890625,347.7390441894531,354.7131042480469,355.9137268066406
sample_cffca853c0bd55cf,342.294921875,348.15618896484375,353.1246032714844,353.92572021484375,355.79522705078125,359.1235046386719,363.92022705078125,366.2825927734375,362.80133056640625,362.6299743652344,363.5885314941406,367.4198913574219
sample_74ea66f3e276d5af,330.1942138671875,332.52490234375,336.0750732421875,338.6436767578125,342.6634216308594,346.6846008300781,350.2381286621094,352.7707214355469,355.9444580078125,357.8031921386719,360.6746826171875,362.6942443847656
sample_ba90490459ab0375,340.59326171875,351.4945983886719,362.34881591796875,364.25128173828125,364.43212890625,373.8954162597656,378.182861328125,387.9741516113281,394.4441833496094,390.9967346191406,385.3941955566406,386.32037353515625
sample_48865880b9925243,313.76763916015625,316.0025634765625,319.86669921875,322.89166259765625,326.9916076660156,331.19097900390625,334.86297607421875,338.004638671875,341.6407775878906,343.3369445800781,346.6145935058594,348.5819091796875
sample_efdb035555f00f5f,594.0686645507812,594.1331176757812,585.264404296875,577.8375244140625,575.230224609375,565.5699462890625,555.7348022460938,536.7265625,519.4344482421875,513.9733276367188,503.3959655761719,490.86456298828125
sample_ff5e71817401c0d0,485.2752380371094,478.81463623046875,468.48028564453125,459.10552978515625,450.5438537597656,440.4145202636719,433.2196044921875,424.6892395019531,418.4974060058594,412.99420166015625,406.9949035644531,402.4158630371094
sample_ef509a3c8ad25b7d,352.2458801269531,352.8497009277344,353.54022216796875,354.2069091796875,355.5230407714844,355.9222412109375,357.2740173339844,357.92449951171875,357.0809326171875,355.89404296875,356.3500671386719,356.304931640625
sample_97a206626bd7689e,430.2641906738281,425.3944396972656,418.9672546386719,413.32244873046875,407.55859375,401.1354064941406,396.4557189941406,391.6824951171875,386.8941650390625,384.446044921875,380.2016296386719,378.1730041503906
sample_cc69969280889f6c,386.43475341796875,386.2828369140625,389.1683044433594,389.3077087402344,395.2751770019531,387.80340576171875,385.3548278808594,383.3456726074219,383.1610412597656,379.5168151855469,381.1123962402344,375.57708740234375
sample_4ed862d7e1e49c10,321.3439025878906,321.1747131347656,322.16229248046875,322.56402587890625,323.2662048339844,324.1990051269531,325.6338195800781,326.0914611816406,327.0372619628906,326.6121826171875,327.811767578125,328.161376953125
sample_9cd9baeaa53f76df,354.66522216796875,363.17510986328125,377.9041748046875,394.93994140625,411.73736572265625,421.77423095703125,433.78900146484375,443.2250671386719,435.39190673828125,437.2682800292969,443.18658447265625,442.072998046875
sample_8ac9936c70fef5ee,536.0462646484375,530.9061279296875,518.438720703125,504.8982849121094,495.08056640625,478.95623779296875,464.27777099609375,450.7196960449219,443.3999938964844,435.2182922363281,427.48870849609375,421.71295166015625
sample_aefa18a7babd9d6e,506.5399475097656,491.38543701171875,474.28204345703125,460.94195556640625,448.33740234375,435.3175048828125,424.79327392578125,415.03155517578125,406.8492126464844,400.2135009765625,392.58062744140625,387.7259216308594
sample_e6b4d564a871f5d5,368.8967590332031,366.41217041015625,365.63543701171875,364.4578857421875,363.8622741699219,364.1206359863281,364.2764892578125,364.8977966308594,364.68829345703125,365.3225402832031,365.4579162597656,365.4515075683594
sample_c820d06b028c2649,438.70782470703125,440.602783203125,440.6682434082031,439.68963623046875,439.0260925292969,434.5419616699219,433.6029968261719,428.3605041503906,426.9773254394531,422.7008972167969,420.88006591796875,418.1873474121094
sample_ab52eb51ce7611ef,484.7496643066406,484.6610107421875,487.13739013671875,493.0849304199219,504.8327331542969,516.6182861328125,525.2161865234375,545.7266845703125,562.8648681640625,573.70849609375,566.0982666015625,566.4151611328125
sample_8892344d819c10fa,445.2817077636719,439.8273620605469,433.4253845214844,428.33050537109375,422.658447265625,417.21807861328125,412.589599609375,408.08587646484375,405.0893859863281,403.33160400390625,400.27008056640625,398.89215087890625
sample_759b82eef0844e9c,354.7938537597656,353.4903259277344,353.48663330078125,353.70269775390625,354.6415710449219,357.50933837890625,361.2698059082031,364.7901916503906,368.1957092285156,376.2349548339844,388.00726318359375,397.1080627441406
sample_b21aecd3c0cd635f,419.3570251464844,416.4687194824219,411.9056396484375,408.3077087402344,404.4354553222656,400.9006652832031,398.16595458984375,392.51300048828125,386.5393981933594,383.0281066894531,380.7241516113281,379.30206298828125
sample_17c82263b7a50a99,423.5243225097656,424.1302185058594,424.0835876464844,423.51104736328125,422.6510925292969,419.0010070800781,417.40069580078125,414.5299987792969,412.9109191894531,410.4742736816406,407.9878234863281,405.39556884765625
sample_5754c8d5b201ed87,521.9593505859375,513.8469848632812,501.17376708984375,489.94671630859375,480.37957763671875,468.7574462890625,459.91943359375,449.8824462890625,442.7817077636719,437.8645324707031,430.28997802734375,424.4830627441406
sample_df169815338676a1,569.2326049804688,555.0780029296875,537.3660278320312,519.5040283203125,501.4615783691406,483.479248046875,472.1710205078125,458.60443115234375,448.98382568359375,440.2242431640625,431.504638671875,424.5174560546875
sample_115455fcb9fac7fd,594.9724731445312,591.605224609375,582.95361328125,571.8507080078125,556.0562744140625,537.4443969726562,529.6238403320312,515.3604125976562,502.14617919921875,493.1541748046875,485.1353759765625,479.0460510253906
sample_0a603d2709fc1314,390.10870361328125,388.3550109863281,387.7954406738281,387.26007080078125,387.1440734863281,387.76348876953125,388.37420654296875,388.8842468261719,389.2470703125,389.891357421875,390.42559814453125,391.10931396484375
sample_8c3eb9d7d44bac6d,449.2272644042969,444.5244140625,436.8699951171875,430.4958190917969,423.87078857421875,415.47705078125,409.36773681640625,402.5875549316406,397.2109375,393.1914367675781,387.74755859375,384.01422119140625
sample_a2ef3f75069db2c9,563.1596069335938,549.0333251953125,531.0047607421875,516.0911254882812,503.2877502441406,488.896240234375,478.15032958984375,466.2281494140625,457.5542297363281,449.4700927734375,441.59295654296875,435.06292724609375
sample_27b7bb25a7437640,367.419189453125,366.4884033203125,366.36346435546875,366.5892639160156,367.4198303222656,368.5595397949219,369.0721740722656,370.5947265625,370.9253234863281,371.8655700683594,372.7270202636719,373.25982666015625
sample_40f2a6e4f78159cf,444.1961364746094,445.0030212402344,443.141845703125,440.564453125,438.1661376953125,432.9735412597656,430.1871643066406,424.6825256347656,422.07830810546875,418.5356140136719,415.3782958984375,412.3484802246094
sample_504c999d76d1973f,382.41534423828125,384.3229675292969,388.9917297363281,392.65216064453125,397.2574462890625,402.9295654296875,407.85748291015625,412.08258056640625,416.5279235839844,419.641845703125,423.07794189453125,425.6322326660156
sample_87767396d5d151b4,446.1284484863281,441.0,433.6476135253906,428.0494689941406,422.3958740234375,416.5360107421875,411.71929931640625,408.3468933105469,408.5069274902344,412.1182556152344,409.6463928222656,409.8294982910156
sample_f07891a646d82c36,410.6659240722656,408.36627197265625,405.7255859375,402.3746032714844,399.3300476074219,395.2410583496094,392.51751708984375,388.7536926269531,385.81915283203125,382.9066162109375,380.23516845703125,377.96307373046875
sample_259e364a909508dc,401.7273254394531,399.66741943359375,397.267333984375,395.2675476074219,393.31182861328125,390.8708190917969,389.5873718261719,388.023193359375,386.2236022949219,384.6559753417969,383.7773742675781,382.37103271484375
sample_e87f68bb2139ad68,283.7621765136719,288.529296875,295.986083984375,301.6710510253906,308.4255065917969,315.8443603515625,321.8173828125,327.5198974609375,333.1600646972656,336.84075927734375,341.79437255859375,345.2008972167969
sample_0399332d74a15c10,422.13116455078125,415.19427490234375,405.0912170410156,397.10552978515625,388.46881103515625,378.8692321777344,371.84442138671875,364.5875244140625,358.4930419921875,354.009765625,348.120361328125,345.6346740722656
sample_7d7c99d34cfc5e0b,422.9368896484375,419.5572814941406,415.9889831542969,412.7044677734375,409.5419006347656,405.6860656738281,402.5899353027344,399.3604736328125,396.4265441894531,394.1510314941406,391.1097412109375,389.10382080078125
sample_c44876cc1fc08034,416.4884338378906,416.49505615234375,410.7186279296875,410.67279052734375,400.2418518066406,389.7621154785156,386.58282470703125,381.6282653808594,375.32794189453125,373.8947448730469,370.4162902832031,374.5518798828125
sample_1fcea3cc348764b2,398.9577941894531,399.8524475097656,400.3363342285156,400.08599853515625,400.7869873046875,399.9006042480469,399.79974365234375,397.8072814941406,397.85211181640625,396.4949951171875,395.7724914550781,394.4836120605469
sample_2f053818c0fe1618,407.329833984375,404.8119201660156,402.8506164550781,401.1352844238281,399.6775207519531,398.48297119140625,397.39495849609375,396.7283020019531,394.94268798828125,395.06231689453125,394.5463562011719,394.2005920410156
sample_2e78b2ea251c44ff,359.09625244140625,358.92486572265625,359.3641662597656,359.3210144042969,359.71759033203125,360.2215881347656,361.4845275878906,361.4264221191406,362.6799011230469,362.2969055175781,363.40032958984375,363.3489685058594
sample_6baa7771f9483f06,395.6968688964844,394.38372802734375,393.337158203125,392.396484375,391.85809326171875,390.9859924316406,390.5484924316406,389.7494812011719,389.48248291015625,388.5613098144531,388.41693115234375,387.675537109375
sample_3f6c66823889d9dd,441.5504455566406,437.02545166015625,430.52301025390625,425.4220275878906,420.2027893066406,414.6490478515625,414.3777770996094,415.89605712890625,412.36041259765625,417.3745422363281,426.6291809082031,421.7900390625
sample_e7bf46a4af65267e,387.33233642578125,389.09136962890625,394.2492370605469,408.16741943359375,422.45849609375,426.45831298828125,431.4409484863281,435.64874267578125,446.04071044921875,461.94952392578125,473.5461120605469,463.8580322265625
sample_c0ca21f284d5e0f7,417.7947082519531,414.63189697265625,410.7042236328125,407.5391540527344,404.0168151855469,400.272705078125,397.2552185058594,394.8350524902344,391.9504089355469,390.3988342285156,387.7802429199219,386.13031005859375
sample_258b571704293c54,737.82177734375,727.4783325195312,709.700439453125,687.0088500976562,661.2608642578125,638.7158203125,621.1748657226562,597.5467529296875,580.454833984375,569.8054809570312,561.2325439453125,552.5408325195312
sample_23d98266f97001e5,469.7539978027344,501.5625305175781,520.8033447265625,530.62353515625,529.071533203125,521.0347900390625,522.9164428710938,519.9437255859375,521.044677734375,512.1865844726562,510.0964660644531,506.90576171875
sample_0b68eb15687b273f,525.0596313476562,539.4578247070312,554.378173828125,564.8834838867188,563.1478271484375,561.2120971679688,549.3905029296875,550.9368286132812,541.5908813476562,520.06396484375,504.47503662109375,492.2990417480469
sample_53c33b515348bd54,531.886962890625,540.127685546875,554.0995483398438,566.6512451171875,578.5994873046875,572.3792114257812,570.07421875,554.08935546875,558.4671630859375,547.647216796875,524.4451904296875,508.1329345703125
sample_c2e064993bd288fb,380.90106201171875,405.0768737792969,424.24261474609375,441.0220642089844,459.3193664550781,478.66815185546875,499.5684814453125,517.2353515625,525.4107666015625,512.6898193359375,518.2996826171875,514.5304565429688
sample_fb544b096b932b93,383.9341735839844,382.1151428222656,380.5938720703125,378.9703674316406,378.50457763671875,378.28082275390625,378.7897644042969,380.0723571777344,385.9833068847656,394.8746643066406,400.8981628417969,411.3821716308594
sample_ffc6e5d1fe8faf7e,397.89862060546875,396.11248779296875,394.7814025878906,394.33428955078125,393.9532470703125,394.3941955566406,394.69775390625,395.5050048828125,395.9997863769531,396.4453125,396.9437255859375,397.2164306640625
sample_3ec36090fd8d2a14,564.0625,545.3709716796875,524.5028686523438,508.7161865234375,493.0596008300781,478.21185302734375,466.42327880859375,455.71966552734375,446.5955810546875,438.5449523925781,430.40924072265625,423.9642333984375
sample_a3911689326cb0b1,299.97174072265625,303.48046875,309.5549621582031,314.1493225097656,319.8806457519531,326.1349792480469,331.18121337890625,339.4927978515625,350.4117126464844,362.275634765625,368.1468200683594,383.8541564941406
sample_622b6bd64247e4d2,459.0128173828125,471.43792724609375,483.7958984375,488.29718017578125,494.349609375,501.7645263671875,509.6214599609375,509.9979248046875,514.7520751953125,518.356689453125,522.8217163085938,520.4655151367188
sample_dd116e215f9bde0f,291.23675537109375,294.9921569824219,301.3050537109375,306.521484375,312.3433837890625,318.9538269042969,324.2342529296875,329.5198974609375,334.6514587402344,337.8599853515625,342.1724548339844,345.26226806640625
sample_b217af9399994642,349.2654724121094,356.30718994140625,364.0701904296875,369.6557312011719,376.2765197753906,381.7713928222656,387.52178955078125,392.2250061035156,397.0559387207031,399.2566833496094,403.9021301269531,409.1996154785156
sample_5eea6a4d11c3c221,396.0841979980469,393.5987243652344,391.1074523925781,389.1185607910156,387.0741271972656,385.06475830078125,383.14801025390625,381.552001953125,379.93890380859375,378.7331237792969,377.0933837890625,375.858154296875
sample_172854c94314a1c3,422.1590270996094,420.97003173828125,419.0975646972656,417.2805480957031,415.2326354980469,411.2039489746094,409.37957763671875,405.32659912109375,402.4920654296875,399.39263916015625,396.8363342285156,394.1257629394531
sample_2a6983c80013078a,513.8384399414062,506.7551574707031,496.563232421875,488.2539367675781,478.993408203125,469.0996398925781,462.38970947265625,456.8282165527344,455.5841369628906,460.21575927734375,455.6159362792969,449.016845703125
sample_1f40ebfe6119d681,498.8809509277344,492.51617431640625,481.4662780761719,471.3531188964844,463.0060729980469,453.381103515625,446.68402099609375,439.3061828613281,433.7945861816406,428.7099609375,422.98870849609375,418.6366271972656
sample_edaf53514bf0c32e,353.1555480957031,351.4349670410156,350.6148681640625,349.7765197753906,349.5299072265625,349.6163635253906,349.9041748046875,349.9562683105469,350.33251953125,350.1910095214844,350.9299621582031,351.1407470703125
sample_346ef182e203eca4,493.60931396484375,493.5514831542969,490.6168518066406,487.97076416015625,485.4670715332031,481.12127685546875,478.5762023925781,474.0570983886719,471.74371337890625,468.1578063964844,465.35443115234375,462.1270446777344
sample_da52f9b14d15c51f,311.3125915527344,315.30303955078125,332.376708984375,342.67462158203125,345.24664306640625,345.0862731933594,350.17315673828125,355.07586669921875,368.8324279785156,371.6949462890625,368.6742248535156,361.2054443359375
sample_f7b4477bc1cb1338,531.1505737304688,524.855224609375,514.5357055664062,506.2708740234375,499.08160400390625,491.83758544921875,489.1458740234375,488.9163818359375,481.0135498046875,475.7998046875,470.26873779296875,466.2382507324219
sample_937752ac54c658e9,303.0586242675781,309.9980163574219,318.5702819824219,325.3254699707031,333.03326416015625,340.35980224609375,347.0114440917969,351.9673767089844,358.090576171875,361.3154602050781,366.416259765625,369.3067626953125
sample_61dd0aa65f0608b9,390.7472839355469,390.6730651855469,390.65631103515625,390.4708251953125,390.8326110839844,390.08642578125,390.4384460449219,388.99017333984375,388.9262390136719,387.9368591308594,388.0517578125,387.2095031738281
sample_92e40598b255f307,297.9293518066406,304.89141845703125,315.15380859375,322.5408020019531,331.7088928222656,341.0643310546875,348.7061462402344,355.2724609375,362.42022705078125,366.3499450683594,372.4091796875,375.7992858886719
sample_afa5130f3dfc8e4a,334.53656005859375,336.42156982421875,340.10968017578125,342.8336181640625,347.0445556640625,351.87060546875,355.3497009277344,359.6452941894531,362.7156066894531,365.6887512207031,368.7192687988281,371.3585510253906
sample_bf6ba33a8f0f19a2,407.2187194824219,407.6181640625,407.3985900878906,407.1459045410156,406.9565734863281,405.8196716308594,405.2655029296875,402.3622131347656,401.9561462402344,399.92694091796875,398.0029602050781,396.0787048339844
sample_a311786a17a6a003,419.5314636230469,420.793212890625,421.6038818359375,422.3943176269531,422.9412536621094,420.8216247558594,419.5166015625,416.10882568359375,415.2729797363281,413.7507629394531,411.87579345703125,409.368896484375
sample_56f1852adabf9725,366.8051452636719,365.3890380859375,364.739990234375,364.2272033691406,364.1661376953125,364.5101318359375,365.024169921875,365.880859375,365.66802978515625,366.2471618652344,367.070556640625,367.2099304199219
sample_612ce7c23f865092,383.93927001953125,383.6322937011719,383.7784729003906,383.6574401855469,386.2460632324219,398.0992431640625,398.8948059082031,396.03851318359375,396.4036865234375,407.8215637207031,409.3688049316406,425.3585510253906
sample_1c90aec01a6b887e,384.9231262207031,383.82611083984375,383.6706848144531,383.09307861328125,383.6265563964844,384.8482666015625,386.0549011230469,386.8510437011719,387.8616027832031,388.2160339355469,389.9911193847656,390.1893310546875
sample_c856e1411e2c391b,324.8548889160156,327.1171569824219,332.0057373046875,335.93341064453125,341.3203125,347.6784973144531,353.31640625,358.2351379394531,363.2925109863281,368.27081298828125,372.1371154785156,374.04473876953125
sample_734ec41bf9abcd52,338.7560729980469,340.0650329589844,343.3698425292969,355.719482421875,379.84625244140625,415.3213195800781,450.50506591796875,485.1878662109375,518.9854736328125,551.6731567382812,574.4480590820312,584.14013671875
sample_a7d0218b478669cb,691.2296752929688,676.27880859375,657.8651733398438,642.172607421875,628.3865356445312,613.2901611328125,601.5811157226562,589.4010009765625,580.1746826171875,571.903564453125,563.2467041015625,556.1810913085938
sample_f16f8ec977b3afbf,331.4089660644531,352.0108337402344,376.2431335449219,393.9817199707031,413.245361328125,428.5696716308594,445.42620849609375,450.3336181640625,451.1593017578125,455.28265380859375,466.8385314941406,468.52655029296875
sample_3c8cd59791d1d0f1,426.7627868652344,428.85595703125,429.4114074707031,429.15478515625,429.30224609375,426.4935302734375,426.53753662109375,423.00311279296875,422.3253479003906,418.9383850097656,418.2934265136719,415.3966369628906
sample_30a44a9c5135b22d,378.2169494628906,376.5655517578125,375.6009521484375,374.7227783203125,374.06109619140625,373.6811218261719,373.760498046875,373.4494934082031,373.68609619140625,373.4200439453125,373.7138671875,373.5694885253906
sample_574b191e177d3d1f,298.0373840332031,305.89141845703125,316.3482666015625,326.9464111328125,340.6602783203125,358.3511657714844,363.9881896972656,369.8453674316406,378.18798828125,375.40869140625,382.893310546875,390.5126037597656
sample_ff92d6698d25e276,369.70257568359375,401.4345397949219,439.96844482421875,476.7670593261719,516.4063110351562,556.452392578125,582.0977172851562,591.038818359375,593.6356201171875,598.01904296875,605.6671142578125,593.91552734375
sample_03a983adad29425d,452.3739318847656,474.89117431640625,488.29779052734375,485.93505859375,483.7870178222656,479.694091796875,475.0295715332031,476.9334716796875,471.2501525878906,462.9676208496094,456.96795654296875,449.033203125
sample_ee0a4a285b9c628a,304.4862060546875,305.8704833984375,309.928955078125,312.5275573730469,316.2817687988281,320.7004089355469,324.6091003417969,327.062255859375,330.9715881347656,332.7893371582031,335.8124694824219,337.72265625
sample_82b9dd50a84de564,385.0906677246094,382.6626892089844,380.2671813964844,377.8623046875,375.877197265625,373.67205810546875,372.25958251953125,370.3028564453125,368.4150695800781,367.0832214355469,366.0933837890625,365.0802307128906
sample_e332768b00d9ab0e,365.200439453125,367.2803039550781,371.5958251953125,375.4537658691406,381.63580322265625,390.7040100097656,402.5062561035156,404.5029602050781,406.936767578125,414.0281066894531,420.411865234375,416.9879150390625
sample_42cb641ebb1a15cd,427.13031005859375,422.66302490234375,417.59259033203125,413.7861328125,409.4658508300781,405.1548156738281,401.2034606933594,397.8858947753906,393.8951721191406,392.1962585449219,388.4878234863281,387.0812683105469
sample_da7778974d627008,302.3304748535156,306.1680603027344,312.13836669921875,316.7113952636719,322.46197509765625,328.5276794433594,333.53826904296875,338.3605651855469,342.9074401855469,346.2083740234375,350.1817321777344,353.0143737792969
sample_46e7884f7409a79f,432.66357421875,428.69171142578125,421.71746826171875,416.0748596191406,411.1090393066406,404.30560302734375,397.87969970703125,389.6214599609375,385.0503845214844,381.85858154296875,377.8606262207031,375.3421630859375
sample_4dedd054176ba7fb,537.0620727539062,528.9155883789062,520.3005981445312,509.69342041015625,500.34466552734375,492.1524658203125,486.83343505859375,481.6485595703125,477.3172607421875,474.5796813964844,470.80145263671875,467.7359924316406
sample_cee7931c68ffcd61,340.6290283203125,339.39703369140625,339.6359558105469,339.7895202636719,340.4024658203125,341.8067626953125,343.33056640625,344.5324401855469,346.6995544433594,348.8404846191406,351.0379638671875,358.5406799316406
sample_6d3d74b4ba87c6bb,551.5946655273438,542.0814819335938,531.3963012695312,525.2869873046875,514.7556762695312,499.4857177734375,487.5624084472656,482.24853515625,471.779541015625,464.720703125,456.4577941894531,450.31781005859375
sample_93a3bf1a0e1f8624,327.274658203125,333.0984191894531,340.4725036621094,345.7375793457031,352.65716552734375,359.2291564941406,365.1563415527344,369.5198974609375,375.1600646972656,377.8529052734375,382.5010681152344,385.0911865234375
sample_9f89dbc0255a869e,420.140380859375,451.3190002441406,483.4128112792969,517.1300048828125,562.0565795898438,615.829833984375,656.9826049804688,687.052490234375,690.9193725585938,712.9362182617188,741.27490234375,750.2869262695312
sample_79114d2bd5413154,308.5008850097656,314.42889404296875,321.7086486816406,327.0186462402344,333.9947204589844,340.4565124511719,346.3794860839844,350.66229248046875,356.1600646972656,358.54095458984375,362.96221923828125,365.1473388671875
sample_6cd800e5947c90c0,425.7171325683594,422.48797607421875,419.3293151855469,417.3576965332031,414.9048156738281,412.91278076171875,411.7044372558594,411.49609375,411.5126647949219,420.06005859375,430.3512268066406,442.571044921875
sample_0cc5bfec378d1b53,388.9728088378906,390.9137268066406,395.6025390625,392.68548583984375,392.201904296875,395.5497131347656,407.0832214355469,420.3470153808594,442.0169372558594,480.7119140625,559.1972045898438,611.3784790039062
sample_4949fd4e77ebcd20,441.3263854980469,448.185791015625,456.70892333984375,459.24163818359375,464.4067687988281,475.7713928222656,487.9486999511719,490.54364013671875,495.546142578125,529.1312255859375,550.7113037109375,565.77001953125
sample_368590951eab001e,356.5794372558594,356.8139953613281,360.7723083496094,367.626953125,388.7068176269531,395.7616882324219,402.19677734375,391.64532470703125,406.4247741699219,403.27081298828125,422.3332214355469,410.12738037109375
sample_d41da83daeaa3b22,449.46441650390625,439.77471923828125,427.006591796875,416.30963134765625,407.0790100097656,396.1945495605469,388.22344970703125,381.30615234375,377.42156982421875,367.8645324707031,364.9242248535156,363.6437683105469
sample_103e817bfcb27a8a,380.97943115234375,379.2137451171875,378.0418701171875,376.9002990722656,376.15625,375.523681640625,375.32672119140625,374.8656005859375,374.6842041015625,374.29486083984375,374.22833251953125,373.9670104980469
sample_f18227eb5fe3a8a2,482.3843078613281,481.7709655761719,470.8987121582031,462.15789794921875,454.4526672363281,441.91900634765625,429.4945068359375,417.62823486328125,414.03314208984375,424.8707275390625,422.2917175292969,430.41827392578125
sample_8af66b34e7c8f108,394.9895324707031,408.16552734375,423.3785400390625,442.389892578125,457.3902282714844,464.7048645019531,460.20037841796875,474.36065673828125,477.2638244628906,474.4310302734375,467.44451904296875,466.2983093261719
sample_be7d45127f44ce5b,404.47589111328125,408.58380126953125,412.73541259765625,416.4465026855469,420.29876708984375,422.7563171386719,429.20062255859375,432.3402099609375,436.6005859375,433.6766052246094,435.7192687988281,432.9176330566406
sample_384dc906f5fec0bf,338.1786804199219,337.6889953613281,338.7574462890625,339.9917907714844,342.0870361328125,345.1363525390625,347.175048828125,349.9105224609375,351.69244384765625,353.776611328125,355.72723388671875,357.4971008300781
sample_64d6cf25d35a78bc,410.8855895996094,414.1725158691406,421.9715270996094,428.521484375,431.98046875,423.8609313964844,422.1891174316406,421.7402038574219,425.5443420410156,429.28863525390625,431.4765625,428.0377502441406
sample_095896c7ec7c5fb4,390.7367248535156,390.0707092285156,389.7680358886719,389.2337951660156,389.1305236816406,388.2361145019531,388.2835693359375,386.4456787109375,386.3917541503906,385.0764465332031,384.5926208496094,383.7297668457031
sample_8b00910402f29d2a,350.9069519042969,349.65289306640625,349.6133728027344,349.26666259765625,350.0414733886719,350.6725769042969,351.4663391113281,353.9303283691406,352.9132995605469,353.5408020019531,357.8182067871094,354.3311767578125
sample_7daa30346b5498dc,441.4443054199219,438.71923828125,434.28070068359375,430.8201904296875,426.4354553222656,421.4331970214844,417.8897399902344,414.2994384765625,411.13372802734375,408.9015197753906,405.55322265625,403.6061096191406
sample_4e17f5b58ab55bcf,355.4046630859375,354.5230407714844,355.0076599121094,355.0387268066406,356.2549133300781,358.12615966796875,359.4901428222656,360.7889099121094,361.9936218261719,362.980224609375,363.93328857421875,365.10107421875
sample_01497d9025643a21,458.9427185058594,450.565673828125,439.3681335449219,428.053955078125,416.7541198730469,406.2693176269531,397.1788330078125,386.84173583984375,379.686279296875,374.73284912109375,368.8588562011719,361.7064514160156
sample_edb22022c13f4abf,344.3785400390625,342.4642639160156,341.91351318359375,341.34686279296875,343.2233581542969,345.57293701171875,340.2291259765625,339.5681457519531,338.5947265625,339.6604919433594,344.93585205078125,354.2266540527344
sample_dc72f74ea9990f30,353.1850280761719,355.3025207519531,357.9293518066406,358.5360412597656,360.3722229003906,365.1423645019531,367.04278564453125,363.74530029296875,364.08502197265625,364.2973937988281,367.7044677734375,371.68817138671875
sample_2e36ceb53a15200f,420.5536804199219,416.4678649902344,411.3704528808594,407.017578125,402.5971374511719,397.65875244140625,393.3777770996094,389.6282653808594,386.0968933105469,383.4544982910156,379.73651123046875,377.638427734375
sample_c30032e2fd158bbd,525.498291015625,532.81201171875,537.431884765625,535.9774780273438,533.8370361328125,532.9344482421875,531.0484619140625,524.3385009765625,519.5012817382812,518.0973510742188,516.3006591796875,515.1919555664062
sample_befe56d208aacf42,325.9839172363281,327.8245849609375,332.0054931640625,335.3791809082031,340.8730163574219,346.0201416015625,355.1825256347656,368.65887451171875,382.5548400878906,380.3572998046875,380.6574401855469,400.08465576171875
sample_38c38c818c3343c7,468.3269348144531,462.34765625,452.32763671875,444.08941650390625,435.8692321777344,425.770751953125,418.7635803222656,410.7265319824219,404.540771484375,399.4776916503906,393.92864990234375,389.579833984375
sample_7d093f2510288b58,329.9351806640625,330.632568359375,333.8453369140625,334.70037841796875,332.9520263671875,333.98406982421875,336.77337646484375,341.58935546875,348.83935546875,356.2417297363281,369.08721923828125,397.2008972167969
sample_c4b8a8f2d72b4d65,309.751220703125,311.7259826660156,316.8597717285156,319.04852294921875,323.194580078125,325.5247497558594,323.751220703125,325.1334228515625,328.79974365234375,334.6308288574219,338.9803161621094,343.7220153808594
sample_da82e3009fad3435,324.9504699707031,327.9347229003906,332.40869140625,339.32269287109375,353.1381530761719,359.45166015625,362.5369873046875,363.9029541015625,367.9551696777344,370.3123779296875,381.2678527832031,378.9298095703125
sample_0e8b3508b9da53fb,429.0296325683594,423.1557922363281,413.6470947265625,405.6018981933594,397.9569396972656,388.6722412109375,382.2182922363281,375.2858581542969,369.9810791015625,365.9368591308594,360.6945495605469,358.630126953125
sample_e7c6f6ee70ae2f93,381.760009765625,376.7974548339844,369.57818603515625,364.44622802734375,359.2022705078125,352.8460388183594,349.0359191894531,345.62823486328125,340.515625,337.5898742675781,336.37786865234375,332.5603332519531
sample_53675429d7ea34ad,332.0931701660156,336.356689453125,341.6940002441406,345.6122131347656,350.5430908203125,355.2334899902344,359.5702819824219,362.6622619628906,366.6938171386719,368.2674255371094,371.6375732421875,372.8258972167969
sample_514fb24a6f3a68d7,352.6501159667969,350.7029113769531,350.832275390625,350.6181945800781,351.7503356933594,357.6972961425781,366.2518615722656,389.11651611328125,393.4693298339844,397.1911315917969,385.1119384765625,401.0473327636719
sample_c26a68578e96bb4e,458.2272644042969,453.8229064941406,445.5227355957031,438.9337463378906,431.8768615722656,423.2989501953125,417.3858337402344,410.68585205078125,405.512451171875,401.2555847167969,396.370361328125,392.570068359375
sample_53819814b69ab4e3,401.0259094238281,402.5207824707031,407.1513366699219,411.88360595703125,416.5012512207031,421.7435607910156,428.01788330078125,435.85211181640625,440.6667175292969,442.9311828613281,448.490478515625,446.8807678222656
sample_866d3ab340811a66,367.30584716796875,365.79473876953125,364.91351318359375,364.0162353515625,363.25799560546875,362.9704895019531,362.8943786621094,364.1045837402344,365.79180908203125,369.35284423828125,374.3871154785156,372.83367919921875
sample_5b4bd3d95208a20f,426.99371337890625,424.5933837890625,421.28094482421875,418.3578796386719,415.6549377441406,412.7474365234375,411.3473815917969,407.9604797363281,404.6900634765625,402.76617431640625,400.198974609375,398.5440979003906
sample_c0bb34a217f40088,392.7843933105469,392.2479248046875,392.56414794921875,392.5729064941406,393.6167907714844,394.7376708984375,395.40362548828125,396.4853210449219,396.8373718261719,397.83880615234375,398.659912109375,399.3702087402344
sample_1b4028bc2cfe9e29,275.7926330566406,280.0475158691406,287.2914123535156,292.2904357910156,298.48126220703125,305.41339111328125,311.068359375,316.05889892578125,321.6199951171875,324.43359375,329.0284729003906,332.0382385253906
sample_cbdd2f4c98d2e033,417.5431213378906,414.96649169921875,411.8018493652344,406.8369140625,403.74212646484375,402.1997375488281,418.4300537109375,446.39105224609375,473.8173828125,512.763916015625,558.8650512695312,600.6284790039062
sample_4fdb09cabe463585,382.00689697265625,380.293701171875,378.2118835449219,376.6314697265625,374.596435546875,373.7437438964844,374.4410400390625,373.6528625488281,372.4101257324219,373.5726318359375,372.8438415527344,372.8087158203125
sample_9812c50640029887,451.0394592285156,449.724853515625,445.2187194824219,440.7298583984375,436.6047668457031,429.9420166015625,426.4295349121094,420.25537109375,416.5372314453125,412.6780090332031,408.8080749511719,405.3317565917969
sample_cc8f59f4abc6c6d0,389.3631286621094,389.75543212890625,390.44561767578125,392.032470703125,392.5628967285156,394.5886535644531,397.2643127441406,399.10968017578125,396.2418212890625,394.6455078125,396.6338195800781,396.7679443359375
sample_4675a3185caa92bb,343.2352294921875,342.8388977050781,344.0061950683594,345.1829528808594,347.20892333984375,350.1156921386719,352.44842529296875,355.3495178222656,357.5655212402344,359.56951904296875,361.643310546875,363.6213684082031
sample_9ff771201745b7cd,317.53729248046875,320.0060729980469,329.01361083984375,342.0936279296875,348.62017822265625,354.6060485839844,356.9736022949219,361.5233154296875,366.5635681152344,376.88397216796875,376.20159912109375,374.0382385253906
sample_05aedc1e74346cca,380.4030456542969,383.4739990234375,393.40869140625,411.84564208984375,429.8345947265625,450.0697021484375,455.0244140625,458.7640075683594,461.35943603515625,486.6579284667969,488.9339294433594,468.63336181640625
sample_15bad926f7d7652b,401.49462890625,399.3609313964844,397.42706298828125,395.7056579589844,394.5589294433594,393.39239501953125,392.2763977050781,392.49609375,393.74468994140625,390.7130432128906,390.5671081542969,391.32354736328125
sample_df2c52c3e8f9e389,490.3914489746094,480.8579406738281,468.2564697265625,458.54107666015625,448.7039489746094,436.9130859375,427.63482666015625,416.7569885253906,407.99652099609375,402.0657043457031,395.4463195800781,390.5979919433594
sample_c7ebc1dd0438efc3,368.4525146484375,369.0570373535156,372.1684265136719,370.1918029785156,373.6651611328125,372.8235778808594,370.8193359375,366.24041748046875,365.4751892089844,366.2231140136719,369.7421569824219,369.7080993652344
sample_dcd6f46df9aafe3a,365.47454833984375,370.0389404296875,374.3883972167969,377.8517150878906,381.6865234375,384.24444580078125,387.4153747558594,388.6385192871094,391.13751220703125,391.28497314453125,393.59075927734375,393.6949157714844
sample_11fbf1aa3025466a,470.25640869140625,483.2102355957031,493.46136474609375,500.71734619140625,509.1864013671875,514.56396484375,519.2488403320312,520.597900390625,525.1707763671875,525.3465576171875,528.7272338867188,529.138916015625
sample_d0ceb9dbfda93e3b,461.3749084472656,454.2242126464844,444.2160949707031,436.014404296875,428.0562438964844,418.951904296875,412.1122131347656,404.635009765625,398.3932800292969,393.4898376464844,387.7970275878906,383.8580627441406
sample_50dbbc15fdb347c7,475.83758544921875,470.5842590332031,463.869873046875,458.82647705078125,453.57733154296875,448.5615234375,445.3121032714844,445.84521484375,449.63262939453125,448.66925048828125,442.23297119140625,438.941162109375
sample_a0bad5f0f49530ed,389.969970703125,388.3783874511719,386.298828125,383.5736083984375,380.46185302734375,375.15289306640625,371.67791748046875,367.6553955078125,364.9416809082031,362.830322265625,360.6331481933594,360.9598388671875
sample_1df949e7e0a76d21,346.1671142578125,345.2178955078125,345.68121337890625,346.2691345214844,346.59564208984375,348.65789794921875,350.3074035644531,350.5164489746094,351.48907470703125,355.4132385253906,352.65655517578125,353.75885009765625
sample_ebbc45a163d794e2,397.09613037109375,392.1172790527344,386.2033996582031,382.0252685546875,376.64019775390625,371.5663757324219,367.0931701660156,363.7367248535156,360.62945556640625,358.75091552734375,353.96441650390625,352.47381591796875
sample_ec6b4ccecb6671a8,490.1366271972656,480.96868896484375,469.4791259765625,460.14508056640625,451.2047119140625,441.32037353515625,434.11480712890625,426.0993957519531,419.8662414550781,414.83148193359375,408.85797119140625,404.64312744140625
sample_0c7196db711c558d,453.9292297363281,487.9297790527344,505.19097900390625,518.2752075195312,530.3478393554688,543.39208984375,544.7664184570312,538.7166748046875,528.5152587890625,523.1360473632812,526.1901245117188,527.1109619140625
sample_b60c0bc9fbb94a44,470.447021484375,467.3206787109375,463.6277160644531,457.2325134277344,452.78466796875,449.4569091796875,444.4935607910156,436.23504638671875,429.7108459472656,424.5118713378906,417.96221923828125,414.95220947265625
sample_7cd140f3f33656a6,441.2439270019531,438.33013916015625,430.1759948730469,422.8434143066406,416.28997802734375,407.2132263183594,403.69696044921875,401.7943420410156,402.0285949707031,406.3539123535156,418.2705078125,451.6477966308594
sample_11944bcae07de6ff,383.21923828125,383.4416198730469,384.2858581542969,385.0705261230469,386.9262390136719,387.7283020019531,387.84442138671875,387.9308776855469,387.6786804199219,388.4407958984375,389.7244567871094,389.6436767578125
sample_286b2e6a87db3156,307.36737060546875,310.9580993652344,317.79107666015625,324.2158203125,331.612548828125,342.65045166015625,347.9066467285156,352.8554992675781,359.30975341796875,365.5443420410156,368.27935791015625,371.2008972167969
sample_27b22a1428d14435,519.278564453125,501.09173583984375,480.89166259765625,464.7242431640625,449.3844909667969,433.8063659667969,421.9057922363281,409.8721923828125,400.10321044921875,391.6975402832031,383.2060546875,376.63372802734375
sample_97534e468152d7f0,493.1771240234375,479.92669677734375,463.64385986328125,450.6620788574219,437.9258728027344,424.3606262207031,414.2383117675781,403.6824035644531,395.33941650390625,388.47686767578125,380.7837829589844,375.39019775390625
sample_848c806d5b51010c,359.59625244140625,374.1758728027344,391.1294250488281,414.7640380859375,428.2169189453125,442.901123046875,458.4675598144531,475.8420715332031,495.239501953125,510.4555969238281,519.72900390625,502.9713439941406
sample_323c87d0e69bbe02,296.55072021484375,301.77655029296875,309.3334655761719,315.05975341796875,321.6632385253906,328.07171630859375,333.9066467285156,338.6656799316406,344.11236572265625,347.3849792480469,352.1777648925781,355.2577209472656
sample_e891fd1eae36515d,407.7720642089844,404.354736328125,401.3293151855469,399.6552734375,397.570556640625,392.721923828125,389.4644775390625,387.8486022949219,388.21173095703125,386.48193359375,382.3875732421875,382.1819152832031
sample_e5cbbf4aed2257da,358.8435974121094,368.7074890136719,381.6275329589844,391.1302490234375,389.3343505859375,395.6509704589844,403.34912109375,406.19110107421875,407.5417785644531,407.0521240234375,400.1424255371094,394.3507385253906
sample_dca2a122595c2244,375.14697265625,413.859619140625,456.13824462890625,496.8717956542969,540.2117919921875,572.427978515625,585.701904296875,592.9100341796875,601.600830078125,606.2406005859375,598.744873046875,591.245361328125
sample_fc253cc925863782,415.8197021484375,413.3683166503906,409.0032653808594,405.57281494140625,400.9483947753906,395.4793701171875,391.63037109375,387.5333557128906,385.004638671875,383.91705322265625,382.13360595703125,374.8565979003906
sample_e890c671f42ff821,478.58074951171875,469.09454345703125,456.256591796875,445.73944091796875,434.3912353515625,420.771484375,411.5552673339844,402.47564697265625,394.5474853515625,388.38983154296875,381.4763488769531,376.5986328125
sample_cb61b8d75fe6ef67,358.37823486328125,371.7349853515625,383.71112060546875,395.4617004394531,406.249755859375,404.2904357910156,407.99078369140625,416.1097717285156,417.4701232910156,418.4383850097656,418.5717468261719,410.36810302734375
sample_72c567c744a6c144,514.9869384765625,503.3806457519531,490.0891418457031,479.0604553222656,468.6527404785156,458.0845642089844,449.6807556152344,440.81463623046875,434.1982727050781,428.38983154296875,421.7996826171875,417.264892578125
sample_bb05939d5fb6ef26,496.6261291503906,492.4178161621094,483.0920104980469,475.2720642089844,466.95745849609375,457.11114501953125,448.9324035644531,440.4316101074219,430.6427307128906,424.96990966796875,419.20428466796875,414.8031921386719
sample_6c11f749e0f48a70,337.7829284667969,343.12420654296875,354.02813720703125,360.027099609375,363.89434814453125,370.4930114746094,377.10748291015625,384.418212890625,394.64593505859375,396.88397216796875,397.494873046875,398.9239501953125
sample_1f3863207a8a8c9f,401.65545654296875,418.67864990234375,436.9637756347656,451.5736999511719,466.2169189453125,479.57830810546875,490.7547607421875,501.1234130859375,511.08782958984375,517.1563720703125,524.7501831054688,530.6447143554688
sample_333e2aef5bbc8794,350.70819091796875,349.4423522949219,349.63421630859375,349.3948059082031,350.1352233886719,351.68145751953125,352.719482421875,353.9841003417969,355.2698669433594,356.98828125,358.1482849121094,359.3313903808594
sample_8ab717efec0cd812,398.2917785644531,396.9014587402344,396.86181640625,394.2892150878906,393.34100341796875,392.1048278808594,390.8176574707031,387.7181396484375,390.2205505371094,388.29400634765625,392.4346008300781,392.5063781738281
sample_7753f69cfadfd44a,341.2591552734375,342.21356201171875,344.18902587890625,345.8863525390625,348.57000732421875,351.71685791015625,354.0440673828125,356.7774963378906,358.8789367675781,360.7037353515625,362.81646728515625,364.6319885253906
sample_6fa2abfe41baa524,631.0125122070312,608.7767333984375,585.7235717773438,567.3662109375,551.2820434570312,535.2556762695312,522.1063232421875,510.1162414550781,499.9385070800781,491.1640625,482.2855529785156,475.42266845703125
sample_6ee16a480120391e,375.1553039550781,402.881591796875,431.5240783691406,456.525146484375,480.32659912109375,504.131103515625,528.4663696289062,556.6015014648438,571.6639404296875,596.9218139648438,633.3102416992188,665.52978515625
sample_23578a88cbfed75a,428.0359802246094,426.20843505859375,423.8021240234375,421.5816650390625,419.6212463378906,416.3541259765625,414.4604187011719,411.199462890625,408.9058532714844,406.26263427734375,403.91717529296875,401.5421447753906
sample_37186a3b276dc7cb,425.7143249511719,435.3236999511719,442.82122802734375,451.3190002441406,458.50970458984375,455.7476806640625,453.656982421875,454.5165100097656,460.1980895996094,462.4578857421875,462.7506408691406,451.85693359375
sample_e705e8cf916a1143,611.2535400390625,618.5286254882812,635.3219604492188,660.3399047851562,668.576171875,648.6175537109375,648.2443237304688,652.6928100585938,634.0767211914062,606.3629760742188,592.1354370117188,578.5072631835938
sample_8330aec2d76fad4c,457.1558837890625,470.4551086425781,473.2110595703125,467.7722473144531,466.45086669921875,464.4656982421875,466.8827209472656,463.2080078125,459.6245422363281,453.9766845703125,448.4339294433594,443.32879638671875
sample_8e5ae3bd1f4a7681,342.5675964355469,341.57293701171875,341.9085693359375,342.0726318359375,340.8623352050781,341.3859558105469,341.62109375,348.3336181640625,357.6487731933594,358.7497863769531,367.2910461425781,370.63134765625
sample_77694d03b342fb1d,417.980224609375,426.76318359375,435.0152893066406,441.0286865234375,447.99627685546875,452.93853759765625,458.47589111328125,460.5029602050781,465.4507141113281,470.4559020996094,473.83587646484375,474.5888977050781
sample_8c6a5d7ed3cee9e3,409.1719665527344,408.52435302734375,409.19171142578125,408.6905212402344,406.834228515625,407.2593688964844,408.5179138183594,409.7791442871094,408.6861267089844,409.88653564453125,414.49462890625,417.5777587890625
sample_b1c444b0bc8aa0cf,289.3134460449219,295.0451354980469,303.2781677246094,309.4403991699219,316.5699768066406,323.6473693847656,330.057373046875,335.41143798828125,341.301025390625,344.7921447753906,349.9975280761719,353.25384521484375
sample_c539641296fe95ea,464.071533203125,462.3443298339844,458.5727844238281,455.1183776855469,451.3642578125,443.59063720703125,439.87164306640625,431.7401123046875,428.3420104980469,420.12701416015625,415.6680603027344,411.9476623535156
sample_43403b3ed71dd625,368.7725830078125,366.78466796875,365.9550476074219,364.9705810546875,363.973388671875,363.6011962890625,363.24859619140625,363.4410095214844,363.76312255859375,363.08123779296875,364.2288818359375,364.8332214355469
sample_9048f454d7f5a4b9,348.105712890625,347.3085021972656,349.8965759277344,348.8064270019531,348.61907958984375,349.69873046875,351.5849609375,356.6215515136719,359.5804748535156,356.74383544921875,356.54595947265625,356.2203369140625
sample_c6362c501077a968,329.29693603515625,338.4028015136719,349.9324645996094,359.63348388671875,371.9360046386719,388.699462890625,402.5030822753906,414.5470886230469,425.8429260253906,428.248779296875,437.6989440917969,449.54730224609375
sample_dc98b23f5bc438ac,372.3397216796875,392.8210144042969,415.298583984375,435.7672119140625,459.9215393066406,481.71490478515625,493.1920471191406,485.492919921875,494.052978515625,493.41094970703125,497.35443115234375,506.8609619140625
sample_92d142bfc005677f,314.05218505859375,320.52899169921875,329.70916748046875,334.589599609375,341.82037353515625,350.1610412597656,362.9208984375,365.0555114746094,366.7456970214844,368.1560974121094,374.5063781738281,377.8638916015625
sample_a9e9668f4f8f3dc9,346.1138000488281,345.0233459472656,344.37548828125,343.7603759765625,343.351318359375,342.0297546386719,341.5248107910156,339.8740539550781,339.8504333496094,338.4118347167969,338.0936279296875,336.9884948730469
sample_e9977b96c0db5739,396.8556823730469,405.8182067871094,417.072021484375,428.70928955078125,444.2127685546875,453.8824462890625,454.9073486328125,460.50640869140625,466.7389831542969,481.0981750488281,487.3049621582031,481.78887939453125
sample_1261f64ad94e38a1,501.1883239746094,492.0113220214844,480.0068359375,469.8886413574219,459.87933349609375,448.93072509765625,441.3211364746094,431.8315734863281,424.7296447753906,419.1244812011719,412.42156982421875,407.9814453125
sample_6d853fe5bd665c40,507.62786865234375,498.3524475097656,488.31268310546875,480.0216979980469,472.180419921875,466.21575927734375,462.27264404296875,462.08245849609375,455.62530517578125,450.1846618652344,443.7484436035156,437.1885986328125
sample_084e2601c292bb06,426.4073791503906,424.0730895996094,420.9268798828125,418.1348876953125,415.15191650390625,410.70367431640625,407.8926696777344,403.8282775878906,400.8213195800781,398.230712890625,395.0227355957031,392.6028747558594
sample_5d1127c63b3867c4,315.5068664550781,322.6720275878906,334.4869384765625,341.37506103515625,351.24615478515625,356.773193359375,363.5916748046875,373.9470520019531,379.2792663574219,382.25469970703125,388.8826904296875,388.6934509277344
sample_107be4888c2f5735,359.4095153808594,358.7042541503906,358.6378173828125,358.08709716796875,358.3086853027344,358.4684753417969,359.45098876953125,359.0465393066406,360.2428894042969,359.7175598144531,360.3545837402344,360.3420104980469
sample_ab3df37e0c7d71ed,354.439697265625,352.11041259765625,349.9200439453125,348.25927734375,346.3962097167969,344.59423828125,343.03369140625,342.39947509765625,339.4356689453125,337.7209777832031,336.8447265625,336.45367431640625
sample_e12f8be62f952a15,313.3968811035156,314.020263671875,317.3730773925781,320.2585144042969,323.92822265625,329.4809875488281,333.97308349609375,342.2825927734375,352.89556884765625,365.3798828125,366.9631042480469,366.9879150390625
sample_850261c2482d1dc8,455.997314453125,449.78265380859375,440.98046875,433.6103820800781,426.11962890625,417.2430725097656,410.73577880859375,403.8519592285156,397.72943115234375,393.2488098144531,387.856201171875,384.2421569824219
sample_5877fa94d038452d,342.9476013183594,342.4664611816406,343.6628112792969,345.2325439453125,351.34637451171875,362.65118408203125,385.71551513671875,390.79449462890625,396.9171447753906,383.84979248046875,400.7113342285156,397.0440979003906
sample_546c6e80338d7986,623.6241455078125,616.1392211914062,606.8405151367188,599.0136108398438,598.5068359375,589.0108642578125,580.4957885742188,568.455322265625,569.4344482421875,556.7984008789062,544.0196533203125,533.7025146484375
sample_98352079a59dc8d3,328.9736022949219,333.42596435546875,341.81939697265625,352.9117736816406,366.67138671875,369.9464416503906,368.46453857421875,388.184326171875,396.92132568359375,392.1473388671875,384.88446044921875,385.4268798828125
sample_b920d6a32456bc59,433.1597595214844,425.5611877441406,416.3132019042969,408.8490905761719,401.6563720703125,393.770751953125,386.4065246582031,379.9129638671875,374.785888671875,370.54522705078125,365.161865234375,361.7992858886719
sample_404ad4d2a151ab3d,504.1468200683594,496.1880798339844,483.14599609375,472.0789489746094,462.2670593261719,450.3854064941406,441.8302001953125,432.3095397949219,425.33050537109375,419.60455322265625,412.5054931640625,407.64898681640625
sample_59b82f1dbc38f30c,515.87060546875,503.8476257324219,488.44989013671875,475.7951354980469,463.76422119140625,450.4864501953125,440.8618469238281,430.7569885253906,422.6257019042969,415.81988525390625,408.57354736328125,403.27459716796875
sample_caea16c6df19d99f,433.0435485839844,429.76513671875,425.48199462890625,421.9522399902344,417.7978515625,412.7098083496094,408.64007568359375,404.4723205566406,400.38970947265625,397.62603759765625,393.296142578125,390.609375
sample_7ac51d2f994f9b8f,388.5627136230469,387.3985900878906,388.3454284667969,388.2776794433594,387.625,386.6116943359375,386.8498840332031,386.0065002441406,386.08056640625,386.5697326660156,387.081787109375,387.1841125488281
sample_7db8c88f4aaec16e,298.2469482421875,303.5207214355469,311.62518310546875,317.3738708496094,324.8822021484375,332.84130859375,339.65570068359375,345.22161865234375,351.6502685546875,354.8961486816406,360.32086181640625,363.4203796386719
sample_0bad3a1e9637ddcb,462.88519287109375,459.6212463378906,455.60699462890625,452.22503662109375,448.5667419433594,444.1152648925781,441.22869873046875,438.2689514160156,434.430908203125,432.4093017578125,429.65478515625,428.0212097167969
sample_55f35b9e719b0c6c,394.9858703613281,393.2403869628906,391.3195495605469,390.2183532714844,387.6995544433594,386.1546936035156,385.80084228515625,386.1604919433594,386.2894592285156,390.530517578125,416.2495422363281,438.5799560546875
sample_8908cff9a5a8633d,402.1180725097656,401.60638427734375,401.04931640625,400.3557434082031,400.43060302734375,399.422119140625,398.9125671386719,397.2884826660156,396.7899475097656,395.153564453125,394.5418395996094,393.001708984375
sample_19f1b6b442cd10eb,367.6340637207031,368.5533447265625,370.35223388671875,369.0655517578125,373.8011169433594,374.570068359375,383.6145935058594,386.9537658691406,386.0014953613281,386.93768310546875,402.61151123046875,405.85821533203125
sample_bcd4ff36014314d1,430.277099609375,425.85284423828125,415.99462890625,408.7595520019531,401.0887145996094,392.2685852050781,385.6549072265625,379.0350036621094,373.0244445800781,368.4324951171875,363.0116882324219,359.29638671875
sample_e47531e184e1414a,501.5836181640625,495.4095458984375,486.45263671875,479.9410095214844,474.632568359375,469.939697265625,470.83929443359375,462.7841796875,458.94622802734375,454.43048095703125,451.3155822753906,444.3441162109375
sample_b26e4e8d8111272b,338.5333557128906,348.96331787109375,360.9607849121094,370.76654052734375,380.96136474609375,390.4909973144531,399.2378845214844,405.98095703125,414.2834167480469,427.19000244140625,433.7060241699219,437.8927917480469
sample_2c21ed939621b5a0,362.94512939453125,365.4429016113281,369.49859619140625,373.99932861328125,381.99871826171875,394.3671875,396.3332214355469,399.5368347167969,407.65582275390625,411.3262023925781,409.3319091796875,405.383056640625
sample_b84661b0dfd0098c,313.9601745605469,316.8814392089844,321.5267639160156,325.4047546386719,330.3611145019531,335.96783447265625,340.20062255859375,344.7639465332031,348.6732482910156,351.77349853515625,355.28729248046875,358.10284423828125
sample_3ead7d89d71ad5fd,470.0166931152344,463.2709655761719,452.14678955078125,443.014404296875,434.4561462402344,423.63702392578125,416.16656494140625,407.6485595703125,401.1026306152344,395.6545715332031,389.57000732421875,385.36163330078125
sample_f4e89abadb8232b1,450.89013671875,443.4460144042969,432.0908203125,425.1216735839844,419.5190124511719,414.4910888671875,427.8868408203125,465.005859375,499.35113525390625,527.923828125,560.31201171875,594.9921264648438
sample_f5868073728c18a2,356.533935546875,355.9014587402344,357.1484375,357.9381103515625,359.48480224609375,362.0384826660156,364.2837829589844,366.116455078125,368.1479797363281,368.9356994628906,371.3323669433594,372.1943359375
sample_2a10f8be893edd9a,427.85357666015625,435.2299499511719,451.8340759277344,461.5408020019531,483.79864501953125,520.161376953125,547.7353515625,566.2658081054688,584.239501953125,585.2097778320312,582.2166137695312,592.6375732421875
sample_6f90f3754afde06c,369.0867614746094,369.3769836425781,373.1334533691406,376.2750549316406,380.1907653808594,385.80133056640625,389.7610778808594,394.0588684082031,397.89459228515625,400.8170166015625,403.86016845703125,406.5819091796875
sample_5ed14844cc701340,363.7812194824219,363.71905517578125,364.6108703613281,365.4794921875,367.0565490722656,368.77740478515625,370.5125427246094,371.93255615234375,373.2624206542969,374.6822509765625,375.8235168457031,376.67449951171875
sample_2f83aa2fc2142416,395.55023193359375,399.4185791015625,403.79095458984375,407.14892578125,411.9176330566406,415.9471740722656,420.6469421386719,426.8995361328125,430.0701904296875,430.3697204589844,436.82305908203125,450.0950622558594
sample_f25ae9688d616ff3,321.78759765625,342.27081298828125,363.9097595214844,380.593017578125,397.1196594238281,412.76666259765625,427.17779541015625,440.0421142578125,450.83380126953125,457.8404541015625,469.49578857421875,484.50836181640625
sample_50121cbdd7188575,423.2705078125,451.0507507324219,477.52239990234375,476.90594482421875,481.4166259765625,496.74365234375,501.2385559082031,490.3132019042969,491.4178466796875,491.5748596191406,493.4674987792969,496.1226501464844
sample_57bf77544beb515a,401.9674987792969,402.5952453613281,401.2328186035156,399.2123107910156,398.17742919921875,394.8953857421875,393.9222717285156,390.2283020019531,389.3642883300781,386.98602294921875,385.8665771484375,383.90911865234375
sample_94216885b993979b,383.0726318359375,379.9730224609375,377.67669677734375,378.3006286621094,380.8970031738281,384.2490234375,392.8583679199219,402.64190673828125,409.248779296875,414.6438293457031,410.93768310546875,414.17266845703125
sample_81002b38cb620e37,320.1856384277344,321.23486328125,324.5398864746094,327.3537902832031,331.25970458984375,336.3697204589844,339.86151123046875,344.08258056640625,347.2460021972656,350.0631408691406,353.18658447265625,356.0544738769531
sample_6e7d1b719276f08d,376.1650085449219,373.6679992675781,370.3990173339844,367.8125305175781,364.7580871582031,360.9826965332031,358.08233642578125,354.63507080078125,352.4178466796875,349.9984436035156,346.93572998046875,345.822998046875
sample_584b8435bd7fc36e,346.3690490722656,348.1369934082031,351.7275390625,353.9158630371094,357.30657958984375,353.1773681640625,363.74151611328125,405.8656921386719,433.3897399902344,455.4810485839844,493.319091796875,554.27587890625
sample_559e7cb89b3b2dcc,323.45062255859375,345.6202087402344,369.1328125,388.5204162597656,406.39642333984375,422.26629638671875,436.97857666015625,456.2218017578125,469.2913513183594,473.0619812011719,478.1954345703125,483.50836181640625
sample_aa6e37249116c6ef,560.0458374023438,540.0875854492188,518.835693359375,500.8968505859375,484.3084411621094,467.61370849609375,454.78289794921875,441.855224609375,431.52410888671875,422.611083984375,413.64422607421875,406.640869140625
sample_8e2f02aedf81cea9,381.2663879394531,380.9933166503906,382.0254211425781,381.2988586425781,381.0859375,382.2314453125,382.0702819824219,382.912841796875,383.5988464355469,384.33837890625,385.3568115234375,385.8080749511719
sample_d7745912ed0d4271,377.25958251953125,401.656005859375,435.4683837890625,462.38482666015625,501.75445556640625,546.83056640625,595.0576171875,618.7406005859375,646.5115356445312,649.7545166015625,671.9356689453125,677.63623046875
sample_4d3288d6cc01322d,484.823486328125,471.92877197265625,457.1719665527344,445.0677185058594,432.9390869140625,420.4864501953125,410.95111083984375,401.70611572265625,397.2156982421875,396.5302429199219,393.33856201171875,391.8736572265625
sample_33d1c742c461dfcc,418.6640625,415.98040771484375,412.6975402832031,409.944580078125,407.1673583984375,403.7760314941406,401.2497253417969,398.37066650390625,395.46771240234375,393.2584228515625,390.5284729003906,388.628662109375
sample_7b0211f00a1b704b,357.4041442871094,355.0730895996094,353.2464904785156,351.5733947753906,350.0525817871094,348.6586608886719,347.9416809082031,346.8825378417969,345.7783508300781,345.4392395019531,345.0717468261719,344.7141418457031
sample_bb67cbe03a1ceb04,410.17681884765625,408.7861328125,407.4517822265625,404.6729736328125,403.21856689453125,402.991455078125,403.109130859375,403.5537109375,407.7263488769531,416.15399169921875,424.712646484375,428.0542297363281
sample_53f3ce847818e52c,563.7058715820312,562.7801513671875,559.57958984375,558.8651123046875,550.3128662109375,540.2586669921875,523.2257690429688,505.1502685546875,500.6035461425781,491.3717346191406,479.5567321777344,471.6333923339844
sample_9d99323fc111533f,603.08837890625,583.9019165039062,561.724853515625,543.8145751953125,527.3338012695312,510.349853515625,497.65740966796875,484.65863037109375,475.0186767578125,465.4827880859375,456.7996826171875,448.97332763671875
sample_59db1f99febfc1ca,343.070556640625,354.76556396484375,379.016845703125,411.7801513671875,447.4704284667969,483.5689392089844,518.612548828125,553.716796875,574.2648315429688,578.7090454101562,582.8544311523438,588.5817260742188
sample_5e3cb7d240869594,383.2359924316406,384.1636657714844,384.87646484375,388.64288330078125,389.3871765136719,397.77032470703125,401.6606750488281,399.81817626953125,401.837158203125,413.80487060546875,417.6654052734375,407.6307067871094
sample_9583823dcb12bd58,297.5516052246094,300.73956298828125,306.6937255859375,311.4880065917969,317.093017578125,323.65960693359375,328.48944091796875,333.6961669921875,338.45843505859375,341.87042236328125,345.8045349121094,348.820068359375
sample_48efa204efb8b0a9,409.519287109375,412.8408508300781,415.616943359375,417.71002197265625,420.1101989746094,420.7679138183594,421.86700439453125,420.8876647949219,421.99554443359375,420.3225402832031,419.8546447753906,418.4309387207031
sample_f2cbf7a5454b16da,544.8265380859375,540.0447387695312,531.1058959960938,521.7014770507812,514.2073364257812,506.5166015625,502.19891357421875,491.9434814453125,485.178466796875,478.6890563964844,476.203369140625,470.29833984375
sample_dd3b3f6f589d4016,328.2123718261719,327.2791748046875,328.61883544921875,329.9140930175781,332.6533508300781,337.1387939453125,343.39691162109375,348.64019775390625,349.9266357421875,354.09619140625,357.4642028808594,350.7040100097656
sample_a0d70a6af2561d53,460.3736267089844,472.45782470703125,487.79486083984375,508.99310302734375,532.3416137695312,541.7911376953125,553.9345703125,571.9708862304688,599.842529296875,608.0328979492188,632.087646484375,653.7200317382812
sample_bf1cadde1567205e,355.20953369140625,359.58587646484375,364.9718017578125,368.8601989746094,373.4305725097656,377.51007080078125,381.18670654296875,383.3605651855469,386.8250732421875,387.7319641113281,390.19189453125,390.7458801269531
sample_ab57192cf4103140,399.65301513671875,397.5368347167969,396.06951904296875,394.6645202636719,393.7591247558594,392.9425354003906,392.30712890625,392.0147399902344,391.1958923339844,391.88458251953125,391.7195129394531,392.3910217285156
sample_a4e89a8d866bed0c,383.7935791015625,381.8459777832031,380.2431335449219,378.7471923828125,377.4872131347656,376.5911560058594,376.05609130859375,375.3977966308594,375.2582702636719,374.896728515625,374.55419921875,374.1563415527344
sample_ee3c3ae393d56c45,328.6281433105469,329.426025390625,333.5711364746094,336.6182861328125,341.41302490234375,347.2608947753906,350.4459228515625,355.09954833984375,361.3099365234375,362.3126525878906,366.281982421875,369.1351623535156
sample_79c9d5616335ec4e,618.5278930664062,597.6653442382812,574.5023193359375,556.2355346679688,540.3834228515625,526.5899658203125,515.6923217773438,504.21453857421875,494.40911865234375,482.77044677734375,473.30853271484375,465.41680908203125
sample_b0c8589eab77d63f,427.6741638183594,427.8686218261719,428.2828063964844,428.4493103027344,429.4367370605469,430.4211730957031,431.60870361328125,432.3257751464844,433.7918701171875,434.3929138183594,434.9703369140625,435.39666748046875
sample_f417b352aafddf78,503.8052673339844,494.9171142578125,480.5350646972656,469.4346008300781,460.0673828125,448.3282775878906,440.284912109375,429.63836669921875,422.627685546875,416.4364318847656,409.6910095214844,404.6483154296875
sample_f89dc6e808393bd1,359.94488525390625,360.8551025390625,363.5328063964844,365.86175537109375,369.7313232421875,374.65423583984375,378.34405517578125,382.48089599609375,386.2980651855469,389.0492858886719,392.7554931640625,395.0828857421875
sample_000025152c108f31,431.26605224609375,426.684326171875,420.1618347167969,414.4466247558594,408.4962463378906,401.11474609375,396.18792724609375,390.282470703125,384.74884033203125,380.7546081542969,376.9684143066406,378.39508056640625
sample_e2858275506e8103,312.03839111328125,322.447509765625,340.211181640625,354.56976318359375,368.3258056640625,379.7188720703125,384.5658264160156,389.24200439453125,402.0577392578125,402.4101257324219,400.4913330078125,401.6784973144531
sample_1ffe72031ae9d429,408.7914733886719,405.3493957519531,401.1833190917969,397.32403564453125,393.4602966308594,389.1231689453125,385.46575927734375,382.20452880859375,379.3332824707031,377.2394714355469,373.79571533203125,372.4666748046875
sample_aab971006a828b90,376.2882080078125,377.7418518066406,383.8249206542969,394.9839782714844,407.2004699707031,422.57440185546875,440.9461364746094,454.8521728515625,459.6001892089844,468.2318115234375,475.33587646484375,464.6875915527344
sample_75147678152a2e0c,461.3029479980469,456.1172790527344,447.3558044433594,439.7595520019531,432.1824951171875,423.1445617675781,417.0566101074219,409.3231506347656,404.0743408203125,399.3804931640625,394.33502197265625,390.4629211425781
sample_7da5721f1b53f741,377.38800048828125,374.9718322753906,372.9408874511719,372.0693664550781,373.4140930175781,374.30633544921875,380.2271423339844,399.87750244140625,421.14501953125,420.25189208984375,422.13800048828125,421.27459716796875
sample_67dd6de232bce4c8,608.1162109375,613.977783203125,599.861083984375,595.1317749023438,583.9909057617188,570.7926635742188,557.4867553710938,541.1604614257812,524.6555786132812,517.255615234375,506.4427795410156,499.7980041503906
sample_0d209dc8bf9bbe86,317.91644287109375,323.5055847167969,336.1539306640625,338.5234680175781,338.33782958984375,338.1222229003906,343.02081298828125,342.9063415527344,342.1331481933594,343.1185302734375,346.74005126953125,349.5793151855469
sample_ca5fe93a5f3b0b20,341.64495849609375,357.3663330078125,364.9045715332031,364.5899963378906,371.2081298828125,383.1214904785156,386.05609130859375,395.9029846191406,394.546142578125,389.7610778808594,384.6967468261719,387.51470947265625
sample_38bf13ebd374f3ff,471.2402038574219,468.336669921875,460.9397277832031,453.20672607421875,446.37713623046875,437.72509765625,431.6355285644531,422.7366943359375,416.4669189453125,415.1914367675781,414.4895935058594,417.0626220703125
sample_75bf90ad141fe1d3,376.53240966796875,374.84490966796875,376.0848083496094,376.64306640625,375.9164123535156,374.1996154785156,378.3938903808594,377.40045166015625,384.002685546875,387.0851745605469,390.1945495605469,394.0251770019531
sample_c6f59951af22adf9,448.4580993652344,443.62896728515625,438.31463623046875,435.19097900390625,432.4222717285156,431.7845764160156,428.3137512207031,424.0384521484375,420.01116943359375,416.0939636230469,412.40081787109375,411.38531494140625
sample_19e021a01fc40618,318.7281188964844,327.347412109375,338.8489990234375,348.17864990234375,357.88531494140625,367.1250915527344,375.5877990722656,382.4792785644531,389.2509460449219,394.07244873046875,400.5399475097656,404.29248046875
sample_597b0a0691bb8926,729.3997802734375,714.124755859375,691.448974609375,664.832275390625,644.2091064453125,623.11767578125,601.767333984375,582.0992431640625,568.964599609375,560.2058715820312,550.2449340820312,542.764892578125
sample_ab8d89e538a659a4,312.38079833984375,316.9856262207031,325.95843505859375,332.55572509765625,340.8198547363281,349.47412109375,356.6640930175781,363.2589111328125,371.3899230957031,373.4316101074219,380.1706848144531,382.47332763671875
sample_45eb54403c19139e,682.3167724609375,670.0753173828125,652.5894775390625,637.0765991210938,624.1144409179688,604.7739868164062,597.2732543945312,588.4281616210938,581.3263549804688,571.4923706054688,562.9392700195312,552.6142578125
sample_714adfc14cf89d90,334.2752380371094,334.32196044921875,336.17822265625,337.8692321777344,341.1274108886719,343.787109375,346.82366943359375,351.3859558105469,352.9684143066406,361.46185302734375,366.546142578125,368.0848388671875
sample_7ae3da267cb14fc0,355.6659240722656,353.79266357421875,352.69805908203125,351.239013671875,349.67474365234375,348.7513427734375,349.46197509765625,349.9130554199219,350.3639831542969,347.7740783691406,345.6313781738281,344.9349365234375
sample_947f2264c1f0cd42,348.1006164550781,345.9419250488281,344.7327880859375,343.7143249511719,344.3142395019531,353.75189208984375,363.7162780761719,369.88934326171875,367.50909423828125,366.6994934082031,374.18017578125,372.6617126464844
sample_4168ba8f8e3b139c,382.6868896484375,382.5634765625,383.42919921875,383.83990478515625,385.0579528808594,386.1678466796875,386.9239196777344,388.0435791015625,388.22747802734375,389.33441162109375,390.0747375488281,390.51116943359375
sample_2baff926a3490085,306.67901611328125,309.5935974121094,315.3046569824219,320.14892578125,327.2992858886719,338.6614074707031,348.1521301269531,358.2182312011719,377.1208801269531,394.1399841308594,411.17333984375,425.44342041015625
sample_2ae2f1140b6ee516,369.7566833496094,368.6022644042969,368.00738525390625,367.5206604003906,366.9973449707031,366.90814208984375,366.6768493652344,366.255859375,366.4478759765625,365.453369140625,365.0574035644531,364.6736145019531
sample_e04dfd6ba15d693d,362.6904296875,361.5436096191406,361.3963317871094,362.69256591796875,372.2010192871094,375.69378662109375,374.5976867675781,378.05206298828125,391.2503662109375,392.8656311035156,412.30804443359375,390.9922180175781
sample_74ab52e5a79994e0,376.4914245605469,374.35028076171875,372.50347900390625,370.73870849609375,369.34326171875,367.8550109863281,367.1090393066406,365.9181213378906,364.4540710449219,363.9453125,363.3038635253906,362.6176452636719
sample_2d9ac60bf6dd11ed,302.0248107910156,304.8814392089844,310.21435546875,314.7025451660156,319.89886474609375,326.11737060546875,330.5884094238281,335.6114196777344,339.9909973144531,343.3089599609375,346.95159912109375,349.8504333496094
sample_e3196926a8db2f67,384.56219482421875,383.22589111328125,382.9537048339844,382.9796142578125,384.62493896484375,388.1279602050781,393.75103759765625,404.4740905761719,415.89239501953125,419.6887512207031,423.4467468261719,420.16748046875
sample_c4e67044a0c28aa6,405.7725830078125,404.0032043457031,403.1495056152344,397.35809326171875,394.4144592285156,389.1456298828125,384.995849609375,382.59100341796875,382.8397216796875,376.94476318359375,374.37298583984375,374.4621276855469
sample_a4d39cd513b6cc30,356.5726623535156,358.0303955078125,360.626708984375,362.30810546875,358.9075012207031,368.77337646484375,407.0030517578125,433.89959716796875,453.916748046875,494.1806640625,552.2484130859375,574.0473022460938
sample_f841d2e0736b9135,282.07427978515625,287.71466064453125,295.9170227050781,302.01055908203125,309.232421875,316.7713928222656,323.057373046875,328.74365234375,334.849853515625,338.1560974121094,343.6441650390625,346.9200744628906
sample_d1c1579245f696bf,393.98974609375,398.4153137207031,404.2496032714844,408.0255126953125,412.5243225097656,421.0364990234375,430.40728759765625,436.45550537109375,439.6199951171875,448.6206359863281,453.17156982421875,460.47589111328125
sample_07e6839a5ad59f3e,353.06195068359375,377.1401672363281,401.4668273925781,418.09942626953125,436.9970703125,452.40789794921875,466.4779357910156,478.7607421875,490.8033447265625,496.2145690917969,506.38092041015625,511.06353759765625
sample_5e54ae7ba7f95389,372.58966064453125,381.383544921875,402.9894714355469,411.8834533691406,413.2608947753906,413.62725830078125,419.732666015625,426.3165283203125,437.60888671875,442.4849853515625,453.8332214355469,466.06390380859375
sample_9360cc5d50b95593,626.8661499023438,616.3352661132812,602.3679809570312,595.3934936523438,585.7049560546875,570.4346923828125,554.484130859375,540.8281860351562,528.31982421875,520.483642578125,509.2025146484375,502.6103515625
sample_706e914595f01aab,446.3862609863281,448.0138244628906,445.5289611816406,441.4383850097656,438.6035461425781,431.93768310546875,428.95556640625,421.95709228515625,418.7627258300781,414.8563232421875,411.31292724609375,408.1018981933594
sample_2daf4b890294b103,579.9474487304688,574.2644653320312,565.1056518554688,557.023681640625,549.9635009765625,540.8630981445312,534.137451171875,527.3265380859375,520.8292236328125,516.456787109375,511.1795349121094,507.4087219238281
sample_d1ae583b6dad3730,386.54486083984375,415.0205078125,440.74530029296875,454.678466796875,464.24591064453125,486.07720947265625,491.8194580078125,502.22515869140625,494.96844482421875,486.5412292480469,479.0576171875,480.883056640625
sample_3c3e5cd7f59afc9f,589.7734985351562,573.1639404296875,554.28125,537.7500610351562,523.685546875,508.0069580078125,496.68975830078125,484.1365966796875,474.58905029296875,466.1445617675781,458.10357666015625,450.96295166015625
sample_5952b46b83dfd1e6,607.470458984375,611.9278564453125,617.9445190429688,607.4779663085938,592.2847290039062,581.2562255859375,571.518798828125,554.5536499023438,540.5081176757812,523.2852783203125,514.1742553710938,508.91424560546875
sample_54289f47c8d2d4c9,346.23175048828125,345.4684143066406,345.7524108886719,345.8599548339844,346.6636047363281,349.7623596191406,350.9573669433594,354.3100891113281,354.36248779296875,355.2767639160156,355.8089294433594,357.5376281738281
sample_4e85d72f03622a24,344.1587829589844,342.81072998046875,343.86688232421875,342.38427734375,343.3522644042969,341.90557861328125,342.3128356933594,344.37469482421875,346.10723876953125,344.6728515625,346.0556945800781,342.7375793457031
sample_782444d504f562c1,367.9637756347656,371.5346984863281,381.290771484375,389.17431640625,402.7696838378906,418.5920104980469,428.5903625488281,435.1809387207031,436.4853515625,442.566650390625,443.38623046875,434.48046875
sample_138f49ff45fb48fb,397.6853332519531,396.20843505859375,398.5822448730469,398.6533203125,401.4486999511719,412.6238708496094,413.0133361816406,403.589111328125,411.36627197265625,400.8955078125,402.46881103515625,401.74029541015625
sample_8acfaa1e2700f158,419.4195861816406,424.0389404296875,427.3743591308594,429.4793701171875,432.020263671875,431.49615478515625,432.2436218261719,430.2402038574219,430.40716552734375,428.6084899902344,428.326171875,425.7508239746094
sample_acc8dff9de87af8f,465.72222900390625,462.4367370605469,458.8016052246094,454.9937744140625,450.1541748046875,445.41253662109375,441.6219482421875,439.0350341796875,436.40594482421875,435.0592041015625,431.6817321777344,430.2987976074219
sample_9662444e189fe50e,352.86358642578125,352.27191162109375,352.5077209472656,352.63800048828125,353.6666259765625,354.75347900390625,355.8778381347656,357.0088195800781,357.924072265625,358.407470703125,360.0812072753906,360.71307373046875
sample_f6e2740d1cab318c,370.05560302734375,368.79681396484375,367.8545837402344,367.5537109375,367.96783447265625,368.2206115722656,368.0632019042969,367.4571228027344,369.05157470703125,368.68988037109375,367.6641845703125,368.941650390625
sample_81e2097242c2ef34,293.84332275390625,296.27764892578125,298.8282470703125,302.5773620605469,307.7947082519531,311.9842834472656,318.853271484375,318.4588623046875,321.54315185546875,325.9226989746094,332.46441650390625,334.2178039550781
sample_937b6d0c1082f3a6,516.680419921875,505.78985595703125,492.1727294921875,480.68060302734375,469.74041748046875,458.043212890625,449.055908203125,439.77056884765625,432.3023986816406,426.36212158203125,419.42864990234375,414.5999450683594
sample_bcc77053144b40ba,306.36981201171875,307.13421630859375,311.6093444824219,315.5523681640625,321.1852111816406,326.5320129394531,332.0722351074219,334.76055908203125,339.3598327636719,342.78228759765625,349.75152587890625,343.9705505371094
sample_d4d0e052ba442f5b,468.21044921875,457.877197265625,444.9785461425781,434.09429931640625,423.2908630371094,411.8954772949219,403.40325927734375,394.1400451660156,386.9943542480469,381.521484375,374.57794189453125,370.15252685546875
sample_e85f727841c15305,357.0830993652344,356.54833984375,359.48150634765625,359.5658264160156,362.4292907714844,367.0946960449219,371.9952392578125,372.3724060058594,381.42120361328125,376.2852478027344,376.44122314453125,379.7040100097656
sample_4bfe473e5c35c178,431.9407653808594,436.9228820800781,441.6451110839844,440.94146728515625,443.1101989746094,444.2226257324219,443.0928955078125,442.03680419921875,439.77569580078125,438.331298828125,435.0780944824219,429.17327880859375
sample_61c5b421e8012137,311.98931884765625,313.13360595703125,317.029541015625,319.8332214355469,323.71917724609375,328.55572509765625,332.3747863769531,335.9164733886719,339.719970703125,342.1411437988281,345.48297119140625,347.86016845703125
sample_4b63eba56a42e54f,421.7333068847656,418.4933166503906,415.8988342285156,412.316162109375,408.4012451171875,404.086669921875,399.62615966796875,395.7977600097656,393.48077392578125,391.6172790527344,390.5138854980469,391.29620361328125
sample_c2ce51e8eb3cca41,474.5577697753906,468.13238525390625,457.60516357421875,448.77490234375,440.206298828125,430.0838317871094,422.9518127441406,414.8790588378906,408.89654541015625,403.82611083984375,397.9109802246094,393.5817565917969
sample_dc81661bd17d9c58,415.9398498535156,459.3796691894531,495.253173828125,513.087890625,528.6080322265625,526.3748168945312,516.4365844726562,518.2454833984375,517.206787109375,513.816162109375,506.8985900878906,499.42266845703125
sample_9649bb381cdcfe46,369.19110107421875,367.4962463378906,366.5384521484375,365.5285339355469,364.9485778808594,364.278076171875,364.3141784667969,364.0579528808594,363.40765380859375,363.5296630859375,363.7506408691406,363.72283935546875
sample_fc91886fbe9df999,480.3282470703125,487.6355895996094,495.16729736328125,503.4742736816406,515.7590942382812,522.6588745117188,528.4480590820312,523.418212890625,524.4160766601562,535.0001220703125,535.4171752929688,526.9866333007812
sample_3c747f0143d9975f,385.8067626953125,384.9513854980469,386.39398193359375,389.7532958984375,395.1494445800781,402.05242919921875,403.7177429199219,402.9978332519531,397.95465087890625,399.4231262207031,402.3494567871094,403.8044128417969
sample_52b3c6fc3ac4933f,585.212158203125,571.7520141601562,552.0042114257812,536.098388671875,522.211669921875,506.1248474121094,491.7247009277344,476.89593505859375,467.78643798828125,459.28839111328125,451.18133544921875,444.07330322265625
sample_fa57f5866b05131e,384.4871520996094,384.1987609863281,384.3723449707031,383.85003662109375,384.82257080078125,384.82904052734375,385.7676696777344,386.8352966308594,387.1382751464844,388.2417297363281,389.17523193359375,389.4430847167969
sample_0b96704dfb004e11,411.45025634765625,407.2546691894531,402.8427429199219,398.41436767578125,394.7410888671875,390.6429443359375,387.81439208984375,384.8282775878906,381.8864440917969,379.9136962890625,377.9573669433594,376.30010986328125
sample_3e8a3147e93ec023,492.7312927246094,483.8641357421875,471.2290954589844,460.5579833984375,450.2042236328125,438.44256591796875,430.93756103515625,422.7366638183594,415.7296447753906,410.8003845214844,409.3491516113281,410.140869140625
sample_51312cc2f76135f3,328.5543212890625,330.41357421875,333.7485046386719,336.337646484375,340.3038024902344,344.454833984375,347.7095031738281,351.414794921875,354.3707275390625,357.0891418457031,359.86328125,362.1939392089844
sample_607f8e6a39c0bea9,366.5330810546875,368.0517272949219,382.0413818359375,400.7972412109375,424.5741271972656,460.7242431640625,530.36669921875,581.1472778320312,616.4338989257812,629.5855712890625,646.2042236328125,656.77783203125
sample_6b495024367f4a9f,319.1274719238281,320.1522521972656,322.9912109375,325.6346435546875,329.181396484375,333.1581726074219,336.02740478515625,339.238525390625,341.7059020996094,343.9159240722656,346.79791259765625,348.8363037109375
sample_d3b984965bd28c61,382.92901611328125,382.4024963378906,382.0093994140625,381.4404602050781,381.6439208984375,381.4116516113281,381.7145690917969,380.5545654296875,380.8863220214844,380.5891418457031,380.31756591796875,380.1643981933594
sample_5bbfe84a81e028d0,572.1826171875,556.0828247070312,537.0592651367188,521.3952026367188,506.8609619140625,491.7351989746094,480.27838134765625,468.4586486816406,459.0814514160156,451.095947265625,442.66009521484375,436.40447998046875
sample_750ef37312834034,347.0549011230469,370.16552734375,396.12994384765625,419.864013671875,459.37213134765625,524.508544921875,549.712158203125,583.2422485351562,606.5986328125,620.2230224609375,620.8508911132812,634.5531616210938
sample_3dc483367ea1c64b,386.8594055175781,411.4289855957031,446.855224609375,503.66864013671875,555.3090209960938,596.1526489257812,614.5595703125,617.83544921875,626.2147216796875,634.952880859375,619.6141357421875,581.7161865234375
sample_812f84253ad71c53,359.3397521972656,357.9413146972656,357.57330322265625,357.61572265625,359.33917236328125,367.9141540527344,389.61199951171875,409.17413330078125,413.02130126953125,415.39373779296875,432.9374694824219,450.2434387207031
sample_c73ca9a6e3d06667,385.2170715332031,379.81671142578125,372.3141174316406,366.8426208496094,360.1455078125,353.95245361328125,350.3357238769531,344.1468811035156,340.150146484375,339.146240234375,333.8305969238281,330.12005615234375
sample_3bd4e2a9dc3eb878,337.4898376464844,344.5716247558594,352.3895568847656,357.5480651855469,362.5198059082031,368.4151611328125,375.22747802734375,380.13348388671875,385.1080017089844,386.8009033203125,389.6150207519531,391.48175048828125
sample_26b47216cec630fa,335.0845031738281,342.01934814453125,349.8896179199219,355.6226501464844,362.57659912109375,369.0528564453125,374.9053649902344,379.126708984375,384.452880859375,387.12841796875,391.3031921386719,393.0898742675781
sample_6e912f11b2a44500,449.7054443359375,440.97076416015625,429.0625305175781,418.9797668457031,409.0420227050781,397.8401184082031,389.3657531738281,380.87567138671875,374.07672119140625,369.82806396484375,364.78643798828125,363.6986389160156
sample_101492ae6c44a5e1,387.7980651855469,387.16351318359375,388.21307373046875,390.3943176269531,394.1340026855469,399.0706481933594,402.0078430175781,406.8588562011719,413.7969665527344,419.246826171875,415.6870422363281,417.00286865234375
sample_ae2f2274e605f8ed,349.97967529296875,349.62298583984375,351.1362609863281,347.789306640625,347.05828857421875,346.4534606933594,347.6252746582031,352.376953125,360.7198486328125,380.593505859375,385.1088562011719,387.47216796875
sample_964febf537e4313f,319.5986633300781,320.4939880371094,324.7135314941406,327.8580017089844,331.0440368652344,336.61773681640625,342.3050842285156,345.36395263671875,349.3663635253906,352.2987976074219,354.7762451171875,357.8033447265625
sample_3d016e039103dfeb,434.17816162109375,432.3550109863281,429.37152099609375,426.1351013183594,423.7271728515625,419.79119873046875,417.69329833984375,413.60455322265625,411.6629333496094,408.42822265625,406.03729248046875,403.3226623535156
sample_e51396f123497d38,457.71575927734375,494.32452392578125,534.026611328125,575.962158203125,604.5087280273438,633.9247436523438,642.1727294921875,658.9642333984375,653.2670288085938,647.8947143554688,644.101806640625,645.7077026367188
sample_ed446ed6f40626e3,308.5517272949219,313.7208557128906,322.4591369628906,328.2674255371094,334.37030029296875,341.507568359375,344.182861328125,345.360595703125,348.96923828125,351.7975158691406,356.0284729003906,359.3713684082031
sample_70f393e247e51e43,525.2897338867188,511.06976318359375,494.42120361328125,481.12420654296875,468.5877990722656,455.218994140625,444.9355773925781,434.26544189453125,426.0466003417969,419.0453796386719,411.44281005859375,405.947998046875
sample_38b64893076ec63f,458.390869140625,460.8912048339844,460.18194580078125,458.1483154296875,453.9687805175781,446.1571350097656,447.47869873046875,436.3333740234375,421.0361328125,411.40081787109375,407.0152282714844,403.8908386230469
sample_0871302d13f949d1,438.6098327636719,440.30755615234375,439.9075927734375,437.31964111328125,433.5655822753906,427.08203125,423.4618835449219,419.42999267578125,416.677001953125,413.8484191894531,410.77935791015625,408.1250915527344
sample_a9fbc42fc3152299,574.716064453125,581.8274536132812,587.4448852539062,584.2650146484375,585.0048217773438,583.4961547851562,580.2825927734375,571.3782958984375,563.4859619140625,557.9659423828125,553.9148559570312,549.2554321289062
sample_37ab36e40a247f8f,438.0285339355469,444.9577941894531,450.08319091796875,454.60455322265625,460.0874328613281,456.5003662109375,455.4166564941406,455.8012390136719,450.7666931152344,433.2213134765625,425.8084411621094,421.5992126464844
sample_7a7f97e2833a6f37,393.93255615234375,392.232421875,391.205078125,390.3673400878906,390.47833251953125,391.7117919921875,391.032470703125,390.1910095214844,390.24114990234375,390.4078674316406,391.78515625,392.7271728515625
sample_ef502177bff28290,607.0684204101562,600.8466186523438,588.646728515625,578.8240966796875,572.4688110351562,566.5068969726562,567.4486083984375,572.340087890625,584.676025390625,599.1134643554688,616.2277221679688,627.654296875
sample_3ace0b725d3e47f1,375.3746643066406,375.7101135253906,376.71734619140625,377.64190673828125,379.09735107421875,380.41552734375,381.1275939941406,382.5291748046875,383.1336364746094,384.0249938964844,384.7488708496094,385.28021240234375
sample_d4143f40636330df,506.6804504394531,493.35931396484375,475.92193603515625,462.4806213378906,450.0637512207031,436.59283447265625,426.4698791503906,415.5806884765625,407.135498046875,400.03662109375,392.72369384765625,386.94476318359375
sample_92856c976573fb13,553.1170654296875,538.9652099609375,521.1156005859375,506.40484619140625,491.0870361328125,475.3570556640625,464.3482666015625,452.91290283203125,443.86663818359375,436.1668701171875,427.8809814453125,421.62200927734375
sample_7299ae23e67c4d8a,387.3073425292969,389.75677490234375,392.49859619140625,395.8007507324219,399.0164489746094,404.4286804199219,406.69140625,407.96734619140625,412.7449035644531,434.6641540527344,430.7691955566406,429.16033935546875
sample_3560a7e9b382f557,472.1670837402344,462.22039794921875,448.2007751464844,437.35882568359375,426.5158996582031,414.7301330566406,405.46600341796875,396.3807373046875,388.6971740722656,382.5457763671875,376.12298583984375,372.486328125
sample_90f6e20ee5c8e6dd,332.4754943847656,331.3544006347656,331.3720397949219,329.5989990234375,327.7704162597656,326.8905334472656,328.3351135253906,329.4931335449219,331.234619140625,334.5161437988281,345.5908508300781,369.16748046875
sample_e6bf507d7d197f5e,658.4514770507812,644.3826904296875,627.6721801757812,611.125,597.36328125,581.218994140625,569.4180908203125,560.0756225585938,552.4457397460938,545.6693115234375,542.9392700195312,540.942138671875
sample_203884c3efecd9a0,556.6508178710938,546.084228515625,528.75537109375,515.2080688476562,501.2386169433594,486.69134521484375,476.68463134765625,466.06207275390625,457.53900146484375,450.2688903808594,442.99932861328125,437.6122741699219
sample_24638e409efc3293,382.5638732910156,379.5966491699219,375.8988342285156,373.06011962890625,369.6483459472656,365.5748291015625,362.2594299316406,358.07574462890625,355.401611328125,354.1648864746094,359.6746826171875,368.28515625
sample_35837ad202661420,618.4994506835938,607.5126953125,597.58984375,587.0781860351562,576.3536987304688,558.844482421875,546.4142456054688,532.2315673828125,520.831787109375,501.32623291015625,490.2820129394531,483.6213684082031
sample_f4d69c96872747cb,375.43212890625,374.5323486328125,374.3617248535156,374.2627258300781,374.53607177734375,374.92059326171875,375.2989501953125,375.67681884765625,375.70111083984375,376.14813232421875,376.4354248046875,376.6100769042969
sample_156c643fb88c9b43,280.3716125488281,286.2156982421875,294.5421142578125,300.77105712890625,308.11383056640625,315.6808166503906,322.0392761230469,327.7402648925781,333.94744873046875,337.2479248046875,342.8297119140625,346.03045654296875
sample_df3432caa1eab341,392.37347412109375,399.95538330078125,411.8206787109375,414.6641845703125,423.2958068847656,437.428466796875,453.03411865234375,475.94708251953125,492.8429260253906,512.8220825195312,520.4339599609375,548.5265502929688
sample_cc3f7fb140b6bbeb,378.1479797363281,377.6743469238281,380.172119140625,385.2666015625,386.4354553222656,387.48223876953125,387.0467224121094,386.22662353515625,387.358154296875,394.3225402832031,393.1339111328125,391.38995361328125
sample_dfc2aa25883e71a5,399.5121154785156,398.6802673339844,398.6325988769531,398.4280700683594,399.28387451171875,400.44427490234375,401.4988098144531,402.1001281738281,402.85125732421875,403.2156677246094,404.32623291015625,404.7913818359375
sample_6e38c9dc378ebe6f,292.238037109375,308.05413818359375,325.79656982421875,338.7543640136719,356.2914123535156,371.1728515625,382.0587463378906,386.90985107421875,393.7104797363281,400.06988525390625,410.8526611328125,416.6492919921875
sample_bebcf9195357a092,475.5419616699219,466.2011413574219,454.062255859375,444.128173828125,434.05419921875,423.02130126953125,414.8482971191406,406.2146301269531,399.4302978515625,393.5525817871094,387.52935791015625,383.2035217285156
sample_e1d38151ca312685,347.262451171875,346.26318359375,347.1118469238281,347.82916259765625,349.2145690917969,351.9301452636719,353.93927001953125,357.6266174316406,362.3035888671875,378.347412109375,389.14111328125,395.9091796875
sample_8136baa8e6250d9f,371.6106872558594,370.8161926269531,370.7471923828125,370.7917785644531,371.38348388671875,372.02508544921875,372.61663818359375,373.16461181640625,373.4076232910156,374.00726318359375,374.505859375,374.8377685546875
sample_eeabe228f72bad00,388.6720886230469,387.993408203125,387.61871337890625,387.14495849609375,387.28759765625,387.08612060546875,386.9251403808594,386.5812683105469,386.38116455078125,386.1244812011719,386.0009765625,385.5814208984375
sample_d368bcc490c8c4ee,398.4284973144531,392.5588073730469,384.397216796875,378.3297119140625,371.3700256347656,364.83148193359375,359.13616943359375,354.25537109375,351.2564697265625,346.2312927246094,341.8491516113281,341.3441162109375
sample_300813aa3b6b78ab,397.4687805175781,395.2330017089844,393.1145324707031,391.1518249511719,389.5274963378906,387.72857666015625,386.55810546875,385.3520202636719,383.60809326171875,383.0736083984375,382.2427062988281,381.53564453125
sample_8da8345618d972cf,289.0540466308594,296.8209228515625,307.9875183105469,316.11175537109375,325.8345947265625,335.694091796875,343.7048645019531,350.6826477050781,358.1078186035156,362.22503662109375,368.55230712890625,372.1285095214844
sample_ce6b0bfd9e6fc43e,403.4798583984375,400.69793701171875,397.71142578125,395.30828857421875,392.34552001953125,389.52008056640625,387.28741455078125,385.76727294921875,383.63580322265625,382.33978271484375,380.5938415527344,379.4304504394531
sample_5466b07e5887a620,339.2469482421875,338.8209228515625,339.88116455078125,341.1798400878906,343.319091796875,346.0846862792969,348.0076904296875,350.83935546875,352.3743896484375,354.503662109375,356.376953125,358.34442138671875
sample_641e9309eaec5a91,301.9662780761719,308.5482177734375,319.1536865234375,328.9625549316406,337.64654541015625,344.53485107421875,351.1175537109375,357.5199279785156,364.67620849609375,368.23040771484375,374.17596435546875,377.4681091308594
sample_b872110e5811f2cd,384.0771789550781,394.063720703125,409.0718994140625,423.6931457519531,441.6760559082031,459.2008972167969,484.50506591796875,502.5776672363281,514.86865234375,521.0989990234375,540.9816284179688,549.51806640625
sample_2bd618f60ed6e4a8,354.8285217285156,355.5019836425781,357.3538513183594,358.7786865234375,361.2478942871094,364.1098937988281,365.9129333496094,368.2503662109375,369.7732238769531,371.753173828125,373.56976318359375,375.1203918457031
sample_3565700a832ca7d7,482.9239807128906,481.3748474121094,481.69805908203125,488.83990478515625,502.3600769042969,524.81884765625,555.2223510742188,559.2589111328125,567.6588134765625,556.367431640625,553.9798583984375,523.9996337890625
sample_fdd5ee11112cb779,455.6931457519531,452.879150390625,447.3291931152344,442.4147644042969,436.9286193847656,429.6873474121094,425.1950378417969,418.7130126953125,414.7314453125,411.4372863769531,408.5063781738281,403.67071533203125
sample_d5c1126fd15ac3cf,453.98150634765625,444.6062316894531,431.89556884765625,421.23541259765625,410.9289855957031,399.3677978515625,390.57208251953125,382.50616455078125,376.083251953125,372.38446044921875,368.9242248535156,362.7025451660156
sample_0b45e8704730cfa5,341.62542724609375,343.6321105957031,350.38092041015625,358.760986328125,367.1624450683594,373.9173278808594,380.782470703125,381.2860107421875,386.6785888671875,394.36944580078125,397.8667907714844,400.1499328613281
sample_4133988025523aef,322.5401306152344,321.00262451171875,321.0559997558594,321.3162841796875,322.68609619140625,320.933837890625,319.5792236328125,319.27069091796875,321.21588134765625,322.96856689453125,323.1547546386719,326.5783996582031
sample_e7ef8c57b537df53,365.6531982421875,366.71917724609375,371.3490295410156,374.7507629394531,379.5851135253906,384.7466125488281,391.2953796386719,400.119873046875,403.9226989746094,401.2363586425781,402.6892395019531,405.74652099609375
sample_af347758c4d3e04d,528.044921875,524.3579711914062,516.5785522460938,509.6200256347656,503.4648132324219,495.419921875,490.89361572265625,483.1502685546875,475.95928955078125,470.047607421875,464.6159362792969,460.1265563964844
sample_ea0ad49b2f6ebfd9,356.9427490234375,356.327880859375,356.89666748046875,357.4981994628906,358.9649963378906,360.8293762207031,362.4427490234375,364.3041687011719,365.2792663574219,366.843017578125,368.59759521484375,369.8486328125
sample_b0da3f99902245f1,401.236328125,427.918701171875,448.74359130859375,452.5994873046875,451.2650146484375,453.8349914550781,456.762451171875,469.59796142578125,470.3679504394531,462.62005615234375,455.5469970703125,450.694091796875
sample_765721ffc14d9ff5,445.1893310546875,438.8765563964844,427.8550720214844,419.54345703125,416.2321472167969,416.8952941894531,414.3037109375,433.8350524902344,489.2079772949219,545.51611328125,533.3738403320312,553.1259155273438
sample_2a1c7bf14eea1334,418.7658996582031,420.7191162109375,426.8191223144531,431.9432373046875,439.58770751953125,444.4212951660156,454.66119384765625,467.8283996582031,492.1533508300781,514.2420043945312,534.2855224609375,540.1051025390625
sample_4b5b17c1fa94176a,351.5378112792969,356.1476135253906,363.916748046875,369.71258544921875,377.8822021484375,386.73004150390625,391.6291809082031,395.70635986328125,401.756591796875,405.3485107421875,409.8182067871094,413.0892333984375
sample_c93bd68a22b80f43,329.78564453125,332.7481689453125,339.3811950683594,344.4880065917969,351.1244201660156,359.0158386230469,365.1715393066406,370.3266906738281,376.3727111816406,379.7056884765625,386.5911865234375,387.9272155761719
sample_bb29535b0cb683f5,391.74853515625,401.9227600097656,409.29364013671875,416.71575927734375,426.9603271484375,434.55426025390625,437.44677734375,442.4623107910156,441.03851318359375,443.0555114746094,444.9674987792969,442.8677978515625
sample_3f4d46b0a84c8260,474.8476257324219,493.8870544433594,502.8525085449219,517.118896484375,519.5270385742188,508.3828125,499.9125061035156,488.5843200683594,480.0268249511719,479.8602600097656,471.1512451171875,461.34442138671875
sample_47a4e55ef92e437a,462.60302734375,456.2816467285156,446.2997131347656,437.83294677734375,429.33148193359375,419.4479675292969,412.6477966308594,404.6824645996094,398.79241943359375,393.74981689453125,388.1742248535156,383.9691162109375
sample_995c7d5b73db58e4,338.423095703125,338.3013000488281,339.84613037109375,343.41912841796875,353.2287902832031,369.5149230957031,384.0851745605469,370.91650390625,367.0963134765625,376.1202087402344,397.70513916015625,389.9898681640625
sample_b583d0b24f1525af,457.58978271484375,458.369384765625,456.2474060058594,452.3594665527344,448.8139953613281,441.84771728515625,438.19537353515625,431.3028564453125,427.9709777832031,424.6328125,420.35223388671875,416.6880798339844
sample_0e7c81463fc92d85,343.667236328125,343.08935546875,344.5152282714844,345.53948974609375,347.2958679199219,350.0796813964844,352.22662353515625,354.587646484375,356.6135559082031,357.83990478515625,360.0028381347656,361.0820007324219
sample_5909c1a068cec2b9,512.5962524414062,497.106201171875,478.1149597167969,462.9822998046875,448.811279296875,433.80206298828125,422.6884765625,410.8315124511719,401.67578125,393.5915832519531,385.57000732421875,379.29150390625
sample_a17f9fa44f6cf8f0,381.89013671875,410.2295837402344,432.3001403808594,447.5784606933594,462.74615478515625,496.30511474609375,508.36798095703125,501.2183837890625,488.0769348144531,482.29339599609375,482.7395935058594,494.7609558105469
sample_3ccb0190af1886d8,442.597412109375,459.693115234375,476.4644775390625,496.4188232421875,513.2691650390625,512.0902099609375,509.75860595703125,513.7674560546875,511.6607666015625,512.5782470703125,516.98779296875,510.84637451171875
sample_2cfa8c0dcb858fef,424.3311767578125,421.20220947265625,417.3362731933594,414.3078918457031,410.663818359375,406.210693359375,402.63037109375,399.41131591796875,395.8799133300781,393.74725341796875,390.0889892578125,388.0218505859375
sample_8595fcc01c5ad825,302.3494873046875,312.00421142578125,321.6263427734375,324.6726379394531,326.55731201171875,333.4279479980469,339.4506530761719,344.32330322265625,350.20562744140625,353.2965393066406,357.9259948730469,360.86712646484375
sample_6a7cbc925da0910e,468.0513916015625,464.4166259765625,459.3150329589844,454.7119445800781,450.10345458984375,444.679443359375,440.6678771972656,436.0350341796875,432.79754638671875,429.07672119140625,425.6318359375,422.50091552734375
sample_d4d8d17910a53712,354.36077880859375,352.898681640625,352.7365417480469,352.61572265625,352.8318786621094,353.6933898925781,354.7410583496094,355.63531494140625,356.97564697265625,358.1534729003906,359.7654724121094,361.48883056640625
sample_8cd836f0551153dc,341.241455078125,340.25787353515625,341.57891845703125,342.7381896972656,344.9630126953125,348.4336242675781,351.0188293457031,353.3706970214844,355.5926513671875,357.3606872558594,359.7406921386719,361.44158935546875
sample_2d94481b0d4ddac3,452.27252197265625,447.7589416503906,440.85626220703125,434.1405944824219,427.07708740234375,420.4819030761719,415.2464599609375,409.7638244628906,405.150146484375,401.6506042480469,396.72900390625,393.67657470703125
sample_c5b746ccd215c9ae,359.71295166015625,358.0440673828125,360.0966491699219,359.17633056640625,357.31573486328125,355.2879333496094,353.97113037109375,354.7452697753906,357.31195068359375,356.99859619140625,357.7994384765625,354.1864929199219
sample_da04265dc3a8048f,361.1331787109375,360.2178955078125,359.964111328125,359.16748046875,359.2139587402344,359.25421142578125,360.072998046875,359.4359436035156,360.7063903808594,360.20819091796875,360.4862365722656,360.6165771484375
sample_c0c6acacddb71261,457.87908935546875,451.35418701171875,442.7720031738281,435.8664245605469,428.4820251464844,420.6151123046875,413.95892333984375,407.8960266113281,402.026611328125,397.9125671386719,394.5205078125,394.57073974609375
sample_f971e30e83a4a305,468.1597595214844,460.49725341796875,450.7020263671875,442.6257019042969,434.29345703125,425.7531433105469,418.68402099609375,411.9705810546875,406.1438293457031,401.8537902832031,396.06646728515625,393.5236511230469
sample_21f4d22f1e1652f9,390.91656494140625,409.74945068359375,426.8515930175781,434.2979736328125,442.8382263183594,456.3310241699219,471.4377746582031,477.957275390625,476.5089111328125,479.853759765625,486.21484375,500.7739562988281
sample_a07673c5f263e326,663.231689453125,652.260986328125,638.7007446289062,621.3822021484375,604.9512329101562,590.1046752929688,574.1503295898438,557.4823608398438,545.4718627929688,533.095947265625,522.3968505859375,514.8512573242188
sample_49602473e9c489e3,286.3770751953125,289.46240234375,295.3464660644531,300.1242980957031,305.7929382324219,312.72161865234375,317.9803771972656,323.1470031738281,328.1319580078125,331.4163513183594,335.828369140625,338.9304504394531
sample_d4c639af61bdf07c,543.5916748046875,528.7478637695312,510.4486083984375,495.6935729980469,481.7367858886719,466.94366455078125,455.81268310546875,444.153564453125,435.0683898925781,427.23101806640625,419.0187683105469,412.8447265625
sample_d9a94635c6104976,387.37384033203125,390.5423583984375,393.4988708496094,395.313232421875,397.8382873535156,398.62322998046875,400.05670166015625,400.2046203613281,401.155517578125,400.6361999511719,401.694091796875,401.58038330078125
sample_b01704c4fe5f2b9a,504.9093933105469,492.6557312011719,477.6721496582031,465.2911071777344,453.4768371582031,441.1399230957031,431.1115417480469,420.42138671875,412.9228515625,405.6517639160156,398.32794189453125,393.1629333496094
sample_c4611ca79700dc77,377.8062744140625,375.09234619140625,372.8713073730469,371.3996276855469,370.10552978515625,367.7984924316406,365.0587463378906,363.20794677734375,362.7371826171875,362.3708801269531,361.4105224609375,359.0240478515625
sample_a86ba11295571ce7,420.9167785644531,424.56573486328125,426.10296630859375,426.6021728515625,427.31268310546875,425.3348083496094,424.59906005859375,421.0524597167969,420.1953430175781,417.4975280761719,415.723388671875,413.0145263671875
sample_ba007c703a534695,602.6784057617188,585.5477294921875,564.5032348632812,541.9468383789062,524.358642578125,508.0191650390625,494.85406494140625,481.8992919921875,471.42218017578125,462.1309814453125,452.967529296875,445.9739685058594
sample_d6f80e26b1ba0efa,453.72955322265625,448.8847961425781,442.2589416503906,435.21478271484375,429.22711181640625,421.28314208984375,417.603515625,411.431640625,406.850830078125,401.36297607421875,396.411865234375,391.73468017578125
sample_fc9f7ba864db92ca,366.2471618652344,363.3887634277344,360.35723876953125,357.9197692871094,355.70184326171875,353.7188720703125,352.2623291015625,350.97406005859375,348.8060607910156,348.00439453125,347.37939453125,347.1218566894531
sample_d9905adccdd82699,413.4589538574219,406.8105163574219,398.9664611816406,392.5938415527344,385.5321960449219,379.6327209472656,373.5294494628906,369.30621337890625,367.9549560546875,366.4426574707031,370.2161865234375,379.9405212402344
sample_d759bdbb274e9a26,437.4669189453125,434.7565612792969,431.82257080078125,429.07684326171875,426.9549865722656,424.6568603515625,423.0391845703125,420.9537048339844,419.7686462402344,418.4454650878906,417.1534729003906,415.90106201171875
sample_05ad095f9b9e9c7d,361.73394775390625,364.5242919921875,368.04046630859375,370.8340148925781,374.4885559082031,377.6949462890625,380.6356201171875,383.2249755859375,385.3978576660156,387.4773864746094,389.78863525390625,391.3346862792969
sample_69330f21cd9f0661,294.0684814453125,295.23486328125,298.953125,302.3291931152344,307.041259765625,311.5994873046875,315.200439453125,319.4825744628906,326.8587341308594,334.435546875,338.152587890625,346.07183837890625
sample_8b5bcc04b9b33ddd,355.3552551269531,368.7239990234375,386.6847839355469,395.496337890625,426.26708984375,457.9241027832031,482.2463684082031,470.1844482421875,464.899169921875,477.3001708984375,484.0735168457031,469.3245849609375
sample_a61d8168deb2a61a,312.1168212890625,312.69012451171875,317.0363464355469,321.3539733886719,328.4135437011719,336.7484130859375,339.8351745605469,347.357177734375,351.5962219238281,344.75286865234375,350.25506591796875,356.54962158203125
sample_aa55d1005a185975,409.46319580078125,405.0361328125,399.6064758300781,395.2736511230469,390.6594543457031,385.5633239746094,382.0876770019531,377.75030517578125,374.29864501953125,371.64862060546875,368.62872314453125,366.3052978515625
sample_15efe560047d252a,307.4825134277344,316.219482421875,328.68243408203125,337.8730163574219,348.2730407714844,358.81201171875,367.39959716796875,375.1335144042969,382.8409423828125,387.2318115234375,393.85089111328125,397.62298583984375
sample_5e89b37df53074d9,402.2789611816406,398.004150390625,393.12042236328125,389.3978271484375,384.5408630371094,379.26605224609375,375.0876770019531,371.9367370605469,369.41900634765625,367.4302062988281,363.38006591796875,362.2756042480469
sample_93e946c81b037c52,552.8251953125,536.5903930664062,517.5035400390625,502.5355224609375,488.410888671875,473.65252685546875,462.1891174316406,450.6484680175781,441.38079833984375,433.6158752441406,425.3067626953125,419.07073974609375
sample_3a146d6771c3fd9a,351.08544921875,351.996337890625,354.109130859375,355.6879577636719,358.31683349609375,361.4068298339844,363.4080810546875,366.08935546875,368.0058288574219,370.1448059082031,371.752197265625,373.47998046875
sample_766591bb2741c596,383.8598327636719,381.9339294433594,380.5626220703125,379.4374084472656,378.5467529296875,378.29632568359375,381.0492248535156,388.0048522949219,396.24371337890625,398.10467529296875,403.5924987792969,406.23272705078125
sample_d1d282c470b2a41b,318.5184326171875,318.37591552734375,320.3205871582031,321.90228271484375,324.3585205078125,327.51324462890625,330.7901916503906,332.7402038574219,335.5215759277344,337.1560974121094,339.8899841308594,341.4806213378906
sample_ab6247d0e456b195,642.7200927734375,627.0931396484375,613.08837890625,601.4475708007812,591.6141967773438,578.9824829101562,567.7907104492188,553.8214111328125,539.649658203125,527.9102783203125,517.8209228515625,505.9577331542969
sample_aa864d4a7d6d8f0b,572.1228637695312,562.9109497070312,547.201171875,533.2926635742188,516.5523681640625,501.1399230957031,488.7014465332031,476.624755859375,468.831787109375,461.0764465332031,453.4781494140625,447.16680908203125
sample_15f4c4ffee4923fb,355.5154113769531,353.10302734375,350.0517578125,348.51513671875,347.1210021972656,342.72918701171875,341.10614013671875,341.6587829589844,339.0284118652344,336.575439453125,333.6177062988281,331.4027099609375
sample_5fcbd458d7916852,308.2362365722656,311.9560546875,321.0134582519531,332.3658142089844,338.15081787109375,345.931884765625,356.7798767089844,365.48602294921875,366.94744873046875,366.6604919433594,367.6927795410156,367.2048034667969
sample_7534127ad40ca252,304.43060302734375,304.8437194824219,308.1404113769531,310.4773864746094,313.45611572265625,318.1144104003906,322.1278381347656,324.5266418457031,326.9700012207031,329.175048828125,331.90875244140625,334.1700744628906
sample_1f8086082466b381,419.00018310546875,416.4707946777344,413.8990783691406,411.5234069824219,408.6676330566406,405.5948486328125,402.9457092285156,401.111328125,399.0972900390625,397.729736328125,395.91717529296875,394.6802978515625
sample_2789292afa37c60e,406.0567626953125,412.5802001953125,424.2232666015625,438.6827087402344,461.4124755859375,473.7918701171875,475.5587158203125,478.46234130859375,488.0838623046875,498.954345703125,499.7846374511719,493.57135009765625
sample_1951f03b97f3a0e8,504.1754455566406,505.0595397949219,501.98321533203125,495.3419494628906,490.7426452636719,484.68060302734375,479.6122741699219,468.0791015625,458.8832702636719,452.9018249511719,446.6088562011719,442.06390380859375
sample_b3d84d20c5d06aa9,355.306396484375,373.7233581542969,389.0190734863281,418.6672058105469,450.97222900390625,478.5531005859375,469.48052978515625,467.8420715332031,482.35015869140625,489.45758056640625,478.2113037109375,478.8706970214844
sample_996623a97048b0c3,432.9344177246094,431.6075744628906,428.30218505859375,425.201416015625,422.1210021972656,416.25140380859375,413.08233642578125,407.3333740234375,404.3744812011719,400.91705322265625,397.6517028808594,394.8546447753906
sample_9fcd2f9fed300ec4,304.8665771484375,312.5331115722656,324.0986328125,331.1859436035156,341.08447265625,349.9165954589844,357.91961669921875,364.9267272949219,372.7607421875,375.9893798828125,382.5584716796875,385.2969970703125
sample_d8db8d8114f379b6,576.6859130859375,593.1435546875,606.7684936523438,631.1446533203125,666.97119140625,677.0736083984375,659.1674194335938,658.7098388671875,670.1248779296875,651.5626831054688,624.1229858398438,605.2939453125
sample_4958a187ce96057a,387.1510009765625,391.8254089355469,401.0979919433594,413.6488342285156,429.4605712890625,452.7918701171875,470.6706237792969,491.0623779296875,495.02288818359375,522.2515869140625,540.4851684570312,547.8557739257812
sample_1b5483166af7b5d9,441.3565368652344,437.0787658691406,430.05072021484375,424.3804931640625,418.0086669921875,410.57733154296875,404.9605712890625,399.2858581542969,394.150146484375,390.23468017578125,385.5673522949219,382.232421875
sample_2d6f129a3b49b471,375.4325256347656,379.8790283203125,385.94415283203125,391.10858154296875,400.012939453125,406.5215759277344,411.005615234375,417.3131408691406,433.34222412109375,435.96368408203125,435.3031921386719,434.92462158203125
sample_fa486d33422db536,349.7437438964844,348.47698974609375,348.4310607910156,348.1612854003906,348.87969970703125,350.3636779785156,351.790283203125,353.1149597167969,354.2776794433594,355.281494140625,356.80810546875,357.7276306152344
sample_cf41bde21f13a369,520.0979614257812,515.6096801757812,508.9396057128906,503.2978515625,497.5150146484375,490.8587951660156,485.87969970703125,481.0621337890625,475.544921875,472.7701416015625,468.5010986328125,465.84051513671875
sample_f210b9b7bc7dc248,375.2374572753906,372.2075500488281,368.75299072265625,366.06011962890625,362.8733825683594,359.7012634277344,357.91497802734375,356.1655578613281,355.3988342285156,359.75994873046875,368.47027587890625,376.7195739746094
sample_e5e4b43cc3aebffe,353.8378601074219,357.93560791015625,363.0827941894531,366.81866455078125,371.5491638183594,375.66265869140625,380.18670654296875,382.6690368652344,386.872802734375,388.62969970703125,391.9670715332031,393.29913330078125
sample_790d506e2f9d1edd,357.2366027832031,356.14324951171875,356.5579528808594,357.3393859863281,358.40142822265625,359.6472473144531,359.7344970703125,363.2456970214844,364.18695068359375,363.8656311035156,365.8288879394531,366.8998107910156
sample_99cd980e3a61b512,507.3121643066406,498.4779968261719,481.5901184082031,468.58221435546875,458.5037536621094,446.21826171875,437.5636901855469,429.0858154296875,421.24163818359375,411.66192626953125,405.0452575683594,400.04345703125
sample_e69a5a22e5590608,493.17340087890625,478.9205017089844,463.03240966796875,450.31451416015625,438.08807373046875,425.6165771484375,415.25640869140625,405.4925537109375,398.2374572753906,391.8286437988281,387.3102722167969,385.1629333496094
sample_d6e0fe7664157816,501.036376953125,504.04339599609375,506.8044738769531,508.1396484375,510.62261962890625,511.5198974609375,513.3132934570312,512.5995483398438,512.7086791992188,512.5443725585938,513.19873046875,512.5261840820312
sample_c7f896e154ea9ec7,321.8470458984375,324.9080810546875,330.1726989746094,334.8265380859375,340.8177795410156,348.4322509765625,353.13238525390625,359.2656555175781,365.1796875,368.7421569824219,371.7206115722656,372.126708984375
sample_0180242f06dc7d33,376.23114013671875,418.2214050292969,455.5834045410156,468.520263671875,485.3033447265625,501.44598388671875,520.9669799804688,527.682861328125,526.7510986328125,512.5819091796875,510.2978820800781,512.1817626953125
sample_14edc7b3c87ddad6,391.9810485839844,390.3310241699219,389.7294616699219,389.454345703125,390.7170104980469,393.4476623535156,397.0730895996094,412.3232421875,431.75244140625,447.9518127441406,460.54876708984375,457.92657470703125
sample_45d4c93d5d3b75d1,614.7799072265625,609.2259521484375,598.4251098632812,589.2962646484375,581.3695068359375,570.3494873046875,563.9686279296875,556.577392578125,551.7338256835938,546.4412231445312,541.916259765625,537.0220336914062
sample_e367736d39e5eabf,536.6838989257812,517.1728515625,495.8357238769531,478.8226623535156,462.65869140625,446.2672119140625,433.7466735839844,421.2281188964844,411.61737060546875,402.7305908203125,395.27850341796875,390.08111572265625
sample_5b253e2d2d8c9cf1,354.95556640625,362.9897766113281,374.472900390625,388.971435546875,405.1108703613281,418.6484375,427.3536682128906,430.18096923828125,439.038330078125,440.04815673828125,434.4091796875,427.36163330078125
sample_df5484cd6272f5d6,301.8841247558594,308.646240234375,317.44525146484375,324.29241943359375,332.0707702636719,339.60784912109375,346.1899719238281,351.5843200683594,357.938720703125,361.40728759765625,366.6017761230469,369.750244140625
sample_f755f74eee262c28,449.4281311035156,446.3248291015625,441.6417236328125,437.70428466796875,432.5788879394531,425.89886474609375,421.6497802734375,416.36724853515625,412.5231628417969,409.02471923828125,405.01214599609375,401.8346862792969
sample_5cd08dfd3de0e122,503.21966552734375,489.41912841796875,473.1718444824219,460.2822570800781,449.56402587890625,437.85845947265625,426.3443908691406,414.8146057128906,407.43048095703125,399.70037841796875,390.6159362792969,385.16680908203125
sample_fc06a256390ba12d,495.1155090332031,490.37310791015625,479.925048828125,469.808349609375,457.1809387207031,445.3221435546875,437.4886779785156,428.0892333984375,421.809814453125,415.70318603515625,409.31292724609375,405.14215087890625
sample_e487111c61e5e6f1,373.8485412597656,371.62744140625,369.0381164550781,366.8211975097656,364.430419921875,362.88116455078125,362.98211669921875,364.7926940917969,365.7571716308594,374.2731628417969,392.9728088378906,418.5238037109375
sample_28970732d915917c,395.8804931640625,397.4168395996094,398.5189208984375,398.9853515625,400.108642578125,399.65582275390625,400.6799011230469,398.88043212890625,399.3740234375,397.7510681152344,397.9897155761719,396.6653747558594
sample_65fe4e19979f6315,419.3228454589844,415.53387451171875,410.4261474609375,406.4062805175781,401.8536071777344,396.7748718261719,392.7836608886719,388.83843994140625,385.2194519042969,382.5463562011719,378.70648193359375,376.387939453125
sample_6ddeed9597671fa7,399.74688720703125,399.7164001464844,399.5521240234375,399.21148681640625,399.1476745605469,398.17120361328125,398.0799865722656,396.37066650390625,396.0537414550781,394.668701171875,393.2796936035156,391.67425537109375
sample_220c9279db129184,413.86285400390625,419.74871826171875,428.7366943359375,440.4996643066406,465.2867431640625,491.6300964355469,514.220458984375,541.228515625,581.4974365234375,627.575927734375,654.5187377929688,676.1245727539062
sample_843cfaf902fe734c,489.40521240234375,477.6343994140625,463.3388977050781,451.8782043457031,441.62738037109375,431.1003723144531,421.1102294921875,413.2044372558594,405.70587158203125,401.1541748046875,395.8297119140625,391.3765869140625
sample_a4b05ea8a8b14191,432.9903564453125,434.5074462890625,434.5517883300781,433.63983154296875,432.9993591308594,428.6221923828125,426.63922119140625,421.25457763671875,418.96514892578125,415.4262390136719,413.1587829589844,410.8971862792969
sample_2ea5908e8c1e5f09,315.54119873046875,315.2479248046875,316.10589599609375,316.6888427734375,317.950927734375,319.51678466796875,324.0369567871094,326.40374755859375,325.7697448730469,324.9916687011719,329.1737976074219,332.99871826171875
sample_c774eeccd46d9827,403.5696105957031,407.2000427246094,413.2217102050781,415.2811584472656,419.07373046875,420.9089050292969,421.3720397949219,419.2266540527344,414.6213684082031,413.0625915527344,409.2779235839844,406.704833984375
sample_9b8f10582b86f210,379.7965087890625,394.1827392578125,411.7674865722656,423.71087646484375,434.2132873535156,439.22894287109375,447.62017822265625,457.51995849609375,461.7714538574219,461.54718017578125,466.1141357421875,462.4041442871094
sample_8fdc80a3aeb68275,441.23175048828125,440.3324890136719,439.54913330078125,438.9256896972656,439.0451965332031,439.22576904296875,439.5597229003906,439.5931396484375,439.9517822265625,440.0213317871094,440.08544921875,439.90350341796875
sample_265608f72f4ee52a,298.056884765625,300.5275573730469,305.70721435546875,309.13177490234375,313.8514709472656,319.169677734375,323.504638671875,327.3910827636719,331.5279235839844,334.25189208984375,338.0240478515625,340.6322326660156
sample_fd6ff382a79e9865,373.42486572265625,372.6029968261719,372.366943359375,371.9878845214844,372.10943603515625,372.0318603515625,372.87078857421875,372.7143249511719,373.25830078125,373.6330871582031,374.0758972167969,374.32293701171875
sample_f2b15a2bf4fd39f5,371.013671875,398.2281799316406,425.96612548828125,450.8768310546875,471.7978820800781,494.14764404296875,493.88934326171875,517.6828002929688,520.8033447265625,526.9424438476562,522.370361328125,530.1817626953125
sample_b13eeff5a2385b58,443.2029724121094,443.7054748535156,445.18701171875,438.51239013671875,432.9808654785156,427.4033508300781,421.62908935546875,416.16387939453125,412.99810791015625,411.4126892089844,410.555419921875,407.6848449707031
sample_fd79b24f029ee3d2,387.5625,385.1317443847656,382.82281494140625,381.6147155761719,379.8931884765625,377.63555908203125,377.1606140136719,376.2181091308594,374.2940979003906,378.5522766113281,376.78265380859375,375.1582946777344
sample_ea08855b2c04a629,342.72625732421875,350.8976135253906,358.51495361328125,365.0117492675781,375.8340759277344,382.9482421875,389.3406982421875,395.70977783203125,399.43328857421875,399.9913635253906,404.57794189453125,406.25189208984375
sample_551ef77823be216e,332.2542724609375,335.2918395996094,341.096435546875,346.1739196777344,352.3555603027344,358.6802673339844,364.2258605957031,369.76397705078125,374.6059265136719,378.586181640625,383.471923828125,385.9853210449219
sample_7e041e2bf5273785,354.7001037597656,353.2131652832031,353.41717529296875,353.4258117675781,354.3415222167969,356.1600646972656,356.8017883300781,359.25396728515625,360.85235595703125,364.6667175292969,380.4092102050781,390.2236328125
sample_162ba229903a7e64,335.6311340332031,335.9673156738281,338.7391662597656,339.65863037109375,341.81329345703125,346.69378662109375,348.0802917480469,356.28936767578125,361.4396057128906,364.2555847167969,362.0227355957031,375.136474609375
sample_04385b85ef6cb292,351.5530700683594,350.1705017089844,350.0976867675781,349.789306640625,350.6288757324219,352.5225830078125,353.97979736328125,355.6206970214844,357.19598388671875,358.3359680175781,359.9195251464844,361.2405090332031
sample_d65977e6bf696255,309.97955322265625,312.8547668457031,317.79071044921875,321.9172668457031,327.0362243652344,332.9599304199219,337.27178955078125,341.99786376953125,346.0701904296875,349.3592529296875,352.93084716796875,355.7684326171875
sample_e1b4b4295b357462,383.69940185546875,389.0217590332031,393.5970153808594,396.8190612792969,400.56182861328125,402.3398742675781,405.01788330078125,404.8317565917969,406.8652648925781,405.68536376953125,407.0881042480469,406.1423034667969
sample_5296f52cbdf5dbc8,389.1068115234375,386.6147155761719,383.3087463378906,380.4405517578125,376.9329528808594,372.783935546875,368.0585632324219,363.7909851074219,360.7779541015625,359.8009338378906,355.78643798828125,353.27105712890625
sample_1697b05153353710,503.48193359375,493.6447448730469,480.75640869140625,470.1192932128906,459.4910583496094,448.38360595703125,439.7422180175781,431.60784912109375,424.5387878417969,418.80914306640625,412.4339599609375,408.1506042480469
sample_5240dbdba41f2822,298.3125915527344,306.4925231933594,320.15460205078125,331.62542724609375,343.6111145019531,352.0521240234375,362.07745361328125,367.5606384277344,375.2899475097656,380.27166748046875,389.2996520996094,393.3427734375
sample_92c8b1355d4a8c1b,400.7998046875,398.07635498046875,393.9127197265625,390.88653564453125,388.44537353515625,386.1687316894531,384.26507568359375,386.02996826171875,399.72540283203125,419.6336364746094,417.9416809082031,416.9041442871094
sample_d4785d3a95c44cd2,653.5741577148438,636.8097534179688,615.4480590820312,593.7161865234375,572.65869140625,549.4879150390625,532.767333984375,518.034912109375,507.24871826171875,497.5489196777344,487.49578857421875,479.4278564453125
sample_6c610a9a09ef8015,468.19580078125,461.63134765625,451.5218200683594,443.23779296875,434.7688903808594,424.91058349609375,418.02294921875,410.3502502441406,404.4930419921875,399.3858642578125,393.90478515625,389.8580627441406
sample_d10648ced83dc465,441.072998046875,434.535400390625,423.4522399902344,415.41119384765625,410.43182373046875,403.7391052246094,403.8768005371094,420.36724853515625,467.03515625,503.19793701171875,525.8712158203125,560.9515380859375
sample_ab6ff2d023a1cccd,369.6285095214844,367.04437255859375,363.7947692871094,362.341552734375,361.75860595703125,358.94073486328125,358.319580078125,354.9113464355469,352.94110107421875,353.0970764160156,351.201171875,350.3300476074219
sample_decdeca7bf2cf5f3,526.0653686523438,511.00579833984375,493.69891357421875,479.3387145996094,465.7373046875,452.3254089355469,441.454345703125,427.9060974121094,418.8623046875,411.24658203125,403.79083251953125,397.8421630859375
sample_0c9dcfab719d457a,406.9751892089844,401.4584045410156,394.8839111328125,389.7192077636719,386.44659423828125,387.03564453125,387.2510070800781,387.2113342285156,386.7171936035156,385.2982482910156,381.7709655761719,379.9617919921875
sample_b705a4390025b1c9,327.0244445800781,339.7098693847656,341.11163330078125,346.0601806640625,348.2065734863281,354.5501708984375,359.3138427734375,367.61822509765625,359.3174743652344,361.07330322265625,357.68304443359375,355.60968017578125
sample_216539d910306288,504.1809997558594,497.0003356933594,487.46612548828125,479.2127990722656,471.09375,460.9598083496094,453.862548828125,446.9705810546875,440.04620361328125,435.5539855957031,429.934814453125,426.4139099121094
sample_c7b4326164496add,341.0760192871094,345.3164367675781,351.6033020019531,354.5452880859375,360.3362731933594,377.0382995605469,384.2637023925781,379.5300598144531,375.30340576171875,377.3680419921875,381.67376708984375,385.79815673828125
sample_f7bca37139f1b276,333.0679626464844,340.85052490234375,350.48785400390625,361.93109130859375,368.4600524902344,371.02301025390625,376.8316345214844,381.1436462402344,385.4853515625,387.9272155761719,389.69189453125,386.25640869140625
sample_9be83d1a083787c7,455.4608154296875,449.29229736328125,442.202880859375,437.164794921875,431.4830627441406,426.85394287109375,422.2952880859375,418.7062072753906,415.6403503417969,413.9156494140625,410.89288330078125,418.5531921386719
sample_7fff4f672bd0ab24,471.9591064453125,482.928955078125,491.4886169433594,499.9729919433594,511.8240051269531,520.6563720703125,528.2113647460938,535.3165893554688,549.372314453125,554.1744384765625,559.1795043945312,558.121337890625
sample_71433191ae305da2,317.697021484375,321.1340026855469,327.103515625,332.298095703125,339.2871398925781,346.0364990234375,351.8367919921875,358.7978820800781,363.7219543457031,366.34173583984375,367.79833984375,370.4578857421875
sample_ead607759eb0763d,478.3171691894531,487.35394287109375,504.15496826171875,517.3536376953125,527.94921875,540.699462890625,562.40283203125,582.9674682617188,585.6259155273438,593.9746704101562,603.7095336914062,624.7544555664062
sample_b8de54ddcfdb9300,401.0843505859375,403.43695068359375,405.5262451171875,406.8828125,408.8907165527344,408.797119140625,409.5949401855469,408.1571350097656,408.9836730957031,407.2134704589844,407.3447265625,405.64996337890625
sample_66991935212b364b,367.7402038574219,380.2872619628906,394.6836242675781,411.8681335449219,429.314697265625,445.5747375488281,461.39898681640625,471.99798583984375,467.1313781738281,468.8240661621094,478.3332214355469,477.5525207519531
sample_5b9204db66801e0d,322.1734619140625,325.2065734863281,330.353271484375,334.6612243652344,340.10516357421875,346.3860778808594,350.8338623046875,355.8012390136719,360.0658264160156,363.5169372558594,367.3018798828125,370.2113037109375
sample_9c22c890dd26f767,522.00244140625,504.2004089355469,484.16961669921875,468.1129455566406,452.884765625,437.29449462890625,425.42327880859375,413.2959289550781,403.5999755859375,395.25732421875,386.8226623535156,380.29931640625
sample_b58a08c83706dcf3,412.57305908203125,408.1427307128906,403.25933837890625,399.7284851074219,396.05987548828125,393.1930847167969,389.8409118652344,386.9435119628906,383.70965576171875,382.5254211425781,377.7718505859375,376.0509033203125
sample_a8fc20bf1e78b811,326.5202941894531,331.7359924316406,338.81964111328125,344.0762939453125,350.94451904296875,364.5330810546875,366.9681091308594,368.42498779296875,371.6156311035156,377.3728332519531,382.0399475097656,386.64508056640625
sample_fbf18be631910370,407.520751953125,406.0692443847656,404.60791015625,403.1400146484375,401.926513671875,399.5291748046875,398.3922119140625,396.5232238769531,395.73876953125,394.04931640625,392.7380676269531,391.31292724609375
sample_a04b1e6fb8c6babf,331.9004821777344,330.7408447265625,331.81146240234375,333.46771240234375,343.8311767578125,357.0122375488281,363.8882141113281,364.0656433105469,364.4910888671875,371.25018310546875,371.7970275878906,391.3746032714844
sample_d9431f6acf1eb8bf,344.2459411621094,346.6501770019531,350.470947265625,353.2967224121094,357.1603698730469,361.61468505859375,364.9075927734375,368.59783935546875,371.56591796875,374.0648498535156,376.96484375,379.4424743652344
sample_63fa0fd4e2db7a56,367.91204833984375,367.2852478027344,367.37750244140625,367.51300048828125,368.34576416015625,369.1253662109375,369.8321533203125,371.0611572265625,371.3119812011719,372.3497314453125,373.956298828125,376.11212158203125
sample_b563817dc966845d,355.3865661621094,366.4344482421875,379.51666259765625,391.2633056640625,409.5260314941406,434.6416015625,460.0924072265625,479.8793640136719,502.02685546875,539.947265625,580.327880859375,599.9089965820312
sample_01ddf65479db8931,333.6468200683594,340.4990539550781,351.65399169921875,362.1036682128906,373.42254638671875,377.3457946777344,391.784423828125,403.51318359375,415.03179931640625,410.8125,416.4083251953125,419.2382507324219
sample_11aabe3f3aff991c,320.6873474121094,325.3013000488281,330.92999267578125,339.29888916015625,353.0514831542969,368.4029541015625,369.34197998046875,367.9436340332031,388.8236999511719,396.013671875,392.9728088378906,383.1460266113281
sample_49a5b6d2577eafa9,334.9761962890625,333.18975830078125,331.97589111328125,331.09869384765625,330.5969543457031,329.6683654785156,331.061767578125,328.7350769042969,328.0231628417969,328.4638366699219,329.2993469238281,329.34112548828125
sample_f9b98f95bcca1896,589.9722900390625,573.1055297851562,553.6717529296875,538.7693481445312,524.7880249023438,509.72296142578125,499.4000244140625,487.55694580078125,479.2505187988281,471.9656982421875,464.50286865234375,458.39410400390625
sample_d05b7f1dafbbf945,390.303955078125,387.8812255859375,385.69781494140625,383.854248046875,382.1430358886719,380.8319091796875,379.9932556152344,379.111328125,378.4166564941406,377.68536376953125,376.9940185546875,376.2567443847656
sample_3be4dfe463a05b62,518.131591796875,524.94677734375,528.8197631835938,531.4561157226562,535.0499267578125,535.6340942382812,537.93701171875,535.9503784179688,537.141845703125,535.8275146484375,536.3637084960938,535.0186767578125
sample_0ecefccf73746a1c,407.3940124511719,408.4376220703125,414.7726745605469,425.5787353515625,439.9693603515625,451.1020812988281,448.84521484375,451.21142578125,455.2046203613281,460.19793701171875,451.88623046875,442.3062744140625
sample_3c4d65503cc6d78f,376.02008056640625,375.9307861328125,379.7086486816406,396.2565612792969,425.8721008300781,456.19732666015625,493.55810546875,529.320068359375,564.8748168945312,577.2835083007812,593.5699462890625,574.617431640625
sample_74c44d10d8ce545b,357.18316650390625,360.31317138671875,365.89501953125,370.2646484375,378.2557067871094,379.8979187011719,382.4642028808594,377.9876708984375,379.5496826171875,377.0702209472656,375.37188720703125,368.52679443359375
sample_00b4f4146ec5a6fa,308.7463684082031,310.43548583984375,314.3179016113281,317.0813903808594,320.82562255859375,325.3101501464844,328.3747863769531,331.0859680175781,334.7221374511719,336.347412109375,339.2466735839844,341.0564270019531
sample_0179644f5d89bff2,462.3167419433594,455.2774963378906,445.3133544921875,437.2127990722656,429.2437744140625,420.861328125,414.7635803222656,408.43499755859375,403.53424072265625,404.4203186035156,403.777587890625,402.1801452636719
sample_47e893557fd13cc8,313.8426818847656,315.5173645019531,319.2413635253906,322.4862365722656,325.2315673828125,330.74176025390625,335.0777282714844,341.3097229003906,337.8034973144531,343.30926513671875,344.19586181640625,344.1694030761719
sample_649bf1fa6fce022e,313.5138244628906,319.1517333984375,328.0838317871094,335.80450439453125,346.2709655761719,354.9227294921875,359.1007080078125,364.2995910644531,370.7391662597656,374.0953369140625,379.70953369140625,382.750244140625
sample_fadde32f6475e169,347.79248046875,347.2386169433594,348.4878845214844,349.55108642578125,350.2292785644531,352.7672119140625,356.51116943359375,357.4130859375,359.9898986816406,363.28271484375,364.2588195800781,371.66107177734375
sample_7c2f3108dbd1db66,314.2634582519531,316.11773681640625,320.0471496582031,323.25518798828125,327.44775390625,332.5113525390625,336.57708740234375,340.3808898925781,346.50732421875,354.5793762207031,358.499755859375,362.4346923828125
sample_589b06059dba4097,509.7037048339844,511.0083312988281,516.5123901367188,523.057373046875,535.4746704101562,543.152587890625,547.8367919921875,552.21142578125,565.6589965820312,580.2789916992188,576.21923828125,575.8129272460938
sample_fa493bd2de74e2b5,352.1162414550781,372.8595275878906,394.4093017578125,411.35272216796875,427.74407958984375,446.0225830078125,455.4649658203125,463.60137939453125,472.660400390625,480.61016845703125,487.3297119140625,492.4141845703125
sample_609e4d9b24255122,528.883544921875,516.9968872070312,502.4222412109375,490.4814147949219,479.2396545410156,467.37213134765625,458.32501220703125,448.7875061035156,441.0139465332031,434.8509521484375,428.1477355957031,422.93695068359375
sample_5503c95edd34c590,383.67376708984375,380.8258361816406,379.03106689453125,380.879638671875,384.0311279296875,387.7242431640625,389.414794921875,388.86767578125,389.860595703125,392.63818359375,386.6212158203125,382.9845886230469
sample_286c74d2778e3c30,378.9666442871094,381.8867492675781,384.97796630859375,387.4868469238281,390.37274169921875,391.9046936035156,394.3551940917969,394.767333984375,396.8848876953125,396.53558349609375,398.2071228027344,397.5916442871094
sample_293894431e5ca692,400.94549560546875,397.5827331542969,393.8572998046875,391.291748046875,388.017333984375,383.7322692871094,381.3570861816406,376.3808288574219,373.57403564453125,371.1128845214844,367.9180603027344,365.9921569824219
sample_3184df7f7910745f,333.476806640625,333.3572692871094,335.6374816894531,338.21453857421875,339.50384521484375,343.3399963378906,347.6089172363281,349.2825622558594,358.2048034667969,362.697509765625,364.3606262207031,362.28240966796875
sample_359ba9f5c3a4cfbe,363.1447448730469,362.9295349121094,364.9220886230469,366.3443298339844,368.96002197265625,372.6114196777344,375.80133056640625,378.27410888671875,382.0931396484375,383.598876953125,384.9438781738281,386.70269775390625
sample_5eaecbcf5c9bacc8,443.9557800292969,439.24725341796875,432.6340026855469,426.81842041015625,421.17742919921875,414.11474609375,409.5672912597656,403.5909423828125,399.0460205078125,395.73028564453125,391.42333984375,388.34149169921875
sample_d8050f1df15754e3,406.1109313964844,401.7056579589844,396.6064758300781,392.0587158203125,387.4344177246094,384.0307922363281,383.4838562011719,375.05877685546875,377.4103088378906,378.96905517578125,381.4176025390625,382.3484802246094
sample_89466a3935ad95dd,381.6045227050781,379.467529296875,377.7187805175781,376.251220703125,375.07464599609375,374.2811279296875,373.68231201171875,372.994384765625,372.7843017578125,372.3117980957031,372.00860595703125,371.61505126953125
sample_65bb5e878a0fe1bf,463.7605285644531,459.6810607910156,452.1062927246094,445.4547119140625,438.97723388671875,430.5931701660156,425.0860290527344,417.5367126464844,412.757568359375,408.2312927246094,403.2563781738281,399.069091796875
sample_bb6673ded190c7c2,398.4346008300781,395.6126403808594,393.15594482421875,391.0770263671875,389.1927185058594,387.4963684082031,386.2930603027344,386.08251953125,386.2566833496094,386.7503662109375,386.1422119140625,387.8106689453125
sample_c02fab6a598140ad,407.71441650390625,406.12579345703125,401.9129943847656,399.6060791015625,395.0361022949219,390.5359191894531,388.37939453125,387.6875915527344,381.77142333984375,379.9066162109375,378.259033203125,375.90692138671875
sample_4efd8d3ec97023e2,437.74896240234375,432.9914245605469,427.3007507324219,423.61236572265625,420.70965576171875,416.0928039550781,411.0207214355469,407.8180847167969,401.8767395019531,400.02471923828125,397.06292724609375,396.7488098144531
sample_a1790b507494a624,315.4506530761719,316.7106018066406,320.2101135253906,322.940673828125,326.85980224609375,331.8967590332031,335.51983642578125,339.414794921875,342.76983642578125,345.297119140625,348.5638122558594,351.3043212890625
sample_c8893916d5807e79,395.0939025878906,392.6786804199219,390.6492004394531,389.0030517578125,387.7806701660156,387.03070068359375,387.4591369628906,388.1689758300781,389.0668029785156,389.8797607421875,390.76409912109375,392.7250061035156
sample_5caa87d5d91d1caa,468.8973388671875,490.1304931640625,509.130859375,534.7252807617188,562.9716796875,580.2425537109375,571.8944702148438,570.9776611328125,576.6951904296875,583.2448120117188,568.3155517578125,549.5106201171875
sample_934b8a465f3b26f1,486.0268859863281,481.2046203613281,471.16131591796875,462.3212585449219,454.64471435546875,444.54034423828125,438.2894592285156,429.47906494140625,423.78369140625,418.6492004394531,412.83856201171875,408.5223388671875
sample_883655e55f4702fe,305.5068664550781,310.0495910644531,318.55560302734375,325.35736083984375,332.8822021484375,341.06866455078125,348.1912841796875,354.360595703125,360.3487548828125,364.03997802734375,369.9374694824219,373.1414794921875
sample_9e22233a68bcc2f0,342.66583251953125,348.4964599609375,363.02825927734375,377.2520751953125,371.38800048828125,372.47845458984375,383.8578186035156,404.3775634765625,400.1513671875,413.93060302734375,395.0138854980469,383.13385009765625
sample_4845c66961c1566b,341.0133972167969,347.8487854003906,356.7647399902344,363.40814208984375,371.7458801269531,379.9719543457031,386.9752197265625,393.0521240234375,399.6827392578125,403.73480224609375,408.8349914550781,411.8593444824219
sample_f7083fb76a098e82,442.80511474609375,461.41387939453125,479.3533630371094,493.6656188964844,506.8925476074219,519.3892211914062,528.6473388671875,536.22509765625,544.1962890625,549.47705078125,556.0382080078125,559.760986328125
sample_7eca6dfd8268048b,398.7875061035156,403.9569091796875,413.4722595214844,417.2327575683594,411.28558349609375,411.97943115234375,413.4333190917969,417.96734619140625,423.7177734375,425.7910461425781,423.2020568847656,425.6413269042969
sample_18d0773d782c615f,394.9432678222656,394.5751953125,395.9977722167969,395.2976379394531,397.3214416503906,401.1697692871094,404.7971496582031,407.1944274902344,410.0226745605469,415.8215637207031,421.8548889160156,415.78662109375
sample_2ff5bfa8bd01eefb,298.5723571777344,301.3324279785156,306.7629089355469,310.6610107421875,315.7361755371094,321.3192138671875,325.7362060546875,329.7876892089844,334.2220458984375,336.87750244140625,340.66448974609375,343.324951171875
sample_bde7594164ccb354,319.85968017578125,319.9931335449219,322.2391052246094,324.18353271484375,327.0087890625,330.6369323730469,333.76513671875,339.1741027832031,343.0198974609375,346.5788269042969,350.63006591796875,361.66259765625
sample_0a236ebfcf22d2f0,396.5822448730469,395.8315734863281,395.80029296875,394.9715576171875,395.240478515625,394.9373779296875,395.0032958984375,394.7499084472656,394.0702819824219,393.3421936035156,393.543212890625,393.47320556640625
sample_7702c0447c0f1e5c,528.8661499023438,523.20703125,516.4806518554688,507.2135925292969,495.3563232421875,481.61151123046875,477.9964294433594,467.31634521484375,459.3564453125,452.1191101074219,445.0973815917969,441.3642272949219
sample_ea1dbe37847f104f,426.93365478515625,423.69586181640625,419.0166320800781,415.6463928222656,411.4415283203125,407.1645202636719,403.3988037109375,401.08251953125,397.6825256347656,399.1648864746094,396.02581787109375,395.2968444824219
sample_051c73d314c33f08,541.7700805664062,530.0072021484375,515.7840576171875,503.540283203125,490.8027648925781,478.1003723144531,465.7001647949219,455.5535888671875,447.41741943359375,440.4593200683594,433.4533996582031,429.3824157714844
sample_686df92913f5a3dc,370.194091796875,367.8279113769531,364.95465087890625,362.76312255859375,360.24896240234375,357.43194580078125,355.1730651855469,353.0130310058594,351.4942626953125,348.9766845703125,349.5980224609375,348.3035888671875
sample_1cb4971087b1b9c1,508.9364013671875,504.4178161621094,496.57830810546875,489.61962890625,483.3081970214844,475.9731140136719,473.6300354003906,471.12994384765625,473.5003967285156,466.9693603515625,463.1592102050781,458.3937683105469
sample_1eeaaad087bba564,449.6370544433594,439.7939758300781,427.75653076171875,418.46685791015625,408.86663818359375,398.8893737792969,391.00872802734375,383.397705078125,377.07452392578125,372.2960205078125,366.4092102050781,362.5340270996094
sample_7134a9a8e44990a0,342.8768005371094,355.47296142578125,368.1830139160156,377.5020446777344,387.2862243652344,402.7408142089844,412.7986755371094,411.6996154785156,410.0080261230469,417.0326232910156,427.8270263671875,435.8431091308594
sample_1ce7c8abd84b0a69,592.4853515625,574.4755249023438,553.7249755859375,536.7322998046875,521.1092529296875,504.57415771484375,492.40643310546875,480.11962890625,470.40911865234375,462.72186279296875,454.5894470214844,449.1895751953125
sample_3198fa2e606e9f97,538.5603637695312,526.3359375,511.8944091796875,500.183837890625,488.0019226074219,474.6025390625,462.96923828125,452.42816162109375,444.0291748046875,437.1561279296875,430.064697265625,424.6090393066406
sample_8cde586767a247b3,418.6667785644531,414.8782958984375,410.20391845703125,406.37322998046875,401.6473083496094,396.40283203125,392.1588134765625,388.5774230957031,385.34417724609375,383.0922546386719,379.326171875,377.6648864746094
sample_1ae46745bc70396d,270.8111572265625,277.15380859375,287.6952819824219,295.614990234375,304.358642578125,314.0309143066406,321.635009765625,328.98773193359375,335.92132568359375,340.3499450683594,346.46307373046875,350.6875915527344
sample_592b86361f4540ad,384.14227294921875,384.39813232421875,384.7558288574219,385.0635986328125,385.8270568847656,386.1059875488281,386.5849609375,386.3681335449219,386.5473937988281,386.3748779296875,386.3663635253906,385.9531555175781
sample_5b8a515748f8173a,368.86968994140625,371.988037109375,375.4710693359375,377.71002197265625,382.1636962890625,387.64019775390625,390.8937072753906,397.5809020996094,400.0810852050781,401.13238525390625,405.814697265625,421.4585266113281
sample_50ddcee6c4ea96f1,342.3701171875,344.0164794921875,346.49835205078125,348.6017761230469,354.1912841796875,362.8055419921875,373.3248291015625,389.09619140625,422.4028015136719,459.3197021484375,483.25372314453125,505.6375732421875
sample_55414231572590fe,340.1600341796875,341.5127868652344,351.2283935546875,357.16583251953125,359.0924987792969,366.4273986816406,374.06964111328125,377.98431396484375,385.8033142089844,382.99700927734375,380.21575927734375,377.4140625
sample_39e29a45ec2f6aa1,365.07476806640625,363.3843078613281,362.87530517578125,361.8219909667969,361.7924499511719,362.319091796875,362.9502258300781,363.38592529296875,364.1317138671875,364.7906188964844,365.0113525390625,366.310546875
sample_d65a4e1f558d628f,376.8313903808594,385.06646728515625,382.44342041015625,381.9410705566406,388.6418762207031,402.7550354003906,398.1656799316406,409.1097106933594,390.8019104003906,379.7780456542969,384.7432556152344,388.94189453125
sample_def2555f167fc28e,350.0423583984375,350.0419921875,351.9456787109375,353.7082214355469,356.2961730957031,353.96099853515625,357.1373596191406,355.7583923339844,355.9197082519531,355.7722473144531,357.8022155761719,353.11993408203125
sample_2573593e432c3e1a,480.625,468.7623291015625,453.19989013671875,440.86126708984375,428.8017272949219,416.64385986328125,407.02227783203125,397.7502136230469,390.31982421875,384.04339599609375,377.13006591796875,372.9382629394531
sample_55fb006831c5bbfb,523.2688598632812,523.3394165039062,516.57666015625,505.6298828125,502.2854309082031,489.8684997558594,479.0498046875,464.98077392578125,457.722900390625,452.3804931640625,447.17333984375,442.1304626464844
sample_de0288237ad12e68,333.10833740234375,334.92852783203125,339.4708251953125,343.2471008300781,348.313720703125,354.9216613769531,359.4153747558594,363.5809020996094,367.627685546875,370.6938171386719,375.2634582519531,378.54766845703125
sample_81953ca2c40525b3,433.8892822265625,427.9659729003906,418.800048828125,411.27166748046875,403.7197265625,395.3591613769531,388.7176513671875,382.0858459472656,376.72509765625,372.952392578125,367.33502197265625,364.5177917480469
sample_9f95926706751ba2,392.2748718261719,389.95050048828125,387.4685974121094,385.98651123046875,384.31182861328125,382.2842102050781,379.68359375,378.702880859375,378.47088623046875,384.26068115234375,398.1979675292969,420.29888916015625
sample_9d32c3f8308e2761,625.9168701171875,617.0326538085938,604.6734619140625,593.83056640625,584.841796875,571.574462890625,561.6348266601562,552.9874877929688,545.0897827148438,538.0413818359375,530.6318359375,521.9330444335938
sample_584b0116b3667d14,386.024658203125,384.28570556640625,383.7537536621094,383.35101318359375,383.7770080566406,385.0397644042969,386.1817932128906,387.5537414550781,389.2610778808594,392.3692321777344,397.98773193359375,398.6347961425781
sample_520e774f2f740080,363.44586181640625,362.644287109375,362.599609375,362.275146484375,362.6837463378906,363.31329345703125,364.8807678222656,364.60113525390625,366.3913269042969,366.5560302734375,367.9540710449219,368.5050964355469
sample_95ded46a08b2dbf9,534.5269775390625,532.3342895507812,525.2597045898438,518.315185546875,510.4278259277344,500.76336669921875,489.1807861328125,476.5197448730469,469.73162841796875,463.1292724609375,456.9224548339844,451.8012390136719
sample_39efe3ee0dddc4cb,351.37060546875,354.4997253417969,358.18646240234375,360.6358337402344,364.407470703125,367.2426452636719,370.104248046875,371.77410888671875,374.0236511230469,374.8136291503906,377.33367919921875,378.1694030761719
sample_d3cc67b23af2eacf,372.643310546875,370.7020568847656,369.538330078125,368.4539489746094,367.9124450683594,367.85955810546875,367.7228088378906,367.8384704589844,367.7257080078125,367.8026123046875,367.9190368652344,367.9379577636719
sample_3720d276056c698b,307.8184814453125,312.4632873535156,319.47198486328125,325.5964660644531,333.5005187988281,341.07171630859375,345.9247741699219,349.74365234375,354.3184509277344,359.5531005859375,365.5549621582031,368.9794921875
sample_5b348f7524cfbeb0,381.5010986328125,379.3769226074219,377.83685302734375,375.432861328125,371.90533447265625,367.2228088378906,363.8187561035156,360.0859069824219,358.24102783203125,359.5217590332031,359.68194580078125,359.5534362792969
sample_7d29efa8c0964ed1,284.2528991699219,288.1200866699219,294.77734375,299.62066650390625,305.6434326171875,312.30517578125,317.8144836425781,323.23175048828125,328.39984130859375,331.4578857421875,336.1424255371094,339.2616271972656
sample_8729f5c41418e0e0,401.37969970703125,401.67779541015625,401.8192138671875,401.80010986328125,402.30255126953125,401.6653137207031,401.43743896484375,399.7124328613281,399.36431884765625,397.80035400390625,397.0245361328125,395.93255615234375
sample_8b4196a3682af93d,435.95953369140625,432.7065124511719,427.7041015625,423.6296691894531,419.0538024902344,412.9402160644531,408.80596923828125,403.5096130371094,399.5231628417969,395.99871826171875,392.1737976074219,389.1122741699219
sample_75d22c037dc4db17,465.8707580566406,458.6805419921875,448.8271789550781,440.45233154296875,432.3811340332031,422.21575927734375,414.8806457519531,407.4993896484375,401.447509765625,396.67010498046875,390.8570861816406,387.136962890625
sample_3a226e4be37f66a8,625.0228881835938,609.9803466796875,591.5317993164062,576.635498046875,562.4615478515625,547.20751953125,536.2059326171875,524.7298583984375,515.2723388671875,507.04736328125,499.40216064453125,492.7349853515625
sample_3b1bdf2083e446c4,381.00390625,379.42901611328125,378.4309387207031,377.3303527832031,376.93310546875,376.8747253417969,377.2444763183594,376.6774597167969,376.7774658203125,376.5313720703125,376.5221862792969,376.3814697265625
sample_f7b67417a6b1a3a4,450.5273132324219,444.88067626953125,436.02227783203125,428.7510986328125,421.60113525390625,413.1859130859375,406.83343505859375,399.8451843261719,394.17413330078125,389.952392578125,384.4427795410156,380.8515625
sample_4bc280cc70295da1,410.0791015625,406.72784423828125,403.4543151855469,401.1097106933594,398.6329040527344,396.8818054199219,395.1130676269531,393.3011474609375,391.33428955078125,390.3536376953125,388.7120056152344,387.6518859863281
sample_ed141dba568f8575,404.68157958984375,401.06158447265625,395.1761169433594,389.5546875,383.40301513671875,376.1736755371094,371.60223388671875,365.9129943847656,362.1370849609375,359.695556640625,358.1830749511719,360.27752685546875
sample_7ce22e308ba4bdef,435.3819580078125,448.33404541015625,465.23974609375,475.48748779296875,481.6623229980469,477.55426025390625,487.81097412109375,485.2724609375,482.1925354003906,471.7576904296875,469.8345642089844,467.37982177734375
sample_b95b1562ff5e6241,366.0329895019531,365.76422119140625,366.0041809082031,366.8405456542969,368.85540771484375,372.7696533203125,373.03131103515625,380.87408447265625,376.0962219238281,375.0135498046875,378.7727355957031,381.22967529296875
sample_64166586ecdadc21,360.5682678222656,365.22015380859375,369.99957275390625,373.3642272949219,377.4741516113281,380.1951904296875,383.8882141113281,384.943603515625,388.4574279785156,388.3126525878906,391.0695495605469,391.33209228515625
sample_5dbd77c5d0a5f0be,345.47247314453125,346.5973205566406,350.72406005859375,354.3128356933594,359.2133483886719,365.3174133300781,370.13916015625,375.0148010253906,379.6548156738281,382.2640380859375,386.88934326171875,389.41015625
sample_39fba3862ddf32c0,388.2004089355469,411.45379638671875,440.9115905761719,461.5800476074219,473.92205810546875,481.38848876953125,500.17523193359375,503.8963317871094,512.8359985351562,502.123291015625,494.45159912109375,484.1051025390625
sample_d6eda4a92598939a,661.4060668945312,644.9376831054688,626.170654296875,608.9903564453125,594.1610107421875,580.2233276367188,569.8670043945312,558.7807006835938,552.8666381835938,547.9744873046875,546.5806274414062,537.9505615234375
sample_e3ad30e31119fc0d,414.6648254394531,413.97210693359375,412.4901123046875,411.0867004394531,409.7174377441406,407.1516418457031,405.7423095703125,402.7130432128906,401.35211181640625,398.801513671875,396.62298583984375,394.55084228515625
sample_fcb9c6c454ca3e03,529.020263671875,520.181884765625,509.2292175292969,499.6080017089844,490.4297790527344,479.9483337402344,472.3114318847656,464.9095458984375,457.81854248046875,453.9874267578125,448.504638671875,446.4190979003906
sample_951b5d364ef840c2,481.9536437988281,499.95166015625,515.7131958007812,524.8197021484375,539.3901977539062,547.7796020507812,544.6550903320312,537.8046875,536.2640380859375,536.6220703125,525.4109497070312,519.7612915039062
sample_e3f7c6c89588251f,353.076171875,357.2562561035156,366.06982421875,358.7930603027344,359.40087890625,366.6815490722656,379.556396484375,384.3402404785156,381.9498291015625,364.93768310546875,358.2349548339844,359.8321533203125
sample_fe5a42d42d758eee,350.15362548828125,349.7616271972656,350.49310302734375,351.3857727050781,352.9477844238281,355.0539855957031,356.80120849609375,358.8554382324219,360.5679931640625,361.9226989746094,363.5173034667969,364.98614501953125
sample_0bf6bc9aaf25d49c,450.4829406738281,443.27545166015625,433.5910339355469,425.41925048828125,417.71868896484375,407.21575927734375,397.2474060058594,390.221435546875,383.9529724121094,380.6302795410156,375.15655517578125,373.635986328125
sample_2ca26f7cd6e98d94,351.2705078125,368.47576904296875,401.46630859375,433.6058349609375,462.7508239746094,459.6322021484375,460.56976318359375,477.5404052734375,487.1201171875,476.4021911621094,480.09649658203125,477.8655090332031
sample_f92ae943c019ecc0,388.9367370605469,388.9472351074219,389.121337890625,388.9404296875,389.5858154296875,389.16796875,389.7976379394531,388.85028076171875,389.28076171875,388.3926696777344,388.99871826171875,387.871826171875
sample_a5b722e57b6f8d71,540.1245727539062,528.4253540039062,513.2556762695312,500.712890625,488.41448974609375,475.01593017578125,465.37933349609375,454.8959655761719,446.62353515625,439.8597412109375,432.5434875488281,427.1629333496094
sample_4f4f385130e04316,394.2762451171875,391.34613037109375,387.5585021972656,384.7460021972656,381.32952880859375,378.1122131347656,374.8396301269531,372.04522705078125,369.5718688964844,367.6986389160156,364.9927062988281,364.1289978027344
sample_05ab77d564c39dff,325.9118347167969,333.6503601074219,345.2931213378906,354.202880859375,363.47222900390625,372.942138671875,381.4189758300781,388.6318054199219,396.2054138183594,401.20074462890625,408.0849914550781,412.23760986328125
sample_a281acb679ad7925,451.56610107421875,445.78472900390625,436.16107177734375,428.6930236816406,420.3695068359375,411.0029602050781,404.1736755371094,396.7638244628906,390.53424072265625,386.06512451171875,380.10797119140625,376.2441101074219
sample_1a3b943f877769ac,357.5456237792969,365.5354919433594,385.15472412109375,405.34637451171875,413.1620788574219,422.4593505859375,428.66607666015625,428.7131652832031,420.63067626953125,416.2999267578125,418.7042541503906,421.4772033691406
sample_c682dfd2919f454d,378.8000793457031,387.54376220703125,393.16729736328125,401.27587890625,415.40936279296875,432.72930908203125,455.5477294921875,474.09625244140625,493.9100341796875,497.3663330078125,527.4498291015625,544.7421264648438
sample_cebe6951b6def4d6,403.3362731933594,401.0890808105469,398.9339599609375,397.0526428222656,395.41497802734375,393.8732604980469,393.61810302734375,394.318115234375,391.466552734375,391.4262390136719,391.58367919921875,392.57403564453125
sample_07478efbc32bddde,478.6963806152344,476.9451904296875,469.3221130371094,465.6627502441406,465.910888671875,458.391845703125,460.0000305175781,461.20623779296875,459.2469787597656,454.480224609375,442.9034729003906,435.2207336425781
sample_80ffa10ef749dd71,322.4414367675781,345.9035949707031,369.91107177734375,389.157470703125,407.1470947265625,423.730712890625,438.08465576171875,450.46923828125,461.6015930175781,469.9580078125,480.04522705078125,486.50445556640625
sample_3039e4a78a26e09e,390.0443115234375,386.8459777832031,385.52789306640625,382.84619140625,380.4993591308594,378.9559326171875,380.03515625,376.0079650878906,374.5706787109375,375.06146240234375,372.6634216308594,370.31488037109375
sample_bd1ecd558e8d39f1,412.96697998046875,413.0299072265625,412.5773010253906,412.10247802734375,411.7726135253906,410.26177978515625,409.3840026855469,406.8257751464844,405.7921142578125,404.1852111816406,402.2112121582031,400.5588684082031
sample_63ac536179a39222,337.5277404785156,346.1875305175781,356.4877014160156,363.80609130859375,372.8721008300781,381.41265869140625,388.69647216796875,394.597900390625,401.1664123535156,405.11767578125,410.81024169921875,413.632080078125
sample_f4110a61ad7069c4,412.760009765625,437.50469970703125,460.24456787109375,480.3397216796875,492.9965515136719,501.2389831542969,511.10662841796875,521.6251220703125,528.05078125,534.1057739257812,539.7307739257812,540.749267578125
sample_cf279dc9eb8b95cd,587.7125854492188,572.234130859375,554.0595092773438,538.3129272460938,524.2613525390625,507.89263916015625,496.1710205078125,483.17388916015625,474.0814514160156,465.88800048828125,457.5523376464844,450.51617431640625
sample_37f9347bda25fabd,400.1248474121094,398.3550109863281,397.1217346191406,395.63580322265625,394.8608703613281,393.3507385253906,392.6307067871094,391.5282897949219,391.6324462890625,390.435302734375,390.5474548339844,389.1292419433594
sample_fb5ebc7a0cce729c,384.2941589355469,384.5346984863281,389.12689208984375,389.6676940917969,397.9353332519531,402.3356628417969,402.16973876953125,403.46392822265625,416.3825988769531,419.4581604003906,411.4176025390625,403.91156005859375
sample_ed71b02d6beeca5a,490.9186706542969,488.2445373535156,477.94720458984375,470.1744384765625,463.5216064453125,454.1974182128906,448.25067138671875,439.81805419921875,434.1068115234375,429.0233154296875,424.52581787109375,419.95806884765625
sample_8016c405d7bfb273,374.86767578125,372.2629089355469,369.1073303222656,367.5978088378906,365.25836181640625,363.57904052734375,363.8774719238281,362.1181335449219,365.0755310058594,380.5007629394531,380.8274841308594,404.1177978515625
sample_a415d011363adf25,305.6330261230469,315.0210876464844,328.0160827636719,337.6835021972656,348.4610900878906,358.99493408203125,367.92547607421875,375.5979309082031,383.5328674316406,387.9232482910156,394.6768798828125,398.50933837890625
sample_a47db001a242154b,300.55718994140625,305.90447998046875,312.95843505859375,318.1505126953125,324.65057373046875,330.728271484375,336.3891906738281,340.3876953125,345.86724853515625,347.9534912109375,352.2440185546875,354.5940856933594
sample_38388ee0ea6e6d93,459.6768493652344,451.49725341796875,439.9795837402344,430.6829833984375,421.80535888671875,411.5446472167969,403.2571105957031,395.0926208496094,388.3131103515625,383.3912353515625,377.851806640625,373.6973571777344
sample_df51f200b60a62c1,322.54327392578125,325.19384765625,331.9783630371094,337.9178466796875,346.2622985839844,353.6899719238281,362.7462463378906,374.360595703125,389.1794738769531,389.3951416015625,394.19451904296875,398.9710388183594
sample_1a0e913dc6e66065,496.7322998046875,491.13446044921875,480.5358581542969,470.90716552734375,462.46881103515625,450.4716796875,442.9433898925781,430.8044738769531,424.06146240234375,418.4952087402344,412.20513916015625,407.42041015625
sample_3734ac273f7fcee9,504.0711364746094,497.36279296875,488.7024230957031,482.89947509765625,480.5828857421875,470.8393859863281,465.6005859375,458.9773864746094,454.8638916015625,447.356201171875,437.1556701660156,428.1905212402344
sample_c1ca7e35febbd9dc,383.1746826171875,381.4835205078125,378.62139892578125,375.6722106933594,371.84246826171875,367.3523254394531,364.044677734375,361.113037109375,361.1390686035156,361.8077087402344,360.2000732421875,366.06439208984375
sample_eebfb11fd828a089,524.5816040039062,512.9349975585938,498.6446228027344,487.00238037109375,475.40234375,463.3642272949219,454.083740234375,445.30615234375,437.9097900390625,431.61871337890625,424.87213134765625,419.8246154785156
sample_e253f8f2f650441f,335.16766357421875,347.7501220703125,361.57208251953125,378.36328125,399.1646728515625,422.43670654296875,433.3627624511719,441.048828125,444.71484375,446.3109436035156,450.1653747558594,448.885009765625
sample_2da58d2cbb5fc76a,375.2877502441406,382.999755859375,395.09930419921875,403.8318786621094,416.19854736328125,419.9263000488281,421.10784912109375,417.8283996582031,419.4029846191406,425.4039001464844,426.7881774902344,421.53857421875
sample_6014883b3ba6fbea,364.54498291015625,363.04791259765625,362.5003967285156,361.75604248046875,361.49102783203125,361.9107360839844,362.5192565917969,362.7359313964844,363.315673828125,363.4689025878906,364.282470703125,364.5124816894531
sample_26a7d80cbe235075,523.2078857421875,546.3341064453125,559.965576171875,570.69140625,576.3421020507812,586.8421630859375,579.40283203125,574.245361328125,579.27685546875,579.8834228515625,578.300537109375,582.0155029296875
sample_2d72d79961f7ef99,324.84619140625,329.6465759277344,335.80535888671875,340.1250915527344,345.6373596191406,351.07781982421875,356.0111083984375,359.5029602050781,364.0820617675781,366.19451904296875,370.23870849609375,371.7936096191406
sample_2f662b18a94d1bbb,537.5863647460938,530.0302734375,518.3685302734375,508.81524658203125,499.3927917480469,488.38720703125,480.9000549316406,473.2349853515625,465.8141784667969,460.5593566894531,455.1512756347656,450.7535095214844
sample_2e8eb4ac52f1dd09,380.1622009277344,390.1146240234375,403.2666320800781,414.072998046875,430.5255126953125,454.2598571777344,471.50634765625,472.4623718261719,474.2398681640625,494.3818359375,505.71484375,529.8590087890625
sample_b51b61e2135e7378,344.3825378417969,344.8030700683594,346.4283752441406,347.6524353027344,350.13677978515625,353.386474609375,355.53912353515625,358.3571472167969,360.184814453125,362.5330505371094,364.1221008300781,366.1752624511719
sample_3e9c0e0a703167d3,313.5604248046875,313.8441467285156,316.9787902832031,320.1549987792969,325.30328369140625,340.6912536621094,350.5829162597656,360.6995544433594,355.9161682128906,359.98486328125,361.5774841308594,380.6463623046875
sample_2d4d0fda0f974a8a,469.4580993652344,464.3837890625,454.89739990234375,447.23052978515625,439.732421875,430.23516845703125,424.2086181640625,416.0417785644531,410.6773681640625,405.3008117675781,400.28729248046875,395.68695068359375
sample_7dfe28e621684a2e,352.5354309082031,355.9527893066406,363.360595703125,369.00091552734375,376.199951171875,384.3021240234375,390.9651794433594,396.52667236328125,403.0125732421875,406.6969299316406,411.5549621582031,414.8684387207031
sample_bfd89b88f32a5fed,388.0616455078125,443.7373046875,488.25537109375,519.1103515625,531.1626586914062,543.050537109375,561.1688842773438,547.2083129882812,537.1109619140625,537.12890625,538.61767578125,531.497314453125
sample_3f80bffc62035bc3,493.8418273925781,491.23626708984375,486.87799072265625,482.34075927734375,478.47296142578125,472.3997802734375,467.9706115722656,462.6214904785156,458.244384765625,454.4804992675781,450.7634582519531,447.0561218261719
sample_c3d7b8c380921a8a,348.3507080078125,350.83465576171875,356.0682678222656,362.5868225097656,374.3687438964844,379.13983154296875,382.716796875,391.6080322265625,397.52020263671875,395.0003967285156,393.52362060546875,392.2707214355469
sample_6f524dd44a1704be,334.4056701660156,337.8260498046875,343.2003479003906,341.3705139160156,343.6783752441406,347.8712463378906,364.1643981933594,393.5775451660156,429.5198059082031,466.7093505859375,500.6883544921875,540.054443359375
sample_e3d696b669fff4bc,365.5387268066406,366.8185119628906,368.88006591796875,370.51458740234375,372.921630859375,375.02447509765625,377.03985595703125,378.6300354003906,380.1598815917969,381.36322021484375,383.12518310546875,384.010009765625
sample_9398a2a6a16af64b,343.02105712890625,343.1349182128906,345.1505432128906,346.86737060546875,349.9853515625,353.76611328125,356.76513671875,360.89276123046875,364.822509765625,367.6291198730469,371.98651123046875,376.0015563964844
sample_60d9f6807057e14a,465.0886535644531,479.3904724121094,500.13134765625,505.45758056640625,499.18792724609375,493.7864685058594,486.5916748046875,478.98431396484375,479.9530029296875,473.77349853515625,463.9502868652344,457.2010803222656
sample_e77531b0712bcce2,382.2037658691406,379.8598937988281,377.802001953125,376.1187744140625,374.80877685546875,373.7929992675781,372.9305114746094,372.1435546875,371.5516662597656,370.95916748046875,370.5028381347656,369.908447265625
sample_247ac003a597ce1e,350.7004699707031,353.3155517578125,369.01385498046875,374.8198547363281,383.45086669921875,377.683349609375,392.1171875,391.40802001953125,411.4984130859375,401.2880554199219,389.8177795410156,384.6393737792969
sample_ce4f2777cb640d08,376.6756286621094,374.6114501953125,372.7882385253906,370.9701843261719,369.52142333984375,368.2167053222656,366.5400085449219,365.7164306640625,364.92803955078125,363.8803405761719,362.94012451171875,362.8258361816406
sample_31e7a82bea2d66c5,361.557373046875,360.71759033203125,360.6933898925781,360.82275390625,361.682373046875,362.91656494140625,364.1302795410156,365.1827697753906,366.08685302734375,367.209228515625,368.0573425292969,368.9601135253906
sample_088ecd57c002a6d2,310.7437744140625,317.5843505859375,327.7650146484375,334.5408020019531,343.0712890625,352.11358642578125,360.3044738769531,365.8962097167969,373.22283935546875,376.63421630859375,382.4692687988281,385.5229797363281
sample_c0b5f79255f15b9a,350.76776123046875,365.2576904296875,387.4618835449219,396.3713684082031,406.4251403808594,415.9730224609375,417.55029296875,413.0657043457031,411.2792663574219,414.7746276855469,418.5655517578125,429.2434387207031
sample_c7390a5a5f6fbea6,360.6884460449219,362.224365234375,365.0817565917969,367.7838134765625,369.6971130371094,371.0396728515625,372.5573425292969,372.4757995605469,374.29705810546875,374.6353454589844,374.67333984375,373.4435119628906
sample_38c41d494969f1b7,410.5296936035156,406.8483581542969,403.0166320800781,399.8282470703125,397.0168151855469,394.0374450683594,391.68341064453125,389.757080078125,386.7464904785156,385.7124938964844,383.7440185546875,382.7113037109375
sample_4df6609ce8f7e223,369.2298889160156,367.578857421875,366.8787841796875,365.9790344238281,366.0128173828125,366.1124267578125,366.62384033203125,367.04779052734375,367.152587890625,367.4713134765625,368.3040771484375,368.8896179199219
sample_ca9edabe81317f9c,477.0837707519531,502.7701110839844,533.7991333007812,550.49462890625,569.1207275390625,569.6724853515625,575.593017578125,554.45556640625,545.7888793945312,511.69354248046875,503.1764221191406,489.50189208984375
sample_8923a242befbdcf8,337.9241638183594,337.3572082519531,338.4570617675781,339.327392578125,341.4869384765625,344.5266418457031,346.7008361816406,349.22833251953125,351.5303039550781,353.2567138671875,355.3230895996094,357.1639709472656
sample_61aee30832e3ecbd,322.22149658203125,322.2306823730469,325.7808532714844,335.8753356933594,349.3621520996094,359.5708312988281,360.430908203125,363.0080261230469,371.62652587890625,370.8565673828125,391.6203308105469,390.9233093261719
sample_bb0df1608fd9996a,585.9398193359375,601.2501831054688,613.8517456054688,624.0011596679688,651.8671875,686.809814453125,695.7314453125,671.550537109375,674.133544921875,682.9591064453125,669.5744018554688,639.9710693359375
sample_63e8a80739fbc3b2,379.2950744628906,390.1703186035156,407.65557861328125,422.9334716796875,435.35064697265625,445.1146240234375,447.2100830078125,454.7742004394531,463.9211120605469,465.99078369140625,466.33587646484375,468.67913818359375
sample_194876abba0460e7,312.1034851074219,313.9791564941406,319.64459228515625,323.8341979980469,329.1515197753906,335.69915771484375,341.0039978027344,345.594482421875,350.569091796875,353.6192321777344,358.08941650390625,361.0453796386719
sample_0d12d8e5d22e37aa,328.157470703125,335.7569580078125,344.2232666015625,350.59844970703125,358.158447265625,365.1865539550781,371.457763671875,376.3470458984375,381.9908142089844,385.0035095214844,389.50018310546875,391.9742736816406
sample_bf39199c65bce4e8,436.67376708984375,433.879150390625,429.47515869140625,425.613525390625,421.604248046875,415.9164733886719,412.0640563964844,407.11639404296875,403.7140197753906,400.7040100097656,397.8319091796875,396.16326904296875
sample_5730a034af44bac4,463.45709228515625,456.17950439453125,446.9521789550781,438.8821716308594,429.5559997558594,420.381103515625,413.7286376953125,407.397705078125,401.3433837890625,397.6336669921875,392.03643798828125,388.57916259765625
sample_7d3887a4d75905ce,463.42950439453125,459.8270568847656,452.5509033203125,445.9095458984375,439.2149658203125,431.03997802734375,425.112548828125,418.24517822265625,412.85516357421875,408.8430480957031,403.3341064453125,399.568115234375
sample_18d14c592d788c0f,540.3230590820312,528.5938110351562,512.6443481445312,499.3322448730469,487.31414794921875,474.1557312011719,464.95111083984375,454.47222900390625,445.7276611328125,438.57208251953125,431.1724853515625,425.6090393066406
sample_e8568dcf48a61672,419.63189697265625,421.730712890625,422.8072814941406,423.3575134277344,424.2244567871094,422.9968566894531,422.85980224609375,420.0933532714844,419.6097412109375,417.5779113769531,415.80645751953125,413.43157958984375
sample_e21ece8800b6506e,388.385009765625,386.8453674316406,385.809326171875,384.7269287109375,384.079833984375,382.9473876953125,382.4606018066406,380.97576904296875,380.3932800292969,379.2801513671875,378.7360534667969,377.8232421875
sample_dadd2fec4e8eb683,619.9861450195312,618.46630859375,608.843017578125,600.678466796875,586.1951904296875,571.6387939453125,548.2318725585938,534.1807250976562,519.8056640625,510.0589294433594,501.10003662109375,494.93890380859375
sample_b0963902653010f3,448.791748046875,454.9619140625,460.1667785644531,463.2658386230469,467.1122741699219,469.130126953125,471.09326171875,471.1097106933594,471.8132019042969,470.95916748046875,470.198974609375,468.4906005859375
sample_0b2211f9692a8a42,513.1351928710938,522.9107055664062,532.5702514648438,540.0859375,557.2725219726562,570.93603515625,578.6854858398438,571.425048828125,570.1947021484375,559.6398315429688,543.0726318359375,543.8323974609375
sample_a5bad79b9e0492b7,462.2167053222656,459.30023193359375,455.3155517578125,451.7542724609375,447.7200622558594,443.4587097167969,440.0766906738281,437.2181091308594,434.5013732910156,432.8529357910156,429.4869384765625,427.881103515625
sample_7ecaf5a68ca31e7e,381.1488342285156,379.1210632324219,378.77099609375,378.53265380859375,375.7122497558594,374.921875,374.759033203125,378.3689880371094,378.7961730957031,376.89361572265625,376.34649658203125,385.74627685546875
sample_398971cbbd2dddb9,320.85479736328125,321.3880615234375,325.7100524902344,325.6879577636719,329.6952209472656,336.2122802734375,339.6341552734375,339.2690124511719,342.3214111328125,343.3943176269531,346.4268798828125,347.97705078125
sample_22a4a10989d27512,387.12322998046875,385.3416748046875,384.1286926269531,383.1028137207031,382.3343811035156,381.3014831542969,380.8525085449219,379.6020202636719,379.08148193359375,378.18267822265625,378.01898193359375,376.8995666503906
sample_def1593c707df587,401.7610168457031,399.135009765625,396.3295593261719,393.8373107910156,391.15191650390625,388.5638427734375,386.7379150390625,383.9808349609375,381.7854919433594,380.2618103027344,377.7855224609375,376.48663330078125
sample_9dfe86193c93c72e,439.86968994140625,441.3623352050781,438.3710632324219,433.0953674316406,425.0807189941406,406.7414245605469,401.7529296875,393.8587646484375,388.1121520996094,386.29345703125,384.58721923828125,378.2272033691406
sample_6954a2ee3a530e0c,356.0356750488281,355.8475646972656,358.43084716796875,360.31353759765625,363.1508483886719,366.8876953125,370.0287170410156,372.4012145996094,375.05572509765625,377.5477600097656,381.4599914550781,381.34051513671875
sample_c2e881f9ea06a300,437.87176513671875,433.1726379394531,426.17559814453125,420.3885803222656,414.1085205078125,406.58526611328125,400.9786682128906,395.0045166015625,389.8529968261719,386.0388488769531,381.0585021972656,377.7889099121094
sample_e24c78be700a59ee,311.3213806152344,312.81719970703125,316.9775695800781,320.29632568359375,326.02911376953125,330.904052734375,335.2465515136719,339.9469909667969,342.9357604980469,346.1583557128906,351.2188415527344,352.689697265625
sample_4b2005b2872dddfd,353.1199035644531,360.3406982421875,372.4448547363281,386.2601318359375,405.3734130859375,423.56756591796875,431.1026916503906,442.94708251953125,451.4612121582031,441.8158874511719,444.4860534667969,449.4028625488281
sample_b5eb8930f4e4767f,354.317138671875,352.7414245605469,351.97601318359375,351.52459716796875,351.5426025390625,353.17669677734375,354.9586486816406,358.8995056152344,362.6952209472656,361.57318115234375,366.2436828613281,366.7388916015625
sample_d02aa28a72516a12,332.055908203125,340.1854553222656,352.3211669921875,360.3601379394531,364.64654541015625,370.08807373046875,376.7339782714844,379.536865234375,383.5938415527344,382.2323913574219,383.82440185546875,384.98077392578125
sample_5739d899257ebc50,367.1099548339844,367.4755859375,368.66265869140625,369.1717834472656,371.4630432128906,372.92449951171875,376.4358825683594,376.65289306640625,381.25152587890625,383.38836669921875,394.666259765625,395.3934326171875
sample_bd76ea1f7eabee01,416.82379150390625,413.6852111816406,410.00982666015625,406.5970153808594,402.3604431152344,398.4046325683594,395.518798828125,392.5062255859375,390.3517150878906,388.2030334472656,385.4061279296875,383.5480041503906
sample_3ade44cde4583463,485.64569091796875,535.3383178710938,565.5831298828125,595.59765625,622.65771484375,638.90966796875,638.32275390625,641.77099609375,650.9244995117188,605.3448486328125,597.61767578125,579.0999145507812
sample_e72d45f067e8efa6,476.8209228515625,470.1729736328125,463.61944580078125,457.4123840332031,450.4637756347656,442.5086975097656,436.9757385253906,431.1672058105469,425.9658508300781,424.347412109375,419.7713928222656,420.0664978027344
sample_c325fa534be5ca81,374.0841064453125,373.3174133300781,376.94952392578125,381.07293701171875,385.96624755859375,390.6408386230469,396.7332763671875,405.5063171386719,412.8934020996094,408.13238525390625,412.3027648925781,414.9117736816406
sample_b1b6a3bffe3c04b8,297.8866882324219,299.2481994628906,303.928955078125,305.9489440917969,311.36944580078125,312.98492431640625,316.277099609375,321.062255859375,326.9173583984375,328.1671142578125,332.7223815917969,332.8608093261719
sample_a6e7d2473da21122,443.22265625,439.4592590332031,433.2732238769531,427.7611389160156,421.9341735839844,414.532958984375,409.6872863769531,403.1807861328125,398.4429626464844,394.7701416015625,390.1238708496094,386.95220947265625
sample_a28dc11ac34655a0,362.6787414550781,365.62884521484375,370.1863098144531,376.4958801269531,381.6925964355469,387.621337890625,395.1546936035156,418.8724670410156,422.4962463378906,428.15948486328125,437.4039001464844,463.8999328613281
sample_f2d838b56a78bf50,413.9891052246094,412.1071472167969,410.10772705078125,407.9205627441406,406.46514892578125,404.441650390625,403.26104736328125,401.6604919433594,400.31903076171875,399.0736083984375,398.6737976074219,397.6466979980469
sample_9fb6560197d64d85,395.5121765136719,392.6766052246094,389.88507080078125,387.7215881347656,385.1144104003906,382.91522216796875,381.094970703125,379.8316650390625,377.8684387207031,376.679443359375,375.12652587890625,374.2064208984375
sample_d5ed5d16eb051db3,445.895751953125,440.4563293457031,431.6195983886719,424.57769775390625,417.1637268066406,408.1859130859375,401.96734619140625,395.1299133300781,389.722900390625,385.00439453125,380.143310546875,376.2402038574219
sample_dee272b4d9b6e7f6,413.9627685546875,410.5572814941406,406.6903381347656,403.5639343261719,399.8667907714844,395.98333740234375,392.9427795410156,390.14691162109375,387.127197265625,385.2550048828125,382.6755676269531,381.5473327636719
sample_be6d5d84fd75cb5f,484.1585388183594,481.7106628417969,478.8365783691406,476.3746032714844,473.97705078125,471.3182678222656,469.13958740234375,466.8350524902344,465.2073669433594,463.5356140136719,461.44256591796875,459.84686279296875
sample_86a11abbdac3a4fd,379.1567077636719,379.364501953125,380.0097961425781,380.3214111328125,381.32049560546875,381.180908203125,382.15679931640625,381.4200439453125,382.1289367675781,381.45611572265625,382.2049865722656,382.0401306152344
sample_ad67c2d30bbb79cb,312.72625732421875,317.8701171875,323.02813720703125,339.5415954589844,350.9349670410156,353.1962585449219,350.6375732421875,355.0792236328125,359.4051818847656,371.8630676269531,375.81732177734375,370.20025634765625
sample_b9c99eeb78309b0b,468.04217529296875,465.1776428222656,458.73187255859375,451.9845275878906,445.6842956542969,437.532958984375,432.2186584472656,424.7570495605469,420.2455749511719,415.846435546875,410.698974609375,406.7320861816406
sample_64e63a14f89f1822,739.4053955078125,731.0068359375,719.3961791992188,703.4749145507812,683.7272338867188,655.9120483398438,638.134765625,619.94677734375,600.0121459960938,583.5313720703125,571.578857421875,564.5330810546875
sample_7bdb6312580a1772,453.4664306640625,449.1320495605469,441.84234619140625,435.305908203125,429.05224609375,420.8825378417969,415.48773193359375,408.1536560058594,403.2564697265625,399.2711181640625,394.1724548339844,390.6791687011719
sample_c76758afe769c314,628.1613159179688,608.7120971679688,585.6137084960938,564.640380859375,546.1578979492188,528.72802734375,515.7660522460938,502.0145263671875,490.636962890625,480.9560852050781,471.4233703613281,464.3122863769531
sample_87a518e543389d70,344.53045654296875,343.20782470703125,342.1600646972656,341.26422119140625,340.92840576171875,340.88507080078125,340.7758483886719,342.113037109375,338.7943115234375,337.8602600097656,338.481201171875,340.4369812011719
sample_4aafd7771b5626da,552.5804443359375,534.068359375,514.3360595703125,498.6581115722656,483.8345642089844,469.21185302734375,457.3340148925781,446.3399963378906,436.69757080078125,428.08917236328125,420.33148193359375,415.1863098144531
sample_34e62ce6407c3216,325.53851318359375,324.1545104980469,323.5594177246094,323.7231750488281,324.9266052246094,327.7090759277344,337.0899963378906,354.1029357910156,369.2176818847656,368.8896484375,382.93304443359375,402.30804443359375
sample_602a952ffc76b1f9,468.4412536621094,467.8975524902344,465.2574157714844,465.06622314453125,462.5158386230469,454.2301025390625,450.73095703125,444.9401550292969,443.36358642578125,438.84246826171875,431.7325439453125,428.2716979980469
sample_0f0021f0e9dbade4,376.83428955078125,385.32196044921875,398.4322814941406,411.0552673339844,425.7241516113281,443.783935546875,460.13507080078125,485.8081359863281,503.48260498046875,515.37109375,525.4197998046875,543.2966918945312
sample_502106b0ea218586,487.0780334472656,494.8081970214844,500.11163330078125,505.2089538574219,515.7205200195312,522.044921875,532.5735473632812,527.5673828125,541.791259765625,544.275634765625,543.8959350585938,534.40234375
sample_43c42d653a087210,307.97906494140625,309.5101013183594,313.2484436035156,316.5360412597656,320.9132995605469,326.3356628417969,330.08612060546875,334.4757995605469,337.9878234863281,341.092529296875,344.63226318359375,347.66259765625
sample_23df036abcd6ffd2,320.9126892089844,326.3841857910156,334.62530517578125,340.7129821777344,348.45745849609375,356.47412109375,363.2177734375,369.11993408203125,375.5960388183594,379.0798034667969,384.5841064453125,387.474609375
sample_c32324e056c04586,362.2349853515625,361.82684326171875,361.58050537109375,361.02508544921875,361.5571594238281,362.6207580566406,359.9125671386719,357.9918518066406,357.24737548828125,358.1617736816406,358.077880859375,365.0390319824219
sample_a374ec0dfd91e4dd,423.7610168457031,421.06036376953125,418.0031433105469,415.0685729980469,411.2109375,407.2672119140625,403.995849609375,401.1875915527344,398.6466979980469,396.6726379394531,393.7232666015625,392.0741271972656
sample_db06b69b127465ae,343.21795654296875,344.2042236328125,346.5293273925781,350.16778564453125,357.5696716308594,367.6578063964844,382.9344787597656,415.67926025390625,453.73876953125,486.1719055175781,509.610595703125,531.2888793945312
sample_a5b7033872f30114,300.6902160644531,307.3583984375,317.9732360839844,325.9045104980469,336.2841796875,344.5603942871094,352.9558410644531,359.1741638183594,366.3681640625,370.5457458496094,377.6724548339844,380.40936279296875
sample_200674dacd7791b2,550.1688232421875,536.263671875,517.8378295898438,503.2064514160156,490.037353515625,475.58135986328125,464.8294982910156,453.329833984375,444.55859375,437.0142822265625,428.97637939453125,422.9525451660156
sample_1dbc98c7f7ac8616,424.07342529296875,430.5203857421875,436.4588928222656,441.77105712890625,449.56390380859375,459.69842529296875,482.9448547363281,505.8047180175781,526.1357421875,552.5966186523438,593.2201538085938,630.6038208007812
sample_80aca2705af14aa9,303.1942138671875,305.7994079589844,311.4642639160156,315.8015441894531,321.3925476074219,328.40673828125,333.61492919921875,338.94024658203125,343.936767578125,347.2586669921875,351.9154052734375,354.9317626953125
sample_e7a90a20639cc6af,372.62542724609375,384.2370300292969,402.9323425292969,426.4294128417969,462.0172424316406,527.72998046875,577.1416625976562,612.7235717773438,625.2256469726562,624.1871337890625,641.5045776367188,646.232421875
sample_2305f19115f72293,388.4658508300781,393.46295166015625,399.3197021484375,401.91058349609375,401.75543212890625,402.2523498535156,405.1880187988281,404.7198791503906,401.4439697265625,395.5321960449219,392.4235534667969,389.6057434082031
sample_708bd380478610e5,344.9585266113281,368.9269714355469,396.7450256347656,417.5719909667969,433.1227722167969,446.55743408203125,459.81689453125,475.791259765625,487.1937561035156,496.5332946777344,504.6318054199219,509.28173828125
sample_718a425a7f32152d,605.2501220703125,621.699951171875,617.2108154296875,619.3270874023438,629.5350952148438,615.5914916992188,593.8697509765625,578.5184326171875,564.6265258789062,548.6085205078125,536.990478515625,520.17236328125
sample_7034f269e20531c6,286.5442810058594,291.7872314453125,299.7085266113281,305.7210693359375,312.6196594238281,319.993896484375,325.9150695800781,331.7029724121094,337.455078125,341.076416015625,346.00372314453125,349.36614990234375
sample_dfa23604ffe4e871,308.58441162109375,316.7273864746094,324.0837097167969,342.06256103515625,341.9957580566406,341.3197326660156,341.9302673339844,352.7572021484375,354.3184509277344,366.6240234375,365.1238708496094,372.97686767578125
sample_c57371b9cbb0b5eb,335.42388916015625,359.56658935546875,383.1334533691406,402.54620361328125,426.04827880859375,444.82489013671875,455.97601318359375,464.557373046875,474.6991882324219,486.74127197265625,497.64947509765625,504.1674499511719
sample_a6ff4f7128129243,478.8139953613281,481.7979431152344,487.811279296875,499.0339660644531,510.8695068359375,521.47412109375,543.5263671875,562.3572387695312,575.6195678710938,568.7760620117188,570.546142578125,562.8567504882812
sample_c66bf023db6fb236,557.2489624023438,563.8804321289062,569.292724609375,570.8536987304688,570.293701171875,564.660888671875,557.0148315429688,549.1317138671875,546.2826538085938,542.599365234375,536.603271484375,531.9392700195312
sample_7d72f29d28a462eb,357.2071533203125,361.0306701660156,367.06170654296875,371.7605895996094,381.8623962402344,399.12762451171875,409.3057556152344,415.2928161621094,417.5439453125,414.1007080078125,424.4524841308594,431.750244140625
sample_e5d38682b9e3c759,357.7195129394531,356.4556884765625,356.17755126953125,355.7231750488281,356.0733337402344,357.02667236328125,358.1567077636719,358.46624755859375,359.6700744628906,360.07891845703125,361.1353759765625,361.625244140625
sample_87edf5483f8e2644,390.3395080566406,388.0411071777344,385.03106689453125,382.74658203125,379.8926696777344,376.09881591796875,373.2315979003906,370.36724853515625,367.24102783203125,365.3242492675781,361.7170715332031,360.5169982910156
sample_45b027b80ec145c0,389.0366516113281,402.2102355957031,417.35089111328125,431.09149169921875,452.1905517578125,467.37774658203125,472.79351806640625,466.93353271484375,481.5392150878906,483.49658203125,481.9992980957031,472.6784973144531
sample_d694ab0aa6d155dd,341.928955078125,343.4541320800781,346.6858825683594,349.22998046875,354.0037536621094,359.49859619140625,363.5282287597656,369.0452880859375,377.6005859375,384.13916015625,390.40655517578125,393.84912109375
sample_d6d9abdc330155b5,492.09869384765625,481.0223083496094,466.95037841796875,455.8870544433594,445.1778259277344,434.00189208984375,425.1005554199219,417.2417297363281,409.64947509765625,404.96173095703125,398.661865234375,393.04278564453125
sample_adb910fbf1a11043,382.0165710449219,379.787353515625,378.27093505859375,376.660400390625,375.5856628417969,374.8340148925781,374.3963928222656,373.789306640625,373.6075134277344,373.2216796875,372.9920349121094,372.6976623535156
sample_4d7d7cbab0c075fe,375.8999938964844,373.2789001464844,370.6421203613281,368.2341003417969,365.9864196777344,363.7832946777344,362.37811279296875,360.7926940917969,358.978515625,357.6282958984375,356.7431335449219,356.01080322265625
sample_fdf6e82afea20072,678.301513671875,684.4691162109375,684.9305419921875,684.5045776367188,681.6446533203125,681.0238647460938,682.9785766601562,680.3927612304688,699.0604858398438,728.4403686523438,734.3508911132812,715.6851806640625
sample_7c20fa52031240a1,316.3576965332031,319.4837341308594,323.9295959472656,327.396484375,332.19232177734375,337.203125,341.48651123046875,345.0080261230469,349.4010009765625,351.58984375,355.1048889160156,357.29913330078125
sample_ef774bda3503132c,460.5640869140625,449.7472229003906,435.2281799316406,423.8209228515625,412.5027160644531,401.54718017578125,393.1005554199219,384.0552978515625,378.49761962890625,375.61334228515625,364.29083251953125,363.2635803222656
sample_5b0a60687c358002,435.5352783203125,434.0052795410156,431.0660400390625,428.5568542480469,425.7867431640625,420.79119873046875,417.5775146484375,412.7536926269531,409.5946350097656,406.880615234375,403.2113342285156,400.18646240234375
sample_ce81b0d4f259d830,338.57257080078125,338.9552307128906,343.7828369140625,346.93634033203125,345.3008728027344,345.8235778808594,347.3870544433594,348.6885070800781,354.9478454589844,358.052978515625,356.4816589355469,356.02581787109375
sample_56700f5fb7f5babe,408.6756286621094,406.3875732421875,405.0035400390625,403.93731689453125,402.95135498046875,402.0200500488281,401.195556640625,401.0503234863281,401.3496398925781,407.5038146972656,413.21453857421875,422.5439453125
sample_dd4aa21a823dc4b4,329.89508056640625,329.534423828125,331.08380126953125,332.0439758300781,334.4949035644531,337.78741455078125,340.4693603515625,343.0732421875,345.5882873535156,347.3103942871094,349.5324401855469,351.3986511230469
sample_ddc1f1ea5e6b0a7d,396.5121765136719,393.71923828125,391.718505859375,389.7796630859375,388.40228271484375,386.91217041015625,385.8997802734375,385.1859130859375,383.2962646484375,383.5545349121094,382.78155517578125,382.6182861328125
sample_c223e0d5fbfdc3b5,347.0035705566406,348.2494812011719,351.5328063964844,351.79107666015625,353.71343994140625,359.1302490234375,359.9059753417969,360.1232604980469,361.9624938964844,361.84161376953125,363.7945861816406,368.8005065917969
sample_66967f158aec8750,404.53802490234375,401.49005126953125,397.34320068359375,392.7786560058594,388.404052734375,389.4246520996094,394.3014831542969,407.6441955566406,421.4991149902344,435.8517761230469,435.1574401855469,438.0458068847656
sample_17c577d41bca1de0,704.9720458984375,687.9913330078125,667.6142578125,650.443603515625,635.3348388671875,618.8811645507812,606.3521118164062,593.302734375,583.40478515625,574.3457641601562,565.26611328125,557.8577270507812
sample_6fece599c3084123,342.65228271484375,346.48992919921875,353.13861083984375,357.6622009277344,368.70074462890625,372.46746826171875,373.9888000488281,375.62835693359375,382.630859375,385.57232666015625,391.60662841796875,394.37396240234375
sample_baf8b5227538eda2,368.4716491699219,369.6772766113281,371.5293273925781,372.9979553222656,375.1293029785156,376.7740173339844,378.5558776855469,379.6130676269531,380.8524169921875,381.54266357421875,382.8785095214844,383.3179626464844
sample_e654a62f88d26b1a,470.80303955078125,468.20428466796875,464.67669677734375,461.02703857421875,457.9952697753906,454.10186767578125,451.3082580566406,447.7842102050781,445.07293701171875,442.8147888183594,440.4268798828125,438.0470275878906
sample_3d8da33279907f82,392.70440673828125,391.9494323730469,391.1898498535156,390.4526672363281,390.12255859375,389.0528259277344,388.615478515625,387.541015625,386.7110595703125,385.5751647949219,385.2050476074219,384.2585144042969
sample_6e1e4dcba55153e6,392.64007568359375,391.5202331542969,390.0418701171875,387.49920654296875,385.6245422363281,382.3875427246094,380.1633605957031,379.936767578125,380.329345703125,380.90716552734375,383.5474548339844,393.1255798339844
sample_3601dc0b71150778,327.91827392578125,326.8021240234375,327.366943359375,328.51092529296875,331.0224304199219,340.9831237792969,358.6162109375,373.6860046386719,374.61029052734375,384.32958984375,403.6856994628906,419.5758972167969
sample_b9907020802de2d4,407.25054931640625,407.2244873046875,406.73443603515625,406.4888916015625,406.86602783203125,405.86749267578125,405.4858703613281,403.96685791015625,403.1254577636719,401.8246765136719,400.8825378417969,399.70831298828125
sample_68a3bfb758091af6,297.2939147949219,298.4254150390625,301.28985595703125,303.1676025390625,304.898193359375,307.6961975097656,310.80279541015625,312.97918701171875,314.8789367675781,315.3519287109375,316.9842834472656,318.0225830078125
sample_338e4046afb5ffb0,273.60430908203125,279.5781555175781,288.2505187988281,294.6803283691406,302.22027587890625,310.0862731933594,316.64599609375,322.54364013671875,328.99298095703125,332.3796081542969,338.0390625,341.251220703125
sample_2b00abc3642ecdf9,341.9259948730469,344.1331481933594,347.8180847167969,350.3047790527344,353.80078125,357.6614990234375,362.1935119628906,365.74359130859375,367.445556640625,369.1532897949219,370.7077941894531,374.08355712890625
sample_70e291b1bd001d22,390.70513916015625,400.3491516113281,406.5157470703125,407.3424072265625,414.0459289550781,423.2120666503906,436.384033203125,444.35382080078125,463.98406982421875,483.0650939941406,511.4039001464844,525.5349731445312
sample_258f733430c0090d,297.76922607421875,300.02386474609375,304.9640808105469,308.75982666015625,315.19232177734375,322.1872863769531,327.3875732421875,332.65887451171875,345.7967834472656,352.6051025390625,360.8721008300781,360.92462158203125
sample_123c825a6b630e9e,340.8923034667969,344.9421081542969,351.79107666015625,361.4726867675781,363.26837158203125,376.0510559082031,383.1116943359375,399.0995788574219,394.30755615234375,399.6483154296875,399.5311279296875,404.42364501953125
sample_ac797d4a3d55825e,374.5627136230469,377.2729187011719,383.0959167480469,399.62994384765625,414.8583984375,435.1664123535156,439.79412841796875,449.57757568359375,457.1012878417969,467.21966552734375,464.06732177734375,460.02264404296875
sample_f366ebfe402e459f,353.61700439453125,353.4598693847656,354.2822570800781,355.0697937011719,356.8690185546875,359.1959228515625,360.7747497558594,362.8639221191406,363.9671325683594,366.0275573730469,366.9483947753906,368.5343933105469
sample_7892099e0f838c55,439.6247863769531,435.3719177246094,428.6063537597656,423.10791015625,416.89007568359375,409.5074462890625,404.05401611328125,398.282470703125,393.1479797363281,389.3265075683594,384.698974609375,381.3428039550781
sample_9a6caef8a292d7ff,520.0573120117188,514.968017578125,507.8004150390625,501.7023010253906,495.47698974609375,487.82843017578125,482.3942565917969,477.1502685546875,471.0569152832031,467.8430480957031,463.73516845703125,461.6772155761719
sample_a833807190d91de7,312.179931640625,314.9720458984375,319.6656799316406,324.3388366699219,329.80511474609375,335.91070556640625,339.7850341796875,344.18768310546875,347.97039794921875,351.5152587890625,354.63446044921875,357.46307373046875
sample_185e90e1b74d1d8e,446.54339599609375,454.1600036621094,454.20819091796875,454.1077880859375,466.919189453125,466.8042907714844,455.9130859375,442.6867980957031,440.94683837890625,441.03460693359375,440.5858459472656,439.95965576171875
sample_95bef81cc759e0c4,402.7585754394531,402.7715148925781,404.24853515625,405.52203369140625,409.1508483886719,413.4405822753906,420.4583740234375,424.6063232421875,428.9759521484375,430.3197021484375,437.9140625,434.41925048828125
sample_c1e85d760a5a250a,332.82220458984375,338.2669372558594,344.62506103515625,349.3073425292969,354.7752380371094,359.8553466796875,364.9302673339844,368.0216064453125,372.3792419433594,374.0783996582031,377.7506408691406,378.9879150390625
sample_be78d18cc91a3a9e,491.7802734375,484.2647705078125,472.39630126953125,462.7160339355469,453.4302978515625,442.2632141113281,434.1413269042969,425.5264892578125,418.6167907714844,413.10357666015625,406.7263488769531,402.14410400390625
sample_3338b9101c9c74e3,465.8224182128906,463.0657043457031,456.30126953125,449.5216064453125,443.4592590332031,434.5615234375,429.2144470214844,421.38079833984375,416.44952392578125,412.28668212890625,407.0284729003906,403.2330627441406
sample_7bfe83a2cc70b36c,376.08953857421875,374.30377197265625,373.4656677246094,371.9005126953125,371.4173889160156,371.4716796875,371.8985900878906,371.7901611328125,371.9645690917969,371.8952941894531,372.65716552734375,372.4918518066406
sample_d167348554f5471e,604.3604125976562,590.4391479492188,581.6337280273438,570.8914184570312,552.6177978515625,536.7161254882812,527.4285278320312,510.4790344238281,497.7102355957031,489.1230773925781,480.3456115722656,476.04931640625
sample_577f4ae887d29168,674.9599609375,655.7464599609375,631.0018920898438,610.0855712890625,587.3311767578125,565.5906982421875,548.7349853515625,532.4179077148438,520.8822631835938,510.74334716796875,500.5452880859375,492.4382629394531
sample_53017a19ad113099,331.7829284667969,337.84912109375,348.9866027832031,360.1440124511719,363.0514831542969,363.604248046875,382.4215393066406,391.3741760253906,388.64593505859375,380.7975158691406,382.87298583984375,384.04083251953125
sample_c1f1ca90ba44eb6a,596.5165405273438,599.018798828125,597.6443481445312,587.0044555664062,580.68408203125,566.7146606445312,558.1853637695312,536.1604614257812,527.26953125,514.609375,505.6353759765625,497.8051452636719
sample_bcc7c5ccfc0148cc,307.150146484375,317.96124267578125,331.0163269042969,340.6673583984375,351.6739807128906,362.2271728515625,372.18353271484375,382.10302734375,399.35052490234375,409.5121154785156,420.3031921386719,431.322021484375
sample_cbc5b2e481e2cbb8,375.34674072265625,375.0008239746094,375.47052001953125,375.6578369140625,376.3310546875,377.16363525390625,377.4998779296875,378.67364501953125,378.7220153808594,379.52520751953125,380.1244201660156,380.45068359375
sample_4f2ea21de5cc10e9,417.8089904785156,413.702392578125,408.3704528808594,404.1002502441406,399.0345458984375,393.2739562988281,388.8603210449219,384.4214782714844,382.5231628417969,382.32623291015625,379.8888854980469,378.7190856933594
sample_cc5eed2a4839bf80,462.44244384765625,459.01361083984375,454.36376953125,450.44781494140625,445.791259765625,440.7669677734375,437.3011474609375,433.523193359375,429.5166320800781,427.3140869140625,423.67333984375,421.80303955078125
sample_a9d015e738b93468,581.2937622070312,602.6945190429688,604.0194702148438,597.0737915039062,589.3470458984375,574.1270751953125,550.3926391601562,528.4282836914062,515.64013671875,509.52880859375,501.2568359375,490.3343505859375
sample_4c04fe400abe409b,429.8536376953125,427.19122314453125,425.41009521484375,424.69818115234375,419.06195068359375,407.0660095214844,400.1044921875,395.68927001953125,405.9601135253906,421.6466369628906,431.87884521484375,468.1371154785156
sample_d2c85ad0c10e641c,498.09326171875,489.1413269042969,476.0624084472656,465.95477294921875,454.341552734375,437.5313720703125,425.67236328125,415.3502197265625,407.807861328125,401.6585388183594,394.4109802246094,388.6025390625
sample_a703badef0896e21,439.50146484375,433.94464111328125,427.24481201171875,421.95025634765625,416.2083435058594,409.9366149902344,404.938232421875,400.30621337890625,395.7466735839844,392.3663635253906,388.3155822753906,385.5635681152344
sample_580c0c5cc02df7d3,420.8833312988281,416.9422302246094,411.78717041015625,407.5631408691406,402.85968017578125,397.555419921875,394.4935607910156,392.1435241699219,390.063232421875,388.7057189941406,385.0982666015625,382.4130859375
sample_09463368b15d29df,299.8514099121094,300.05499267578125,304.3004150390625,308.06488037109375,310.841064453125,317.73626708984375,317.8796081542969,320.6385192871094,325.7470703125,330.4669189453125,333.1296081542969,336.49798583984375
sample_b7f8ee02ad176a07,422.9974365234375,421.8634338378906,418.7501525878906,416.15203857421875,413.5274963378906,409.3206787109375,406.57476806640625,402.3282775878906,399.9373474121094,397.2601013183594,393.95648193359375,391.378173828125
sample_e086ccac3b42e242,380.9264831542969,385.3972473144531,401.37579345703125,414.9383544921875,433.7738037109375,440.1013488769531,448.4442138671875,456.60809326171875,468.4808044433594,465.060302734375,462.88800048828125,454.7496032714844
sample_432062ee747b67b0,456.011962890625,444.7066345214844,430.64501953125,419.17657470703125,408.49053955078125,396.5805969238281,389.1982421875,380.4281921386719,373.445556640625,369.7173156738281,365.888916015625,356.8194274902344
sample_e52491f5b7443a51,386.46258544921875,386.0553283691406,384.6983337402344,383.1360778808594,385.4249572753906,379.0613708496094,377.369873046875,377.3681335449219,375.72412109375,374.1671447753906,375.3080749511719,370.201904296875
sample_aa0205170e5bc96a,462.69775390625,458.970947265625,451.4259033203125,444.4631652832031,437.87738037109375,429.3165588378906,424.0009765625,416.343505859375,411.50592041015625,406.95916748046875,402.064697265625,398.12396240234375
sample_8f719fbbfb4eb4d9,373.9241638183594,373.3172302246094,373.8020324707031,374.09832763671875,375.1944885253906,376.4910888671875,377.3213806152344,378.68212890625,379.2733154296875,380.4505615234375,381.4112548828125,382.27520751953125
sample_7c04944737a22f65,349.81622314453125,348.09649658203125,348.13922119140625,347.338623046875,347.45819091796875,346.11517333984375,345.43133544921875,345.5147399902344,349.5495300292969,358.98345947265625,360.31048583984375,369.1097717285156
sample_441985d03a421f6e,382.0394592285156,380.818115234375,381.1742248535156,381.78350830078125,383.5277404785156,387.0722351074219,392.91705322265625,404.3368225097656,415.01495361328125,428.0611572265625,447.0160827636719,470.189208984375
sample_f388ab5aea59ea4f,512.0182495117188,497.6007080078125,480.61553955078125,467.16534423828125,454.2375793457031,440.5655212402344,430.15032958984375,419.55694580078125,411.05096435546875,403.7577209472656,396.07177734375,390.2830810546875
sample_952cf4fee3d13ea7,339.04681396484375,339.8717041015625,343.4112548828125,352.3547668457031,367.612548828125,383.87957763671875,372.4587097167969,369.7774963378906,380.3174743652344,399.41265869140625,393.79833984375,407.0898742675781
sample_552461cfa52bb154,610.800537109375,601.26513671875,592.8683471679688,585.939453125,580.5311889648438,578.607177734375,579.3049926757812,583.1197509765625,583.6728515625,582.1304321289062,581.5355224609375,585.576416015625
sample_87a6ae36be10d748,569.49658203125,554.8778686523438,539.4769287109375,523.702392578125,511.0875549316406,497.648193359375,490.0067443847656,480.8281555175781,476.532470703125,474.483642578125,476.45867919921875,470.60125732421875
sample_70fdd372dfb09700,340.88446044921875,344.3631896972656,349.0478210449219,352.40496826171875,356.94244384765625,361.57513427734375,365.6650390625,369.05548095703125,372.8771667480469,375.4338684082031,378.3774108886719,380.49407958984375
sample_eba74674c70bc28e,312.1093444824219,316.4792785644531,322.8885803222656,327.6787414550781,334.1624450683594,343.43890380859375,354.5664367675781,368.479248046875,377.52655029296875,393.864501953125,414.87384033203125,438.3258972167969
sample_d7c0f7f9befcc3c5,458.3260803222656,454.6191711425781,446.78692626953125,440.5788879394531,434.0649108886719,425.6265869140625,420.0233154296875,413.1502685546875,408.20440673828125,403.7910461425781,399.1424255371094,395.234375
sample_5c72a5b97c3c72b6,368.1751403808594,369.19488525390625,372.6475524902344,377.2715148925781,382.3915100097656,387.91436767578125,396.4642028808594,412.8690490722656,422.0125732421875,424.81304931640625,426.4056701660156,423.1531982421875
sample_2a78b8d6db2c3bf9,570.3673095703125,554.7265625,535.3928833007812,519.5774536132812,504.6612548828125,486.74310302734375,473.60052490234375,461.5162658691406,451.888427734375,443.7684631347656,435.21136474609375,428.4071044921875
sample_5409aef1334cbab4,356.5810546875,356.3166198730469,359.60028076171875,361.65057373046875,365.1011962890625,375.16546630859375,376.32171630859375,377.8588562011719,392.4303283691406,376.7548828125,378.25372314453125,383.8388977050781
sample_8f3fc6ae465db9f7,359.9151306152344,388.55560302734375,417.801513671875,436.5316467285156,440.5216369628906,455.7623291015625,462.12347412109375,470.9031066894531,486.42596435546875,498.57513427734375,498.0469970703125,503.9609375
sample_3d143561647b56ea,415.6247863769531,411.8569641113281,407.19000244140625,404.44781494140625,401.6478271484375,398.4459533691406,393.0863952636719,389.77740478515625,387.5079040527344,388.4369812011719,383.7625732421875,381.04962158203125
sample_6dd569fc00896435,467.6814880371094,466.7680358886719,466.5920715332031,466.83917236328125,467.6350402832031,468.5867004394531,471.45111083984375,473.94189453125,479.9917907714844,492.5519714355469,503.0995788574219,512.4656982421875
sample_50d6a8b849bea319,311.4947814941406,314.6255798339844,320.98529052734375,325.9259338378906,336.1624450683594,350.85406494140625,364.64471435546875,366.16058349609375,364.5592041015625,383.85430908203125,393.91802978515625,388.02655029296875
sample_e4b14390a631a02e,438.400634765625,455.5335388183594,472.74163818359375,484.7882385253906,497.4662780761719,509.61785888671875,519.5955810546875,526.1572875976562,533.2159423828125,537.390625,543.476318359375,546.9901733398438
sample_b52e54daabfeffa9,442.6956787109375,446.8609619140625,450.08251953125,451.8509521484375,454.9794616699219,456.87060546875,458.0735168457031,458.4164733886719,459.1592712402344,458.93853759765625,458.8734436035156,457.96771240234375
sample_59f6dea3cba0ebc1,583.8427734375,563.9638061523438,544.5028686523438,528.45166015625,516.585205078125,503.0896301269531,493.11798095703125,481.12982177734375,469.4892883300781,460.31268310546875,451.5947265625,445.1856689453125
sample_317ff04b207aa53d,358.6001892089844,357.8655090332031,358.0857849121094,358.23712158203125,359.29888916015625,360.9743957519531,362.4301452636719,363.69696044921875,364.70361328125,365.5707702636719,366.8322448730469,367.9275817871094
sample_e6fd39edff16a250,460.85748291015625,457.10748291015625,450.0230712890625,443.62847900390625,436.858642578125,428.5645751953125,422.84478759765625,416.24517822265625,411.1545104980469,406.63507080078125,402.0885314941406,398.1233215332031
sample_1570f6066b5f8930,394.45263671875,391.83856201171875,389.8575439453125,387.9451904296875,386.25555419921875,384.7079162597656,383.669677734375,382.8384704589844,381.630859375,381.1524353027344,380.1318359375,379.4794921875
sample_0117adff8598e079,405.7679748535156,404.4983215332031,402.9482421875,401.404541015625,399.9640197753906,397.6118469238281,396.5037841796875,394.48760986328125,393.4020080566406,391.4254150390625,389.9162902832031,388.79937744140625
sample_ec9ca320e737e600,642.223388671875,634.3930053710938,623.5068969726562,619.6668701171875,611.2432861328125,599.4127197265625,588.4718627929688,586.5536499023438,573.0679931640625,557.0292358398438,545.721923828125,545.6515502929688
sample_bc925424b9053bd8,406.49737548828125,403.0562438964844,398.8152160644531,395.0099182128906,391.2539978027344,387.515869140625,384.29144287109375,381.3197937011719,378.33111572265625,377.033203125,374.4092102050781,372.9372863769531
sample_b189a8d21b4d8992,332.9638977050781,337.2074279785156,343.06903076171875,347.3065490722656,353.099609375,358.734375,363.93994140625,367.67242431640625,372.7078857421875,374.8045959472656,379.05010986328125,381.2377624511719
sample_cbb02267494e2ebc,335.3568115234375,341.90655517578125,351.11163330078125,360.27587890625,363.7200012207031,366.61700439453125,368.3319396972656,370.38092041015625,375.65362548828125,377.52032470703125,373.826171875,373.71551513671875
sample_805a2fa8ebc508e4,463.96649169921875,461.8432922363281,456.7183837890625,451.34075927734375,446.12274169921875,438.7128601074219,434.3150329589844,427.5638427734375,423.3529052734375,419.2691650390625,414.9405822753906,411.1981506347656
sample_f2fbe0537d9bdfb4,441.61871337890625,442.91845703125,442.06549072265625,441.1199035644531,442.51153564453125,440.06787109375,439.45379638671875,431.8206787109375,430.4659423828125,423.7893371582031,422.1048889160156,413.34588623046875
sample_657105f64fe32247,299.3175354003906,303.0987548828125,309.3189392089844,314.3230895996094,320.099609375,326.7264709472656,331.654052734375,336.92669677734375,341.8781433105469,345.39202880859375,349.41802978515625,352.5960388183594
sample_837f7a5589ab32e0,562.9815063476562,554.245849609375,536.3116455078125,515.885498046875,500.68817138671875,487.20318603515625,476.631591796875,464.9298400878906,458.042236328125,451.02105712890625,439.7184143066406,433.06097412109375
sample_3d7ece1bbecb2b5f,303.862060546875,305.330810546875,310.4012451171875,313.6683044433594,318.40087890625,322.70526123046875,328.02337646484375,333.1605529785156,339.4031982421875,334.8170166015625,341.6592102050781,341.8033447265625
sample_25223a5593072d0f,432.643310546875,430.5474853515625,428.23260498046875,426.1518249511719,423.9742736816406,421.8088073730469,420.02947998046875,419.0350646972656,417.66015625,417.2807312011719,415.0198669433594,414.38427734375
sample_62a5f3cab857cfe2,327.98638916015625,327.47314453125,328.7236022949219,330.048095703125,332.3519287109375,335.27587890625,337.7775573730469,340.5334167480469,344.4613952636719,347.8450012207031,350.3480224609375,353.78466796875
sample_eda562c01a689d20,392.6659240722656,390.6380920410156,389.538330078125,388.4539489746094,387.9171447753906,391.94158935546875,406.1667175292969,410.03680419921875,408.97930908203125,433.8481140136719,427.86944580078125,416.12103271484375
sample_4dc8c963cb8606de,381.1405029296875,378.0849609375,374.3987731933594,373.1181640625,370.14862060546875,366.64166259765625,363.20086669921875,359.8282775878906,355.9731750488281,356.0504455566406,352.58544921875,349.6299743652344
sample_6c15b0a20c23ea3b,315.7939758300781,319.2619323730469,324.13116455078125,327.619873046875,332.3362731933594,336.864501953125,341.20062255859375,343.7944641113281,348.15155029296875,349.8359680175781,353.3235168457031,354.9944152832031
sample_c19aba32c5f92358,447.277099609375,442.1385803222656,434.60595703125,428.10711669921875,421.5018005371094,413.58831787109375,407.5643615722656,401.5875549316406,395.9115905761719,391.7755126953125,386.9092102050781,383.4028625488281
sample_ab6be72e02c4ff50,505.6795654296875,496.7575378417969,483.31231689453125,472.4338073730469,461.741455078125,449.4583740234375,441.2596740722656,432.9366760253906,426.2350769042969,419.9529724121094,414.9127502441406,414.7574157714844
sample_198309b96ea70c0f,476.36932373046875,465.90264892578125,454.6178894042969,445.45074462890625,436.97967529296875,427.7750549316406,420.2933349609375,412.7637939453125,406.11572265625,401.40338134765625,395.8818359375,392.3087158203125
sample_69013b5d956a398f,285.9081115722656,293.3477478027344,304.0010070800781,315.7069091796875,329.63543701171875,349.4514465332031,355.4248046875,359.7436828613281,367.13592529296875,372.09136962890625,381.07794189453125,386.22979736328125
sample_4668b6eab182da1c,363.8637390136719,363.89910888671875,364.8522033691406,365.61175537109375,367.2933044433594,369.7591552734375,371.0369567871094,372.4012145996094,372.5140686035156,373.2914733886719,375.16339111328125,376.6051025390625
sample_573c9dfaf0497581,454.5291748046875,449.4903869628906,437.7026672363281,429.1555480957031,419.93157958984375,408.7452392578125,403.27264404296875,396.15362548828125,389.29132080078125,385.361572265625,380.4913635253906,378.133056640625
sample_d8a723ac7e1a33f5,321.1150817871094,333.7563171386719,349.294921875,358.12298583984375,368.4372863769531,378.6915588378906,388.20037841796875,396.90301513671875,403.9666442871094,409.3459777832031,416.3526611328125,420.7810974121094
sample_d9359c4ce4bcaca3,377.0704040527344,377.1554260253906,377.9450988769531,378.6613464355469,380.0213928222656,381.13409423828125,381.82769775390625,383.1083984375,383.6119689941406,384.5497131347656,385.24676513671875,385.7464904785156
sample_57ef4f4da1f27393,564.7025756835938,551.3125610351562,531.5046997070312,515.4048461914062,501.2872314453125,486.09320068359375,474.7764587402344,463.33660888671875,454.3633728027344,447.35052490234375,438.8208923339844,432.73175048828125
sample_377daa56011fcf8a,442.63653564453125,442.0080871582031,436.36456298828125,430.6635437011719,425.0074462890625,417.15966796875,411.8506164550781,407.5774230957031,403.945068359375,402.35223388671875,398.46087646484375,396.6371154785156
sample_725388546151d528,512.0582275390625,504.76580810546875,493.4519958496094,483.5757141113281,474.40545654296875,463.13128662109375,455.4356384277344,446.0485534667969,439.7642822265625,432.8436279296875,427.1574401855469,421.5888977050781
sample_2f1ffb2a8a5dc4f5,314.1637878417969,317.052001953125,322.04766845703125,325.94207763671875,330.9237060546875,336.8979187011719,341.09326171875,345.76055908203125,349.6710510253906,352.9693298339844,356.36505126953125,359.32427978515625
sample_37f005a83e22e760,511.6528625488281,504.04296875,488.8681945800781,471.6644592285156,456.4150085449219,443.5709228515625,434.6639404296875,427.0146179199219,421.80133056640625,412.76251220703125,404.9798889160156,400.4908447265625
sample_e984469e50095ddb,430.7314147949219,426.7290344238281,422.759521484375,427.39154052734375,428.3404846191406,449.8846435546875,497.1259460449219,552.4420166015625,555.8233032226562,579.6121826171875,617.9745483398438,661.1550903320312
sample_4235aa7c3e3b2b8e,386.1889953613281,382.9943542480469,379.0445556640625,375.66314697265625,372.2606201171875,367.30126953125,363.916259765625,359.2994384765625,355.63482666015625,352.6017150878906,349.6910095214844,349.327880859375
sample_5d7c603184898c81,329.9101867675781,328.87408447265625,328.82867431640625,329.8868408203125,330.89569091796875,329.6493225097656,329.8945007324219,331.635986328125,334.8482971191406,340.9015197753906,336.5117492675781,333.2301025390625
sample_e8acf05ee15f0457,350.3087158203125,349.1622009277344,355.90826416015625,385.748046875,410.7621765136719,433.8033447265625,472.484375,539.3743896484375,560.3192749023438,587.62939453125,603.5540771484375,634.0037841796875
sample_9e20cbb59cd91dc1,389.507568359375,387.4515380859375,388.84417724609375,395.69769287109375,411.78582763671875,429.2814636230469,444.82452392578125,447.9334716796875,449.8585510253906,450.34515380859375,473.8526611328125,471.0278625488281
sample_8f128ebd2cb7c5dc,362.45062255859375,385.4730224609375,408.799560546875,423.6849365234375,440.0705261230469,458.2900085449219,469.8194580078125,475.8590393066406,486.13970947265625,494.5926513671875,503.2926025390625,509.9609375
sample_be38829a55ee5698,350.67694091796875,349.8335266113281,350.2976379394531,351.1386413574219,352.5245666503906,354.59686279296875,355.8207092285156,358.03424072265625,359.13580322265625,361.219970703125,362.5167541503906,365.37542724609375
sample_0c640fa1d7f7b9ff,403.0564880371094,399.9410400390625,396.7668762207031,393.779052734375,389.9638671875,386.3887939453125,383.7726745605469,381.59100341796875,379.54473876953125,378.12841796875,375.7709655761719,374.7945861816406
sample_70c2fc7969f60f1b,474.2641906738281,469.095947265625,458.89727783203125,450.3623962402344,442.1819763183594,431.9695129394531,425.14715576171875,417.0553283691406,411.2869567871094,406.24542236328125,400.4375,395.9678039550781
sample_a48c82d18415f6db,367.8636779785156,370.0330505371094,375.36663818359375,381.7682800292969,395.0499267578125,423.9500427246094,458.99273681640625,490.4149169921875,514.660400390625,528.8492431640625,558.967529296875,586.1583251953125
sample_11fb25fd2abf05d1,334.2886047363281,334.635498046875,336.666259765625,338.62164306640625,341.6089172363281,345.3448486328125,347.7427978515625,350.7774963378906,353.1907653808594,355.36663818359375,357.77294921875,360.0893859863281
sample_db270e1ecfb524ea,589.7330322265625,578.8902587890625,565.6724243164062,554.9612426757812,546.715576171875,535.738037109375,522.244140625,509.26885986328125,500.1202392578125,488.32427978515625,474.9516296386719,463.9505920410156
sample_845d3768e5de10b4,411.8045959472656,411.10400390625,409.5387268066406,407.78912353515625,406.3564453125,402.87017822265625,401.7492370605469,397.9689636230469,395.7951965332031,393.1239013671875,391.3193359375,388.9552917480469
sample_4bbe33875800b890,521.460693359375,510.4700622558594,495.20025634765625,482.5725402832031,470.87725830078125,457.91741943359375,448.2984619140625,437.9841003417969,430.018310546875,423.1473693847656,415.9145202636719,410.2726745605469
sample_e7c90875358de065,347.090087890625,355.42205810546875,366.15447998046875,370.88836669921875,379.0591125488281,390.2059631347656,395.68804931640625,401.2724609375,407.57208251953125,409.17840576171875,411.4039001464844,413.8044738769531
sample_706d58b8d5c5da47,399.8853759765625,398.6562805175781,396.74346923828125,395.1691589355469,393.49847412109375,389.826416015625,387.7408447265625,384.48590087890625,383.0592956542969,381.46185302734375,379.71002197265625,378.2183532714844
sample_b744028a2d45869e,388.5477294921875,385.9697570800781,384.2532958984375,380.7381286621094,381.10552978515625,382.890869140625,386.98785400390625,391.8288269042969,406.365966796875,403.3768005371094,401.73175048828125,382.4048767089844
sample_ad389ea0deb521fe,419.38140869140625,421.5548095703125,428.6726379394531,431.297119140625,431.32257080078125,434.80377197265625,434.74847412109375,434.84527587890625,433.9830627441406,431.7116394042969,430.25152587890625,427.4120788574219
sample_0d5d9d0beb541471,402.8255920410156,402.1413269042969,401.2106628417969,400.4071960449219,399.8013916015625,398.2880859375,397.73681640625,395.90966796875,394.84637451171875,392.9495544433594,392.2951354980469,390.8787536621094
sample_c6516d6be3104972,319.0259094238281,320.56341552734375,323.55389404296875,326.1390686035156,329.9442138671875,334.0493469238281,337.14739990234375,340.1012268066406,342.86370849609375,344.99560546875,347.87255859375,350.0848388671875
sample_41d7ddeff130863a,464.7239990234375,466.7626953125,466.5710144042969,466.1731872558594,466.13720703125,464.1033935546875,462.8823547363281,459.8878479003906,458.55889892578125,456.44122314453125,454.54547119140625,452.1405334472656
sample_bbcffd8f6aba6d14,312.0111389160156,312.88043212890625,317.0121765136719,320.70941162109375,324.16925048828125,329.330810546875,333.5240173339844,336.5809020996094,340.66790771484375,344.45477294921875,346.4798889160156,348.4986267089844
sample_8c4442013ec4b4f3,358.8603515625,358.1573181152344,358.33233642578125,358.7991943359375,360.13995361328125,358.2060852050781,357.3882141113281,356.8185729980469,358.3300476074219,358.69158935546875,365.4480285644531,369.1698303222656
sample_7cda695a0cca46fb,294.8656005859375,299.625244140625,306.9027404785156,312.4561462402344,318.7503967285156,325.3975524902344,330.831298828125,335.9571838378906,341.06683349609375,344.5132751464844,349.1839294433594,352.2034912109375
sample_958796981e4a123b,284.18365478515625,288.5751953125,295.652587890625,301.2492980957031,307.7002258300781,315.10821533203125,320.831298828125,326.5504150390625,332.0147705078125,335.6051025390625,340.47723388671875,343.8135681152344
sample_260092eed1f4d1a5,559.6970825195312,552.0560302734375,540.1181030273438,531.0047607421875,522.967529296875,506.69061279296875,496.2596740722656,485.2315673828125,473.9010925292969,461.53900146484375,450.6212158203125,442.71942138671875
sample_b76d9590a300c037,332.3337097167969,336.12542724609375,341.4438171386719,345.6368103027344,351.093017578125,356.4608459472656,361.2843933105469,364.9910888671875,369.6645202636719,371.7630615234375,375.5205078125,377.65673828125
sample_f1673c7a29f4feec,428.5347900390625,425.7352294921875,421.7738037109375,418.25830078125,413.88555908203125,409.1152648925781,405.4476318359375,401.9638671875,398.6825256347656,396.49945068359375,392.98431396484375,391.0780334472656
sample_53b9f6f6279d7338,392.75592041015625,389.2214660644531,384.8291320800781,381.4893493652344,378.39794921875,374.2806091308594,367.88134765625,362.3841857910156,359.7660827636719,357.4700622558594,356.90655517578125,356.43890380859375
sample_ad5bef6675adf430,301.4056701660156,302.6380310058594,312.5478820800781,320.4472961425781,328.4001770019531,326.8280029296875,331.253662109375,334.9266662597656,353.91278076171875,384.7847900390625,412.4003601074219,444.31744384765625
sample_1c3df7365a7c963f,310.7095031738281,311.2096862792969,318.1407775878906,324.3878479003906,331.99871826171875,331.966064453125,336.5366516113281,337.648681640625,353.1905517578125,362.1580810546875,367.98077392578125,355.54962158203125
sample_df562b833fd8d257,478.9778137207031,476.1370544433594,473.0449523925781,470.51513671875,468.4458923339844,466.51702880859375,465.270751953125,465.379150390625,464.7951965332031,468.5709228515625,470.58477783203125,479.1776123046875
sample_0915cc2019355842,302.9404296875,309.1644592285156,316.8199157714844,322.39080810546875,329.30743408203125,335.779296875,341.9862060546875,346.13348388671875,351.756591796875,354.0487365722656,358.5249328613281,360.5908508300781
sample_a69f22bced4eb9f0,376.7679748535156,375.946044921875,374.3302307128906,373.1815490722656,373.5801086425781,378.8229064941406,380.6630554199219,378.914794921875,379.0633544921875,389.61724853515625,396.29302978515625,392.5697326660156
sample_3ffe7b9a5244d865,450.4981384277344,449.1864929199219,447.3960876464844,445.98297119140625,444.879638671875,444.0379638671875,443.7130126953125,442.7562561035156,442.0440368652344,441.5206298828125,440.64849853515625,440.05224609375
sample_3fcfd2bbcabf2252,385.2095947265625,420.7729187011719,479.138916015625,532.197509765625,576.6649780273438,603.1597900390625,612.9851684570312,626.2863159179688,641.15380859375,628.60791015625,596.4833984375,551.8382568359375
sample_b776f9d0560c0864,437.44183349609375,436.4537353515625,434.21563720703125,432.2557373046875,430.1857604980469,425.99725341796875,423.4088439941406,419.1520080566406,416.4942626953125,414.04168701171875,410.51611328125,407.93206787109375
sample_d18cb40b8427b18e,493.3046875,484.501708984375,472.53466796875,462.1531677246094,452.25439453125,441.0547180175781,432.9640808105469,423.7366638183594,416.87933349609375,410.76055908203125,404.583251953125,399.7593688964844
sample_87f9f161f1ca74df,366.43682861328125,366.1840515136719,366.8212585449219,367.3488464355469,368.4812927246094,369.997314453125,370.7621154785156,372.7613830566406,373.1473388671875,374.3482666015625,375.3074035644531,375.92694091796875
sample_f2ff8e78b4d826fa,370.4151611328125,369.6962585449219,370.71868896484375,371.0130920410156,373.1185302734375,376.2580871582031,379.0648498535156,383.3079833984375,387.1495666503906,390.01312255859375,397.7532958984375,415.2171325683594
sample_e9a4f6e73625ca78,295.5335693359375,298.26312255859375,303.4364929199219,307.52874755859375,312.90496826171875,318.9599304199219,323.4726257324219,328.5673522949219,332.9682312011719,336.2951354980469,340.439697265625,343.43402099609375
sample_f89b0821e7bb2ba8,619.3156127929688,604.771240234375,583.78173828125,565.9323120117188,549.8355712890625,530.28662109375,516.8876953125,503.207763671875,493.4047546386719,484.5537109375,476.4516296386719,469.5233154296875
sample_8d75da0b19d1e658,316.826904296875,317.8377685546875,329.0478210449219,342.8037109375,352.7514343261719,356.7252197265625,359.81317138671875,370.6961975097656,370.8629150390625,390.7624816894531,391.78729248046875,378.4823913574219
sample_7665881123da6fbc,381.5495910644531,379.403564453125,377.8160095214844,376.2429504394531,375.21527099609375,374.1881408691406,373.62652587890625,373.23760986328125,372.1731262207031,372.0258483886719,372.02880859375,372.0175476074219
sample_2c0593a6e7a08855,398.7240905761719,396.6114501953125,394.6632080078125,393.019775390625,391.5307922363281,389.5036315917969,388.1829528808594,386.2571105957031,385.24420166015625,383.78765869140625,382.39398193359375,380.9117126464844
sample_46a7d0f89db0e98a,605.020263671875,593.9859008789062,575.839111328125,561.720947265625,548.089111328125,531.51806640625,518.8993530273438,502.9433898925781,494.2548828125,486.3660888671875,479.56292724609375,473.61749267578125
sample_8f78daee4e0ae1e1,504.4478759765625,498.6760559082031,487.5079345703125,478.0805358886719,469.6436767578125,460.66253662109375,453.39813232421875,444.7841491699219,436.7013244628906,430.810546875,423.2767028808594,418.6405334472656
sample_0151a39b492bf0f0,473.22265625,469.4699401855469,463.56494140625,458.53814697265625,453.4156799316406,447.17852783203125,444.1727294921875,441.462158203125,442.2628173828125,447.3087158203125,441.2206115722656,438.8546447753906
sample_620964a8815814a4,398.18328857421875,395.7441101074219,394.4238586425781,392.5283203125,390.7075500488281,389.8081970214844,386.3503112792969,384.1265869140625,382.54571533203125,382.11260986328125,381.2831115722656,380.9936828613281
sample_36b24db32b8e8687,348.6201171875,355.2494201660156,368.182373046875,379.0964050292969,391.5736083984375,394.3062438964844,401.2404479980469,405.0250244140625,419.0491943359375,428.1156921386719,432.7192687988281,426.18597412109375
sample_768f937fbf9b6064,389.4642028808594,387.06182861328125,384.53125,382.9701843261719,380.7900390625,378.0258483886719,375.20379638671875,372.59100341796875,370.4671325683594,369.26434326171875,365.6177062988281,365.6789855957031
sample_8328406585c29923,300.7492370605469,305.41204833984375,313.5694885253906,320.67144775390625,327.95721435546875,335.117919921875,339.0405578613281,344.8995666503906,351.756591796875,356.6483154296875,361.9197998046875,364.42169189453125
sample_b187541e962083c0,391.1512145996094,392.6295166015625,396.4425354003906,397.8326110839844,398.99005126953125,401.4278259277344,407.4164733886719,401.8546142578125,400.220947265625,392.5550231933594,390.82666015625,387.4565124511719
sample_e4abdee3cb23e13c,354.46282958984375,353.52435302734375,353.9329833984375,354.4013977050781,355.59307861328125,357.4194030761719,358.9322509765625,360.8478088378906,361.5517578125,363.1012878417969,364.54315185546875,365.8360595703125
sample_78b755e12df700c9,429.00341796875,426.0497131347656,423.6698913574219,421.4324645996094,418.470703125,413.8793640136719,410.5133056640625,408.0859069824219,405.3679504394531,403.46636962890625,401.7409362792969,403.59765625
sample_3189bb42b1dc1a1e,359.224365234375,360.37274169921875,359.781005859375,359.1740417480469,359.6986389160156,359.7127990722656,363.8332824707031,365.0461120605469,363.7878112792969,362.0150451660156,363.0941162109375,366.3099365234375
sample_7c6224c88dd0ed70,358.3439025878906,363.4993896484375,368.7914733886719,373.0259094238281,377.86846923828125,381.7422790527344,386.1993408203125,387.80462646484375,391.569091796875,392.435546875,395.3981628417969,396.0770568847656
sample_f3d4458bc0c78c7a,356.5950927734375,355.2451477050781,354.8615417480469,355.341064453125,353.2472229003906,352.3941955566406,356.3854064941406,353.18170166015625,352.1351318359375,350.5296630859375,348.0428161621094,348.0162658691406
sample_9fd262ddb50ed4db,285.1241455078125,290.28619384765625,297.513916015625,302.5884094238281,309.1067199707031,315.43890380859375,320.78668212890625,325.8148193359375,330.4681396484375,333.7333984375,338.2139892578125,341.0931091308594
sample_f36f8440ec488272,397.76934814453125,395.7686767578125,394.4862365722656,393.25555419921875,392.2467041015625,391.2887268066406,390.84271240234375,389.59356689453125,388.75933837890625,389.1891784667969,388.7158508300781,388.68377685546875
sample_d6b21cf10569f6cd,425.4881896972656,423.4568786621094,418.5169677734375,414.6716003417969,409.8480224609375,403.9991455078125,400.1979675292969,396.0180969238281,393.8343811035156,393.79925537109375,391.1667175292969,390.6590270996094
sample_70349d47ebb89796,454.9216003417969,449.5416259765625,439.3416442871094,431.51116943359375,423.6695556640625,414.54034423828125,407.6199951171875,400.3807678222656,393.78369140625,389.4290771484375,383.70074462890625,380.0213623046875
sample_b4b344524898d8ea,459.6215515136719,455.3559265136719,447.3561706542969,440.7438049316406,433.6832580566406,424.753662109375,418.65362548828125,411.401123046875,406.26300048828125,401.5277099609375,396.5081481933594,392.2931213378906
sample_3f0a9aa8f093eda5,355.3483581542969,355.5068359375,356.89691162109375,358.7782897949219,356.6866149902344,358.6407775878906,358.16656494140625,356.7471618652344,358.0968017578125,358.4203796386719,354.3399963378906,352.6744689941406
sample_70b4b25066b838a5,335.6712951660156,335.16131591796875,336.22222900390625,336.6862487792969,338.3060607910156,340.52178955078125,342.7426452636719,343.7223815917969,346.1501770019531,346.9803466796875,348.91107177734375,350.27825927734375
sample_1d3d677b388b32de,386.2607421875,388.7854919433594,392.0335388183594,393.8255310058594,395.51617431640625,395.65972900390625,397.7735290527344,397.8402099609375,399.7813415527344,399.16827392578125,400.07440185546875,399.5810241699219
sample_0a937fa947e2addb,488.7479553222656,481.1688232421875,470.0352783203125,460.6749267578125,451.5179748535156,440.58599853515625,433.2389831542969,425.4688720703125,419.2089538574219,414.67889404296875,409.0611572265625,406.2506103515625
sample_8a71935fbab64d21,491.7154846191406,480.2100830078125,464.72772216796875,451.4314270019531,437.6638488769531,424.0888671875,414.1839599609375,403.624755859375,395.3328857421875,388.3883972167969,380.90924072265625,376.05450439453125
sample_b9f3318720a496dc,335.35260009765625,337.9593200683594,342.8114013671875,347.06585693359375,353.1862487792969,359.5799865722656,364.0528259277344,369.1842956542969,373.59185791015625,376.97100830078125,382.1910095214844,384.98858642578125
sample_cb841937b7699d4f,359.63360595703125,357.4781799316406,355.3992919921875,353.7469787597656,352.01507568359375,350.2969665527344,349.45074462890625,347.4706726074219,346.24420166015625,345.38555908203125,344.2427062988281,343.2025451660156
sample_a3f7c7635cd34c3b,366.85107421875,375.11669921875,380.2934875488281,382.8633728027344,384.1264953613281,387.4771728515625,392.3752746582031,396.9029541015625,404.9561462402344,411.36407470703125,419.87738037109375,441.5726623535156
sample_bea3f3d8517c8aa0,415.43597412109375,411.8323669433594,405.162109375,399.9429931640625,393.6528625488281,386.36761474609375,380.95086669921875,377.3875732421875,372.214111328125,370.38360595703125,368.8327941894531,364.39312744140625
sample_173d683a1bb1643e,414.0726318359375,411.0103454589844,408.1974792480469,405.7048645019531,403.3548889160156,401.0574645996094,399.4701232910156,398.3927001953125,397.1802673339844,395.91339111328125,394.476806640625,393.27581787109375
sample_e740a0b9c961ff23,459.0120849609375,453.1471862792969,444.3139953613281,435.0978698730469,427.219482421875,418.0029602050781,411.262939453125,403.71636962890625,397.634033203125,392.7012023925781,386.78466796875,383.0775451660156
sample_3e5bd85fe66b6f24,605.9424438476562,586.0875854492188,562.3909301757812,542.5323486328125,525.8826904296875,508.4052429199219,495.24859619140625,483.2043762207031,473.43304443359375,464.65966796875,455.76434326171875,448.86553955078125
sample_711166bdf5386b2d,395.02490234375,440.77581787109375,468.364013671875,487.4266357421875,511.8594970703125,509.14617919921875,505.7186279296875,509.2862243652344,512.36279296875,508.46917724609375,505.71661376953125,498.0739440917969
sample_a221f312af6a2fe3,521.87060546875,508.54705810546875,492.8663635253906,479.9765930175781,467.8888854980469,454.998291015625,445.3443908691406,434.8586730957031,425.831787109375,419.5322265625,411.34033203125,406.05450439453125
sample_bf23af59c6d28ace,340.7094421386719,342.9385986328125,346.2555236816406,348.49468994140625,352.1631774902344,357.31256103515625,360.39013671875,362.9402160644531,364.8240966796875,366.7754821777344,369.97723388671875,372.8337097167969
sample_b925a028a4d14995,355.6562194824219,353.6540832519531,351.70489501953125,350.35040283203125,347.7806701660156,345.9869384765625,344.747802734375,345.0723571777344,343.51641845703125,341.4895324707031,342.80230712890625,338.77227783203125
sample_a765f49e870ca370,417.5846252441406,413.5445556640625,407.7455139160156,401.1659851074219,394.1713562011719,386.9828186035156,381.7904357910156,375.5434875488281,370.9961242675781,366.9504089355469,361.75286865234375,358.6759033203125
sample_4c538e6cf1b2974e,395.2886047363281,443.169189453125,495.6985778808594,530.42333984375,556.5640869140625,561.869384765625,566.2076416015625,579.01513671875,559.499267578125,543.83447265625,539.8826904296875,540.613525390625
sample_aad310fc66b072e2,433.51165771484375,429.77166748046875,426.3498840332031,424.1175842285156,424.7112121582031,428.1546936035156,431.7283935546875,434.3329772949219,428.3268737792969,427.4872741699219,425.1899108886719,424.07501220703125
sample_9c72c12362d04847,332.15594482421875,335.82159423828125,349.16705322265625,355.73797607421875,374.8721008300781,366.485107421875,369.40728759765625,367.3876953125,369.0408935546875,370.9311828613281,377.3526611328125,366.4140625
sample_3838e4feff2f1bf4,365.2681884765625,368.561279296875,374.1524963378906,376.81060791015625,387.2628173828125,397.0224609375,401.6165466308594,396.8419189453125,392.9791259765625,394.90008544921875,401.99090576171875,404.8807678222656
sample_3013232700a0503a,331.6790466308594,332.433349609375,335.310546875,336.7664794921875,339.8888244628906,343.7606201171875,348.5699462890625,345.2266540527344,349.9537658691406,348.8701477050781,349.2764892578125,351.0932922363281
sample_d15633811a15d3ec,440.23236083984375,434.3218688964844,427.7590026855469,416.2966613769531,405.8069152832031,396.9202880859375,391.3340759277344,382.1468505859375,377.58197021484375,374.82073974609375,375.96929931640625,377.511962890625
sample_655a511c1d034921,503.7483825683594,510.2944641113281,512.6527099609375,513.2154541015625,513.7422485351562,511.1527099609375,512.7861328125,507.6215515136719,507.4532775878906,503.3824462890625,502.5498962402344,499.8837585449219
sample_4234cafa1e6ea08c,381.74365234375,383.9113464355469,386.5124816894531,383.9235534667969,385.24322509765625,383.8728332519531,383.04248046875,382.95458984375,385.6035461425781,386.2451171875,388.07220458984375,388.7382507324219
sample_e9d7d09a0f1155b0,436.5138244628906,462.0301818847656,486.2470397949219,484.4962158203125,483.49371337890625,486.24761962890625,491.8634033203125,490.5640563964844,490.04901123046875,489.16571044921875,479.91094970703125,478.572021484375
sample_e8ba36a46aa9a12a,496.5337829589844,490.7740783691406,479.4247131347656,470.0394287109375,461.2437744140625,450.42242431640625,443.19305419921875,434.3129577636719,428.20025634765625,422.74639892578125,416.7554931640625,411.861328125
sample_5b7471d51275bfea,489.08074951171875,492.87042236328125,484.9737243652344,476.0536193847656,467.96160888671875,457.5699768066406,449.8101806640625,440.8282470703125,434.33447265625,429.4477233886719,423.4710693359375,419.22979736328125
sample_380036c2d6cf2e7f,638.5982666015625,627.3655395507812,610.1445922851562,592.5217895507812,579.4884643554688,561.9710083007812,546.7583618164062,532.7230224609375,519.8753662109375,509.199951171875,500.5523376464844,493.4051513671875
sample_1a2482cdda1679ef,336.16949462890625,337.10028076171875,340.0675964355469,342.41558837890625,346.4158020019531,351.8736877441406,356.2966613769531,361.3402099609375,365.8652648925781,374.32989501953125,382.3349914550781,388.26617431640625
sample_cce3b3bd5f45773d,348.8180847167969,347.5356140136719,348.0040588378906,348.7773132324219,350.8680725097656,356.0744934082031,364.1068115234375,373.3893737792969,377.89892578125,384.1168212890625,400.0324401855469,405.62640380859375
sample_085c49697f78ee82,413.1403503417969,405.30535888671875,395.72979736328125,388.4853820800781,381.31878662109375,373.8534240722656,367.8793640136719,362.52313232421875,357.77935791015625,353.9247131347656,350.5505676269531,346.1853332519531
sample_a28a61f1af16684c,312.60174560546875,313.1122741699219,316.6336364746094,320.9078063964844,321.80633544921875,327.7496643066406,333.6021423339844,337.6012268066406,337.05078125,339.6195068359375,341.4414367675781,344.1681213378906
sample_f9e6da9a309edbda,317.0105285644531,321.1307373046875,329.20806884765625,337.4315490722656,344.41943359375,355.3914489746094,367.2611389160156,382.1673889160156,386.0210876464844,387.95831298828125,395.8164367675781,391.5823974609375
sample_ebfe05d202c082a0,448.71563720703125,441.8084411621094,432.91064453125,425.7998962402344,417.7440490722656,408.9774169921875,400.20147705078125,392.397705078125,386.8921813964844,382.5296630859375,376.9825439453125,373.1905212402344
sample_ffd9a4ca180c8eb6,419.3099365234375,415.7151184082031,410.9678955078125,407.3816833496094,402.9600524902344,397.8909606933594,393.9217529296875,390.00115966796875,386.21728515625,383.4822082519531,379.86505126953125,377.3595275878906
sample_7cc14d3101badb48,424.82379150390625,421.4986572265625,417.6278381347656,414.150634765625,410.697998046875,406.7559814453125,403.45184326171875,400.2689514160156,397.10443115234375,394.8512268066406,391.70867919921875,389.7158508300781
sample_c91a66114fc87c1a,439.6916809082031,441.7333679199219,442.6683654785156,442.4110412597656,442.3257141113281,439.1847839355469,437.7327575683594,432.2287292480469,430.83984375,426.9374084472656,424.668701171875,421.7412414550781
sample_1a46d3213e28e4fa,302.1732177734375,304.6714782714844,309.8044738769531,313.77655029296875,318.87353515625,324.802490234375,329.267578125,334.1673583984375,338.12225341796875,341.52740478515625,345.6075134277344,348.6851501464844
sample_d24bfd7c84dd764d,506.1080322265625,496.0560302734375,478.0339660644531,462.638671875,451.2523193359375,438.5374755859375,431.19952392578125,423.06207275390625,413.7102355957031,405.64300537109375,399.2554931640625,392.9376220703125
sample_7362d520a9d06981,372.071533203125,370.7521057128906,370.5212097167969,370.4504089355469,376.69110107421875,391.47064208984375,395.404052734375,397.37750244140625,422.07989501953125,415.47369384765625,405.953369140625,407.6129150390625
sample_db184ad53ecc678b,369.7499694824219,367.8299865722656,366.70501708984375,365.8755187988281,365.5406799316406,365.89813232421875,366.1398620605469,366.6537170410156,366.7213439941406,367.4054870605469,367.41131591796875,367.9672546386719
sample_a64acba9f58b69c6,483.1658020019531,494.063720703125,496.9591979980469,495.0758972167969,488.7637939453125,487.6566467285156,481.9756774902344,469.86370849609375,457.9486083984375,452.0467529296875,447.7161865234375,444.9427185058594
sample_b31dcf5e37f5796f,471.2814025878906,491.955810546875,511.35284423828125,525.49951171875,535.766357421875,549.1060180664062,556.8815307617188,552.7674560546875,548.4156494140625,546.7949829101562,548.281982421875,537.4099731445312
sample_ea3783e6710afa29,576.2114868164062,573.7576293945312,571.0768432617188,562.1181640625,553.8414306640625,537.1846313476562,520.7357788085938,513.3298950195312,503.3390197753906,490.87469482421875,482.0673522949219,474.5882568359375
sample_9ca5bc2117591b35,554.5993041992188,549.4501342773438,536.229736328125,520.4257202148438,504.8407897949219,492.11798095703125,478.26226806640625,466.64849853515625,456.8209228515625,449.379638671875,442.72900390625,436.49603271484375
sample_6bc059817194ec80,403.0995788574219,419.7831726074219,437.74139404296875,452.44952392578125,466.566650390625,479.5941162109375,491.3265380859375,501.7945861816406,510.59326171875,516.036865234375,525.133544921875,530.0908203125
sample_c752bc2acb216891,308.8548889160156,311.2237548828125,316.1307678222656,319.478759765625,324.13885498046875,329.50830078125,333.8351745605469,337.5130920410156,342.1038513183594,345.0179443359375,349.15875244140625,351.2713623046875
sample_1f3517506abe10c2,322.35595703125,328.52899169921875,331.25,333.0670471191406,340.33123779296875,340.53076171875,349.3416442871094,350.67919921875,350.0495910644531,346.75457763671875,348.180419921875,353.69036865234375
sample_31a69baf898cfc88,339.8277587890625,338.7754821777344,338.82867431640625,338.8287658691406,339.4001159667969,340.64141845703125,342.4151306152344,343.35076904296875,346.38555908203125,347.6715087890625,355.32562255859375,362.8983154296875
sample_7671eb38abbb7793,575.0369262695312,566.1646728515625,549.6732177734375,535.01123046875,526.7034301757812,511.09246826171875,501.13677978515625,488.8824157714844,479.7167663574219,472.66729736328125,465.6689453125,460.0499572753906
sample_71b4a8fb835d5096,482.55413818359375,481.6016540527344,478.14605712890625,474.6643371582031,471.6179504394531,466.2538146972656,462.8857116699219,457.994384765625,454.7215270996094,451.0868835449219,447.9988708496094,444.68743896484375
sample_a56e9a2aed17fd9e,346.10882568359375,354.09429931640625,357.1105651855469,352.569091796875,357.7572021484375,362.5010070800781,366.44317626953125,369.8114013671875,363.3984375,375.0128479003906,398.9268798828125,424.5249328613281
sample_461c2ce8b4b005ab,339.1263732910156,341.77276611328125,348.4366149902344,353.4465026855469,359.4178771972656,366.2255859375,371.9357604980469,376.2215881347656,381.6829528808594,384.3764953613281,388.6697998046875,391.51470947265625
sample_9844435d70d7333a,387.5023193359375,407.95721435546875,429.13226318359375,445.1139831542969,463.645263671875,480.4790954589844,497.1402893066406,514.4319458007812,529.3998413085938,542.1572265625,551.5717163085938,563.1648559570312
sample_3227d9bc3a8bb2fd,455.70831298828125,450.4136962890625,442.9114074707031,437.0409851074219,429.845458984375,422.6709899902344,416.29656982421875,410.72991943359375,406.0091857910156,402.5952453613281,397.41802978515625,394.40155029296875
sample_928bbb26733ba875,397.9952697753906,397.37451171875,396.5631408691406,395.603515625,394.87640380859375,392.93157958984375,392.547119140625,390.2511901855469,389.3162841796875,387.5661315917969,386.6013488769531,385.1570129394531
sample_6b6d381fb6a6f3e3,367.1142272949219,380.8711853027344,411.35296630859375,434.28656005859375,458.5454406738281,477.6207275390625,496.40679931640625,493.8149719238281,516.3153076171875,516.920166015625,524.3402709960938,516.302490234375
sample_1903ca2e9fa709a7,536.6656494140625,535.8148803710938,533.8858642578125,531.4500122070312,529.4717407226562,526.7540893554688,524.9639892578125,521.7706909179688,520.7577514648438,518.578857421875,516.3866577148438,514.59375
sample_1857e900ff3da5b8,445.8283996582031,471.6601257324219,504.1907043457031,539.9073486328125,572.1548461914062,589.2015380859375,599.6810913085938,610.23876953125,613.5319213867188,629.1600341796875,625.0487670898438,618.9407958984375
sample_9169f85750544583,342.44610595703125,342.13671875,343.2713928222656,344.58074951171875,346.8934326171875,350.21112060546875,352.51397705078125,356.36053466796875,358.93536376953125,362.1699523925781,365.1563415527344,372.2539978027344
sample_09d8169d778769ab,502.55950927734375,492.53814697265625,480.0064392089844,470.1773681640625,460.44140625,449.822509765625,441.28619384765625,433.2654724121094,426.5322570800781,420.92864990234375,414.7210693359375,410.4262390136719
sample_3ab3e539bbe1175a,408.56610107421875,408.3552551269531,407.5381164550781,406.4817810058594,406.1961669921875,403.75830078125,403.34490966796875,400.5359191894531,399.64678955078125,397.6376037597656,396.53399658203125,394.80999755859375
sample_c51413263be07a29,279.4158630371094,282.9208068847656,289.4160461425781,293.93438720703125,299.5430908203125,306.010986328125,311.4490051269531,315.885986328125,321.4063720703125,324.0783996582031,328.451171875,331.3197326660156
sample_8d0d85773875a94d,391.3793640136719,409.36297607421875,426.4638366699219,439.64788818359375,454.166748046875,469.9837646484375,478.3265380859375,488.13018798828125,498.69085693359375,503.14080810546875,510.5169677734375,515.5362548828125
sample_95cb8688f5d1d059,388.2231750488281,386.11041259765625,384.2603759765625,382.73870849609375,381.51202392578125,380.81610107421875,379.9012451171875,379.82830810546875,378.9361572265625,378.973876953125,378.37542724609375,378.18475341796875
sample_def1a091d4c7e2b7,354.1073303222656,353.7748718261719,355.93780517578125,363.8660888671875,387.65057373046875,411.2138671875,418.0004577636719,422.6080627441406,434.5611877441406,454.7308349609375,461.5867614746094,457.67913818359375
sample_3aab0d036a79b624,409.854248046875,406.10748291015625,400.828857421875,396.53009033203125,391.9909362792969,387.17547607421875,383.0918884277344,379.5774230957031,376.0198974609375,375.7300109863281,375.337646484375,375.2716979980469
sample_89dcfae40cb3d522,578.5528564453125,563.8970947265625,545.5597534179688,530.6935424804688,516.3617553710938,502.0263671875,491.4375,479.7230529785156,470.6670837402344,462.7509460449219,454.773193359375,448.39996337890625
sample_10f7ebfecbf3e194,352.7337951660156,350.8193359375,349.3160705566406,347.44134521484375,345.86834716796875,344.39239501953125,343.8231506347656,343.09271240234375,342.06304931640625,342.4279479980469,339.8966369628906,338.7980651855469
sample_193896d59af9b603,419.4589538574219,440.4923095703125,460.91015625,476.5768737792969,493.52008056640625,506.76666259765625,518.678466796875,527.6827392578125,536.2525634765625,542.06591796875,550.5629272460938,554.7460327148438
sample_3f14aad686acc4a9,317.6373596191406,318.1180725097656,320.98211669921875,324.3283996582031,334.68218994140625,354.3100280761719,370.7352600097656,372.4622802734375,384.938720703125,402.65313720703125,420.3296813964844,409.40869140625
sample_0679fb1c19bdef81,317.09521484375,317.90899658203125,320.2930603027344,322.34906005859375,327.20623779296875,328.80987548828125,331.925537109375,338.95037841796875,345.2460021972656,351.2606506347656,354.5006408691406,358.7181091308594
sample_a5ed4a123f22f191,315.55718994140625,327.0447998046875,336.76513671875,335.3823547363281,337.98150634765625,346.9270324707031,344.9176330566406,354.4148254394531,355.5538635253906,353.5949401855469,350.9432067871094,351.7168273925781
sample_4b2c0f43622dd83c,306.9878845214844,310.61370849609375,316.291015625,320.6368103027344,326.2430419921875,331.8948669433594,336.6860656738281,340.9877014160156,345.3131103515625,348.0628662109375,352.0832214355469,354.7387390136719
sample_a473dfd97f74f575,685.0975341796875,667.049072265625,645.447021484375,623.4500732421875,604.3576049804688,579.716552734375,560.948486328125,543.2213134765625,529.8822631835938,519.8472900390625,509.86859130859375,501.4382629394531
sample_a051833ce7eddc55,520.3136596679688,518.7073974609375,517.322998046875,518.1237182617188,522.33544921875,532.0792236328125,541.101318359375,545.8317260742188,563.3966674804688,577.081787109375,589.333251953125,576.7942504882812
sample_3da21470c2cbbde8,439.2556457519531,442.3164367675781,445.0611877441406,444.0148620605469,443.6276550292969,441.2217712402344,437.7955627441406,438.85162353515625,442.9674377441406,432.94659423828125,430.55950927734375,430.0823974609375
sample_796147ea395ede45,393.3319396972656,392.42974853515625,391.8113098144531,391.15301513671875,391.0756530761719,390.4300231933594,390.2347412109375,389.74822998046875,389.44476318359375,388.7133483886719,388.3941955566406,387.6666564941406
sample_8cd0ad843c806233,425.62017822265625,422.1415100097656,418.27362060546875,414.52239990234375,410.6853332519531,406.5985412597656,403.40301513671875,399.94012451171875,396.9569396972656,394.5254211425781,391.5770568847656,389.43890380859375
sample_465e79db90b45a35,387.6368408203125,385.5741271972656,384.0174255371094,382.55706787109375,381.2996826171875,380.05377197265625,378.77850341796875,377.60626220703125,376.6639404296875,375.8551940917969,374.775390625,374.0340270996094
sample_97381f6d0cdadffe,448.58648681640625,480.7619323730469,519.9703979492188,552.413818359375,572.5547485351562,585.57177734375,599.0743408203125,603.4556884765625,621.915771484375,616.0181884765625,613.5469970703125,621.6064453125
sample_e707d69fac1fbd5f,587.7218017578125,571.0786743164062,550.558837890625,531.3855590820312,514.4093017578125,496.168701171875,482.1037292480469,469.03826904296875,458.91888427734375,450.3146667480469,441.23077392578125,434.8609619140625
sample_3dfb86a44edd39a1,504.3876953125,492.1887512207031,477.4222412109375,463.9935302734375,452.4768371582031,440.8426513671875,432.11993408203125,423.69256591796875,417.8100280761719,413.38641357421875,405.5187683105469,401.60125732421875
sample_e35b46b49e308c70,367.43994140625,366.00262451171875,365.4656677246094,364.8221740722656,364.8754577636719,365.59539794921875,366.0576477050781,366.6524658203125,366.848876953125,367.3267822265625,367.9408874511719,368.3157653808594
sample_1408a0c0b296fc9d,468.257568359375,458.75341796875,447.47900390625,438.7813720703125,428.5919494628906,419.24560546875,411.6419677734375,405.24176025390625,400.81201171875,395.75518798828125,387.58856201171875,382.47723388671875
sample_b5d039bcd2d73f60,441.4366149902344,443.9219970703125,443.984375,442.634033203125,441.2347106933594,435.56536865234375,433.69500732421875,428.2367858886719,426.0524597167969,422.1272888183594,420.36083984375,417.16156005859375
sample_78c9c75abc565475,472.1119079589844,470.3283386230469,467.8229675292969,465.3998107910156,462.8523864746094,459.2276611328125,456.79791259765625,452.9215087890625,450.8104248046875,448.1699523925781,445.5191955566406,442.7384033203125
sample_910add95a5388d57,440.1386413574219,436.4486083984375,430.4399108886719,425.6042785644531,420.5844421386719,413.90985107421875,409.164306640625,403.7164001464844,399.70867919921875,396.0854797363281,391.731201171875,388.78240966796875
sample_e71830e221cc6167,403.09613037109375,428.783935546875,450.91131591796875,467.4962158203125,484.4217834472656,500.9945373535156,512.7108154296875,523.6793823242188,532.5192260742188,538.3516235351562,546.9745483398438,552.40185546875
sample_137dc1534cbb7748,463.1219787597656,457.69085693359375,450.3281555175781,443.8426208496094,438.1581726074219,433.82537841796875,428.22833251953125,422.4282531738281,417.8486328125,412.8187255859375,406.7890625,404.5106506347656
sample_f827a734cdc27423,428.95440673828125,428.4838562011719,426.8253479003906,425.8473815917969,422.2908020019531,418.91668701171875,416.7673645019531,412.0113525390625,408.51483154296875,406.0433654785156,403.3721008300781,401.12445068359375
sample_e332c3b662a389e9,332.75146484375,334.7653503417969,338.5819396972656,341.4535827636719,345.7102966308594,350.8213806152344,354.55474853515625,358.64190673828125,362.2372741699219,365.092529296875,368.0664367675781,370.5799560546875
sample_22d1bfd8ae5e48e5,375.4687805175781,373.1210632324219,370.9408874511719,369.1518249511719,367.5931396484375,366.0075988769531,364.90399169921875,364.170654296875,362.5560302734375,362.5683898925781,362.23651123046875,361.15960693359375
sample_5ac56df5d9012946,461.0342102050781,454.0770263671875,444.0217590332031,435.9402160644531,428.03143310546875,418.69598388671875,411.737060546875,404.3943176269531,398.09173583984375,393.1137390136719,387.49755859375,383.69085693359375
sample_63ae23f103a0fe7f,373.6486511230469,372.850830078125,372.55621337890625,372.0767517089844,372.4727783203125,372.65191650390625,373.5848693847656,373.7213134765625,374.34967041015625,374.6087341308594,375.36065673828125,375.7955017089844
sample_a73234f5765d94f4,357.5401306152344,356.15985107421875,355.84417724609375,355.5537109375,355.8904724121094,356.7528381347656,357.7076110839844,358.4884948730469,359.3559265136719,360.367919921875,361.3471374511719,362.1700439453125
sample_53185b8eb8d6226c,336.2202453613281,336.3936462402344,338.2998962402344,339.8818359375,342.7322082519531,346.5749206542969,349.051025390625,352.4096984863281,354.7043151855469,357.3796081542969,359.6382141113281,361.908935546875
sample_d3f90285661283c4,530.7310180664062,540.7116088867188,547.65478515625,550.1198120117188,544.7443237304688,535.660888671875,530.9493408203125,526.763916015625,517.5882568359375,516.4423828125,514.7003784179688,513.2689208984375
sample_0d942b90b1586d1a,393.0006103515625,393.9057312011719,394.90411376953125,395.31146240234375,396.437255859375,396.4466857910156,396.969970703125,395.5397644042969,395.98956298828125,394.48211669921875,394.2350158691406,393.1390075683594
sample_7c55997f76efee18,390.7610168457031,388.17230224609375,385.9268798828125,384.0937805175781,382.6273193359375,381.4288635253906,380.4688415527344,380.0994873046875,378.6932373046875,379.4132385253906,381.1059875488281,378.6863708496094
sample_1a59a003b8ca302a,526.8631591796875,510.93768310546875,493.0874328613281,477.9661560058594,463.7616271972656,449.116943359375,437.8307800292969,426.29931640625,417.4696960449219,410.33502197265625,405.2519836425781,405.2830810546875
sample_91bf410338d45c03,389.11328125,386.5027770996094,384.08660888671875,381.8457946777344,380.0741271972656,377.868408203125,376.8509521484375,374.8723449707031,373.42535400390625,373.1759033203125,372.57220458984375,371.78680419921875
sample_85320bb76f363255,482.072998046875,475.4075012207031,464.86895751953125,455.7499084472656,447.4561462402344,437.1744079589844,430.1484375,422.1197509765625,417.14599609375,411.3061828613281,405.5337829589844,401.5817565917969
sample_d5cc3055857b8f55,571.2035522460938,576.7039794921875,580.8470458984375,584.9597778320312,586.680419921875,569.5342407226562,558.2208251953125,551.4986572265625,549.2626342773438,536.533935546875,524.870361328125,516.7197265625
sample_c6aa8081f57b2836,299.4974365234375,311.44476318359375,325.2396240234375,337.2810363769531,351.21380615234375,363.52191162109375,373.58135986328125,381.2488098144531,390.6390075683594,396.8639221191406,405.3332214355469,418.0992736816406
sample_ea6dee8fd4b28f5c,397.40228271484375,394.4474182128906,391.3780517578125,388.6552734375,386.2048645019531,383.48907470703125,381.8899230957031,380.1231994628906,377.69818115234375,376.625732421875,375.240478515625,374.3326416015625
sample_1a52b6513a80263f,337.0390930175781,339.27972412109375,342.4708251953125,344.74267578125,348.3600769042969,351.3387145996094,354.3594055175781,356.12835693359375,358.9656677246094,360.1239013671875,362.63623046875,363.753662109375
sample_29933eeb8d45a320,415.14208984375,454.9627380371094,508.47149658203125,535.72021484375,566.357177734375,599.3028564453125,647.9851684570312,681.5982055664062,681.3424072265625,650.0899658203125,652.6070556640625,639.1375732421875
sample_241d9f52ef008883,700.744140625,705.5965576171875,698.6854858398438,694.205810546875,689.6363525390625,683.8367919921875,677.4004516601562,673.2774658203125,672.7935791015625,669.7037353515625,679.448974609375,699.7039794921875
sample_56027c3303f4959b,299.50921630859375,306.3797302246094,315.9314270019531,323.01983642578125,331.9460754394531,341.53485107421875,348.38531494140625,354.9945068359375,361.67620849609375,365.4903564453125,371.4454345703125,374.8012390136719
sample_7d19aba6e2859580,424.7341613769531,418.4862365722656,409.82781982421875,403.4950256347656,395.7136535644531,386.56585693359375,380.2086181640625,374.1299133300781,369.17193603515625,362.44464111328125,356.6106262207031,354.3518981933594
sample_91164e5e20f50535,293.1622009277344,294.2308654785156,297.6336364746094,302.7509460449219,303.3220520019531,309.58673095703125,316.0638122558594,316.6317443847656,319.7969665527344,324.28497314453125,321.8217468261719,325.6122741699219
sample_4ff7e88cb90df2cc,369.68890380859375,369.5474853515625,370.241455078125,370.9519958496094,372.036865234375,373.3564453125,374.1749572753906,375.888916015625,376.2377624511719,377.4132385253906,378.2872009277344,378.9130554199219
sample_e2dccfad0a225fe8,460.39617919921875,453.9085388183594,445.48040771484375,438.54425048828125,431.7572326660156,424.47528076171875,418.8599548339844,413.07568359375,407.6686706542969,404.6438293457031,399.37652587890625,396.84832763671875
sample_74995f8cb50a1667,377.708740234375,386.795166015625,401.90509033203125,419.4786376953125,438.22650146484375,452.20880126953125,464.2230224609375,469.1470947265625,476.14007568359375,484.00775146484375,488.9621887207031,486.2220153808594
sample_1c5f5c5bad26e4ec,351.4214782714844,352.23681640625,357.6058654785156,362.35418701171875,370.23260498046875,390.45166015625,412.6615295410156,431.8013000488281,443.68255615234375,438.82464599609375,446.0549621582031,466.78173828125
sample_996700b2acd4dd32,397.7557067871094,403.0409851074219,408.7081298828125,411.7860107421875,421.1690673828125,430.00970458984375,437.1563415527344,440.00128173828125,450.2533264160156,452.19256591796875,461.18304443359375,467.8064270019531
sample_21045a9cdc73808f,356.2412109375,355.00262451171875,354.3545227050781,354.322265625,357.6108703613281,360.3748474121094,369.07745361328125,388.3300476074219,392.509521484375,415.1493225097656,437.96661376953125,446.57720947265625
sample_e4608236585a166c,639.7108154296875,646.5870971679688,661.5560913085938,662.4396362304688,644.5587158203125,640.1137084960938,642.53759765625,625.2469482421875,607.2247924804688,596.3782348632812,585.7250366210938,565.7366333007812
sample_2425293ddca59e72,362.34014892578125,370.1390075683594,378.528076171875,376.4468994140625,390.45086669921875,386.6468505859375,393.4043884277344,398.3131103515625,403.3315124511719,387.23126220703125,388.8155517578125,377.7456359863281
sample_a47bf240b54c092c,369.3948059082031,369.075439453125,369.5881652832031,370.1338195800781,371.1278991699219,372.25970458984375,373.0898742675781,374.6134948730469,374.83770751953125,375.9867248535156,376.84234619140625,377.59100341796875
sample_47fff3c4de17cd68,388.651123046875,385.9271240234375,383.0101013183594,380.2669677734375,377.9081115722656,375.1194763183594,373.4143371582031,371.07574462890625,368.8104248046875,367.079833984375,365.944091796875,364.65252685546875
sample_0ee55f30e12c9379,348.8349914550781,349.5019836425781,351.7028503417969,353.9400939941406,357.9436950683594,364.3569641113281,369.38592529296875,376.85546875,386.44873046875,400.04193115234375,403.9569091796875,409.09442138671875
sample_4d48d9f3999ac85e,329.77984619140625,339.6799621582031,346.93194580078125,359.6415710449219,373.1610412597656,386.92987060546875,387.8821105957031,394.2860412597656,399.3529052734375,411.8314208984375,423.0717468261719,425.89666748046875
sample_9923e0b1f2331830,408.19580078125,402.0257873535156,394.4388732910156,389.2720642089844,382.7952575683594,376.52630615234375,371.6801452636719,366.7706298828125,364.3996276855469,362.83428955078125,358.2077941894531,358.7837219238281
sample_111c6d688be50e00,481.3963317871094,480.1092224121094,466.4952087402344,455.5861511230469,447.80133056640625,438.3099365234375,431.6995544433594,423.1366882324219,416.3802185058594,410.16912841796875,404.2696533203125,399.9109802246094
sample_aee13e4d7c94d02e,449.8979187011719,452.2000427246094,451.7278137207031,447.6299133300781,444.34649658203125,435.8154602050781,417.7238464355469,409.04522705078125,403.4439697265625,397.1148681640625,395.2784729003906,395.137451171875
sample_f5ffb735b98c8042,398.744873046875,396.44415283203125,392.0724792480469,390.0272521972656,384.41064453125,377.9371643066406,374.3764953613281,370.46893310546875,366.01336669921875,363.84783935546875,359.7510986328125,356.9973449707031
sample_1621a93317dde216,561.3055419921875,579.8361206054688,595.5750732421875,608.3753051757812,606.1514892578125,594.6624755859375,589.555419921875,587.885986328125,548.5985717773438,538.9054565429688,529.2333374023438,510.53759765625
sample_37b62d62d38d7dbc,360.6689453125,367.8467102050781,383.7099609375,394.8730163574219,404.6729431152344,416.349365234375,429.8446044921875,450.2623596191406,462.64117431640625,463.93682861328125,458.5567321777344,472.0005798339844
sample_477c0f49c9aef8f0,359.8999328613281,359.23992919921875,359.4417419433594,360.0874938964844,360.7934875488281,365.4466857910156,368.36053466796875,362.4575500488281,360.5741882324219,359.8970947265625,359.2743225097656,364.1789245605469
sample_56e9d8fc308c5577,386.8530578613281,386.1333312988281,385.7454833984375,385.2234802246094,385.5454406738281,385.2230224609375,385.58624267578125,384.83636474609375,384.727294921875,384.0984802246094,384.37481689453125,383.5467224121094
sample_fe412dc0ed2df321,347.57513427734375,346.7882080078125,347.2680969238281,347.65350341796875,349.0566711425781,351.5206604003906,353.1944885253906,355.15289306640625,356.69708251953125,357.9989929199219,359.9074401855469,361.2580871582031
sample_93a7cca71eb256e3,327.9150390625,326.28778076171875,325.7955627441406,326.1034240722656,327.5454406738281,329.68841552734375,333.9015808105469,345.0571594238281,370.94329833984375,391.5564880371094,399.751953125,405.5849914550781
sample_fdb25a4548a192de,295.6255798339844,302.1878356933594,310.9313049316406,317.64764404296875,325.24560546875,332.6570739746094,339.29736328125,344.5402526855469,350.84112548828125,354.41943359375,359.6318054199219,362.75091552734375
sample_5053e6d4f37117e7,364.9800720214844,369.1807861328125,374.20782470703125,377.835205078125,382.3241271972656,385.8359375,389.5799865722656,391.6995544433594,394.80450439453125,396.09423828125,399.0602722167969,399.9130859375
sample_a06ce02c329fb5b1,435.5873718261719,430.8315124511719,425.82861328125,427.4068908691406,433.56689453125,431.7024230957031,431.43682861328125,421.50286865234375,416.9644470214844,416.66387939453125,408.1574401855469,393.74945068359375
sample_a13897a718ac5cb9,642.7266845703125,636.2540893554688,631.13330078125,621.5934448242188,612.70654296875,600.7117919921875,600.0662841796875,585.3570556640625,568.8207397460938,555.173095703125,554.900390625,547.5372924804688
sample_3b1977cd111a3f48,319.34954833984375,319.13873291015625,320.1003723144531,320.23712158203125,321.29376220703125,322.4521789550781,324.0299072265625,324.0024719238281,325.26800537109375,324.9111328125,326.1384582519531,326.5430603027344
sample_a0d38fe20dee563a,422.45721435546875,419.4367370605469,414.7945251464844,410.8117370605469,406.497802734375,400.7383728027344,397.17144775390625,391.95367431640625,388.8409118652344,387.6918640136719,385.8526611328125,387.21551513671875
sample_6a953fd76f03437d,347.8305358886719,354.8573913574219,369.237548828125,377.07867431640625,378.6957092285156,378.423095703125,385.87042236328125,388.9504089355469,398.1535339355469,402.63616943359375,400.13006591796875,393.0989685058594
sample_00a541ac5038ef2b,350.3337097167969,352.4464111328125,358.3742370605469,370.8779296875,369.2992858886719,361.3052978515625,365.8726806640625,367.7690124511719,370.7888488769531,373.38555908203125,362.50860595703125,362.77532958984375
sample_476b2c2a73948b6b,384.45263671875,380.3034973144531,375.5792236328125,373.0351257324219,370.0482482910156,364.2806091308594,362.8354187011719,360.0486145019531,362.613037109375,369.5536804199219,363.180419921875,361.3042297363281
sample_a9761e54390f8ec7,436.3056945800781,429.8765563964844,420.3274841308594,411.83294677734375,402.9939270019531,394.3160400390625,387.13873291015625,380.0112609863281,374.5386047363281,370.4013977050781,364.5991516113281,361.85546875
sample_2e75b79047229b05,485.5361633300781,481.8163757324219,473.4952087402344,465.9256591796875,458.87078857421875,449.691650390625,444.01068115234375,435.5943298339844,430.3150634765625,425.2279052734375,421.400390625,415.46099853515625
sample_2470f642bdce155e,302.41412353515625,308.79547119140625,317.3341369628906,321.61419677734375,325.4133605957031,330.8857116699219,335.9693908691406,341.00128173828125,346.7132263183594,350.22900390625,354.96221923828125,357.9801330566406
sample_8b6ded36d0e8b949,570.757080078125,574.1360473632812,571.3802490234375,563.6648559570312,556.9546508789062,548.3699340820312,544.10888671875,533.3231811523438,529.9840698242188,529.7472534179688,526.951171875,525.4931030273438
sample_1fe770aa03685d02,351.8138732910156,356.6358947753906,363.22210693359375,368.0178527832031,374.306396484375,380.4340515136719,386.5146789550781,392.71990966796875,398.4659423828125,400.4734191894531,408.0699768066406,417.25384521484375
sample_f8aed315ec97c4d6,367.98077392578125,365.5667419433594,363.3366394042969,361.7881164550781,357.677001953125,354.2745056152344,353.1730651855469,351.5706481933594,352.48773193359375,352.9947814941406,345.09228515625,343.7358093261719
sample_1de507cc557a1faa,632.28857421875,610.8619995117188,587.1679077148438,567.7791748046875,550.20654296875,531.7991943359375,518.125732421875,504.0484313964844,492.85833740234375,483.07757568359375,473.83148193359375,465.98565673828125
sample_9e19009bb08ee95b,504.0036315917969,493.2589111328125,481.0340881347656,470.59027099609375,460.86614990234375,450.5823974609375,441.99188232421875,433.746826171875,426.93572998046875,421.2129211425781,414.83502197265625,410.260986328125
sample_9b6b34fe5e0551b1,550.98291015625,549.7115478515625,544.8575439453125,540.12646484375,536.2203369140625,529.54931640625,525.693115234375,519.5435180664062,514.5166015625,510.98828125,507.245361328125,503.88824462890625
sample_986c3ae5060fa7cb,621.5574951171875,605.914306640625,586.6149291992188,572.246826171875,559.9866943359375,543.2154541015625,531.1528930664062,517.8383178710938,510.07708740234375,499.6800231933594,492.73785400390625,486.07073974609375
sample_9583b46e12314ad5,389.71142578125,388.2611083984375,387.1670227050781,386.1319580078125,385.2157897949219,384.0920715332031,383.594482421875,382.9130554199219,382.2726135253906,381.930908203125,381.3796081542969,380.926025390625
sample_728cf35bc4f67afd,391.9110412597656,388.5892639160156,383.1137390136719,378.4393615722656,372.9721984863281,367.1833801269531,363.35546875,358.7265625,356.24658203125,355.5601806640625,357.5770568847656,358.7978210449219
sample_095e079cbef71c8e,462.2213134765625,458.9943542480469,451.5788269042969,445.6619567871094,439.4090881347656,431.1894836425781,425.812744140625,418.6180725097656,414.1978759765625,409.6506042480469,404.9445495605469,400.8437805175781
sample_dfb4805e55b75fdb,352.656005859375,358.62078857421875,364.83355712890625,369.464599609375,374.9004211425781,379.1446838378906,383.7517395019531,385.5029602050781,389.208984375,390.2448425292969,393.2210388183594,393.93499755859375
sample_ba7cb9e46fb119aa,469.3876953125,457.700439453125,443.0890197753906,430.9773864746094,419.502197265625,408.0748596191406,398.7266845703125,390.5434265136719,384.6061096191406,380.0501708984375,371.59649658203125,364.6025390625
sample_2af0fa1228acc6cd,479.0748596191406,473.07049560546875,463.6332092285156,456.4450378417969,447.99444580078125,439.126953125,433.2001953125,427.2790832519531,424.4712829589844,428.25897216796875,431.4410095214844,432.8643798828125
sample_5b62fb6a47bfba13,352.9693603515625,355.3549499511719,360.3876037597656,363.4950866699219,367.9949035644531,372.40008544921875,376.96063232421875,382.77410888671875,388.2014465332031,389.67999267578125,394.8592834472656,405.4598388671875
sample_fce401998c782fcb,390.3130187988281,415.9654846191406,442.8002014160156,457.64459228515625,473.4212646484375,502.7501220703125,524.1700439453125,559.9099731445312,603.0478515625,648.3736572265625,673.476318359375,706.8518676757812
sample_0aa24ac03b71baa9,391.58074951171875,410.0108337402344,429.5202941894531,448.08013916015625,464.2691650390625,479.873046875,489.8582458496094,499.03192138671875,509.05950927734375,519.1057739257812,524.9462890625,530.635009765625
sample_718e767817e23a88,447.82464599609375,442.0299072265625,434.8141784667969,428.8922119140625,422.8581237792969,416.34515380859375,411.286865234375,405.7197570800781,400.8529968261719,397.9227294921875,392.92071533203125,390.510009765625
sample_0aede13853e72d3f,607.7384643554688,591.5731811523438,571.225830078125,553.6838989257812,531.6591796875,513.6726684570312,501.17486572265625,488.08233642578125,477.7171630859375,468.7305908203125,459.44635009765625,452.3057861328125
sample_909dd3b04824c288,545.51953125,528.9913330078125,512.4480590820312,499.1806640625,487.2867126464844,472.8609924316406,460.11669921875,447.97052001953125,438.6736145019531,430.943359375,422.86328125,416.8460388183594
sample_d137749aa821125d,338.42388916015625,365.55145263671875,391.5230407714844,408.7203674316406,424.097412109375,439.9708251953125,457.90484619140625,471.0692443847656,483.18719482421875,488.2854919433594,496.7696228027344,502.72589111328125
sample_1a3394ae4a7931e4,461.1777038574219,470.21124267578125,479.084228515625,486.51580810546875,488.2886962890625,492.6917724609375,504.46746826171875,514.245361328125,514.2489624023438,519.4437255859375,545.9772338867188,564.3395385742188
sample_d1dcf3d7fdb3b4f6,350.6907653808594,351.24481201171875,353.22015380859375,354.634033203125,357.285400390625,360.56976318359375,362.87249755859375,365.69781494140625,367.5817565917969,369.8588562011719,371.7656555175781,373.92413330078125
sample_512d763e81569ade,423.7268371582031,420.5412902832031,416.4264221191406,413.613525390625,409.2666931152344,405.0532531738281,401.51458740234375,398.17742919921875,394.2335205078125,391.43359375,387.583251953125,385.0793151855469
sample_06741388dc40b835,375.3026123046875,373.76275634765625,373.47259521484375,373.2354736328125,373.5904235839844,374.7218322753906,375.7243347167969,376.531494140625,377.3309631347656,378.2513427734375,379.35302734375,380.2377014160156
sample_18bde0582987f47e,380.7176513671875,378.6754150390625,376.4479064941406,374.6064758300781,373.25885009765625,372.1753845214844,371.5218811035156,370.6774597167969,370.1877746582031,369.4530944824219,369.6748962402344,369.1298828125
sample_759a4e3c59015012,341.2720031738281,341.2160339355469,342.84527587890625,342.6417541503906,342.8917236328125,344.8887939453125,350.2364196777344,363.02496337890625,378.5528564453125,392.5341796875,378.0456848144531,370.28240966796875
sample_2bc26bf5451894ca,348.5655212402344,351.2095031738281,359.4028015136719,366.35736083984375,375.3824462890625,385.78900146484375,394.3684997558594,397.97076416015625,405.639404296875,406.7557067871094,412.50018310546875,416.47332763671875
sample_7b4701872fe74915,407.64324951171875,407.4615478515625,406.583251953125,405.40740966796875,404.7953186035156,402.4482727050781,401.9097595214844,398.8299865722656,397.7799377441406,395.2793273925781,394.2137756347656,392.13055419921875
sample_591fdaea39649bb9,380.4764709472656,402.8760681152344,423.6324768066406,441.35430908203125,457.02032470703125,472.0736083984375,485.6771545410156,497.37091064453125,505.83599853515625,512.9046020507812,520.96923828125,526.5174560546875
sample_b37a71516b958742,340.9569396972656,344.2278747558594,352.06890869140625,359.1581726074219,367.9754333496094,375.5343322753906,388.24432373046875,387.2826232910156,400.24462890625,404.171630859375,421.94805908203125,412.7515563964844
sample_baddc89d55ee3a7e,374.1017150878906,370.6905212402344,367.07232666015625,364.3657531738281,362.58599853515625,361.987548828125,358.9345397949219,358.5113220214844,354.3988342285156,353.2358093261719,352.0249328613281,351.2077331542969
sample_0201579471330d0c,395.26007080078125,392.18621826171875,388.6349182128906,386.1097106933594,383.6516418457031,381.4374084472656,379.0196228027344,375.44183349609375,373.16619873046875,373.1699523925781,376.7970275878906,388.7525329589844
sample_f2824eca0dcddb19,591.3656005859375,578.4679565429688,561.3109741210938,543.0419311523438,527.9876708984375,510.9199523925781,499.4905700683594,487.33660888671875,478.463134765625,469.894775390625,462.06646728515625,455.3992919921875
sample_7df7d1e372906133,351.83843994140625,374.7288818359375,399.02191162109375,417.2478332519531,437.92205810546875,451.25836181640625,462.65777587890625,472.8319091796875,484.8185729980469,490.0396728515625,499.19012451171875,502.8473205566406
sample_6466e2bd98db31fa,397.47662353515625,394.4634094238281,389.14166259765625,384.8611145019531,379.41619873046875,373.3614807128906,369.292724609375,364.79437255859375,361.34637451171875,357.70062255859375,354.2245788574219,352.19427490234375
sample_51ec660031a2bcf0,622.1170654296875,608.5408935546875,591.532470703125,577.6201782226562,564.2127685546875,549.7308959960938,539.4180908203125,528.65185546875,519.65185546875,512.0298461914062,504.53289794921875,498.6168212890625
sample_87f2ec64633f0201,563.4911499023438,552.5745849609375,537.7557373046875,525.3411254882812,514.5523681640625,501.2894592285156,491.11993408203125,481.1739501953125,473.41741943359375,463.54779052734375,454.2802429199219,450.71875
sample_9b0a699b85eb5898,325.6884460449219,327.6960754394531,330.93603515625,333.4781799316406,337.3319396972656,341.52716064453125,344.9215087890625,347.8215637207031,350.7470703125,352.8413391113281,355.7585754394531,357.9169921875
sample_941126c4e96db31d,508.6370544433594,499.3909606933594,487.9789123535156,477.49993896484375,469.4044189453125,460.74163818359375,454.2486877441406,451.5570068359375,451.39111328125,452.6127624511719,448.5805969238281,440.63275146484375
sample_4f6aa70271edbff9,505.87017822265625,509.42388916015625,512.4088134765625,513.8837890625,516.50732421875,517.4627075195312,519.1878662109375,518.3792114257812,518.729248046875,518.7020263671875,519.286865234375,518.6497802734375
sample_a86856547337f366,408.9634094238281,409.4322204589844,416.28369140625,422.6779479980469,431.0621032714844,434.8328552246094,424.34405517578125,421.6232604980469,421.1972961425781,423.9230041503906,428.8403015136719,430.256591796875
sample_83753f189d9674b3,376.8336181640625,378.3662109375,380.51556396484375,382.3163757324219,384.6014404296875,386.26214599609375,388.75396728515625,390.4249572753906,392.1950988769531,391.6223449707031,392.06402587890625,391.165283203125
sample_10e20d0c40e498ce,473.4431457519531,463.3675842285156,450.8119812011719,441.1112365722656,431.4789123535156,420.8638610839844,413.6251220703125,406.1163330078125,398.7296447753906,392.65655517578125,386.3677062988281,382.259033203125
sample_4856cbfec30661ef,374.31939697265625,378.8257141113281,383.52728271484375,386.3888244628906,390.1614074707031,392.1490173339844,395.1880187988281,395.3368225097656,399.8381652832031,398.7251892089844,400.0849914550781,399.9744567871094
sample_b76c18c8782f4edc,361.53680419921875,362.1790466308594,357.8232116699219,354.50018310546875,354.61480712890625,355.97357177734375,356.43426513671875,357.068359375,356.5062255859375,356.4186096191406,357.15252685546875,358.4613952636719
sample_1434cf582e19b7f5,356.6689453125,361.2051086425781,373.9026184082031,380.2742919921875,385.53143310546875,410.8418273925781,408.6725158691406,402.05889892578125,404.3770751953125,411.99334716796875,411.60662841796875,418.5379333496094
sample_4df35c4fde959e2c,493.7022705078125,500.2366943359375,505.7923889160156,506.233154296875,504.6429138183594,504.9836730957031,505.9564514160156,506.8419189453125,507.4000244140625,506.9029235839844,505.971923828125,506.93670654296875
sample_535b2282f89e7b1e,377.5915832519531,376.25372314453125,373.857666015625,376.6777038574219,379.96307373046875,388.50048828125,393.0356750488281,411.6351318359375,408.77203369140625,409.8794860839844,389.0514221191406,381.92626953125
sample_99edc661d43f8282,350.3974914550781,350.7441101074219,352.2773132324219,353.615234375,356.4180908203125,359.3089904785156,361.2825012207031,364.3215637207031,367.28240966796875,369.63787841796875,370.4723815917969,371.71722412109375
sample_4ba032addc7a41ed,466.6485595703125,470.0007629394531,470.9847717285156,471.33746337890625,472.375,470.8490905761719,469.76220703125,467.1029052734375,466.3606262207031,464.13116455078125,462.1593017578125,459.5575866699219
sample_4729d5de3a7fa279,544.4765014648438,536.7850341796875,525.2573852539062,515.1209106445312,505.3800964355469,494.10577392578125,486.2933349609375,477.43499755859375,470.6688537597656,465.42767333984375,458.7563781738281,453.7005920410156
sample_ba662c44f6f315fa,366.02947998046875,389.5074157714844,412.3545227050781,430.1639709472656,443.7947998046875,458.43597412109375,473.53485107421875,482.53021240234375,486.75579833984375,494.0659484863281,500.0841064453125,504.96942138671875
sample_97a8711bd3c04844,397.2144775390625,452.2228088378906,509.92083740234375,557.2523193359375,588.8672485351562,605.466796875,622.3396606445312,638.9541015625,632.969482421875,603.067626953125,562.6123657226562,540.4005737304688
sample_1fecb4bf98487255,363.8601379394531,375.2961730957031,395.8503112792969,417.6955261230469,437.740966796875,460.2159729003906,495.9617614746094,532.320068359375,551.6491088867188,540.4293212890625,547.661865234375,553.3927612304688
sample_be2b88c37a07fc14,313.79583740234375,317.90362548828125,323.7217712402344,327.9924621582031,333.7057800292969,339.3416748046875,344.18121337890625,348.1266784667969,353.0093994140625,355.59661865234375,359.56512451171875,362.0711975097656
sample_d9fee7076254550d,311.1739807128906,315.5485534667969,321.7913513183594,326.5299377441406,332.506103515625,338.1191711425781,343.1226806640625,347.357177734375,352.15472412109375,354.7023010253906,358.77447509765625,361.2919921875
sample_c03ea20562182a72,441.58074951171875,432.3290710449219,421.673583984375,413.2362060546875,404.0298767089844,394.6431579589844,387.76617431640625,380.2349853515625,375.25885009765625,373.2784729003906,366.893310546875,372.02203369140625
sample_15837ae027843f9c,452.9756774902344,449.6692199707031,443.9678955078125,439.1913757324219,433.80340576171875,426.860595703125,422.48095703125,417.23504638671875,414.17828369140625,409.28131103515625,404.2431335449219,400.6158447265625
sample_9ebaa97b5ecc7272,370.0634460449219,368.30169677734375,367.1564636230469,366.2020263671875,365.55474853515625,365.55194091796875,365.7437438964844,365.9181213378906,365.9979248046875,366.3363952636719,366.650146484375,367.11016845703125
sample_930d310297b3fb8e,355.8126220703125,357.5021057128906,360.7657470703125,364.6683044433594,370.0572509765625,377.26025390625,386.20904541015625,399.39447021484375,401.2545166015625,403.0003967285156,412.59735107421875,418.2034912109375
sample_251a138f2ce155a7,427.6368408203125,425.4728698730469,422.0379943847656,419.1348876953125,416.0675048828125,411.5899963378906,408.7253112792969,404.85198974609375,401.946044921875,398.94476318359375,395.8341369628906,393.18646240234375
sample_f232934d87ccb026,358.0766296386719,356.92205810546875,356.9085693359375,357.0168151855469,357.9006042480469,359.61541748046875,360.85760498046875,362.41412353515625,363.2271728515625,364.89813232421875,367.1117858886719,368.5382995605469
sample_cca4cbdf5ad63b7e,312.2973937988281,314.1923828125,317.93603515625,320.7922668457031,324.7164001464844,328.8371887207031,332.579833984375,335.6758117675781,339.3435974121094,341.0371398925781,344.18658447265625,346.2216796875
sample_564f91329a62d8a0,495.18115234375,487.940185546875,481.6618957519531,476.3724365234375,471.24029541015625,464.69830322265625,460.4013671875,456.09942626953125,452.1099853515625,449.9173583984375,445.9167175292969,443.75335693359375
sample_eda0732900755bfd,325.0511779785156,329.5592346191406,335.444091796875,339.3230895996094,344.7620544433594,349.8042907714844,354.4224853515625,357.89276123046875,362.1135559082031,364.5429382324219,367.7360534667969,369.7400207519531
sample_7342778fa084b9c9,351.2118835449219,357.8467102050781,366.347900390625,388.1463928222656,391.2598571777344,389.525146484375,393.5120849609375,403.6724853515625,404.79559326171875,412.13519287109375,409.97369384765625,404.0382385253906
sample_ac2de89c0596256f,410.68017578125,409.96942138671875,412.1505432128906,412.3427734375,405.38458251953125,400.0926818847656,398.37261962890625,406.76007080078125,420.4891052246094,445.3247985839844,476.20159912109375,557.2064208984375
sample_351b68b84c956c42,302.3641357421875,305.5263671875,310.8255615234375,315.09930419921875,320.46148681640625,326.30340576171875,330.8115539550781,335.77752685546875,340.1656188964844,343.282958984375,347.24798583984375,350.1002502441406
sample_15ab362c07e7c889,341.8276672363281,345.7289123535156,352.7633056640625,356.66986083984375,363.5369873046875,371.6358947753906,379.2245788574219,386.0758361816406,390.71759033203125,392.381591796875,397.4595642089844,400.8155212402344
sample_c34be872135f673f,358.8116149902344,357.46368408203125,357.0699157714844,356.60333251953125,356.6654357910156,357.7657470703125,358.3770446777344,359.2363586425781,360.0503234863281,360.40972900390625,361.6573486328125,362.24224853515625
sample_fc80743162400608,622.6149291992188,613.9067993164062,601.3679809570312,591.1531372070312,582.8671875,572.5762939453125,568.4802856445312,566.8316040039062,570.8248901367188,573.8153686523438,575.9383544921875,582.7520751953125
sample_948f4de06ef3ee63,603.5206909179688,589.4659423828125,571.5885620117188,557.2572631835938,542.4255981445312,525.2348022460938,512.1154174804688,497.91290283203125,486.47186279296875,477.73541259765625,469.32440185546875,462.5135803222656
sample_046211953e7b430b,314.2984924316406,314.9776306152344,318.914794921875,320.6633605957031,323.9718017578125,328.4554443359375,330.98974609375,334.36053466796875,338.52911376953125,339.3700256347656,341.5450439453125,343.8369445800781
sample_95169e5a6417728c,331.2736511230469,334.39312744140625,338.45733642578125,341.24749755859375,345.3076171875,350.7563171386719,354.9467468261719,358.8453063964844,362.18084716796875,364.4581604003906,367.14111328125,370.2726745605469
sample_1c3610d2f06ed130,404.15020751953125,400.8664245605469,397.20428466796875,394.3078918457031,391.44207763671875,387.99853515625,384.5048828125,382.0689392089844,379.3722839355469,378.0105895996094,375.23516845703125,373.29620361328125
sample_68b952dc9de739fa,416.6112060546875,460.8996276855469,498.03167724609375,524.5039672851562,539.7105102539062,550.8226318359375,542.8932495117188,528.2489013671875,529.5732421875,525.3739013671875,523.2978515625,513.41162109375
sample_ec0a48d8945cc65b,316.14251708984375,318.2983703613281,322.4501037597656,326.2721252441406,330.6231384277344,336.15692138671875,339.9871826171875,344.3707275390625,347.931396484375,351.1860656738281,354.3804931640625,357.21649169921875
sample_14132470b888b892,303.0016784667969,304.68865966796875,309.540283203125,313.44549560546875,318.18243408203125,324.0122375488281,328.1656799316406,332.89276123046875,336.87933349609375,340.0699157714844,344.07794189453125,347.0208740234375
sample_1bb6087663b12fac,367.5064697265625,365.90606689453125,365.12200927734375,364.2726745605469,364.5482177734375,365.6572265625,365.85821533203125,366.48297119140625,365.9112548828125,368.0262756347656,368.1483154296875,367.3244323730469
sample_5123576bbcf0e4b1,555.39892578125,548.0515747070312,532.53466796875,523.2442626953125,517.6928100585938,504.52703857421875,491.80364990234375,478.37396240234375,474.63421630859375,465.0934143066406,457.68572998046875,450.3765869140625
sample_831712702f0c882f,286.2681884765625,292.0557861328125,300.2642822265625,306.4569396972656,313.66375732421875,321.0194091796875,327.057373046875,332.7911071777344,338.99951171875,342.5200500488281,347.6441650390625,350.86456298828125
sample_8c08c1c7291970eb,327.090087890625,336.0190124511719,346.8489990234375,354.98834228515625,364.42254638671875,373.9676513671875,382.784423828125,387.91656494140625,397.7498779296875,405.97186279296875,413.9825134277344,413.9580383300781
sample_f92006f0106c9159,346.1339416503906,346.9556579589844,347.55499267578125,348.089111328125,349.1995544433594,351.9348449707031,353.9351501464844,362.4690246582031,367.3735046386719,359.9837341308594,357.6888122558594,358.4524230957031
sample_dd50b5b02583d8ed,383.7439880371094,383.0213928222656,382.4311828613281,381.7275085449219,381.82110595703125,381.1973571777344,381.5848388671875,380.21685791015625,380.51116943359375,379.9189147949219,380.01080322265625,379.4953308105469
sample_091a120ddd55620f,357.065185546875,357.5978698730469,359.4318542480469,359.9952697753906,363.46026611328125,367.7557678222656,371.16680908203125,373.86053466796875,377.3631896972656,379.2244873046875,382.1470642089844,384.25531005859375
sample_c34f01f8377daf07,456.0924377441406,461.5870666503906,473.02789306640625,490.9133605957031,512.6116333007812,527.8903198242188,536.3342895507812,552.306396484375,569.3287353515625,575.439208984375,562.304931640625,557.8992919921875
sample_d2a7143e74663a6a,328.1491394042969,337.0021667480469,345.5705261230469,352.0448303222656,354.7514343261719,360.6473693847656,364.24560546875,365.71990966796875,363.9822998046875,361.9051818847656,360.0540771484375,363.24359130859375
sample_2e374953c4ef467e,389.3744812011719,398.4028015136719,407.54327392578125,414.4423828125,422.1468200683594,428.56829833984375,434.9655456542969,439.0487365722656,444.08404541015625,447.48699951171875,451.41009521484375,453.195068359375
sample_1ad4df6fcf486de9,375.17816162109375,373.5841979980469,372.903076171875,373.0660400390625,371.5721130371094,374.7476501464844,370.6042785644531,368.74102783203125,369.3702087402344,369.6466369628906,367.4335021972656,369.0080261230469
sample_b9eb6b282e189a93,338.2832946777344,337.87823486328125,338.8358154296875,340.13385009765625,342.201904296875,345.1880187988281,347.25872802734375,349.9520568847656,351.63006591796875,353.6206359863281,355.7945861816406,357.58038330078125
sample_ac28a35715660b03,349.3755798339844,348.41644287109375,348.5197448730469,348.6905212402344,349.6671447753906,351.0370178222656,352.686767578125,354.14080810546875,355.9250183105469,356.9379577636719,358.5799255371094,359.8367004394531
sample_93ca69b37c5492f9,316.26361083984375,326.98291015625,344.0162048339844,354.30364990234375,366.1990661621094,377.1365661621094,391.316162109375,401.3233642578125,399.3311462402344,396.00830078125,405.95867919921875,415.2859802246094
sample_dbb896a8ebdf9da2,365.3973693847656,364.2285461425781,364.4068908691406,364.9529724121094,366.229736328125,368.1500549316406,369.39947509765625,371.2071228027344,371.8595275878906,373.8348388671875,375.0514221191406,375.4619445800781
sample_4e26622eeab6b9ab,565.0628051757812,557.230712890625,544.2293701171875,533.6741333007812,524.0546875,512.2948608398438,503.94598388671875,494.82818603515625,487.4281311035156,481.28045654296875,474.90655517578125,469.53729248046875
sample_b1cc2d0e7d116a09,549.2814331054688,534.2575073242188,515.698486328125,500.5693664550781,486.3865661621094,471.4555358886719,460.2059326171875,448.5400085449219,439.3720703125,431.5672607421875,423.29437255859375,417.068115234375
sample_c9c876d219016b16,322.4951477050781,321.501708984375,322.22296142578125,322.6772766113281,323.0304870605469,325.9884338378906,328.8695373535156,327.0933532714844,327.8492431640625,329.77874755859375,334.5167541503906,341.9141540527344
sample_200d98211db2578b,355.0766296386719,355.54107666015625,360.6333923339844,362.14239501953125,370.4036560058594,376.5399169921875,375.3733215332031,378.71307373046875,384.4726867675781,385.4635314941406,391.48297119140625,386.8924560546875
sample_2161d27a705ea761,302.3129577636719,306.8576965332031,313.4997863769531,318.4722900390625,324.706298828125,331.16534423828125,336.354248046875,341.32330322265625,346.572265625,349.8096923828125,354.0046081542969,357.2054443359375
sample_e7bfec9f8391b1fb,314.9996032714844,326.3642883300781,343.04449462890625,350.8907470703125,360.41143798828125,371.14447021484375,373.5069580078125,380.9945373535156,390.58929443359375,389.864501953125,395.83941650390625,399.626220703125
sample_653e9b35ae2d050f,413.8935241699219,410.9004821777344,408.1073303222656,406.1183776855469,404.35211181640625,402.64105224609375,400.92486572265625,400.0147399902344,397.8890380859375,397.6299743652344,396.5887756347656,395.912353515625
sample_ba47593c515ea28b,391.5133056640625,399.0557861328125,413.9873962402344,432.2044677734375,451.70037841796875,463.9413757324219,461.7734375,465.0386047363281,486.01220703125,486.0704650878906,477.0611572265625,464.6379089355469
sample_87fe297ef510ba97,389.3959655761719,391.2962951660156,393.4740295410156,395.1802062988281,397.3937683105469,398.5618591308594,400.3299560546875,400.30120849609375,402.0373229980469,401.3476867675781,402.0567321777344,401.3678283691406
sample_5bfe4043e4f35533,431.56524658203125,428.19482421875,423.6207580566406,419.69580078125,415.5038757324219,410.5110168457031,406.3011474609375,401.21807861328125,398.04266357421875,394.70233154296875,391.326171875,388.49896240234375
sample_53f1d58b4e5de86b,508.7939147949219,522.90283203125,534.4900512695312,537.99072265625,532.2344970703125,523.0589599609375,521.6944580078125,510.93682861328125,506.0242614746094,503.96197509765625,500.2183837890625,498.0075988769531
sample_e479fa25f7882773,348.0865783691406,347.8888854980469,348.67498779296875,348.9763488769531,350.1331787109375,351.3914794921875,353.1414794921875,353.47705078125,355.39678955078125,355.61712646484375,357.1861572265625,357.7187194824219
sample_1e7573e80c411294,393.65594482421875,392.8668212890625,392.0474548339844,391.26666259765625,390.89984130859375,389.77899169921875,389.3226013183594,388.1316833496094,387.2807312011719,386.0487365722656,385.7672119140625,384.7865905761719
sample_ac5e5867ea18c54f,383.0971374511719,380.67333984375,378.864501953125,377.39154052734375,376.3338928222656,375.5783996582031,375.07977294921875,374.9350891113281,373.7864685058594,373.7919006347656,373.94122314453125,373.3929443359375
sample_70cc65ff507796f3,299.5804748535156,314.01629638671875,335.5460205078125,346.27374267578125,356.9391174316406,369.21673583984375,379.09881591796875,389.7098388671875,397.6324768066406,397.43243408203125,400.4957580566406,404.3330383300781
sample_0e7505046e174d06,496.3184814453125,485.4913635253906,471.81158447265625,461.2427062988281,450.64056396484375,439.82073974609375,431.5106506347656,423.1875,417.3414001464844,411.8212890625,404.4940185546875,399.3746337890625
sample_0e4c20e975f1c261,380.64007568359375,378.6380920410156,376.6076354980469,374.9205627441406,373.2213439941406,372.0203552246094,371.49957275390625,369.90625,369.3895263671875,368.95916748046875,367.95050048828125,367.7141418457031
sample_b706c8e96defb97b,384.25341796875,383.82757568359375,383.78900146484375,383.4654541015625,383.9407958984375,383.7447509765625,384.258544921875,383.71539306640625,383.85467529296875,383.3584899902344,383.809814453125,382.9861145019531
sample_cc4f0ab6f18b4097,451.06927490234375,443.40130615234375,433.72979736328125,425.95635986328125,418.0435791015625,409.91058349609375,402.97833251953125,397.0112609863281,390.5906677246094,386.4655456542969,381.38360595703125,379.7992858886719
sample_6331bef3578e0675,394.3656311035156,392.9439697265625,392.00030517578125,390.578125,390.0141906738281,389.2935791015625,389.0798645019531,388.5893249511719,388.7194519042969,387.9772644042969,388.34649658203125,388.81304931640625
sample_3ae8f8e42cf71912,343.3138122558594,350.1114807128906,356.80523681640625,357.7936706542969,348.091796875,344.59136962890625,346.7189636230469,349.5579833984375,351.6509704589844,353.2493591308594,353.6691589355469,354.9577331542969
sample_5b26b7a2164d0cb1,327.3278503417969,328.8758239746094,335.2626037597656,333.41558837890625,336.60003662109375,340.4037780761719,341.6619567871094,344.8300476074219,346.86212158203125,349.4462890625,354.2320861816406,361.1112976074219
sample_8aeee906f71aa239,356.03924560546875,362.6355895996094,369.5283508300781,374.6718444824219,381.75750732421875,383.04620361328125,387.47003173828125,389.3775329589844,392.65582275390625,393.8045959472656,397.45733642578125,396.68450927734375
sample_70d246725b013aca,628.0986938476562,618.6427001953125,606.8397827148438,593.8378295898438,589.841796875,579.0960693359375,569.982177734375,551.0587158203125,539.5128784179688,528.0676879882812,517.6336059570312,496.3973388671875
sample_e207a16e6cb91236,303.2443542480469,314.4344482421875,328.9613037109375,340.2552490234375,353.2127685546875,364.8666076660156,374.4403381347656,382.130126953125,395.44598388671875,402.4722900390625,409.3455810546875,408.3330383300781
sample_d763657068110ad2,406.2640075683594,405.81640625,406.00457763671875,403.93560791015625,402.6181335449219,401.7373352050781,401.7745361328125,400.3028869628906,401.412353515625,400.2666015625,399.8188171386719,398.66253662109375
sample_a7c5f608bf5bc500,364.9071960449219,365.0421142578125,367.0071716308594,366.0821228027344,367.55865478515625,371.0357666015625,373.69525146484375,375.9317321777344,378.517822265625,379.9707336425781,382.1210021972656,383.63653564453125
sample_ae60fa23d89381e1,349.5935974121094,352.8621826171875,356.9435119628906,359.9831848144531,363.94525146484375,367.3301696777344,371.0722351074219,373.3097229003906,375.989990234375,377.5189208984375,380.1296081542969,381.0273742675781
sample_846638c51b78c37d,354.0087585449219,352.7381591796875,352.576904296875,352.5415344238281,353.3321228027344,354.7047119140625,355.8240966796875,357.47979736328125,357.8536071777344,358.9516906738281,360.299560546875,361.1169128417969
sample_fe0f3158229b6806,382.5787353515625,391.1015625,405.6839904785156,408.26251220703125,407.00946044921875,408.84796142578125,406.3794860839844,405.418212890625,409.574462890625,412.11993408203125,416.2263488769531,419.4288330078125
sample_c2c0886f28038784,476.00189208984375,469.6206970214844,459.9107666015625,452.2627868652344,444.8692321777344,435.5148010253906,429.0578918457031,421.8146667480469,415.83575439453125,411.49322509765625,406.2696533203125,402.4661865234375
sample_b99539c9f6092fb5,544.5773315429688,537.8057250976562,526.3558959960938,517.2636108398438,508.8697509765625,499.6151123046875,490.01324462890625,481.62823486328125,475.7381591796875,471.14141845703125,466.4613342285156,461.80059814453125
sample_2f9e2f92590cab5c,538.2952270507812,552.041748046875,558.2109375,562.1044921875,565.484375,563.0528564453125,558.8856201171875,549.4215698242188,542.4315185546875,539.7427368164062,535.6194458007812,528.0587768554688
sample_c6bd8633573d47c6,401.5495910644531,399.435546875,397.7743225097656,396.1106872558594,394.9808654785156,394.23980712890625,393.8273620605469,393.8011779785156,393.0711669921875,393.04620361328125,392.8909912109375,392.7254333496094
sample_ceaf7ebdc9bba4c8,389.6666564941406,409.95306396484375,431.8543395996094,446.27044677734375,458.1186218261719,472.98736572265625,486.947509765625,500.01837158203125,510.9488525390625,524.4244995117188,544.36328125,557.060302734375
sample_b90e0beee48c6877,320.41070556640625,335.6683044433594,351.4905700683594,363.22454833984375,375.98980712890625,387.2756652832031,397.580078125,405.5640563964844,413.829833984375,419.3993835449219,426.81201171875,430.881103515625
sample_bb2df402c2f7e14f,294.81524658203125,298.7703552246094,305.47186279296875,310.9267272949219,316.9186706542969,323.93798828125,329.17572021484375,334.6792297363281,339.82171630859375,343.381591796875,347.6512451171875,351.0382385253906
sample_4c1b52c340b61631,389.539794921875,391.4109191894531,394.22412109375,396.9822082519531,403.1041259765625,407.7283630371094,410.9968566894531,418.6554870605469,433.23175048828125,440.44573974609375,443.38800048828125,443.375244140625
sample_f8967b750469307f,584.441162109375,567.74169921875,543.5029907226562,525.5919799804688,510.6845397949219,494.39300537109375,482.19171142578125,469.73321533203125,459.30712890625,450.61785888671875,441.94281005859375,435.19085693359375
sample_8247ec8b46e206a8,634.6083374023438,621.9906616210938,604.8104248046875,586.2806396484375,570.0616455078125,552.2233276367188,538.1179809570312,516.0687866210938,503.31365966796875,494.602294921875,485.06292724609375,477.8603515625
sample_ca6a5564662dd6d7,333.4283447265625,333.303955078125,335.0566711425781,336.38153076171875,338.978759765625,342.4873962402344,345.37176513671875,347.763916015625,350.6961975097656,352.35107421875,354.9708251953125,356.8831481933594
sample_09d110673ed80f2f,419.6007995605469,415.90167236328125,411.4818420410156,407.69580078125,403.7851867675781,399.5857849121094,396.68890380859375,393.2519836425781,394.1998596191406,406.11175537109375,409.62408447265625,411.72607421875
sample_0243d76c6a744f42,455.0518798828125,452.7106628417969,449.8365783691406,447.341552734375,445.14581298828125,443.0416564941406,441.56781005859375,439.59100341796875,438.4898986816406,437.59014892578125,435.9856262207031,435.2190246582031
sample_f1061f0201130247,368.8276672363281,371.6415710449219,374.73486328125,377.1231384277344,380.11956787109375,382.1010437011719,384.3105773925781,384.767333984375,386.7476806640625,386.86053466796875,388.6921081542969,389.0212707519531
sample_2100610d3dd89668,667.4356689453125,653.2657470703125,633.6989135742188,617.8839111328125,602.3617553710938,586.3728637695312,576.9019165039062,566.0078125,558.163818359375,553.0142822265625,550.041748046875,549.8343505859375
sample_f6eccad76ce1944b,373.99530029296875,392.8787841796875,413.3534851074219,426.9301452636719,440.71771240234375,454.9521484375,469.94879150390625,476.91326904296875,486.37628173828125,494.8511962890625,501.86328125,506.08563232421875
sample_0d9a1b3737e0d86e,397.0244445800781,403.4416198730469,409.7503356933594,414.7541198730469,420.70074462890625,424.2814636230469,426.8144836425781,428.2453308105469,432.1612548828125,433.64691162109375,434.1764221191406,435.1312561035156
sample_b912017921550baa,409.97259521484375,409.8431091308594,411.7688293457031,413.390380859375,416.4715576171875,420.81231689453125,426.81964111328125,435.2419128417969,444.627685546875,457.234375,468.2678527832031,485.750244140625
sample_542ce158e20808ea,435.0379638671875,429.9893493652344,421.5919189453125,415.49542236328125,408.939208984375,399.4594421386719,391.3690185546875,384.1299133300781,379.52117919921875,375.30419921875,370.5982666015625,366.3505859375
sample_e15e96a57a3ff9ff,449.91888427734375,446.1980895996094,441.46783447265625,437.25750732421875,432.8723449707031,428.08489990234375,424.3861999511719,420.57403564453125,417.7161865234375,414.7161560058594,411.5655822753906,408.886962890625
sample_d32b04f694527985,368.1954345703125,364.7225036621094,361.27374267578125,358.6137390136719,355.93902587890625,353.5899963378906,351.68487548828125,349.7587890625,348.8603210449219,349.5494384765625,345.91717529296875,345.2077331542969
sample_7a4a04deecd9088b,329.6855163574219,330.2921142578125,332.75146484375,335.093017578125,338.3717041015625,342.17401123046875,344.9074401855469,348.2096862792969,351.49603271484375,354.8899230957031,357.31292724609375,360.1138916015625
sample_747de5de33829521,292.9453125,308.5190734863281,326.0740966796875,339.1011657714844,352.6654357910156,369.3698425292969,382.094970703125,390.7132263183594,395.51092529296875,398.534423828125,407.0328674316406,414.7629089355469
sample_d2d6e505d718248c,462.0728454589844,461.6996765136719,457.003662109375,452.1020202636719,447.2048645019531,439.36328125,435.3360595703125,428.90283203125,424.791015625,421.0662536621094,416.5717468261719,412.97216796875
sample_a3a0af45281d1afa,566.8921508789062,564.8486328125,557.78759765625,551.7534790039062,545.8596801757812,536.9591064453125,532.2940063476562,524.84521484375,520.0416870117188,514.8342895507812,510.9083251953125,506.17559814453125
sample_d20dfed4f5af6fbd,599.9398193359375,613.139404296875,622.6566162109375,629.9995727539062,640.9254150390625,666.4172973632812,701.1622314453125,705.1030883789062,681.5479125976562,680.2177124023438,692.2501831054688,676.5674438476562
sample_4ac69d944eca475b,522.8585205078125,509.2210693359375,492.9214172363281,480.2072448730469,467.6506652832031,454.6165771484375,444.61346435546875,434.302734375,426.2396240234375,419.2688903808594,411.676025390625,406.2791748046875
sample_a35efff938eaee6e,418.7212219238281,412.9979553222656,405.77252197265625,400.2393798828125,395.1145935058594,394.289794921875,393.86871337890625,394.5401306152344,396.7985534667969,401.1968078613281,400.5772705078125,400.38751220703125
sample_2a2c170774d7ea24,378.52703857421875,393.00738525390625,409.9628601074219,428.00274658203125,452.21795654296875,472.640869140625,477.71722412109375,481.313232421875,506.2547302246094,521.8005981445312,547.751953125,591.5921020507812
sample_56f34e56e466aa68,502.3201904296875,487.53466796875,470.0597839355469,455.68548583984375,442.237060546875,428.0105285644531,417.75836181640625,406.38067626953125,398.8579406738281,392.989990234375,386.101806640625,379.17333984375
sample_6b1cb26d6ca3a6db,487.1466979980469,540.4429931640625,578.4769897460938,598.63623046875,613.410400390625,625.1533813476562,618.8570556640625,591.3336791992188,557.3740844726562,534.48779296875,529.5081176757812,524.78564453125
sample_4f53e072a4510d9b,342.66522216796875,347.3374328613281,358.2226257324219,363.6138000488281,369.8446960449219,377.1385803222656,383.80767822265625,393.4961853027344,418.003662109375,441.2298583984375,453.0646667480469,471.7680969238281
sample_8fd0f91b8ced1086,362.70611572265625,365.08636474609375,378.34686279296875,393.5815124511719,401.5456848144531,406.7142333984375,407.7323303222656,410.5029602050781,425.394287109375,413.2620544433594,393.5191955566406,396.3895568847656
sample_9eaccb571e5d7e17,462.1995544433594,457.1492614746094,450.8283386230469,446.41357421875,441.5089111328125,437.3517761230469,433.0750427246094,430.70623779296875,427.60015869140625,427.57232666015625,432.3553161621094,441.54150390625
sample_570d8c55aa265fcf,357.44317626953125,354.92059326171875,354.1182556152344,353.5698547363281,350.3559265136719,351.9473876953125,350.9752502441406,356.8689880371094,367.3852844238281,365.7690124511719,364.7980041503906,367.9969787597656
sample_db4dcc240c81758d,391.0596008300781,390.941650390625,390.61737060546875,390.4268493652344,389.93927001953125,385.9544982910156,384.13848876953125,381.5359191894531,381.73193359375,381.5491638183594,380.45062255859375,380.001708984375
sample_93e265b8b764d18f,515.6046142578125,500.1722106933594,482.7264099121094,468.22259521484375,454.7869873046875,440.8451843261719,430.1335144042969,419.19085693359375,410.95989990234375,406.40594482421875,404.05938720703125,402.2778625488281
sample_0b7b3a297527c94c,381.84716796875,380.4237060546875,379.8094482421875,379.07427978515625,378.88482666015625,378.49993896484375,378.73822021484375,377.8613586425781,377.7961730957031,377.58984375,377.2662048339844,377.1455078125
sample_b5a4ee4cbb876664,449.2744140625,448.7622985839844,445.6566467285156,442.1026306152344,439.4557800292969,433.6179504394531,431.4520263671875,425.8215026855469,422.7670593261719,418.984619140625,416.34295654296875,414.323974609375
sample_32fc479af7767d77,354.8060607910156,354.7576904296875,356.0297546386719,357.14801025390625,359.1794128417969,361.7047424316406,363.44842529296875,365.71478271484375,367.13739013671875,369.26971435546875,370.2857666015625,371.9564208984375
sample_4f53a0a1eaf66041,307.7834167480469,313.2562561035156,319.9862060546875,324.8033142089844,330.9754333496094,336.7568359375,342.1395263671875,345.3707580566406,350.4475402832031,352.4058837890625,356.7113342285156,358.65155029296875
sample_9c857255e0ec2ee8,295.42791748046875,300.5953369140625,308.7918701171875,314.91943359375,322.35101318359375,330.4820251464844,336.7895812988281,343.123291015625,349.09930419921875,352.8320007324219,358.5063781738281,362.03045654296875
sample_ec41413b558becf3,406.3042297363281,404.642822265625,402.4445495605469,400.5157470703125,398.8402099609375,396.3072814941406,394.8928527832031,393.3876037597656,391.74530029296875,389.9947814941406,389.13800048828125,387.82843017578125
sample_2ba569e15b1c6d63,400.1354064941406,396.208740234375,391.231689453125,387.5385437011719,382.7223205566406,378.0435485839844,375.81439208984375,375.8655700683594,372.95477294921875,369.1094970703125,364.04437255859375,361.3298034667969
sample_36a8812fdb656d7d,561.5870971679688,547.3682250976562,529.25439453125,514.4129028320312,500.9871826171875,486.09320068359375,475.1335144042969,463.24169921875,454.3633728027344,446.20672607421875,438.2820129394531,431.6213684082031
sample_6e67cd2a6960bcae,359.4674377441406,357.97064208984375,357.24688720703125,356.5741882324219,356.5707092285156,357.0115051269531,357.5945739746094,357.81304931640625,358.5744934082031,358.9368591308594,359.4491882324219,360.032958984375
sample_0d67ffea7ad0fb8f,333.9238586425781,334.7445068359375,336.7306213378906,338.5970458984375,341.7903747558594,346.17401123046875,348.81817626953125,352.00799560546875,354.8349914550781,359.38385009765625,361.87872314453125,363.25335693359375
sample_71f841ba578d1bb4,315.4638977050781,315.435546875,318.6263122558594,321.8326110839844,326.7125549316406,334.6925048828125,340.91180419921875,343.47918701171875,349.7839050292969,352.392333984375,347.0342102050781,351.0557861328125
sample_11968da05fc62b9a,553.893310546875,560.7274169921875,561.7911987304688,556.5608520507812,552.8963012695312,544.5794067382812,534.291748046875,530.0079345703125,523.7935791015625,518.3640747070312,512.5585327148438,507.2426452636719
sample_c6ef09f769356c6a,358.0008239746094,360.59033203125,367.99945068359375,376.1170349121094,385.6819763183594,386.6152038574219,392.19384765625,398.5605773925781,405.4681396484375,411.3849792480469,418.494873046875,417.98077392578125
sample_734b3366359f6335,448.9899597167969,445.1927490234375,439.3843688964844,433.8272705078125,430.10955810546875,428.0149841308594,429.4560546875,424.3909912109375,427.59246826171875,439.58221435546875,433.41363525390625,415.68743896484375
sample_19ab971d1a58002b,457.74188232421875,455.0198059082031,451.5101623535156,447.8371276855469,443.357666015625,439.7195129394531,436.7503662109375,434.8282775878906,432.6694641113281,431.59637451171875,428.4745788574219,427.26715087890625
sample_7cb019eb8b417e69,449.8680419921875,443.6973876953125,432.7718505859375,423.7087707519531,415.393798828125,406.1585998535156,404.02166748046875,399.27569580078125,401.2087707519531,422.2394714355469,449.84130859375,469.2247009277344
sample_3456b12d2bd29126,398.64166259765625,417.60369873046875,437.1867980957031,452.91400146484375,468.3933410644531,482.6724853515625,494.7521667480469,505.46917724609375,515.3653564453125,522.1787109375,530.8208618164062,535.970703125
sample_f481858ea68abb59,299.5673828125,306.1878356933594,314.16729736328125,320.11016845703125,327.4828186035156,334.383544921875,340.75335693359375,345.1707763671875,351.09930419921875,353.4801940917969,358.24310302734375,360.69927978515625
sample_05f46dd26f38855d,374.5959777832031,387.22808837890625,403.0160827636719,421.31329345703125,428.37445068359375,439.6167907714844,447.61175537109375,460.0419921875,459.03179931640625,455.8523254394531,450.8703308105469,449.13629150390625
sample_c9e55cf550cda899,425.4475402832031,422.5646667480469,418.28070068359375,414.9111328125,411.157470703125,406.19793701171875,402.62615966796875,398.94012451171875,395.4580078125,392.4075927734375,389.2837829589844,386.634521484375
sample_fa4800c035e3541b,299.9435119628906,301.8245849609375,307.7557067871094,311.2555847167969,320.5364990234375,328.948974609375,334.56060791015625,335.0181884765625,347.7989501953125,351.1337890625,367.21307373046875,359.3164978027344
sample_0980cbd484cbdf95,551.8780517578125,542.13720703125,529.006591796875,517.6152954101562,508.5914306640625,495.83831787109375,488.661376953125,482.35699462890625,473.63421630859375,466.8489990234375,462.3977355957031,465.3106689453125
sample_b575b422531319f6,328.8647155761719,333.802001953125,342.9867248535156,351.73876953125,358.9957580566406,367.3518981933594,375.0198669433594,378.63177490234375,381.79559326171875,384.4559020996094,388.4825134277344,391.86456298828125
sample_8314e162236c2a02,347.751708984375,347.6417541503906,349.6765441894531,351.735107421875,354.71343994140625,358.7557678222656,361.76513671875,366.058837890625,368.7498474121094,370.4974365234375,373.59161376953125,376.0186767578125
sample_de3bb2184a4cc155,321.0032043457031,326.62939453125,334.83367919921875,340.77911376953125,348.4012145996094,356.2674255371094,362.9053649902344,368.69281005859375,375.0472412109375,378.5079040527344,383.9374694824219,387.36358642578125
sample_eeeb1af81a0ba24f,323.7492370605469,328.561279296875,334.2914123535156,338.46380615234375,343.8872375488281,348.79638671875,353.7391052246094,356.4622802734375,361.18621826171875,362.72491455078125,366.54437255859375,368.01763916015625
sample_3998a36776af3ef0,483.468994140625,473.21832275390625,459.28399658203125,447.63946533203125,436.2655029296875,423.7951965332031,414.78814697265625,405.10614013671875,397.60394287109375,391.2182922363281,384.3509216308594,379.2674865722656
sample_2df4b60f9ada9aa4,402.6861877441406,398.7183837890625,392.75927734375,387.43048095703125,382.55303955078125,377.2818603515625,372.7891540527344,365.1502685546875,360.7629089355469,358.5655517578125,357.3177795410156,361.2762451171875
sample_85c6a0c2443b2f8d,365.7422790527344,373.6699523925781,374.53399658203125,371.684814453125,371.628173828125,376.4888916015625,376.8293151855469,383.87579345703125,395.25787353515625,419.8009033203125,438.296142578125,470.7294921875
sample_621385ed989c8a70,284.4573669433594,286.61346435546875,292.54052734375,296.74346923828125,302.0235595703125,308.54656982421875,313.6288146972656,318.49615478515625,323.2925109863281,326.32110595703125,330.87078857421875,333.71160888671875
sample_1019b876731b53aa,327.22711181640625,347.7398681640625,369.354248046875,386.3865661621094,404.07000732421875,421.15631103515625,434.76641845703125,445.4217529296875,456.8316345214844,471.9910583496094,482.68658447265625,484.8447265625
sample_1974ccd8b3f46e20,353.1475524902344,373.7233581542969,397.57574462890625,412.8478698730469,425.91790771484375,435.9758605957031,442.7016906738281,449.5234069824219,452.71484375,450.15155029296875,451.2678527832031,454.442138671875
sample_62dbb658d7f036d0,348.48974609375,348.2946472167969,349.1017761230469,349.9494323730469,351.5947570800781,353.5810546875,355.42327880859375,357.6147766113281,358.9359436035156,360.4231262207031,362.5276794433594,364.0687561035156
sample_2ec9cb1a0cc971f0,375.5250549316406,374.6562805175781,375.9383239746094,378.4288635253906,382.1241149902344,390.44268798828125,402.2242431640625,414.42156982421875,428.7197570800781,449.63079833984375,471.80938720703125,479.6784973144531
sample_d2a572105e24d27c,528.7672119140625,516.7623291015625,501.422119140625,487.5717468261719,474.2137756347656,460.7581787109375,450.8269348144531,440.52984619140625,432.1333312988281,424.86846923828125,417.2625732421875,411.83306884765625
sample_56bf96d4fccfd420,379.1525573730469,378.33514404296875,378.42425537109375,378.14495849609375,379.6120300292969,381.5419616699219,382.482421875,383.36370849609375,384.5623779296875,386.1256103515625,387.97369384765625,389.7950744628906
sample_e9779db2b9cb1ba0,339.7714538574219,338.95611572265625,339.0406494140625,339.2577819824219,343.4458923339844,353.78131103515625,356.5503845214844,365.44189453125,370.5182189941406,367.03289794921875,371.2528381347656,376.3333740234375
sample_a0497dc262b62e13,353.74774169921875,356.427490234375,368.0550231933594,393.02947998046875,417.5625,428.427734375,434.95068359375,448.3199768066406,470.32659912109375,472.2156982421875,470.9268798828125,446.90643310546875
sample_150727db5a7bf26a,599.9013671875,594.9049072265625,585.3143920898438,576.9168090820312,569.045166015625,559.3512573242188,554.0831298828125,547.696044921875,542.119873046875,537.30419921875,532.4365844726562,527.9619750976562
sample_b8c87d1e3d09ce72,321.3087158203125,322.8139343261719,326.2484436035156,329.1640625,333.5288391113281,337.98187255859375,341.5240173339844,345.4114074707031,348.66790771484375,351.7008972167969,354.45294189453125,357.22039794921875
sample_df108332752e7c09,449.880859375,445.5753173828125,441.8710632324219,439.6552734375,435.13262939453125,427.8131408691406,422.23419189453125,415.36724853515625,410.55029296875,407.2708435058594,402.7996826171875,400.5848388671875
sample_84a64d4af0f8b5dd,389.48321533203125,400.22430419921875,409.5559997558594,436.71734619140625,487.64373779296875,546.1354370117188,558.7936401367188,585.8726806640625,615.8831176757812,665.5194091796875,704.416259765625,700.0972900390625
sample_0b910d5817053af3,365.8337707519531,366.1828308105469,366.6609191894531,366.68096923828125,367.24078369140625,366.9923095703125,367.71746826171875,365.421630859375,364.1025695800781,363.5648498535156,363.169921875,362.640869140625
sample_1e135f30a2373c10,585.468994140625,575.1117553710938,562.2008056640625,549.6063842773438,535.7525634765625,520.6693725585938,508.66522216796875,493.390869140625,483.53900146484375,475.02105712890625,467.3827209472656,461.3914794921875
sample_b640d96a202fd590,314.3031005859375,314.0721130371094,315.3341369628906,316.05792236328125,317.2138366699219,318.6354675292969,319.6073303222656,320.1948547363281,321.59326171875,321.76983642578125,322.7281188964844,323.1565856933594
sample_b9402a372faf88fc,325.1868896484375,329.8150634765625,338.7778625488281,345.45654296875,352.9947204589844,361.2546691894531,368.057373046875,373.22161865234375,379.301025390625,382.74017333984375,387.83587646484375,391.0872802734375
sample_06afafd18fdacc0f,408.15020751953125,405.0476379394531,401.579345703125,398.73773193359375,395.7514953613281,392.9596252441406,390.7364501953125,389.1536865234375,386.615234375,385.52008056640625,383.86944580078125,382.6538391113281
sample_0279f3f1d44023d0,411.1871032714844,407.4272766113281,403.17626953125,399.580078125,396.27276611328125,392.5985412597656,390.2510070800781,387.3876037597656,384.10443115234375,382.5011291503906,380.4061279296875,378.9921569824219
sample_ac33ddca8822d6f3,378.2664794921875,388.7906799316406,402.68310546875,413.48590087890625,425.449462890625,440.213134765625,449.69970703125,457.99114990234375,466.4091491699219,468.0340270996094,476.75372314453125,479.7810974121094
sample_6253548d200ddba1,329.1552429199219,329.01080322265625,331.19036865234375,332.6357116699219,335.578857421875,339.5001525878906,342.3815612792969,345.0927429199219,348.1679992675781,350.0538330078125,352.2102355957031,354.4515686035156
sample_ced4cc9d21eff55a,362.2301330566406,361.54833984375,362.1326599121094,368.7828369140625,383.03900146484375,389.82318115234375,392.3484191894531,417.889404296875,413.72412109375,402.93994140625,406.4582214355469,413.7684326171875
sample_197c330b16a28d3f,325.9822998046875,327.51544189453125,332.9570007324219,337.7515563964844,344.04229736328125,352.8821105957031,358.23974609375,366.713134765625,377.3162841796875,389.55987548828125,392.5125732421875,393.9775390625
sample_30ad68cdc7619d59,297.7110595703125,301.7588195800781,309.1451721191406,314.69488525390625,317.1239013671875,330.9920959472656,336.4031066894531,351.7843322753906,346.52020263671875,346.3140563964844,351.2263488769531,356.2054443359375
sample_2278bd6884ae5d17,577.7071533203125,565.1206665039062,549.2551879882812,535.290283203125,522.4509887695312,508.3606262207031,498.5953674316406,487.6824035644531,479.2396240234375,471.6449890136719,464.5682373046875,458.390869140625
sample_ffa8f2af12633766,264.5721435546875,275.304443359375,289.0721435546875,299.7754211425781,311.1995849609375,322.6502380371094,332.2449951171875,340.57080078125,348.9145812988281,353.6579284667969,360.9992980957031,365.2252502441406
sample_804448b765ab7342,378.09698486328125,400.51568603515625,422.9105529785156,440.6687927246094,458.071044921875,473.86871337890625,487.3188171386719,499.11669921875,509.52142333984375,517.2874755859375,526.698974609375,532.7337036132812
sample_b189453e21607e02,357.3157653808594,356.629638671875,358.7049255371094,362.6545104980469,370.8846435546875,378.6535949707031,387.7724304199219,393.8825988769531,403.66015625,406.67462158203125,418.3517761230469,412.21063232421875
sample_d1ba57a6fd2514a0,292.5211486816406,296.4132385253906,302.5828552246094,307.2239074707031,312.9495849609375,318.734375,323.6275329589844,328.02838134765625,332.38360595703125,335.0125732421875,338.94232177734375,341.5986328125
sample_a58c3ef16b6bfcb8,480.2297058105469,494.5809631347656,507.795654296875,516.4132690429688,525.4879760742188,532.0222778320312,537.85302734375,541.6453857421875,546.888671875,548.51611328125,552.5938110351562,554.127197265625
sample_15cd0730725c79fb,421.30926513671875,422.4320983886719,422.55511474609375,422.1665954589844,421.6957702636719,418.8171081542969,417.75640869140625,413.87322998046875,412.46783447265625,409.385009765625,407.3251647949219,404.6163330078125
sample_334391597dd65a0f,435.5787353515625,453.0988464355469,476.68634033203125,495.5833740234375,511.9934387207031,522.613525390625,540.1622314453125,551.6013793945312,552.6777954101562,549.47705078125,551.8349609375,555.2083740234375
sample_251e4472a5ac11a0,326.7437744140625,329.9918212890625,339.50054931640625,344.5892028808594,355.43316650390625,364.26922607421875,363.89697265625,361.8927917480469,365.27508544921875,363.5186462402344,365.9485168457031,369.099609375
sample_84e77298cad3cb83,289.36737060546875,292.6329650878906,298.65203857421875,303.1077880859375,308.75543212890625,315.2462463378906,320.1770324707031,325.6249694824219,330.4085388183594,333.6624755859375,338.02008056640625,341.1531982421875
sample_e8e1acb3aab29759,322.3671875,322.7617492675781,325.6195068359375,328.16326904296875,331.6952209472656,336.4967956542969,339.69268798828125,343.677490234375,346.92822265625,349.4756774902344,352.4953308105469,355.19586181640625
sample_60220e96eeb58dd8,600.2888793945312,588.5491333007812,572.0052490234375,558.3814697265625,548.7266845703125,536.8919067382812,525.41552734375,513.5739135742188,504.43267822265625,498.94818115234375,490.77142333984375,485.60968017578125
sample_6bf7c18c5c5891c6,360.4787292480469,359.0052795410156,358.4587097167969,357.9255065917969,357.9035949707031,358.45587158203125,358.78985595703125,359.6910095214844,359.8145751953125,360.2520446777344,361.0368957519531,361.3695373535156
sample_91eac42d4094fae9,341.8453369140625,353.25146484375,371.9332580566406,388.49554443359375,399.9380798339844,415.90185546875,426.3135681152344,421.00811767578125,424.3311462402344,429.5350036621094,430.527587890625,430.07037353515625
sample_6bfb8220ef73a96b,406.7340393066406,405.43701171875,403.76763916015625,402.1689453125,400.59832763671875,398.1881408691406,396.91241455078125,394.6333923339844,393.329345703125,391.2945861816406,389.569091796875,388.0505065917969
sample_0f2d313be17c7615,354.70648193359375,354.3259582519531,356.086181640625,356.60968017578125,359.23333740234375,362.7640075683594,366.8905944824219,370.85205078125,376.248779296875,373.2210998535156,374.71795654296875,378.1329650878906
sample_911e74d27a0cf7bc,294.621826171875,300.0110778808594,307.43072509765625,313.0432434082031,319.9820556640625,326.5057678222656,332.3976135253906,336.9029541015625,343.060302734375,350.68817138671875,355.027587890625,358.3655090332031
sample_bfc81ce3c4c07bf8,720.034912109375,697.929443359375,675.0029296875,653.7565307617188,631.8826904296875,611.0982666015625,597.321044921875,585.4077758789062,576.8387451171875,568.8919677734375,565.4286499023438,562.5272216796875
sample_7ef7f9663bf41ab8,368.01971435546875,368.7899475097656,370.3002624511719,370.8904724121094,372.9839782714844,374.0919494628906,371.02716064453125,370.0643310546875,369.9624328613281,370.64227294921875,373.6980895996094,374.62091064453125
sample_f130c8746b7f77c9,377.044189453125,379.828125,384.2698059082031,387.91705322265625,393.173583984375,399.36053466796875,407.6414489746094,411.94024658203125,414.79144287109375,419.27081298828125,435.046142578125,436.81488037109375
sample_7882b101ad622b76,337.37994384765625,343.7614440917969,352.0284118652344,358.4407958984375,366.0079040527344,373.8716735839844,380.4493408203125,386.302978515625,392.49188232421875,396.41943359375,401.2546081542969,404.1957092285156
sample_d1458b85f457d0a6,462.9078063964844,459.8344421386719,455.4194641113281,451.0264587402344,447.0852355957031,441.6763610839844,438.03753662109375,433.5469055175781,430.16522216796875,426.586181640625,423.24224853515625,420.1651916503906
sample_e13c5f6597b6b5f7,331.8793640136719,334.7268371582031,338.8044738769531,341.7350158691406,346.1575927734375,350.5162048339844,354.42926025390625,357.9469909667969,361.4346618652344,364.02838134765625,367.1441955566406,369.55157470703125
sample_61dccea706c2e674,351.27093505859375,352.5956726074219,351.7275390625,355.3459167480469,359.4819641113281,363.7751770019531,367.69140625,360.6741027832031,374.74273681640625,419.970458984375,440.56378173828125,454.4518737792969
sample_859e5734fb3e4fe8,313.044189453125,316.18524169921875,320.91571044921875,324.33038330078125,329.0798034667969,333.9344177246094,338.1071472167969,341.4622497558594,345.50299072265625,347.4200134277344,351.00018310546875,353.2442626953125
sample_c54e969f773d4ea5,447.2471618652344,443.9623718261719,440.14178466796875,437.142578125,433.4950256347656,430.4508056640625,427.9065856933594,426.20794677734375,423.04583740234375,422.180419921875,420.0404052734375,418.87786865234375
sample_03cd9251d1cc2afd,641.8223266601562,622.1260986328125,600.446533203125,582.714599609375,566.133056640625,549.1334838867188,536.10498046875,522.912841796875,512.430908203125,503.1795959472656,494.0876770019531,486.86553955078125
sample_eaa4cdb9bdfd5803,450.21246337890625,445.0533142089844,436.9808654785156,431.02447509765625,422.45770263671875,414.2527770996094,408.06500244140625,401.4553527832031,395.71856689453125,391.24005126953125,385.16717529296875,381.628173828125
sample_a4ec2d60803a0ac4,420.94549560546875,419.09381103515625,416.795166015625,414.5899353027344,412.8275451660156,409.9534912109375,408.3084411621094,405.9791259765625,403.9014892578125,401.53729248046875,399.8944091796875,397.81781005859375
sample_9826113cd571b986,334.41107177734375,334.6991882324219,338.9600830078125,342.07293701171875,349.12286376953125,346.4013671875,349.56573486328125,352.4232482910156,352.8268737792969,354.8085632324219,355.9781188964844,359.3669738769531
sample_9453a95778aa29ed,544.4356689453125,530.8201293945312,512.8380737304688,498.7854919433594,485.6628112792969,471.8883056640625,461.57855224609375,451.1705322265625,442.04876708984375,434.0696716308594,426.61065673828125,420.2830810546875
sample_dc4300f0cb3c2e75,374.0755615234375,374.1966857910156,375.6730651855469,377.3796691894531,380.0523986816406,383.4433288574219,386.2476501464844,388.9978332519531,391.13275146484375,393.1309509277344,395.6309509277344,397.2717590332031
sample_109e8c2c7f1d5cae,402.9191589355469,417.4454345703125,430.4048767089844,452.45440673828125,488.8925476074219,521.7271118164062,544.0316162109375,566.1573486328125,571.8966064453125,571.406982421875,589.8773803710938,603.2765502929688
sample_18bf80f6230f4bb1,390.13726806640625,386.9143981933594,382.5931091308594,379.1175842285156,375.47296142578125,370.0611572265625,366.3988037109375,361.4723205566406,358.337646484375,355.3279113769531,352.990478515625,360.24005126953125
sample_2a9374eab0d0cc99,286.3309631347656,291.5100402832031,299.22235107421875,304.99365234375,311.85076904296875,319.0638122558594,325.0224304199219,330.5165100097656,336.4572448730469,339.9845886230469,344.9798583984375,348.20025634765625
sample_a06c4e99f33f21f7,436.8634338378906,431.56292724609375,423.3835754394531,417.4293212890625,410.3766174316406,402.5755615234375,396.537841796875,390.5909423828125,385.0135498046875,381.7235107421875,378.7413635253906,375.73468017578125
sample_c51939035f260156,438.0338439941406,434.6905212402344,430.3986511230469,426.87786865234375,422.3477783203125,417.007080078125,412.9706115722656,408.8553771972656,405.1402587890625,402.3660583496094,399.10443115234375,396.636474609375
sample_9c5352b85a8539e7,398.6045227050781,396.4941711425781,394.48956298828125,392.8379211425781,391.3244934082031,389.7206726074219,388.796630859375,387.25372314453125,386.6162109375,385.38641357421875,384.79193115234375,383.59051513671875
sample_4d0e69f1ab5d24e3,432.8127136230469,430.0177307128906,424.8987121582031,420.2496337890625,415.9352111816406,409.2088928222656,405.40850830078125,399.36724853515625,395.1739196777344,391.42681884765625,387.6349182128906,384.5570983886719
sample_8b6f360ca56958aa,363.29693603515625,371.68853759765625,382.15447998046875,394.9891357421875,403.7981262207031,408.4794921875,413.4732971191406,420.4046936035156,427.214111328125,432.8212585449219,436.6724548339844,437.91033935546875
sample_6869f897aa9809bb,341.4046630859375,340.929443359375,344.1469421386719,353.85015869140625,358.07269287109375,360.2767028808594,365.200439453125,380.56396484375,383.9682312011719,402.11285400390625,383.814697265625,381.9976501464844
sample_be3bb454231fa5ee,550.3422241210938,547.0189208984375,542.6485595703125,538.8280639648438,537.8231811523438,538.3364868164062,544.6041870117188,549.0545654296875,552.0849609375,565.1549682617188,576.6475219726562,583.9631958007812
sample_797cd1af237cceae,419.38238525390625,415.3879089355469,411.13446044921875,407.7369384765625,404.01629638671875,400.44110107421875,397.7335510253906,395.4384460449219,394.02740478515625,392.2030334472656,390.2413635253906,388.5473327636719
sample_9c906d803710808f,607.720947265625,589.74169921875,572.0593872070312,553.8742065429688,535.8350830078125,518.377197265625,503.299072265625,488.8857421875,478.1141357421875,469.39434814453125,460.601806640625,453.6376037597656
sample_c7b70c3db65366a6,320.2617492675781,325.0217590332031,342.4875793457031,349.0206298828125,346.61358642578125,349.604248046875,356.9512939453125,353.85888671875,363.1959228515625,362.586181640625,360.38580322265625,356.5773620605469
sample_a133f80806c2a724,286.5553283691406,291.15618896484375,298.5971374511719,304.3404235839844,310.8254089355469,318.32763671875,324.1256103515625,329.8554992675781,335.46160888671875,339.0088806152344,343.8782958984375,347.36810302734375
sample_c4dfd823d5064503,331.7950744628906,357.1401672363281,381.85577392578125,402.5300598144531,420.8227233886719,441.4194030761719,448.977294921875,452.6861572265625,460.725341796875,470.2874755859375,476.35797119140625,482.8466796875
sample_d66ceda0092f6774,298.534423828125,299.9190673828125,304.9393615722656,306.0396728515625,309.4252014160156,315.5247497558594,315.05670166015625,318.9181823730469,323.58929443359375,323.6169738769531,330.0041809082031,327.17071533203125
sample_4affffe4eea1824c,440.2992248535156,434.3136291503906,427.7168273925781,422.26397705078125,416.61431884765625,411.00653076171875,406.2687683105469,401.90283203125,398.8941650390625,396.446044921875,392.2554931640625,389.950927734375
sample_dbf93c8a5d6da83c,328.3947448730469,336.9062194824219,349.0154113769531,359.1867370605469,363.88427734375,379.37310791015625,392.0955810546875,403.306396484375,402.0990905761719,406.02044677734375,411.1388854980469,426.34149169921875
sample_b5a022ab6be942f1,371.4094543457031,372.54534912109375,374.2654113769531,375.5887756347656,377.54327392578125,379.0506286621094,380.5237731933594,381.2842712402344,382.49285888671875,383.05438232421875,384.1069641113281,384.4302978515625
sample_27618fc5a40b7606,376.15655517578125,377.1922302246094,379.45989990234375,381.0682067871094,384.0060119628906,387.68829345703125,390.87396240234375,393.69952392578125,396.6104736328125,399.1221923828125,401.52117919921875,403.5322265625
sample_dbcf0185e889ba21,463.3187561035156,512.3534545898438,544.2496337890625,574.2750244140625,602.8077392578125,648.67236328125,682.0563354492188,677.7710571289062,648.28662109375,646.6954956054688,635.0611572265625,608.9564208984375
sample_b6bf9e0340198802,444.59619140625,441.7885437011719,435.66937255859375,430.5054931640625,425.10345458984375,419.72076416015625,421.15753173828125,416.16046142578125,406.02642822265625,406.1824035644531,408.5262756347656,404.10772705078125
sample_bb65436d178777b5,340.0234375,347.77655029296875,355.8474426269531,371.987548828125,365.13153076171875,369.17327880859375,367.9900817871094,369.740234375,371.627685546875,376.74749755859375,367.6777648925781,367.8072509765625
sample_239a5fadd96bbe71,433.9662780761719,440.121826171875,446.2780456542969,450.2001037597656,454.7752380371094,458.32586669921875,461.78375244140625,463.7978515625,466.1927490234375,467.8653564453125,468.56292724609375,468.7723388671875
sample_390c86a33bee1738,496.1754150390625,521.8568115234375,550.3558349609375,568.0171508789062,592.6483764648438,623.8047485351562,646.5232543945312,653.9065551757812,653.4713134765625,654.8209228515625,650.177734375,656.8427734375
sample_47d34b297cccedba,367.22296142578125,372.0110778808594,379.722412109375,383.3900146484375,387.7250671386719,391.0030517578125,388.48651123046875,389.65887451171875,388.2438049316406,385.9687805175781,387.4206848144531,389.39215087890625
sample_f3ccd3a6150fa80a,685.1475219726562,669.3001708984375,648.837158203125,634.709716796875,623.5619506835938,611.16796875,598.86572265625,585.4382934570312,571.5781860351562,556.6887817382812,543.8526611328125,533.8577270507812
sample_9110492f595dfeba,674.751708984375,667.1196899414062,655.841064453125,650.4115600585938,638.7435302734375,620.5349731445312,605.7687377929688,601.4485473632812,591.7340087890625,578.5059814453125,560.72900390625,548.944091796875
sample_664b714b1a605bb7,331.48126220703125,332.6634826660156,342.5960998535156,347.2642517089844,349.68878173828125,356.8724060058594,371.5509033203125,377.299560546875,396.9908142089844,379.1546936035156,378.5267028808594,373.4682922363281
sample_3d22922eafa42546,502.7203674316406,498.3206787109375,489.3006286621094,478.5281066894531,462.21844482421875,446.601806640625,439.05206298828125,430.336669921875,426.9595031738281,423.7707214355469,415.0673522949219,409.0317687988281
sample_bc77dbab4de353e7,398.24578857421875,395.96649169921875,393.6630859375,391.4739990234375,389.477294921875,387.1990966796875,385.20379638671875,383.33843994140625,381.3901062011719,380.0832214355469,378.05609130859375,377.17803955078125
sample_ef3b6aca293eb28e,578.4629516601562,583.9323120117188,585.89501953125,588.0989379882812,583.2062377929688,570.4193725585938,562.3238525390625,559.1672973632812,550.157470703125,540.3468627929688,523.2576904296875,504.9006042480469
sample_798cfb538576ce38,348.6550598144531,351.2510070800781,359.693603515625,370.91058349609375,381.3885192871094,394.8558654785156,403.7339782714844,414.60467529296875,421.7195739746094,431.90093994140625,429.5770263671875,421.1414794921875
sample_c4cd2ced92f7f90e,472.7193603515625,466.4628601074219,457.5220947265625,450.4450378417969,443.19464111328125,435.77252197265625,429.788818359375,424.79095458984375,419.02008056640625,416.43585205078125,411.8076171875,408.9593505859375
sample_e7106f18e5c11df1,332.406005859375,330.9439697265625,330.4864807128906,329.81390380859375,330.386474609375,329.0814208984375,328.98785400390625,329.9113464355469,330.8448181152344,330.8710021972656,333.28106689453125,329.8006896972656
sample_7ef224526bf518c5,420.6820983886719,418.17437744140625,415.6630859375,414.3502197265625,412.7243957519531,411.45196533203125,410.0602111816406,409.87066650390625,408.1672058105469,408.04931640625,407.0074768066406,406.88134765625
sample_18b02b74477118a3,495.3592529296875,489.4862365722656,478.8414306640625,469.63458251953125,461.2189636230469,450.8692321777344,443.7551574707031,434.83160400390625,428.996337890625,423.8780822753906,417.80322265625,413.41522216796875
sample_7c8839861d4e4cc8,706.0221557617188,693.260986328125,677.0892944335938,662.6798095703125,649.7393798828125,630.2779541015625,613.3650512695312,598.9569702148438,582.3807983398438,566.401123046875,554.3438720703125,542.41552734375
sample_478bbff230ccf4fa,416.2840576171875,412.6085205078125,407.19000244140625,402.49700927734375,397.4658508300781,392.20404052734375,388.0207214355469,384.2960510253906,381.2964782714844,378.92242431640625,376.1375732421875,374.9702453613281
sample_789d3c6b2392a95e,549.0562133789062,535.3530883789062,519.08837890625,506.5217590332031,494.95123291015625,481.7581787109375,470.7557678222656,459.7264709472656,451.2374572753906,444.9326171875,437.83148193359375,432.7220153808594
sample_d2f1288a8122ea78,338.8522644042969,339.2066955566406,340.3653869628906,341.79461669921875,340.5761413574219,340.9356384277344,342.06890869140625,341.1134948730469,343.29730224609375,343.0995178222656,345.5456848144531,346.67144775390625
sample_b8d86a2080b16be4,451.8882751464844,443.9002685546875,432.8684387207031,422.4595947265625,410.45458984375,399.9148864746094,391.8385925292969,383.8688659667969,377.3218078613281,373.7396240234375,368.10357666015625,364.6986389160156
sample_b87214d7e8a22189,395.31689453125,393.03045654296875,389.8435363769531,387.49859619140625,384.45196533203125,380.06536865234375,377.08233642578125,373.3740234375,371.4178466796875,368.4005432128906,365.7740478515625,365.7668151855469
sample_1c080fe168a0e4e8,353.69482421875,354.3207702636719,356.0013732910156,357.3096008300781,359.5352783203125,362.164306640625,364.0593566894531,366.3486633300781,367.91259765625,369.8692932128906,371.18218994140625,372.7601623535156
sample_4db9fdbdb7bf0120,297.1131896972656,297.8291931152344,301.3490295410156,304.9078063964844,310.2133483886719,314.5089111328125,319.1307678222656,321.4825744628906,324.04425048828125,326.4010925292969,330.15655517578125,330.6109619140625
sample_d3882f5ed3c7a380,311.14453125,320.38800048828125,333.3768310546875,338.2770690917969,353.610595703125,368.23504638671875,380.5671081542969,379.99114990234375,386.5936584472656,389.2162780761719,406.9339294433594,416.78045654296875
sample_5c7a74e8423d1a7b,596.7411499023438,598.1444702148438,592.107177734375,585.7949829101562,580.0598754882812,581.5541381835938,572.2564697265625,559.696044921875,548.701171875,550.7978515625,544.2855224609375,532.1801147460938
sample_9a438276ea212f12,420.8200378417969,416.05535888671875,409.2311706542969,403.9837341308594,398.38372802734375,390.99072265625,385.8978271484375,380.9943542480469,380.4613952636719,376.7596740722656,370.90216064453125,366.22979736328125
sample_c6d69ffc1dc2d77d,426.3694763183594,422.28662109375,417.66217041015625,414.14178466796875,410.191162109375,406.3663330078125,403.2384033203125,400.82489013671875,399.60552978515625,399.4369812011719,397.1874694824219,396.3246154785156
sample_9fee11827162ea97,373.73516845703125,371.8598937988281,369.03106689453125,366.1348876953125,362.58929443359375,359.2720642089844,356.3055114746094,355.43505859375,352.0642395019531,349.0382995605469,345.7170715332031,343.7397155761719
sample_a8a1fef0424c48fc,392.0440979003906,392.1278991699219,392.08807373046875,391.82989501953125,392.1456298828125,391.0515441894531,391.3066711425781,389.73065185546875,389.8529357910156,388.4494323730469,388.0514831542969,386.8215026855469
sample_335fb43d71d10ee0,362.10211181640625,364.35699462890625,367.3457946777344,369.5029602050781,372.6849670410156,375.0675964355469,377.6968994140625,378.62493896484375,380.6728515625,381.0555114746094,383.05584716796875,383.3266296386719
sample_ceeb589807241a31,408.5735778808594,405.7085876464844,402.6003112792969,400.1098937988281,397.14862060546875,394.34442138671875,391.96380615234375,389.6282958984375,387.5631408691406,386.01397705078125,383.7077941894531,382.3484802246094
sample_45943cf610962fb8,332.67950439453125,335.3685302734375,342.40228271484375,355.1759033203125,362.5512390136719,383.3713073730469,371.7281188964844,373.79449462890625,370.2632141113281,370.9831848144531,373.2842102050781,378.322998046875
sample_fbf3e3174f68e8bf,317.5415344238281,318.0954895019531,331.43109130859375,335.332763671875,355.4970397949219,355.0704650878906,351.12139892578125,350.7605895996094,361.4659423828125,360.4058837890625,366.59735107421875,363.820068359375
sample_7b74aea2c91a0e09,577.0185546875,604.2763671875,608.8536987304688,589.38671875,588.0221557617188,575.5787353515625,559.0985717773438,538.513671875,523.9925537109375,507.0868835449219,499.8226318359375,491.1103210449219
sample_43ee15f465b26dc5,363.17022705078125,367.5231018066406,367.3874816894531,369.32110595703125,369.328125,369.96246337890625,372.2183837890625,374.2232666015625,375.74609375,376.3502197265625,378.0982666015625,378.84344482421875
sample_f28303fac78e4c06,294.2137756347656,300.6995544433594,309.5980529785156,315.3500671386719,322.3079528808594,327.63946533203125,329.308349609375,333.19110107421875,337.9648742675781,341.5010986328125,346.36944580078125,350.1466979980469
sample_8d7517fca51b1f97,370.1231384277344,370.23565673828125,371.26763916015625,372.115966796875,373.548828125,375.1675109863281,375.960205078125,377.7249450683594,378.2147216796875,379.5189208984375,380.44940185546875,381.0921936035156
sample_164f01adb806cecc,331.3385925292969,343.6538391113281,358.1561584472656,370.1568298339844,382.10076904296875,393.67755126953125,405.0820007324219,422.08270263671875,446.0921630859375,469.5460205078125,482.4427490234375,511.61614990234375
sample_e032c7598227ac7a,416.04815673828125,411.9689025878906,405.6064758300781,401.4720153808594,398.00970458984375,390.7159118652344,387.3289489746094,390.4180908203125,403.69757080078125,409.7992248535156,439.36041259765625,492.6437683105469
sample_5e0c36e3da4808c0,371.38525390625,370.4910583496094,370.40863037109375,370.1800842285156,370.75408935546875,371.44378662109375,372.1148681640625,372.5892639160156,373.0840148925781,373.67498779296875,374.0937194824219,374.7328186035156
sample_040df60b19cb2272,676.258544921875,667.934326171875,653.201416015625,635.2096557617188,621.9776000976562,604.5198974609375,592.3443603515625,578.3468017578125,568.5411376953125,562.2688598632812,555.7537841796875,550.16748046875
sample_ba96af62ea1e7db1,304.6060485839844,306.8000183105469,311.3251037597656,314.7430725097656,318.760498046875,323.5447692871094,327.6705322265625,331.1164855957031,334.98565673828125,337.1965026855469,340.52447509765625,342.7742919921875
sample_79d6c727047ce1fa,357.5202941894531,363.39691162109375,370.5836486816406,375.58880615234375,382.132080078125,388.361083984375,394.0628662109375,399.2826232910156,406.4073486328125,410.19256591796875,414.9259948730469,420.58758544921875
sample_dba7ec681cd3fabb,346.954345703125,347.661376953125,354.986328125,356.7698669433594,362.18121337890625,367.8632507324219,375.7601318359375,368.740234375,371.326171875,366.492919921875,365.86944580078125,367.5567626953125
sample_907748dfb1f69475,592.80908203125,591.812255859375,585.71875,580.6306762695312,573.4166870117188,561.550537109375,555.941162109375,545.2113037109375,537.6534423828125,528.7356567382812,521.676025390625,518.515869140625
sample_ef7df879292c0268,453.12469482421875,446.7486267089844,437.7997741699219,430.5357666015625,422.43182373046875,413.7135925292969,406.9058837890625,400.76043701171875,395.1307373046875,390.8328857421875,385.3173522949219,381.96453857421875
sample_56269458394107ae,374.34228515625,373.9828186035156,373.92791748046875,373.627685546875,374.04571533203125,373.7008361816406,374.10650634765625,373.6189880371094,373.6886291503906,373.1651611328125,373.6700439453125,373.2428894042969
sample_69884dc7765284e0,478.5191345214844,476.3310241699219,472.89227294921875,469.28369140625,467.277099609375,463.2228088378906,462.57476806640625,459.87066650390625,455.8126220703125,452.81817626953125,445.5377502441406,446.04571533203125
sample_a5f69a3162d33da7,348.4893493652344,347.5304260253906,348.5503845214844,350.39373779296875,351.39080810546875,349.8923645019531,350.9656982421875,350.8246154785156,352.5904235839844,351.7047119140625,352.8381652832031,353.5547790527344
sample_7178f73027a476a5,383.05499267578125,385.1310729980469,388.4776306152344,389.824951171875,393.3909912109375,398.67974853515625,402.3747863769531,402.9266357421875,408.4726867675781,415.5466003417969,420.251953125,420.99700927734375
sample_06ada1f28ece4e45,404.8224182128906,401.879150390625,397.03759765625,393.34075927734375,393.4111633300781,396.8550109863281,409.357421875,423.5351257324219,436.6722412109375,437.74951171875,438.6870422363281,437.5044860839844
sample_76de7bda5cade58c,595.9074096679688,574.5140380859375,552.1134033203125,535.161376953125,518.758544921875,502.19244384765625,489.40771484375,476.2348937988281,465.72369384765625,456.81903076171875,447.64422607421875,440.640869140625
sample_d6e37be6ab34ebfd,434.5516052246094,435.64483642578125,435.93231201171875,438.46124267578125,444.1537780761719,449.73626708984375,449.7234191894531,435.6219787597656,431.77874755859375,428.2545166015625,430.2647705078125,432.1153869628906
sample_5d87e0b44fa40a3a,288.1573181152344,291.4357604980469,294.2696533203125,298.9997253417969,305.673828125,310.9805908203125,316.856201171875,319.57073974609375,316.3121337890625,317.7667236328125,321.36590576171875,324.74652099609375
sample_7393a2e29850a8eb,352.5466003417969,350.9759521484375,349.500244140625,347.9168395996094,346.85150146484375,348.7662048339844,347.3587951660156,344.76220703125,343.1584777832031,342.3507995605469,340.6748962402344,342.57275390625
sample_67d199ebb06db76a,309.1328125,309.2835693359375,314.1791076660156,316.3293762207031,327.7863464355469,339.07781982421875,346.30963134765625,340.5741271972656,343.8999328613281,343.744140625,350.9639892578125,367.53857421875
sample_2111f59993005dda,461.7488098144531,452.0519104003906,439.08990478515625,428.4749450683594,417.7287902832031,405.96234130859375,397.05462646484375,388.3231201171875,380.6407470703125,375.5491943359375,369.97283935546875,367.0937805175781
sample_6195dbc8f619a2b2,355.19757080078125,353.5948486328125,352.2884216308594,349.93731689453125,348.46844482421875,347.1261291503906,348.3336486816406,346.291015625,344.20025634765625,342.8291931152344,341.3038635253906,340.1318359375
sample_7e8e5b411991862d,600.2877197265625,580.5951538085938,558.6687622070312,540.8468627929688,524.8081665039062,507.9602355957031,495.1761474609375,481.5772705078125,471.2291259765625,462.011474609375,452.84210205078125,445.3096923828125
sample_f3ce75e9b512a913,405.93255615234375,404.09649658203125,402.2987060546875,400.35040283203125,399.0277404785156,397.81610107421875,396.61114501953125,395.3096618652344,393.9529724121094,392.60736083984375,391.509033203125,390.4794921875
sample_e81ea58e84ba69a8,614.63818359375,617.1935424804688,621.2031860351562,622.2750854492188,622.5338745117188,614.7368774414062,611.2501220703125,594.641845703125,584.125,576.341796875,570.21533203125,558.5596923828125
sample_1393fb08b90bee8d,523.6019897460938,515.2052612304688,504.31268310546875,495.8894348144531,487.88037109375,477.8340148925781,470.3282470703125,462.4214172363281,452.9161376953125,445.4918212890625,441.319091796875,438.0872802734375
sample_c385f1af4b396510,394.58453369140625,394.6974792480469,397.8521728515625,397.8528747558594,395.1689147949219,391.1997985839844,387.73681640625,385.4765930175781,385.3327941894531,384.4508361816406,384.5718688964844,384.1891174316406
sample_35e58fbe4fcafe85,389.373046875,416.2254638671875,445.74530029296875,467.41552734375,491.2997131347656,495.70697021484375,519.224365234375,524.6895751953125,532.8966064453125,527.415771484375,536.8668212890625,531.631103515625
sample_0df5487b2985509e,451.6902160644531,452.607177734375,454.6797180175781,453.8751525878906,455.7880859375,458.3879699707031,465.14886474609375,466.1334228515625,472.09197998046875,481.5638427734375,497.04083251953125,504.1492919921875
sample_a4142e573c4ac413,375.22174072265625,375.5888671875,377.70269775390625,378.5821838378906,381.81658935546875,385.0943908691406,396.564453125,402.0520935058594,405.2665710449219,410.8204345703125,427.05010986328125,442.6457214355469
sample_796f982d383b1273,441.5235900878906,434.67193603515625,424.79949951171875,416.7418212890625,407.793701171875,398.12518310546875,391.9336853027344,384.30279541015625,378.6427307128906,375.0495910644531,369.467529296875,366.1343688964844
sample_49bc6a92268fec3e,350.3955993652344,355.1795959472656,371.2928466796875,365.5053405761719,369.0808410644531,369.1951904296875,371.8840026855469,373.54022216796875,379.053955078125,368.7989501953125,370.2217102050781,364.1759033203125
sample_d78603a8beadfb2a,346.22052001953125,361.6937561035156,378.51873779296875,390.4317932128906,400.0648193359375,410.2835693359375,418.27734375,428.6148986816406,438.9274597167969,448.8065490722656,461.58941650390625,470.53759765625
sample_0e56778c1736d9d1,368.9232177734375,368.9186096191406,369.841796875,370.62310791015625,371.9393615722656,373.54486083984375,374.3493347167969,376.2444152832031,376.7532043457031,378.0509948730469,378.96441650390625,379.5786437988281
sample_e2511529f3bd3fbf,364.2463073730469,363.5551452636719,367.4111328125,376.79266357421875,376.2784729003906,386.536865234375,372.76641845703125,364.6593017578125,368.4697570800781,372.2451171875,363.5852966308594,368.45068359375
sample_76137ee4433e07ed,361.5013427734375,360.1012268066406,359.8233337402344,359.3511962890625,359.6888732910156,360.750244140625,361.54998779296875,362.5997009277344,363.1540222167969,363.86016845703125,364.60955810546875,365.29473876953125
sample_95e86b1a6925005f,343.8905334472656,341.9419250488281,340.8126525878906,339.8424377441406,339.1468505859375,338.4720153808594,338.56658935546875,338.055419921875,338.0833435058594,337.9122619628906,338.4071044921875,338.3966369628906
sample_d0fdbfc6fa7b131e,458.4248962402344,455.66595458984375,450.1208190917969,445.8115234375,443.1166687011719,437.1517333984375,430.7167053222656,422.9943542480469,417.0578918457031,413.2154541015625,408.89288330078125,405.3937683105469
sample_e48f82532dddbaf4,462.7748107910156,457.53302001953125,449.6615295410156,442.4458312988281,435.1703186035156,425.92205810546875,419.2170104980469,411.4621276855469,405.2738952636719,400.3284912109375,395.2811279296875,391.68499755859375
sample_f24a17fa18bbd970,384.06292724609375,380.8291015625,376.5583801269531,373.2415771484375,370.8982238769531,367.01678466796875,364.1255187988281,363.4215087890625,359.1727294921875,362.325927734375,370.9162902832031,370.9930419921875
sample_3610bfe90d518518,349.3309631347656,352.100830078125,359.7359313964844,367.0347595214844,371.88775634765625,374.47845458984375,378.0250244140625,378.85211181640625,383.267578125,383.5135498046875,383.5421447753906,381.99700927734375
sample_c29a9c4838f43cee,356.5567932128906,355.4358215332031,356.1701354980469,356.7652893066406,356.352783203125,358.7081298828125,360.3241882324219,362.90374755859375,365.4080505371094,368.358154296875,365.8193359375,366.3780212402344
sample_b602a8863c9de440,432.43646240234375,430.1637268066406,427.1074523925781,424.3498229980469,421.7145080566406,418.09881591796875,415.142333984375,411.98760986328125,409.1412658691406,406.59637451171875,403.63623046875,401.2955627441406
sample_f1aa033fe9f4db22,314.28759765625,320.2156982421875,328.4865417480469,334.2254943847656,341.73876953125,349.1020812988281,355.3697814941406,360.41143798828125,366.3509216308594,369.5321960449219,374.72808837890625,377.64312744140625
sample_89f821191d3f8777,348.0848388671875,351.7789611816406,356.59649658203125,360.0497131347656,364.3925476074219,368.3271179199219,371.9732666015625,374.7266540527344,378.10601806640625,379.8342590332031,382.9524841308594,384.1629333496094
sample_a0dcddb46a8ab3d0,322.03363037109375,329.3542785644531,338.90338134765625,342.7295227050781,349.426025390625,358.1020812988281,366.7798767089844,375.91314697265625,382.1361083984375,381.1318054199219,385.0752868652344,388.1976623535156
sample_16ec975184435802,645.4262084960938,624.7382202148438,601.168212890625,582.2920532226562,564.906982421875,546.610107421875,533.16064453125,519.2755737304688,508.3507080078125,498.1971435546875,489.2802734375,481.0947570800781
sample_206036d867dd7668,322.82806396484375,322.4941711425781,323.3742980957031,324.0863342285156,325.29119873046875,325.8397216796875,326.85418701171875,326.31878662109375,327.594482421875,326.9817810058594,328.5456848144531,328.1099548339844
sample_901ed63440167c20,346.9162902832031,350.15118408203125,363.0555419921875,385.81494140625,419.814453125,456.0111083984375,490.353759765625,524.17431640625,556.91796875,576.3504638671875,588.1300048828125,585.810302734375
sample_f9bd2104a14f0db5,434.0333557128906,429.58837890625,423.9674987792969,419.5296936035156,414.5905456542969,409.17852783203125,404.6106262207031,400.3536682128906,396.20538330078125,393.2171630859375,389.29083251953125,386.752685546875
sample_85949315e92a8357,360.67578125,365.4858093261719,375.22210693359375,391.97064208984375,413.9111633300781,435.3626708984375,447.83233642578125,446.9097900390625,451.9753723144531,471.744384765625,474.7113037109375,463.7314147949219
sample_5fd57a54d50fe42c,335.569580078125,336.22149658203125,338.54656982421875,340.4399719238281,343.5090637207031,347.2852478027344,350.04827880859375,353.27239990234375,356.14898681640625,358.6282653808594,361.18438720703125,363.3656921386719
sample_38a51616a33990ca,310.3581237792969,326.8258056640625,345.7970886230469,360.63983154296875,374.9168701171875,388.74365234375,400.73663330078125,410.40814208984375,419.88824462890625,426.5722961425781,435.9056701660156,440.31097412109375
sample_2941a94dff1f08f0,566.8159790039062,560.5211791992188,549.1752319335938,533.4273071289062,525.5184936523438,505.5094299316406,496.2053527832031,488.40106201171875,482.62548828125,471.38104248046875,465.61944580078125,457.7077331542969
sample_3fba16b055fc79d8,361.23175048828125,358.9306640625,358.08367919921875,357.55352783203125,360.4188537597656,357.6291198730469,357.88885498046875,359.54864501953125,357.578857421875,356.4338684082031,358.17584228515625,355.0767517089844
sample_8cf6f7d2469bb423,361.94970703125,362.9004211425781,364.659423828125,365.62164306640625,367.6947021484375,369.3220520019531,371.91986083984375,372.11224365234375,376.9727783203125,377.7523193359375,383.0889892578125,385.43768310546875
sample_dad6d9038b8434d0,359.07525634765625,358.5823974609375,358.78033447265625,359.0595703125,360.1818542480469,361.1855773925781,362.7816162109375,363.8423156738281,364.9187927246094,365.98345947265625,367.2498779296875,368.5174560546875
sample_6056acafb9e2d546,334.0860595703125,332.3869934082031,331.298828125,330.3260192871094,329.20782470703125,328.585693359375,328.9682922363281,329.2952575683594,330.6215515136719,329.6864929199219,332.5260925292969,329.3196716308594
sample_06b9d04738ce86d6,447.2039794921875,447.2223205566406,444.62567138671875,441.8676452636719,439.0999755859375,433.2532043457031,431.19683837890625,425.32489013671875,422.56097412109375,418.76617431640625,416.0642395019531,412.9617919921875
sample_58f2c44b12c95724,493.7179260253906,501.70367431640625,510.32049560546875,517.2762451171875,524.3460083007812,530.6078491210938,542.5010986328125,544.9097900390625,548.8888549804688,542.52880859375,543.698974609375,538.5147094726562
sample_1f75a4246986e2b0,485.23272705078125,478.54400634765625,469.6607360839844,461.7337646484375,452.9939270019531,443.6546325683594,436.8263244628906,430.0587158203125,424.4388122558594,419.9334716796875,414.3297119140625,410.74505615234375
sample_a7474810972b292a,397.15716552734375,395.47760009765625,394.437744140625,393.05322265625,392.6109924316406,392.39691162109375,392.22491455078125,392.3011779785156,392.224609375,392.20556640625,392.8216552734375,392.8262634277344
sample_40358917c031d78c,305.22845458984375,307.1716613769531,309.19610595703125,311.3453063964844,315.3970642089844,321.0080261230469,324.024658203125,328.2520751953125,329.352294921875,330.14990234375,333.7139892578125,335.447021484375
sample_344562d9bc139854,504.50274658203125,512.94677734375,527.8767700195312,541.8076782226562,551.9862060546875,548.3123779296875,548.4312744140625,539.2317504882812,524.0941162109375,524.19140625,515.337646484375,503.8158874511719
sample_3f921280464ea420,408.2118835449219,414.52691650390625,420.8753356933594,425.67144775390625,431.3631896972656,435.46746826171875,440.0906677246094,443.16058349609375,450.96923828125,452.44573974609375,455.87298583984375,459.317138671875
sample_0a4a9ff61e70fca8,300.0358581542969,302.2983703613281,306.6932067871094,310.17291259765625,314.58563232421875,319.9089050292969,324.0987548828125,328.3232727050781,332.0810852050781,334.8741149902344,338.569091796875,341.07769775390625
sample_f14ec8905e1d7d40,481.81732177734375,476.54248046875,471.7455139160156,467.9268493652344,462.70965576171875,457.4727478027344,452.9537658691406,449.224853515625,445.7476806640625,444.00042724609375,440.22149658203125,438.2768859863281
sample_90967b6553be6910,299.7243957519531,307.3731994628906,318.5152282714844,327.80609130859375,336.3470153808594,346.818115234375,354.035400390625,361.1131591796875,368.70867919921875,373.4849853515625,379.06732177734375,383.0174560546875
sample_e8d613692118ee54,509.37017822265625,498.32080078125,484.1170654296875,472.22576904296875,460.6025390625,448.0256042480469,438.7532043457031,429.1163024902344,421.2113342285156,414.6828308105469,407.79437255859375,402.60321044921875
sample_0dcba66bb8b4a77d,458.6224060058594,452.3136291503906,442.9386901855469,435.28778076171875,427.7319030761719,418.83758544921875,412.3522033691406,405.2384033203125,400.1806640625,395.2609558105469,391.3411865234375,396.62493896484375
sample_3284bdf65ea4ce70,454.2032775878906,450.3580017089844,443.1480712890625,437.3724365234375,431.2088623046875,423.34210205078125,418.1432800292969,411.38079833984375,407.09808349609375,402.7026062011719,398.2139892578125,394.5655212402344
sample_a56136f49e8b4926,484.79656982421875,482.6839904785156,477.53765869140625,475.90325927734375,471.404541015625,469.600341796875,471.84674072265625,465.936767578125,460.8440856933594,450.54974365234375,442.356201171875,429.7281799316406
sample_b0801858322fa788,391.1637878417969,394.3184814453125,396.76959228515625,398.2469177246094,400.16925048828125,400.50469970703125,401.7135314941406,401.2266540527344,401.625732421875,400.2363586425781,400.5613708496094,399.43853759765625
sample_127de26d8a32790b,311.2960205078125,313.9113464355469,318.92254638671875,322.8096008300781,327.573486328125,333.3891296386719,338.0667419433594,344.2825927734375,354.8304443359375,361.96563720703125,367.4595642089844,380.5869445800781
sample_8cb9bc9aa401d760,511.7614440917969,493.2389221191406,472.9471130371094,456.66619873046875,441.18426513671875,425.5662536621094,413.47760009765625,401.828125,391.90582275390625,383.65771484375,375.1282958984375,368.63433837890625
sample_c33b11b258af1e65,542.47705078125,551.9420166015625,558.0711059570312,558.3916015625,557.12548828125,550.9344482421875,545.0651245117188,540.0486450195312,536.409912109375,530.6121826171875,526.0993041992188,524.2862548828125
sample_f0d28634a513b048,386.56610107421875,386.34527587890625,386.66021728515625,386.8528747558594,387.46978759765625,387.41552734375,387.37493896484375,387.1600646972656,387.0668640136719,386.6688537597656,386.66107177734375,386.2153625488281
sample_d6a66da031d3dc11,332.0830383300781,333.0243225097656,336.02593994140625,338.8164978027344,342.6783752441406,347.4189758300781,350.81268310546875,354.90802001953125,357.9737854003906,360.997314453125,363.73162841796875,366.5277099609375
sample_68edd25dcbb7d88e,450.43682861328125,444.635498046875,435.49444580078125,428.04022216796875,420.34466552734375,411.0777282714844,404.6911315917969,397.37738037109375,391.77935791015625,387.09283447265625,381.91009521484375,377.96453857421875
sample_948e66e740fb7581,263.2377624511719,270.11322021484375,280.1675720214844,284.6722412109375,292.945556640625,300.9464416503906,308.63629150390625,315.76739501953125,324.97772216796875,323.6152648925781,328.92510986328125,332.4720153808594
sample_e5c5f883a45c1fa4,341.79449462890625,350.62286376953125,362.65386962890625,370.06982421875,376.08343505859375,379.87957763671875,390.70745849609375,400.8962097167969,404.5308837890625,402.7955322265625,406.4224548339844,405.69927978515625
sample_592605e903584228,431.34735107421875,428.5593566894531,424.6001892089844,421.200439453125,417.9638671875,413.4793701171875,410.2998352050781,406.83843994140625,404.2020263671875,401.6051025390625,398.7594909667969,396.54864501953125
sample_ce3b7994d8701035,600.4578247070312,585.3875122070312,565.170654296875,547.9903564453125,530.7606201171875,515.0069580078125,503.4219970703125,491.5162658691406,482.28753662109375,473.8724365234375,465.6424560546875,457.62982177734375
sample_518620c3bfb3fc9a,338.0428466796875,342.49853515625,351.4443359375,360.1839599609375,367.55731201171875,381.9306335449219,382.771484375,395.5267028808594,402.0818786621094,416.70513916015625,410.8888854980469,416.4132385253906
sample_e8034b5004519d37,359.97589111328125,359.37451171875,360.6111755371094,362.0852966308594,364.155029296875,367.8597412109375,371.8975524902344,377.05377197265625,379.7666931152344,384.81024169921875,392.626953125,405.07769775390625
sample_3f99922165ef0665,330.5595397949219,328.9093322753906,328.1322937011719,327.2104797363281,328.2786560058594,329.2903747558594,330.98931884765625,328.8011779785156,327.0736999511719,326.726318359375,328.51934814453125,328.9284362792969
sample_e0a41c42399b671d,444.2817077636719,439.2111511230469,433.0643615722656,427.97528076171875,422.352294921875,414.2958984375,407.7066650390625,404.90283203125,402.0438537597656,395.18267822265625,391.32177734375,386.8437805175781
sample_f383fd2ca4adb621,299.7080993652344,302.6895446777344,306.616943359375,309.594482421875,313.1449279785156,316.5940246582031,319.3720397949219,319.6470031738281,322.0008850097656,323.1637268066406,326.14508056640625,327.14166259765625
sample_e6c5243d2357c17f,340.6335144042969,342.7493591308594,351.25616455078125,352.2557678222656,361.98046875,368.762939453125,384.64727783203125,379.3843078613281,386.85101318359375,382.97100830078125,390.10400390625,393.5702209472656
sample_661853fdccd90d55,369.0704040527344,368.59039306640625,368.97393798828125,369.5013122558594,370.5550537109375,371.5711975097656,372.4901428222656,373.7681579589844,374.1205139160156,375.2198181152344,376.2327575683594,376.7790222167969
sample_760c8a95794ca02f,308.9278564453125,311.828125,316.7420959472656,320.7767333984375,325.8861999511719,331.8359375,336.2940979003906,341.0453186035156,345.3446044921875,348.6192321777344,352.2811279296875,355.12933349609375
sample_443061a7041e42cd,309.73883056640625,310.4200439453125,314.9427185058594,318.45318603515625,323.1069030761719,329.11865234375,333.5993957519531,337.9978332519531,341.960693359375,345.02838134765625,348.5752868652344,351.4953918457031
sample_5e8a3a318c4c45aa,405.66656494140625,407.77154541015625,408.0679931640625,407.58917236328125,409.2310791015625,408.4770812988281,407.0815734863281,402.0092468261719,398.2442932128906,395.4193115234375,394.8558654785156,393.73193359375
sample_0164bee47feb6cfa,388.3196105957031,384.8323669433594,380.1137390136719,376.33209228515625,372.31634521484375,367.8417053222656,364.32763671875,361.16046142578125,358.6597595214844,358.6172790527344,361.2320861816406,370.3717041015625
sample_41385c934388af24,319.3669738769531,319.8883361816406,323.5397644042969,326.20892333984375,330.0688781738281,335.1192626953125,338.7234191894531,342.4927673339844,346.0236511230469,348.4773864746094,351.6777648925781,354.4166564941406
sample_67c3b6a8f1c62f31,357.5640869140625,380.95306396484375,407.5771789550781,443.7880859375,483.653076171875,511.36688232421875,509.80914306640625,515.6286010742188,522.2608642578125,535.5623779296875,537.8880004882812,528.060302734375
sample_d281fda1a2725cdd,524.6111450195312,526.8367309570312,527.6685180664062,527.0599365234375,527.591552734375,525.7024536132812,525.2279663085938,521.6763305664062,520.8458862304688,519.0286865234375,517.1188354492188,515.5508422851562
sample_d658c5d02b1daace,402.5870666503906,427.2006530761719,458.4106140136719,486.18328857421875,519.775634765625,564.8392333984375,616.8480224609375,656.2727661132812,684.3162841796875,685.17919921875,715.1688842773438,742.953125
sample_98dd79537c85da77,411.0567626953125,418.89141845703125,426.8201599121094,430.9363708496094,440.6455078125,444.73004150390625,453.2889404296875,458.30975341796875,457.9106140136719,457.36944580078125,462.4833984375,459.3746032714844
sample_1a89fb5e51a000de,319.5395202636719,321.00909423828125,324.6268310546875,328.0069885253906,332.4819641113281,339.3174133300781,343.4027404785156,353.1910705566406,366.6514587402344,379.4525146484375,381.1777648925781,380.760009765625
sample_f7eac1aaffe01d53,469.723388671875,479.5609436035156,489.084228515625,491.5726623535156,484.4300537109375,475.52294921875,480.101318359375,468.4825439453125,455.1747131347656,441.30419921875,434.08502197265625,428.98956298828125
sample_6ec2583d00e4bb51,489.0711364746094,482.1922302246094,472.8411865234375,464.0474853515625,455.11859130859375,445.3397521972656,438.37158203125,430.9739685058594,424.89654541015625,420.29400634765625,414.2882080078125,410.91424560546875
sample_4faded68d796d7be,509.51898193359375,503.6334228515625,494.3831787109375,486.5192565917969,479.7070617675781,470.7056884765625,462.4149475097656,454.1502685546875,448.5364074707031,443.6613464355469,437.9763488769531,433.46746826171875
sample_c7b7694a3d1c1cb2,455.0033264160156,463.9165344238281,469.8486022949219,469.11822509765625,466.62469482421875,460.4183349609375,453.86553955078125,451.95458984375,449.2312316894531,446.2596740722656,440.9560546875,435.0366516113281
sample_0f77408a06000fb4,425.2965087890625,420.4797058105469,414.481201171875,408.9671936035156,403.1211853027344,396.776123046875,391.7458190917969,386.84857177734375,382.6425476074219,379.6020202636719,377.5726318359375,377.9476623535156
sample_d5ae905de9178492,341.3626403808594,340.5443420410156,341.5467834472656,342.0120544433594,343.9116516113281,346.6974792480469,348.678466796875,350.83172607421875,353.8963623046875,355.94390869140625,357.5178527832031,360.4422302246094
sample_10dcd5f922cee913,278.1578063964844,282.1168212890625,289.20806884765625,294.7698669433594,301.13763427734375,306.7519836425781,312.17572021484375,316.9198913574219,321.62432861328125,323.6520080566406,325.74755859375,327.820068359375
sample_6eefbcc9d292c001,402.7612609863281,400.6380920410156,400.74334716796875,399.7227783203125,397.64990234375,396.05621337890625,395.6474609375,395.82745361328125,395.5491943359375,396.7367858886719,396.6324768066406,398.37518310546875
sample_476e97579e7b90b9,405.6931457519531,403.10833740234375,402.1214599609375,400.8792419433594,398.5462341308594,397.57598876953125,394.1745300292969,394.0435485839844,394.6910400390625,395.5050964355469,392.6976318359375,390.89654541015625
sample_c092d92544c3b5d1,390.802978515625,390.0547180175781,389.5978698730469,389.2090148925781,389.46575927734375,389.220458984375,389.5318603515625,389.35394287109375,388.6805114746094,388.8198547363281,389.8600769042969,389.4933776855469
sample_6f44df8685a7d5a8,343.5658874511719,346.2578125,352.818603515625,357.7275390625,364.186767578125,371.734375,377.7433166503906,383.21142578125,388.9508056640625,391.9899597167969,397.3040771484375,400.0950622558594
sample_ed11cd80ac0261ab,362.3813781738281,389.8458251953125,428.8022766113281,468.446044921875,498.5557861328125,502.92620849609375,511.75482177734375,521.5574340820312,537.525390625,539.1376953125,533.2236938476562,514.95703125
sample_c403344ae17d0c2e,472.066162109375,468.6265563964844,464.4403076171875,460.90264892578125,456.9103698730469,452.3298645019531,449.0682678222656,445.75030517578125,441.78448486328125,439.5635681152344,436.1759948730469,434.8836975097656
sample_6ca8d2d802b198b9,352.8313903808594,358.2734680175781,361.9716796875,367.05859375,374.1497802734375,383.1781311035156,391.59423828125,399.32330322265625,401.8130187988281,407.1007080078125,409.47723388671875,412.86907958984375
sample_95ae141fe5e84fab,433.73394775390625,435.93798828125,442.9366760253906,451.57952880859375,472.771240234375,495.87884521484375,524.0457763671875,536.1403198242188,561.9945678710938,600.2719116210938,631.8826904296875,646.2713623046875
sample_9056b009e493eaa9,301.8378601074219,306.17010498046875,313.7637023925781,319.53033447265625,326.5816345214844,334.5963439941406,340.59423828125,346.947021484375,352.908447265625,356.6726379394531,361.9259948730469,365.5888977050781
sample_57a299819c5beb94,317.9366760253906,322.881103515625,328.87481689453125,333.5053405761719,339.1437072753906,344.38787841796875,349.59130859375,352.4792175292969,357.2816467285156,358.8045959472656,362.9692687988281,364.571533203125
sample_ab07f87db797395c,558.7880249023438,559.243896484375,553.7972412109375,549.221435546875,546.4722900390625,537.4471435546875,534.5901489257812,532.7689819335938,538.437255859375,548.7905883789062,557.9734497070312,574.6055297851562
sample_5e1937e123fe2a87,347.70440673828125,347.08135986328125,347.8141784667969,348.27398681640625,349.7973937988281,352.28924560546875,354.1233825683594,356.042724609375,357.64501953125,358.9478759765625,360.56756591796875,362.00067138671875
sample_1c07cf06c1f934f2,318.41412353515625,325.5523681640625,335.6122131347656,343.69805908203125,352.4590148925781,361.2710266113281,369.0185852050781,375.7470703125,382.07098388671875,386.3499450683594,392.5169677734375,395.9658508300781
sample_d6bec87a9b32c50e,392.0281066894531,392.4766540527344,391.3099365234375,389.7806091308594,388.7974548339844,385.3914489746094,383.7437438964844,379.41558837890625,377.5370178222656,375.63421630859375,373.37432861328125,371.56341552734375
sample_2847a37970e94c7b,586.2296752929688,571.1722412109375,552.8651733398438,536.9742431640625,522.7864379882812,507.0500793457031,496.22406005859375,484.4959411621094,474.9751281738281,466.38360595703125,458.3544616699219,451.6252746582031
sample_c8bf7bfa6b2f8e5b,332.6442565917969,332.6264343261719,334.5220031738281,336.0841369628906,338.83203125,342.3193054199219,344.99102783203125,348.0690002441406,350.63165283203125,352.7938537597656,355.18328857421875,357.2711181640625
sample_140112825df155ec,365.6337585449219,365.4735412597656,366.1496887207031,366.8383483886719,368.24432373046875,369.7310485839844,371.02294921875,372.5384826660156,373.4289245605469,374.9145202636719,375.984619140625,376.9256286621094
sample_273534274ada9773,462.90020751953125,452.3228759765625,439.61737060546875,429.0281677246094,417.95330810546875,407.14349365234375,398.9388427734375,393.2214050292969,392.0224609375,391.3912353515625,387.52227783203125,384.41778564453125
sample_f8b0913562a05a16,340.8777770996094,342.71917724609375,346.9114685058594,345.518310546875,345.9225158691406,347.9527587890625,348.8570556640625,354.96563720703125,358.40716552734375,356.0885925292969,355.74688720703125,357.914794921875
sample_bdff20399287ae2f,457.4118347167969,449.9342956542969,441.0355224609375,433.87408447265625,426.8565673828125,419.0108642578125,412.1917724609375,406.19091796875,401.43011474609375,397.40478515625,391.5867919921875,388.1866455078125
sample_477f110b1e9de71a,416.7850036621094,413.06158447265625,409.1625061035156,406.3738098144531,402.904296875,398.6112976074219,395.5411071777344,392.22149658203125,389.703125,387.6051025390625,384.5439453125,382.6319274902344
sample_644c324c691b4a22,400.9827880859375,401.0218200683594,397.8287658691406,395.3807373046875,395.6050109863281,391.67047119140625,394.0981140136719,398.4872131347656,421.24224853515625,453.56524658203125,479.8464660644531,515.8901977539062
sample_49556c0dbf038406,506.5536804199219,499.7441711425781,487.7164306640625,476.4853820800781,466.05572509765625,454.04071044921875,444.810791015625,434.43499755859375,427.5191955566406,421.4398193359375,414.7325439453125,409.8677978515625
sample_48483ea4521fc330,375.94329833984375,390.7563171386719,405.9893493652344,417.0076599121094,429.7880554199219,444.0003356933594,464.5257568359375,477.15728759765625,480.4241943359375,470.5053405761719,486.0699768066406,486.1090087890625
sample_945745efc025a492,402.6077575683594,400.4781799316406,398.6007080078125,396.8048400878906,395.3338928222656,393.81365966796875,392.86358642578125,391.01641845703125,390.15472412109375,389.724365234375,388.0509948730469,387.4378356933594
sample_7d7ff02b71ecd3d1,326.8111572265625,331.8532409667969,339.56976318359375,344.7706604003906,351.9947204589844,359.67596435546875,365.94158935546875,370.75042724609375,377.0038757324219,380.33636474609375,385.59649658203125,388.5882568359375
sample_7227350b3383d200,400.9710998535156,401.3623962402344,410.6128234863281,416.60235595703125,443.04541015625,493.0355529785156,549.3007202148438,556.4149780273438,581.2978515625,611.04248046875,657.967529296875,691.2258911132812
sample_ec33f7b2d209b96b,481.0586242675781,487.1345520019531,485.5827331542969,480.2134704589844,475.2661437988281,468.894775390625,463.420166015625,455.94525146484375,452.5853271484375,447.1075134277344,441.7616882324219,437.6557922363281
sample_3977e0feaf8f4f4a,301.7013854980469,303.7893371582031,308.1931457519531,311.9084167480469,316.82940673828125,322.67364501953125,326.72357177734375,331.4859924316406,335.37823486328125,338.5118408203125,342.4281921386719,345.4095153808594
sample_adc99cf779b61767,512.0036010742188,501.04571533203125,487.2283020019531,475.6144714355469,464.59039306640625,452.7538757324219,444.1005554199219,434.8179931640625,427.501953125,421.2581481933594,414.7519836425781,409.71099853515625
sample_f7e220211dc86790,401.23236083984375,397.8163757324219,393.4332275390625,389.94378662109375,385.7476806640625,381.37908935546875,377.4838562011719,375.0621643066406,372.40814208984375,370.2654724121094,366.76873779296875,365.3833923339844
sample_dfe30d29f27de944,447.2633056640625,443.87176513671875,439.68341064453125,436.89459228515625,432.951171875,429.16937255859375,426.27752685546875,424.19097900390625,421.6239318847656,420.3606872558594,417.0496826171875,415.7687683105469
sample_d0febf4bf4ce968d,330.52862548828125,337.486328125,346.4730224609375,355.47467041015625,367.3343505859375,378.85943603515625,380.81353759765625,394.48944091796875,406.5958251953125,415.46746826171875,411.2828674316406,414.62884521484375
sample_eb1ebf539e7bb58f,517.2818603515625,515.9673461914062,512.9064331054688,510.09417724609375,508.51202392578125,506.99969482421875,506.6557922363281,507.7715148925781,516.1420288085938,531.8854370117188,537.2764892578125,549.5864868164062
sample_7c979400d3ea29d9,556.5548706054688,549.7276611328125,536.8958129882812,521.987060546875,512.8787841796875,505.26141357421875,494.6878662109375,480.3807373046875,468.8056640625,465.71392822265625,455.9197998046875,449.4908447265625
sample_f60d1be09f61cf08,444.1976013183594,444.7404479980469,444.3591003417969,443.74334716796875,443.9066162109375,443.69293212890625,443.6783447265625,442.730224609375,443.2935485839844,442.85162353515625,442.21875,441.8230285644531
sample_1736c4e3acbea6b4,485.2325744628906,473.61517333984375,459.5057373046875,448.167724609375,437.22747802734375,425.81103515625,416.8243408203125,408.1095275878906,400.8056640625,394.2824401855469,387.59649658203125,382.9343566894531
sample_cd398c89daa56120,480.5984191894531,474.9233093261719,464.68878173828125,455.97369384765625,447.9442443847656,438.2254638671875,431.388427734375,422.77398681640625,417.28912353515625,412.1015930175781,406.30584716796875,401.96844482421875
sample_6733dea93b3b5cd2,323.3716125488281,329.87664794921875,331.9580383300781,344.0851745605469,348.01953125,370.4205627441406,366.869140625,361.2249755859375,359.75994873046875,368.8616638183594,365.40655517578125,370.84783935546875
sample_5f66ee2eb7bba81b,391.0521240234375,389.19775390625,387.84393310546875,386.4250183105469,385.44830322265625,384.2112121582031,383.4466247558594,382.16644287109375,381.9152526855469,380.90887451171875,380.1463928222656,379.32421875
sample_16df4ad1afe44393,526.612060546875,513.9948120117188,499.7554931640625,488.31610107421875,478.6648864746094,467.97637939453125,462.52874755859375,456.8485107421875,456.92486572265625,450.00836181640625,444.0920715332031,444.5327453613281
sample_457ed66a8ca0c6cc,344.5223693847656,343.026611328125,342.7330627441406,343.18402099609375,343.8726806640625,347.0702209472656,357.1388244628906,380.2215881347656,400.66552734375,404.86505126953125,411.4710388183594,429.46942138671875
sample_bdd9208cea7c188c,393.2801208496094,396.2225646972656,398.6654357910156,399.684814453125,406.3512268066406,414.9058532714844,421.7669372558594,416.4317321777344,415.6993713378906,416.2937316894531,420.7347412109375,415.5751953125
sample_85d2e4d4aa180744,332.9878845214844,336.0967102050781,340.7422180175781,343.96685791015625,348.7361755371094,353.3477783203125,357.3079833984375,360.8419189453125,364.7025451660156,367.4858703613281,370.7007141113281,373.2713623046875
sample_633d0b448721504b,309.4662170410156,313.3013000488281,319.9856872558594,325.49688720703125,331.67486572265625,338.77264404296875,344.01953125,349.5605773925781,354.67205810546875,358.4855651855469,362.9206848144531,366.26031494140625
sample_47828c4bc58bd981,375.28729248046875,371.7311096191406,368.00274658203125,364.8861083984375,361.7917785644531,358.8514099121094,356.5495300292969,354.5672607421875,352.9438781738281,350.6085205078125,348.851806640625,348.2387390136719
sample_af08e61059c3ad67,379.5368957519531,378.01593017578125,377.44830322265625,378.09307861328125,378.5773010253906,385.4804382324219,401.8461608886719,404.8876647949219,425.63739013671875,446.2080993652344,454.1768798828125,458.41778564453125
sample_e69fbef0aafd943c,305.98193359375,310.83843994140625,320.26416015625,327.53961181640625,338.3956298828125,345.9464416503906,351.8510437011719,359.3436584472656,368.031982421875,369.2391662597656,374.2484130859375,377.24993896484375
sample_fd30ee4c694f2e6f,496.3670349121094,504.5950012207031,511.77850341796875,517.0274658203125,524.4265747070312,533.8224487304688,539.4047241210938,539.9402465820312,536.2750854492188,531.9190063476562,528.111083984375,524.720703125
sample_e75fb077ad7604d8,517.517578125,529.871826171875,544.3773803710938,547.9552612304688,556.4473876953125,568.0010986328125,586.0050048828125,585.5199584960938,602.4742431640625,616.545166015625,625.1423950195312,614.2310791015625
sample_441dde2357f9dfb6,395.11651611328125,392.6360168457031,390.183837890625,388.33349609375,386.1397399902344,384.00274658203125,382.20379638671875,381.12152099609375,379.0511779785156,378.88995361328125,377.64263916015625,376.9262390136719
sample_b17325b2be6ff9a6,435.0699157714844,433.2643737792969,430.6007080078125,428.2427673339844,425.9273986816406,421.6799621582031,419.08380126953125,414.936767578125,412.039306640625,408.9862976074219,405.87872314453125,403.073486328125
sample_744b9d2bf917c7f6,350.1324768066406,355.9918212890625,360.94439697265625,363.5464782714844,366.41180419921875,368.81524658203125,374.7669372558594,381.1775207519531,384.1656188964844,384.6313781738281,386.7753601074219,397.4036560058594
sample_b239f71f67685bc9,358.05078125,357.0766296386719,356.8425598144531,356.1592102050781,356.38275146484375,356.5409851074219,357.4230651855469,357.0024719238281,358.4500732421875,358.2106628417969,358.6936340332031,358.8883056640625
sample_ac23c0783f35e860,460.1044616699219,455.3005676269531,446.56427001953125,439.37969970703125,432.3016052246094,423.62481689453125,419.65362548828125,413.1604309082031,411.453857421875,409.7546081542969,409.740478515625,408.1168212890625
sample_bc1f10b496b10184,473.44940185546875,470.6999816894531,467.3295593261719,464.8455810546875,462.04876708984375,459.419189453125,458.094970703125,454.0791320800781,449.8668518066406,443.8269348144531,442.96575927734375,447.2367858886719
sample_a686db54f0ce55a2,486.0811767578125,475.6213684082031,461.6728210449219,450.87091064453125,440.128173828125,428.862060546875,420.2874755859375,411.3807373046875,404.69500732421875,398.3776550292969,392.95513916015625,388.5967102050781
sample_ef4d469fdde5cf59,580.6370849609375,564.2485961914062,547.3939208984375,533.595947265625,520.063232421875,504.05364990234375,493.1322021484375,482.6010437011719,477.2418212890625,471.5808410644531,469.49578857421875,467.4953918457031
sample_658f58568a62fcb3,391.7785339355469,388.37603759765625,383.8916320800781,380.2248229980469,376.5165710449219,373.6733093261719,374.33477783203125,371.9197998046875,368.3202209472656,364.1388854980469,360.7563781738281,357.9927978515625
sample_0651b8cd66f4aa1d,414.0195617675781,409.8450927734375,404.3082275390625,399.0921936035156,394.90985107421875,390.29156494140625,386.3861999511719,383.90283203125,381.8365478515625,380.17364501953125,377.8226318359375,376.4944152832031
sample_48ce87465168f68b,414.86285400390625,418.1689147949219,423.9998474121094,433.3492736816406,442.0763244628906,439.6978759765625,442.9845886230469,446.67242431640625,452.2566833496094,449.9571838378906,452.36505126953125,450.2720031738281
sample_11ac3461b7f1ce0d,566.8440551757812,561.5309448242188,553.8836669921875,548.7188110351562,541.5955810546875,530.0540161132812,516.8528442382812,504.2180480957031,488.97039794921875,476.9408264160156,466.06292724609375,456.04473876953125
sample_31312a4cd19de752,326.0426940917969,324.468994140625,323.3927307128906,322.6072692871094,323.2505187988281,325.3031311035156,327.1727600097656,331.0829772949219,343.1745300292969,366.342041015625,384.44189453125,391.48175048828125
sample_082f05492d91ef69,377.39447021484375,375.04644775390625,372.8436584472656,370.7137145996094,368.477294921875,366.9018249511719,363.1884460449219,361.3299865722656,359.45465087890625,357.7314147949219,355.7223815917969,354.4569091796875
sample_3c514bfffd63f820,395.027587890625,394.4278259277344,393.6586608886719,392.84942626953125,392.1999206542969,390.4017639160156,390.1886901855469,388.1410217285156,387.28289794921875,385.7034606933594,384.84747314453125,383.55194091796875
sample_a83c2f1e5015ce57,333.2431945800781,336.9708251953125,342.1868591308594,346.32269287109375,351.7742004394531,357.0474548339844,361.7488098144531,365.32666015625,369.9909973144531,372.13916015625,375.71221923828125,377.9072265625
sample_6aadca2d093e6b1b,350.7506103515625,354.7543640136719,359.38824462890625,362.7605895996094,367.0301513671875,370.51312255859375,374.2410583496094,376.299560546875,378.7839050292969,380.0145263671875,382.7431335449219,383.6090393066406
sample_ac02c5e51920b4bf,534.2141723632812,524.6915283203125,512.1734008789062,501.53302001953125,490.7789611816406,478.74774169921875,470.3935546875,461.5095520019531,453.93792724609375,447.3931884765625,441.27227783203125,436.484375
sample_1fb9e9ad80e8fd20,513.66748046875,502.8111877441406,487.2280578613281,474.80401611328125,462.72723388671875,449.7107238769531,440.209228515625,429.8891906738281,421.8187255859375,415.1473693847656,407.9145202636719,402.38372802734375
sample_1b0c5ce5763f831e,381.0505065917969,379.39764404296875,378.63568115234375,378.1815490722656,378.186279296875,377.7403869628906,377.3908996582031,377.63592529296875,378.3636779785156,378.5679626464844,379.38128662109375,379.9943542480469
sample_79ab7d08d72841a4,338.82427978515625,336.9552307128906,335.6077880859375,333.9207763671875,333.06854248046875,332.8932800292969,334.3978576660156,341.4747009277344,357.7856750488281,371.5033874511719,375.0549621582031,388.8814392089844
sample_44e39992c98fbb7f,340.60528564453125,343.3268127441406,347.7379455566406,355.93359375,362.59881591796875,364.38427734375,369.727783203125,376.8080139160156,380.04742431640625,386.2309875488281,383.6199035644531,378.8594970703125
sample_e3bfa4eacf797bed,354.5078125,352.9439697265625,351.9898986816406,352.7521057128906,351.486328125,349.50543212890625,348.0924072265625,346.73846435546875,345.4266357421875,346.7229309082031,352.4014892578125,357.03253173828125
sample_4a4cbbebedd5b6e7,553.17626953125,539.3359375,526.033447265625,512.4564208984375,499.2766418457031,486.7757873535156,477.2189025878906,469.9841003417969,464.31329345703125,462.322265625,458.9074401855469,463.8142395019531
sample_465b3d65212c1944,359.7431945800781,358.90679931640625,358.7992858886719,358.7442321777344,359.49835205078125,360.0509033203125,360.8990783691406,361.6459655761719,362.03466796875,362.621826171875,363.8395690917969,364.2969055175781
sample_5e37a187de4ea6a4,369.8665466308594,368.85809326171875,368.1358947753906,367.6777038574219,367.9490966796875,370.64788818359375,372.3493957519531,378.6571350097656,406.10821533203125,425.8616638183594,430.3818359375,437.03631591796875
sample_f1c12d4005a2dbb3,373.9538269042969,372.71685791015625,372.00738525390625,371.5950622558594,371.5458984375,371.8821716308594,372.0436706542969,372.7799987792969,372.7865295410156,373.27642822265625,373.6142272949219,373.854248046875
sample_ba883f386ebe18f0,335.4980163574219,338.161865234375,342.0682678222656,344.99932861328125,349.07928466796875,353.6067810058594,357.2242431640625,360.5469970703125,364.3370666503906,366.6506042480469,370.0664367675781,372.0802917480469
sample_5c1e68fb1a98d156,561.1830444335938,555.19482421875,544.7310791015625,534.3793334960938,521.593994140625,509.7944641113281,503.39813232421875,497.34686279296875,493.33685302734375,489.59722900390625,486.6945495605469,484.074951171875
sample_24d6fa403a1fbc49,398.5334167480469,397.9573059082031,398.0351867675781,401.3421936035156,403.4824523925781,418.1192626953125,416.0775451660156,416.3334045410156,397.5143127441406,390.9885559082031,390.24127197265625,394.9928283691406
sample_e8dcccb33a3315d4,372.37542724609375,372.71038818359375,373.8752136230469,375.0364074707031,381.52313232421875,382.78436279296875,382.9156799316406,396.18426513671875,381.8383483886719,381.5440673828125,386.5074768066406,386.6807861328125
sample_fa169c002316f24a,392.6021423339844,388.32928466796875,382.495361328125,378.65386962890625,374.4283447265625,370.7955322265625,369.3722839355469,364.7604675292969,362.76171875,358.57403564453125,354.1075439453125,352.7752685546875
sample_a1e8a6cb85bd9174,581.4937133789062,562.8592529296875,540.0025634765625,521.2274780273438,504.0083923339844,486.5389404296875,473.26544189453125,460.52642822265625,450.127197265625,441.36328125,432.56646728515625,428.41748046875
sample_881b36d74df341d3,411.3427429199219,417.5935974121094,422.5614929199219,426.7436828613281,422.4252014160156,423.59527587890625,428.8154296875,424.1588439941406,410.5375671386719,404.69384765625,400.3526611328125,397.7191467285156
sample_b0fed452a2b487a1,319.1112976074219,320.07763671875,323.22735595703125,326.0933837890625,329.95965576171875,334.9460144042969,338.44866943359375,342.6080017089844,345.7470703125,348.543212890625,351.70159912109375,354.4715270996094
sample_85e4bd9b5c2e38c4,535.28271484375,528.0660400390625,513.1051025390625,499.9805603027344,488.967529296875,477.9404296875,469.8470153808594,460.0112609863281,454.0701599121094,448.3358459472656,442.16363525390625,436.5902099609375
sample_dcb432f816a14e06,347.16064453125,346.9334411621094,347.6396789550781,352.3837890625,365.7135925292969,370.4414367675781,376.50042724609375,376.5741271972656,409.6003723144531,437.80035400390625,459.32879638671875,441.07427978515625
sample_8c0443e88785d1f0,441.315673828125,444.80352783203125,446.3528747558594,446.3870544433594,446.99993896484375,446.3503112792969,447.3731384277344,443.8113708496094,440.5810852050781,437.2596740722656,431.49212646484375,429.7430114746094
sample_ec430834084c1119,285.4990234375,290.7339172363281,298.6807556152344,304.7210693359375,311.6946716308594,319.28326416015625,325.3167419433594,330.94024658203125,337.0038757324219,340.5963439941406,345.6503601074219,349.0879211425781
sample_28408913776be56f,459.7022705078125,477.5685729980469,505.0744934082031,538.2462158203125,556.045166015625,574.884521484375,574.787109375,577.6285400390625,557.6411743164062,546.354736328125,511.8482360839844,502.2648620605469
sample_f2f3b8990beab323,618.9743041992188,614.0455932617188,605.286865234375,597.892578125,587.9077758789062,578.5913696289062,576.189208984375,574.7841796875,579.577392578125,587.9552001953125,596.5772705078125,612.0648193359375
sample_24631fb4f1a89a21,346.2892150878906,346.5372314453125,348.1731262207031,349.468505859375,352.0242614746094,355.164306640625,357.10955810546875,359.7757873535156,361.62353515625,363.8571472167969,365.56976318359375,367.5506591796875
sample_5d9b08eb34c9c587,511.0444030761719,506.7035827636719,502.5787048339844,502.2744445800781,507.8556823730469,518.7055053710938,536.8823852539062,561.8080444335938,566.1048583984375,571.9517822265625,569.379638671875,561.134521484375
sample_73a99713a0b1dd1d,363.0602111816406,361.26171875,360.0210266113281,358.4911193847656,357.5326843261719,357.18780517578125,357.08123779296875,356.201171875,356.4098205566406,357.28271484375,355.72314453125,355.7380065917969
sample_f2849a20ce728ccd,386.2478942871094,386.59185791015625,387.0384216308594,387.34930419921875,388.1048278808594,388.3733825683594,388.8206787109375,388.5505676269531,388.8202209472656,388.41876220703125,388.28302001953125,387.8221740722656
sample_4c2c02fd608314ce,595.5206909179688,586.9879150390625,574.256591796875,558.383056640625,544.0648193359375,529.760009765625,516.1658935546875,504.8146057128906,492.4413757324219,484.50115966796875,476.9516296386719,471.16943359375
sample_94fd7f19c90a9fb3,302.0918273925781,306.99835205078125,314.8472900390625,320.94403076171875,327.9632873535156,335.869873046875,342.00433349609375,348.1300964355469,353.9539794921875,357.6483154296875,362.97369384765625,366.4765625
sample_50f8b9a484291d79,604.0986938476562,587.7561645507812,567.2266235351562,552.1483764648438,535.91162109375,518.4713745117188,507.7777404785156,496.6857604980469,487.77337646484375,478.9035339355469,470.7855529785156,463.736328125
sample_6a7e7fb247a00189,320.16937255859375,327.2583312988281,335.5281982421875,352.4673767089844,358.7717590332031,356.1434326171875,356.6346740722656,364.04193115234375,359.481201171875,367.69354248046875,367.421142578125,363.9343566894531
sample_69eaaf5ebbdc14d7,374.4361572265625,373.69091796875,373.2106628417969,371.13629150390625,370.0690612792969,369.2546691894531,369.1844787597656,369.6537170410156,369.52178955078125,369.1739196777344,368.0133361816406,369.9852600097656
sample_6f8ebedf529650c1,331.77630615234375,330.99609375,332.2890625,333.40618896484375,335.1962585449219,338.3302917480469,340.6171569824219,343.5842590332031,345.3930969238281,347.503662109375,349.9831848144531,351.5526123046875
sample_d469f4ab64df3b38,352.1166687011719,352.4915771484375,356.01885986328125,358.4773864746094,362.2437438964844,366.80682373046875,370.5072021484375,375.1605529785156,379.2232360839844,379.3197021484375,383.2767028808594,388.11065673828125
sample_fcdb8bf5c8896611,399.7076416015625,397.9753723144531,395.17034912109375,393.0736999511719,390.56829833984375,389.42340087890625,387.718505859375,383.7859191894531,381.27569580078125,379.902099609375,379.0094909667969,375.7338562011719
sample_8379c16c0ee18251,587.2101440429688,599.7755737304688,607.6271362304688,602.3416137695312,592.5486450195312,584.6262817382812,582.7915649414062,551.202880859375,543.64453125,535.0054931640625,515.11767578125,503.01226806640625
sample_cda8f1b16a3abbf1,400.08758544921875,402.4263000488281,404.456787109375,405.0768737792969,405.99664306640625,406.26763916015625,407.00494384765625,406.308837890625,406.9110107421875,405.34259033203125,405.4488525390625,404.042724609375
sample_2e489e168c6c4e52,414.7901916503906,445.550048828125,481.634033203125,515.7896728515625,548.55322265625,585.453125,616.7445068359375,633.8252563476562,624.2778930664062,611.0006713867188,590.4639892578125,584.28759765625
sample_4379938acd95738d,345.2808837890625,345.2786560058594,347.27197265625,352.51458740234375,362.32916259765625,386.6632080078125,392.24560546875,398.6080322265625,388.0907897949219,401.5254211425781,399.6397705078125,418.4203796386719
sample_6cebb51b274c0f2e,316.247314453125,318.8533020019531,323.6168212890625,328.54510498046875,333.64849853515625,344.84564208984375,357.5230712890625,371.97076416015625,371.756591796875,367.2377624511719,388.6017761230469,396.3583679199219
sample_13349a9c541d5f5f,348.2081604003906,353.2328796386719,359.2359924316406,363.670654296875,368.97491455078125,374.0571594238281,378.7433166503906,381.885986328125,386.1341552734375,387.99871826171875,391.29876708984375,392.57281494140625
sample_98b5cff173db1517,590.3580932617188,578.3551635742188,562.9774780273438,548.4887084960938,535.8260498046875,521.5260009765625,512.5772705078125,500.39764404296875,494.135498046875,490.46807861328125,481.2325439453125,472.72332763671875
sample_023618e29570fd33,340.0663757324219,341.53521728515625,340.9057922363281,342.0584411621094,344.4573974609375,345.3020324707031,345.4873962402344,349.05120849609375,346.1900634765625,347.9940490722656,351.8468322753906,352.800048828125
sample_cb9288e2881a7a81,369.1671142578125,368.4097595214844,368.29400634765625,367.79156494140625,365.5191345214844,364.85406494140625,363.7158508300781,362.4410095214844,361.70916748046875,360.281005859375,359.6252136230469,358.2812805175781
sample_d47391f583eff54f,389.70458984375,388.30810546875,389.5412292480469,391.5100402832031,406.9860534667969,424.666259765625,446.635009765625,484.0284423828125,560.304443359375,612.9034423828125,650.529296875,672.78173828125
sample_a559afc7e0875413,350.92633056640625,349.79412841796875,349.6394348144531,349.3059387207031,349.9429931640625,351.0317077636719,352.49493408203125,353.0910949707031,354.92376708984375,355.0816345214844,356.3935852050781,356.8399658203125
sample_59c5339caadddf8b,301.8476257324219,323.7440185546875,345.91015625,362.965576171875,379.27020263671875,395.0736083984375,408.8556823730469,420.8454895019531,431.23077392578125,438.40020751953125,447.9569091796875,454.18109130859375
sample_273d14b13f6887ba,300.15673828125,313.34228515625,330.5458679199219,341.08343505859375,353.8392639160156,366.45684814453125,378.40155029296875,386.75390625,395.2289733886719,399.6714782714844,407.0576171875,411.99212646484375
sample_84e4c56583df04b9,370.6699523925781,379.50732421875,390.15447998046875,401.1375427246094,404.784423828125,408.4600830078125,406.4325256347656,408.23516845703125,415.5570373535156,415.81304931640625,411.99005126953125,404.15966796875
sample_845f60c919d3b7eb,316.4072265625,339.07000732421875,362.0773620605469,379.3962097167969,397.04620361328125,413.68756103515625,428.353759765625,439.7742919921875,450.41510009765625,458.406982421875,468.3632507324219,474.62005615234375
sample_5230a6d7de4ae486,385.96002197265625,384.1044921875,382.67724609375,381.3299560546875,380.2138977050781,379.3197326660156,379.39501953125,378.1156005859375,378.43695068359375,377.2801513671875,376.94488525390625,376.7740173339844
sample_39c30337ba28714b,366.0686950683594,369.70965576171875,373.7352600097656,376.9007263183594,380.667236328125,383.5575256347656,386.62591552734375,388.1232604980469,390.6180114746094,391.33526611328125,393.73162841796875,394.05706787109375
sample_f8f413b7ce0065b0,471.5196228027344,471.4925231933594,470.4113464355469,469.1821594238281,468.22802734375,466.62396240234375,465.8428039550781,463.968994140625,463.5947265625,462.50933837890625,461.48065185546875,460.2389831542969
sample_96e4f1caf1b9609a,318.4126892089844,319.5586853027344,322.6058654785156,325.2752685546875,329.00653076171875,333.791015625,337.1250915527344,341.0740966796875,344.2980651855469,347.0752868652344,350.21661376953125,353.0273742675781
sample_c929983834d2fcca,384.6677551269531,385.29278564453125,386.2269592285156,386.7493591308594,387.76214599609375,388.1935119628906,388.7830505371094,388.8359375,389.3490905761719,388.7713928222656,388.93609619140625,388.322265625
sample_e75f8b578083ac40,438.69775390625,434.7311096191406,429.5789489746094,424.61273193359375,419.3908386230469,412.984619140625,407.7221984863281,401.7164001464844,397.08502197265625,394.2154541015625,390.027587890625,387.504150390625
sample_36be80cee7fad7d9,408.3104248046875,405.9078674316406,403.1004943847656,400.7383117675781,398.39898681640625,395.5869445800781,393.396240234375,391.0486145019531,388.3966369628906,386.5867614746094,384.51300048828125,382.8475036621094
sample_1628ccf93af06100,482.0423889160156,471.6426696777344,458.8674011230469,448.689453125,438.4910583496094,428.375732421875,419.6794738769531,412.9807434082031,406.382568359375,400.0968017578125,393.0505676269531,388.8717041015625
sample_7b2d03524718e87f,337.8177490234375,347.1318359375,356.4047546386719,365.1044616699219,372.9851379394531,380.76885986328125,382.97393798828125,385.85552978515625,387.68927001953125,393.6429443359375,400.8049621582031,408.9109802246094
sample_7b9ec3bca9d5af19,325.8128662109375,327.890625,331.1791076660156,333.6765441894531,337.51947021484375,341.55816650390625,344.91033935546875,347.6317443847656,350.597412109375,352.5293884277344,355.4352722167969,357.5838623046875
sample_749047c81894b994,428.66522216796875,431.3865966796875,432.7627868652344,433.3626403808594,437.2133483886719,439.42138671875,442.8949890136719,444.50799560546875,461.89556884765625,471.8582763671875,485.33941650390625,486.259033203125
sample_b9f0e36bf8b65c72,286.509521484375,302.2033996582031,322.2413330078125,337.18499755859375,351.4166259765625,361.2044982910156,370.16741943359375,379.4861145019531,391.3026123046875,397.91729736328125,405.39154052734375,407.5401611328125
sample_fb4d3763986c3bce,495.6304626464844,511.03076171875,521.9066162109375,534.190673828125,543.97607421875,541.3590698242188,535.89306640625,530.7809448242188,531.7045288085938,521.5584716796875,514.4613037109375,512.136474609375
sample_f9f2af6c325321ed,480.3665771484375,473.5632629394531,464.3133544921875,456.9402160644531,450.2691345214844,443.99505615234375,441.7972412109375,441.8621520996094,442.8648681640625,441.1496276855469,433.07000732421875,428.6197509765625
sample_11bcf7f60f09dcc7,451.8392333984375,452.74609375,450.675048828125,448.6189880371094,446.0093688964844,437.88812255859375,432.2233581542969,424.0435485839844,419.7920227050781,416.1405944824219,412.96575927734375,409.630615234375
sample_f87080118ff253ca,376.4756164550781,399.7137756347656,425.0224609375,445.13330078125,466.44818115234375,488.7184753417969,507.2412109375,525.8692626953125,546.7314453125,570.8947143554688,585.207763671875,609.3479614257812
sample_535e63c3c66f8dc2,326.2825927734375,328.0943603515625,330.8107604980469,333.30419921875,334.7655334472656,332.57281494140625,334.0955810546875,336.0885009765625,342.1576843261719,347.7964172363281,352.5180969238281,364.38629150390625
sample_75b9266b9c18fd12,438.8292541503906,458.1511535644531,465.5750732421875,467.23260498046875,467.03741455078125,466.3159484863281,471.2488708496094,468.27923583984375,460.30755615234375,454.9639587402344,447.91009521484375,443.8298034667969
sample_486436cb5d758a0e,348.3412780761719,350.7674255371094,353.70697021484375,355.626953125,358.8537292480469,361.54296875,364.2436218261719,366.02496337890625,368.0947265625,368.83624267578125,371.2652282714844,371.9776916503906
sample_392be734cdf2baa9,427.69244384765625,432.0315246582031,433.1656188964844,434.0156555175781,432.1874694824219,427.681640625,427.0675964355469,421.9014587402344,420.5716857910156,417.2763366699219,415.2257995605469,412.0225524902344
sample_d35ed983136c9215,389.3489990234375,389.6701354980469,390.43170166015625,390.9578857421875,392.00732421875,392.35125732421875,392.5668640136719,392.6257629394531,392.6278381347656,392.093017578125,392.2201232910156,391.790283203125
sample_6c82dc5488ef0876,368.28802490234375,396.3684997558594,430.69000244140625,458.3509826660156,457.7218322753906,461.8414306640625,478.92681884765625,489.9403991699219,481.6712646484375,484.83563232421875,485.4869384765625,485.3168029785156
sample_035a29eba2098557,323.510498046875,322.7415771484375,323.884521484375,324.7606506347656,326.577392578125,329.6740417480469,332.07598876953125,334.3918762207031,336.91912841796875,338.6847839355469,340.703369140625,342.49774169921875
sample_9cebc85f740acf3d,387.5872497558594,386.7508850097656,386.1551208496094,385.64483642578125,385.3569641113281,384.7271423339844,384.552734375,384.2406005859375,383.61627197265625,383.32098388671875,383.29681396484375,382.8811340332031
sample_45cb01a337990a05,343.3901062011719,342.5296936035156,343.4886169433594,343.96142578125,345.8296203613281,348.8808898925781,351.06622314453125,353.1935729980469,355.44732666015625,357.008056640625,358.7634582519531,360.5406799316406
sample_be69e26376bf9122,439.2752380371094,433.26239013671875,425.70294189453125,419.56964111328125,413.11407470703125,407.10504150390625,402.5950927734375,397.7197570800781,393.25213623046875,389.55877685546875,385.8367919921875,381.17755126953125
sample_558e25b33198de52,302.2838439941406,306.76708984375,313.06915283203125,317.744873046875,323.6561279296875,329.32586669921875,334.32354736328125,338.357177734375,343.07989501953125,345.3643493652344,349.2625732421875,351.7090148925781
sample_53c6e2f4ef810354,410.0277404785156,403.70599365234375,396.119384765625,390.36279296875,383.5387878417969,376.62481689453125,370.91302490234375,366.4926452636719,362.6078796386719,359.3751220703125,355.03466796875,351.62298583984375
sample_9734f9ef13dd1a6d,420.2183532714844,427.7848205566406,436.91754150390625,443.97021484375,452.98358154296875,458.35980224609375,458.4506530761719,456.3707580566406,462.44537353515625,458.5186462402344,445.536865234375,435.77081298828125
sample_90a12fa9f5a01f1e,392.84979248046875,393.24420166015625,392.7737731933594,391.9163513183594,390.4875793457031,389.1415100097656,389.7173767089844,388.9382629394531,391.0649108886719,391.0129089355469,391.95794677734375,391.8512268066406
sample_21fa076dd4782e84,339.34576416015625,345.1837158203125,351.722412109375,355.3569641113281,360.812744140625,367.52947998046875,373.7197265625,377.36737060546875,381.422607421875,381.84613037109375,385.66363525390625,387.9304504394531
sample_f55c34ced42c5971,536.2581176757812,541.618408203125,542.513916015625,540.198486328125,539.5635986328125,536.3910522460938,531.7273559570312,526.702880859375,526.0712280273438,525.2010498046875,523.8533325195312,522.9219360351562
sample_059c038ab3b49f9c,425.7093200683594,422.98040771484375,419.3016662597656,416.8205871582031,414.5142822265625,412.987548828125,413.1257019042969,414.3045654296875,415.7637023925781,412.8664855957031,408.251953125,400.1257629394531
sample_b177fb9800adb2a6,385.59368896484375,436.23388671875,477.03314208984375,494.6201171875,511.01104736328125,534.8614501953125,527.317626953125,520.0726928710938,523.1175537109375,522.8014526367188,518.4569091796875,512.5025024414062
sample_c9523590822680e7,323.8888244628906,326.0691833496094,329.84588623046875,332.850341796875,337.347900390625,342.06939697265625,345.8448486328125,349.26226806640625,352.5637512207031,354.8187255859375,358.0156555175781,360.38629150390625
sample_2ac76544e0d17c4d,488.3648681640625,485.8664245605469,482.41961669921875,475.9022521972656,464.53375244140625,451.4515380859375,446.65362548828125,434.5604248046875,429.2738952636719,420.89703369140625,414.6468505859375,410.02203369140625
sample_381d1c97dd42bcd9,298.67266845703125,305.5310363769531,318.765380859375,325.58270263671875,328.9709167480469,330.2546691894531,336.2539978027344,341.5097351074219,347.5027770996094,350.8043212890625,355.5426025390625,358.8103332519531
sample_3e74de15145407bb,382.8083801269531,381.2637939453125,379.6252746582031,380.98974609375,376.1857604980469,374.4568176269531,374.46893310546875,373.29693603515625,371.736572265625,372.8122253417969,368.19610595703125,367.7286682128906
sample_3ed01bb9071ca82d,527.8272094726562,516.7025146484375,502.53363037109375,490.7959289550781,479.6025390625,467.0256042480469,457.84246826171875,448.40106201171875,440.6104736328125,434.3067321777344,428.087646484375,423.37982177734375
sample_c295e24dc09c5f58,380.1564636230469,385.22222900390625,390.1524963378906,393.27349853515625,397.4305725097656,399.54656982421875,402.4195861816406,402.92327880859375,405.8609313964844,405.28497314453125,407.3213195800781,406.8898620605469
sample_9788ccf98419251e,372.7498474121094,376.4176940917969,383.45062255859375,391.9432373046875,408.02667236328125,424.304443359375,433.0269775390625,439.3606262207031,438.8324279785156,443.0467529296875,451.71484375,452.0807800292969
sample_ed1a0f8e01a16be2,470.69537353515625,464.635498046875,456.09173583984375,449.0652160644531,438.3193359375,429.4242248535156,421.2991638183594,413.81805419921875,407.83795166015625,402.9854736328125,397.0063781738281,392.85675048828125
sample_19d13cdc064fde21,536.4905395507812,569.0260620117188,592.30224609375,624.24609375,651.9039306640625,647.3323974609375,616.6629028320312,610.7640991210938,594.6585693359375,571.0778198242188,540.8438110351562,518.8250122070312
sample_e16585d531743ad5,375.2231750488281,372.7479553222656,370.4547119140625,369.3502197265625,369.6888122558594,373.9468994140625,377.1748352050781,382.76220703125,385.2315368652344,391.04052734375,393.9893798828125,401.5500183105469
sample_90ea5073a72bde55,359.6074523925781,358.78021240234375,358.77325439453125,359.0294189453125,359.9759826660156,361.4281311035156,362.61773681640625,364.03997802734375,364.7712707519531,366.14508056640625,366.76123046875,367.8727111816406
sample_b3b11f671c60ced5,355.9073486328125,355.9513244628906,357.01934814453125,357.92791748046875,359.8863830566406,362.4153747558594,364.0690612792969,366.2164611816406,367.4015197753906,369.255859375,370.2349548339844,371.59619140625
sample_845bdda5f3ab0df8,354.5077209472656,356.62884521484375,359.1582946777344,361.5608215332031,363.8316955566406,365.3107604980469,366.23797607421875,368.67919921875,370.60235595703125,372.91253662109375,374.6517028808594,376.2427062988281
sample_f9542835f5eab3e7,451.1210021972656,449.9810485839844,446.11505126953125,439.66412353515625,436.02392578125,431.0550537109375,429.62213134765625,424.7774353027344,419.49920654296875,414.64324951171875,411.14288330078125,408.7997741699219
sample_68cf41e9121450a8,401.5205078125,399.1317443847656,396.8367004394531,394.7881164550781,392.8242492675781,390.8088073730469,391.5511474609375,390.62152099609375,387.7328186035156,382.7582702636719,380.5441589355469,381.0524597167969
sample_73313bd9e8280ab0,450.85882568359375,445.9914245605469,438.8005676269531,432.71075439453125,427.18353271484375,419.5439147949219,413.5323486328125,406.7706298828125,401.3063659667969,396.751220703125,391.5797119140625,388.012939453125
sample_2e05dfa4f0da896c,342.7905578613281,343.4846496582031,345.2739562988281,346.8158874511719,349.8058166503906,353.6031799316406,355.9659729003906,359.4300231933594,361.5150451660156,364.0945129394531,366.5273742675781,368.7417297363281
sample_b1202384d9bda4b1,358.087890625,361.3309631347656,372.06890869140625,383.4895935058594,398.3459777832031,418.70379638671875,434.7553405761719,441.78436279296875,452.37451171875,459.0583190917969,450.677734375,451.90576171875
sample_59daf4f83929d2d7,379.5073547363281,379.8503723144531,379.7554016113281,379.39971923828125,379.4187927246094,376.3496398925781,375.40911865234375,373.5524597167969,372.634033203125,374.7540283203125,373.6133728027344,372.8603210449219
sample_a81e4601cdc563e5,377.4281311035156,374.27685546875,371.2599792480469,369.3826904296875,366.82373046875,364.7705383300781,360.7741394042969,358.6282958984375,356.08917236328125,359.2513427734375,364.9670715332031,364.6453857421875
sample_44ab84dd5af050d5,716.451171875,697.8551635742188,676.5580444335938,658.55810546875,642.5836791992188,625.4404296875,612.3184814453125,599.0450439453125,588.5241088867188,579.1951293945312,570.1053466796875,562.41943359375
sample_eb57e135eef6d880,289.0492858886719,292.6990051269531,299.06890869140625,303.529541015625,309.57452392578125,316.1684265136719,321.207763671875,326.45208740234375,331.6286926269531,334.6901550292969,339.12164306640625,342.37396240234375
sample_1373c566f19b30fe,347.51568603515625,352.58880615234375,356.9027404785156,364.572265625,374.638916015625,380.0480041503906,381.9024658203125,384.9131164550781,386.5018005371094,389.6260070800781,391.6397705078125,390.2113037109375
sample_c495cbe53dab86ae,457.78399658203125,451.51617431640625,442.2026062011719,434.4200439453125,427.0319519042969,417.8789367675781,411.1736755371094,404.19091796875,397.9333801269531,393.5330810546875,387.8623962402344,384.18792724609375
sample_30b0352e36aa9cae,453.7193603515625,447.4735107421875,438.02203369140625,430.1224670410156,422.1692810058594,412.59747314453125,406.01324462890625,398.43499755859375,392.68609619140625,387.86932373046875,382.4074401855469,378.4668273925781
sample_2a99a7fb37856af8,435.8159484863281,433.2149353027344,430.7393493652344,428.630859375,426.8959655761719,425.4057922363281,424.2972717285156,423.7944030761719,422.7577819824219,420.6178283691406,418.9255676269531,418.49530029296875
sample_ad1f38e9c28165a9,533.8872680664062,522.2994995117188,507.3114013671875,493.9443359375,481.2269592285156,468.1399230957031,458.557861328125,448.6552734375,440.3219909667969,433.69158935546875,426.8367919921875,421.71746826171875
sample_ff87e7071fb59f3d,289.1570739746094,291.7674255371094,297.51983642578125,301.5370178222656,306.6048889160156,312.587890625,317.4726257324219,321.8317565917969,326.6439208984375,329.2812805175781,333.2541809082031,336.1015625
sample_9f3e595bddbfe638,369.4914245605469,367.2170104980469,365.49652099609375,363.8048400878906,362.643310546875,361.5473937988281,360.5999755859375,359.9621887207031,358.8135986328125,358.3231201171875,358.4728088378906,357.3664855957031
sample_bbad2aae141d12b0,348.0733947753906,347.23388671875,348.630126953125,350.4188537597656,349.6601867675781,350.7883605957031,347.9154052734375,345.86346435546875,345.79180908203125,343.3103942871094,344.24627685546875,343.8395080566406
sample_ff6d35da5c7f4f40,362.4761962890625,377.00115966796875,397.0184326171875,410.90277099609375,425.86566162109375,439.46832275390625,454.0057067871094,459.7708435058594,465.8146057128906,470.638427734375,479.67950439453125,482.2103271484375
sample_3472a7565457924f,407.0195617675781,404.1669921875,401.919921875,400.391357421875,399.030517578125,397.75958251953125,396.49114990234375,395.95709228515625,394.80548095703125,395.8811950683594,396.21685791015625,401.30706787109375
sample_c725d6687d1c9277,368.49652099609375,367.03460693359375,367.0594787597656,366.8430480957031,367.7718811035156,369.9346618652344,372.0068359375,374.4833984375,378.1108703613281,380.3629455566406,382.87066650390625,389.6775207519531
sample_b9a43be7631c4b22,559.7163696289062,544.6859741210938,528.06005859375,513.9008178710938,502.2877502441406,487.9788818359375,477.9537048339844,467.6010437011719,458.649658203125,451.27764892578125,443.61065673828125,437.39410400390625
sample_3ca5e979d651349c,336.234619140625,338.56488037109375,341.76947021484375,343.9823913574219,347.7632751464844,351.0207824707031,354.3636169433594,356.54022216796875,359.1006774902344,360.397705078125,362.95648193359375,364.252685546875
sample_55b4e1b2b1501808,401.1178894042969,398.1435852050781,395.15582275390625,392.8371276855469,389.99859619140625,386.9826965332031,385.04193115234375,383.1147155761719,381.2366943359375,379.8198547363281,377.94720458984375,376.4588623046875
sample_66bf35708e73c5fc,335.1573181152344,338.13726806640625,342.7490234375,346.41302490234375,351.2861022949219,356.6578063964844,360.95513916015625,365.3605651855469,369.34893798828125,372.3055725097656,375.91009521484375,378.575439453125
sample_66a3d6252321425d,318.27215576171875,317.6722717285156,317.77325439453125,317.8310241699219,319.14007568359375,322.72216796875,323.3409118652344,324.138916015625,328.91943359375,325.3563232421875,328.7586975097656,333.2158203125
sample_877d5887ddbd37b7,460.9309387207031,459.06451416015625,456.7396240234375,454.4576721191406,452.583740234375,450.2945251464844,449.03369140625,446.80963134765625,445.83477783203125,444.6438293457031,443.289306640625,442.12054443359375
sample_43d828da0cdea957,604.4873657226562,591.459716796875,572.6158447265625,556.9669189453125,541.6871337890625,525.0263671875,505.06494140625,490.858642578125,481.19427490234375,472.33697509765625,463.6548156738281,456.9648742675781
sample_97642b206f7e6ae1,383.9093933105469,407.0768737792969,420.5196533203125,436.01239013671875,460.34417724609375,480.5028076171875,477.7353515625,475.194580078125,479.9143981933594,476.943603515625,482.7943420410156,487.32720947265625
sample_5009e3710dbbe0c3,372.8853759765625,372.2466125488281,372.3479919433594,372.4571838378906,373.05743408203125,373.6441650390625,374.16424560546875,374.69415283203125,374.9765930175781,375.45770263671875,376.08599853515625,376.4693298339844
sample_d3e2642b627d9b0c,636.3460693359375,620.9163818359375,601.7261352539062,585.7177734375,573.3865356445312,559.1995849609375,549.3482666015625,540.5704956054688,535.1529541015625,532.7091064453125,523.981689453125,514.7278442382812
sample_5ae06034419c5b18,331.9339294433594,331.9671630859375,333.8848876953125,335.7557678222656,338.56341552734375,342.60076904296875,345.4192199707031,349.0622253417969,351.8019104003906,354.21148681640625,356.76983642578125,359.1858825683594
sample_6d2543dd4b2bb916,327.362548828125,328.0115966796875,331.74810791015625,335.0107421875,339.2034606933594,343.4809875488281,347.8280334472656,353.7198791503906,356.46832275390625,358.8690185546875,362.8031921386719,364.27655029296875
sample_88a558c0baaa41cd,400.2374572753906,397.0583190917969,393.40570068359375,390.21697998046875,387.03887939453125,383.6575012207031,381.4198303222656,378.1875915527344,375.4720764160156,373.1267395019531,371.6932373046875,369.9624328613281
sample_872e46b6258c89e9,339.56317138671875,343.6051330566406,352.9027404785156,362.15936279296875,369.51373291015625,373.4437561035156,378.482666015625,383.8554992675781,392.70452880859375,399.66387939453125,403.80584716796875,402.2008972167969
sample_0e74ac3d876ebbb6,358.2486572265625,359.2628479003906,362.9079895019531,365.9654846191406,370.41302490234375,376.147216796875,380.4613037109375,385.001220703125,389.3370666503906,391.80657958984375,396.1441955566406,398.35723876953125
sample_0404a86e7f607c67,616.131591796875,617.6166381835938,611.1163330078125,610.7871704101562,612.651123046875,607.020751953125,605.218994140625,601.5397338867188,599.2265014648438,591.7788696289062,582.874755859375,576.7080688476562
sample_4fc21df0fb63561a,301.2073059082031,307.7848205566406,315.90350341796875,321.7879638671875,326.66375732421875,330.0510559082031,334.2106628417969,338.6961669921875,344.1665954589844,347.56524658203125,352.7767028808594,355.8697509765625
sample_f83d8b1783e7b2cd,509.4468688964844,500.3311462402344,489.0625305175781,479.4757385253906,468.9670104980469,457.55078125,449.23187255859375,440.7807312011719,433.87713623046875,428.268310546875,422.0920715332031,417.8135986328125
sample_af141dc2aeb8ebba,367.19378662109375,387.0493469238281,407.4090576171875,423.8398132324219,437.11810302734375,449.861572265625,462.3420715332031,476.0386962890625,481.9727783203125,488.7471923828125,499.74310302734375,503.1947021484375
sample_4827977dbb8914d8,357.6019287109375,362.5325622558594,368.5968933105469,372.40576171875,375.9242248535156,377.802490234375,381.8882141113281,384.86566162109375,388.6775817871094,390.2120361328125,393.8385314941406,395.0228271484375
sample_70c964e110701fac,447.3573913574219,441.1537170410156,432.21649169921875,424.4200439453125,416.28179931640625,407.7135925292969,401.262939453125,394.76043701171875,389.08087158203125,384.7808837890625,379.6945495605469,376.35321044921875
sample_e9aee730c123d5c1,344.12939453125,343.73162841796875,346.7225341796875,350.75823974609375,354.9249267578125,364.6122741699219,390.3752746582031,411.4656982421875,418.5221862792969,422.15411376953125,428.1697998046875,430.0788269042969
sample_bc4c597c92473108,328.72711181640625,335.0045471191406,342.6532287597656,346.91943359375,353.95721435546875,360.9732360839844,367.6291809082031,373.4148254394531,379.30322265625,381.76446533203125,387.3270263671875,390.36614990234375
sample_262c736adc6c5019,326.126708984375,325.12725830078125,326.0093994140625,327.02032470703125,326.69525146484375,328.0976257324219,329.8736572265625,330.2583923339844,334.67431640625,336.2776184082031,334.33380126953125,334.5222473144531
sample_e025211f2fe1bba9,395.609619140625,394.3703918457031,393.739990234375,392.52044677734375,392.2519226074219,392.0710754394531,392.21099853515625,391.8494873046875,392.44476318359375,392.0155334472656,392.48876953125,392.4814453125
sample_1ceb8c8fe3c7ca4a,474.9437255859375,468.16229248046875,456.8271789550781,447.857177734375,438.76837158203125,428.19024658203125,420.6490783691406,412.6044921875,405.8553466796875,400.562744140625,394.3844909667969,390.0846862792969
sample_9ee88231525d142e,423.9764404296875,422.2824401855469,419.79876708984375,416.8379211425781,415.21197509765625,410.87872314453125,409.3265380859375,403.99267578125,401.5235595703125,399.2999572753906,395.7917175292969,392.87786865234375
sample_40b986f7b4427a7f,389.6562194824219,387.62744140625,385.8646240234375,384.4248046875,383.0558776855469,381.6197509765625,381.0462951660156,380.49609375,379.1503601074219,379.18096923828125,378.06866455078125,377.38037109375
sample_151cc436690464d7,380.1613464355469,380.4249572753906,381.03497314453125,381.42266845703125,382.2337646484375,382.7118225097656,383.2655944824219,383.382568359375,383.8211669921875,383.7591857910156,384.0941162109375,383.8572998046875
sample_ee0d7b26993cb674,326.1219787597656,327.08624267578125,329.68896484375,331.9359436035156,336.04681396484375,339.34967041015625,347.51983642578125,353.3131103515625,357.11474609375,354.30755615234375,367.3804931640625,369.3004150390625
sample_84bed29fbc57ab27,530.66064453125,534.4547119140625,534.4503784179688,532.4945068359375,532.4842529296875,531.7354125976562,531.9449462890625,529.6275024414062,529.5901489257812,528.509033203125,527.5420532226562,526.8416748046875
sample_8413ee6579848760,381.37396240234375,380.8335266113281,384.35357666015625,388.2085266113281,404.4675598144531,420.1288757324219,438.35040283203125,441.82501220703125,450.1361083984375,455.266845703125,467.7325134277344,462.0827331542969
sample_d4ca851de150a95d,356.98638916015625,356.6730041503906,357.3606872558594,358.6461486816406,360.4681701660156,363.95550537109375,367.38568115234375,380.591064453125,386.8446960449219,389.7390441894531,396.0933837890625,412.126708984375
sample_92b85bdd8100654e,588.4531860351562,574.775390625,557.11572265625,542.8265991210938,529.4625854492188,514.5734252929688,504.07916259765625,492.7535705566406,483.65618896484375,475.43023681640625,468.2696533203125,461.72979736328125
sample_b5bb7212b4c2d8e5,375.2543640136719,373.1571960449219,372.4066162109375,372.0081481933594,376.4559326171875,378.84246826171875,377.2250061035156,377.2362060546875,388.7632141113281,398.4056091308594,393.61944580078125,390.75018310546875
sample_8f0f48364afeac73,346.14080810546875,352.5695495605469,360.4588928222656,366.26702880859375,373.5076599121094,380.5567932128906,386.7268371582031,391.6961975097656,398.24896240234375,403.4437561035156,408.4224548339844,411.5301208496094
sample_31ed00ea7b071c9b,463.373046875,455.79571533203125,445.229736328125,436.76605224609375,427.7931823730469,418.3142395019531,411.0507507324219,404.07568359375,398.1503601074219,393.2663269042969,387.4560241699219,383.6934509277344
sample_b3f5239c1b9c786c,388.2923278808594,402.39385986328125,426.6849060058594,440.2826232910156,447.11395263671875,455.33892822265625,466.9746398925781,481.3742370605469,486.9361572265625,483.23321533203125,488.9091796875,492.7791442871094
sample_aed63f97fe1b4092,679.953369140625,655.2952880859375,626.3886108398438,602.2469482421875,580.3529052734375,558.4929809570312,542.7039184570312,527.4280395507812,514.721923828125,503.8182067871094,492.8226623535156,484.3402099609375
sample_a94260b52063949c,302.8306884765625,314.09332275390625,328.98907470703125,338.2713623046875,350.8123779296875,359.7408142089844,368.7275390625,377.57421875,387.2638244628906,392.1258544921875,398.78375244140625,401.78173828125
sample_2140a087dbe1daae,322.0151062011719,325.0946350097656,330.45745849609375,334.5372314453125,339.5613098144531,347.3368225097656,357.8633117675781,366.64532470703125,377.70233154296875,396.0379943847656,417.874755859375,432.33758544921875
sample_c374bcd814e10126,337.6366271972656,343.65277099609375,350.6669921875,355.8698425292969,362.30084228515625,368.3197326660156,373.77276611328125,377.57415771484375,382.7154235839844,385.04534912109375,388.8367614746094,390.53857421875
sample_c55e1051ac31ba74,345.72137451171875,345.0440673828125,346.4179992675781,347.17340087890625,348.7039794921875,352.7384948730469,355.52093505859375,361.4164733886719,378.36419677734375,387.6816711425781,395.6013488769531,386.2752685546875
sample_71cb05b161000a41,492.93609619140625,479.2210693359375,463.0881042480469,450.5709533691406,438.4757995605469,425.9393615722656,415.952392578125,406.6756286621094,398.833984375,392.59637451171875,385.4480895996094,380.27655029296875
sample_c4c8d6191a9b2849,475.08233642578125,471.69586181640625,463.898193359375,456.8434143066406,450.28997802734375,441.7712707519531,436.0456237792969,428.3909606933594,423.35626220703125,418.5952453613281,413.6875,409.56878662109375
sample_deb122c4449c1edf,428.8553771972656,431.8568420410156,436.6380310058594,437.90032958984375,443.5359802246094,446.3921813964844,444.7722473144531,440.943603515625,440.2596435546875,434.9226989746094,438.3157958984375,438.2359619140625
sample_395eb28e4451d70c,498.95147705078125,508.1579284667969,516.806396484375,534.1044921875,550.4616088867188,560.97119140625,557.3297119140625,555.9945068359375,549.5049438476562,533.033447265625,535.4251098632812,525.0564575195312
sample_8995c361f2cb5b1b,299.3205871582031,299.3434143066406,303.51904296875,307.7920837402344,309.3220520019531,313.5818786621094,319.0623474121094,317.767333984375,321.34417724609375,325.13775634765625,326.2320861816406,331.5845031738281
sample_871c80a90b7db5b4,368.5805358886719,367.1571960449219,366.5941467285156,366.0081481933594,366.04425048828125,366.3861083984375,366.703369140625,367.4744873046875,367.31256103515625,368.06683349609375,368.7724914550781,370.16937255859375
sample_434617555473c444,402.4507141113281,401.6189880371094,400.4623107910156,399.4173278808594,398.4441223144531,396.62945556640625,395.8846130371094,393.94610595703125,393.08770751953125,391.39630126953125,390.2406921386719,388.7690124511719
sample_d531edcf4472fac3,295.87103271484375,298.2903747558594,303.47802734375,307.2888488769531,312.3015441894531,317.9964294433594,322.37493896484375,326.6961669921875,331.19927978515625,333.9936218261719,337.8831481933594,340.82525634765625
sample_356d468a9c821030,464.4737548828125,457.8125915527344,447.84130859375,439.5023193359375,431.48150634765625,422.2746887207031,416.1206359863281,410.0044860839844,407.4778137207031,408.747802734375,406.8252868652344,411.0083923339844
sample_5f1d94887e27b5cd,332.29229736328125,334.4168395996094,344.9437561035156,359.3412170410156,375.0839538574219,367.9635314941406,366.8018493652344,378.9809265136719,400.3812255859375,395.1560974121094,410.34381103515625,389.04083251953125
sample_2c077c37c522d246,293.8313903808594,298.61785888671875,307.9028625488281,314.44000244140625,325.839111328125,339.98956298828125,356.784423828125,360.7301025390625,364.31610107421875,368.2216491699219,374.5646667480469,381.3512268066406
sample_77d1b01b4f2a5b81,464.10345458984375,457.298828125,448.7024230957031,441.44464111328125,434.206787109375,426.2509765625,419.97705078125,412.6180419921875,407.47998046875,403.14483642578125,399.36505126953125,397.7398681640625
sample_eefda8df6f8a10fe,412.13665771484375,410.0206604003906,406.6806945800781,404.8711853027344,400.4210510253906,397.06231689453125,399.796630859375,417.5274658203125,448.5799865722656,477.572021484375,510.934814453125,557.4291381835938
sample_e67de06055d7142d,399.95953369140625,396.6425476074219,392.20416259765625,388.15869140625,383.82269287109375,378.77972412109375,375.8409118652344,373.0859069824219,370.98187255859375,363.95013427734375,359.5417175292969,357.85919189453125
sample_09da8e5d12370b79,347.0909423828125,353.11322021484375,374.8218688964844,378.58349609375,377.4458312988281,384.2358093261719,394.3587951660156,396.7267150878906,405.58294677734375,402.8198547363281,399.1539001464844,391.9595031738281
sample_7c9d8bb716109e60,412.4089050292969,414.2829895019531,415.58502197265625,416.4112548828125,417.51513671875,416.8080749511719,416.601806640625,414.3702697753906,413.8492431640625,411.6291198730469,410.0155334472656,407.92364501953125
sample_6eecddc74f34d453,325.5805358886719,323.9439697265625,323.2607727050781,323.57440185546875,324.3897705078125,325.9541931152344,324.2500915527344,322.255859375,322.34185791015625,323.4745788574219,324.4354248046875,324.3274841308594
sample_60da699797673f53,611.9501953125,604.0642700195312,594.8551025390625,585.8160400390625,578.4313354492188,570.109375,561.4427490234375,552.1671752929688,545.7989501953125,540.3703002929688,534.0249633789062,528.0840454101562
sample_2e21d3b9357cebb8,394.1650085449219,391.8598937988281,389.8783874511719,388.2344970703125,386.6962585449219,384.8732604980469,384.1159973144531,382.70794677734375,381.8553771972656,380.5155334472656,379.8623962402344,378.8132629394531
sample_e4f2b4aa18a1b8ab,315.64794921875,315.13214111328125,316.2311706542969,317.0643005371094,320.3444519042969,326.1071472167969,328.9548034667969,334.00799560546875,334.1533508300781,335.9246826171875,338.4631042480469,348.4457092285156
sample_bbaa438c3c562673,393.3362731933594,391.0517883300781,389.3784484863281,387.62298583984375,386.0713195800781,385.041015625,384.321044921875,383.91473388671875,382.8260803222656,382.53106689453125,382.36505126953125,381.8939208984375
sample_07aa6839c4513f46,377.62103271484375,378.005615234375,380.21307373046875,382.020263671875,384.5962219238281,389.613525390625,406.1698913574219,407.0215759277344,406.445556640625,404.70880126953125,418.3835754394531,419.21844482421875
sample_1945d48433ecec6b,375.7528991699219,375.0000915527344,374.9642333984375,374.86822509765625,375.2264404296875,375.6840515136719,375.646240234375,376.37310791015625,375.9833068847656,376.5819396972656,376.9797668457031,377.14617919921875
sample_76c778cc89ef6ff0,453.66766357421875,447.7080383300781,439.9945068359375,433.7099609375,427.232666015625,419.83148193359375,414.2254333496094,408.5434875488281,403.8616943359375,400.65936279296875,396.04083251953125,393.2350158691406
sample_01de77a50fd2a4bd,351.63885498046875,354.115966796875,362.33282470703125,369.6541442871094,375.03118896484375,374.1459655761719,372.1126403808594,376.2351379394531,383.1786804199219,386.7718200683594,389.5660095214844,388.385009765625
sample_c7e3085ebf746204,301.2569885253906,303.1070861816406,307.4083251953125,310.6106262207031,314.8134460449219,319.7903747558594,323.80023193359375,327.3808898925781,331.0626525878906,333.6506042480469,337.2281188964844,339.7742919921875
sample_816a421f23fc0b14,390.38153076171875,388.2596435546875,385.7117004394531,384.0526428222656,382.1524353027344,380.7698974609375,379.8258972167969,378.8977966308594,377.9676208496094,377.30841064453125,376.5763854980469,375.8958740234375
sample_678afd458091b004,390.6850280761719,409.0259704589844,428.5198974609375,443.99627685546875,459.1429443359375,473.35760498046875,485.5205993652344,496.38104248046875,505.97064208984375,512.37109375,521.2342529296875,527.4161376953125
sample_51c22220998ac5af,418.8612060546875,416.38018798828125,414.1421813964844,411.93670654296875,410.4960632324219,410.224609375,410.5776672363281,409.91473388671875,410.16064453125,411.45562744140625,411.6319274902344,411.4957580566406
sample_88c8fcfaa8d62dbd,403.4687805175781,401.1050720214844,398.28802490234375,395.3746032714844,392.7613830566406,389.03680419921875,387.22467041015625,384.41131591796875,382.91021728515625,381.729736328125,380.33477783203125,381.4146423339844
sample_50a5832da282a3b9,440.5784606933594,450.7782897949219,462.59869384765625,467.6319274902344,473.7960510253906,477.0862731933594,482.8426208496094,491.5843200683594,499.1860046386719,498.3917541503906,482.7298889160156,484.93304443359375
sample_1d5609021aa4ad02,369.2444152832031,367.5762023925781,366.8266906738281,366.28900146484375,365.90966796875,366.6033020019531,366.62664794921875,366.8638916015625,367.1307678222656,368.3974304199219,368.88336181640625,369.8681335449219
sample_a1b492ad5f15e8c5,390.7195129394531,388.7893981933594,387.96905517578125,385.19354248046875,384.47174072265625,386.02215576171875,386.53594970703125,384.4410095214844,383.03564453125,381.7286071777344,382.9521789550781,385.7291259765625
sample_a2443b0d68d35cbe,396.81085205078125,393.3707275390625,388.3221130371094,384.46435546875,379.80999755859375,374.08489990234375,369.82830810546875,366.2892761230469,369.7280578613281,373.5322265625,375.5503234863281,369.01666259765625
sample_2c0c274b58f2e90e,626.563232421875,615.4549560546875,600.3395385742188,579.0177001953125,561.8878784179688,547.3095703125,532.4013061523438,516.3501586914062,506.77337646484375,498.73541259765625,492.6954345703125,488.1772155761719
sample_247b0323ef6df665,324.3641357421875,327.558349609375,332.290771484375,335.6692810058594,340.5673828125,345.6784973144531,349.97747802734375,353.86224365234375,358.27410888671875,360.8896484375,364.4520568847656,366.74261474609375
sample_34ace74be81fb1d4,405.68243408203125,400.5736083984375,393.96710205078125,389.5869445800781,384.0086669921875,377.8587951660156,372.3441162109375,368.7740173339844,365.1642150878906,362.99365234375,359.21929931640625,357.2265625
sample_a1af915e85e09bb8,455.71527099609375,451.7130432128906,445.9398498535156,441.33978271484375,436.2093811035156,430.30255126953125,425.5660095214844,421.11639404296875,418.82684326171875,418.94842529296875,419.9635314941406,426.76812744140625
sample_6b5a967fa3278e28,327.2312927246094,335.24322509765625,345.91778564453125,351.86297607421875,356.0079040527344,369.20416259765625,380.8038330078125,384.56060791015625,386.08404541015625,387.45928955078125,389.4224548339844,392.8077392578125
sample_1a0fba64f69ca0c2,418.6589660644531,415.4133605957031,411.26666259765625,408.19195556640625,404.904296875,401.086669921875,398.05438232421875,395.8113098144531,393.1250305175781,391.580810546875,388.9688415527344,387.4356689453125
sample_db44b9a04b7248c5,362.1192321777344,362.41497802734375,363.37353515625,363.9248352050781,365.54412841796875,366.78515625,368.92535400390625,369.26220703125,371.1875915527344,371.7073974609375,373.1768798828125,373.6612548828125
sample_bc1ec06a692c5ac9,393.64996337890625,394.8044738769531,400.02618408203125,404.16424560546875,410.68878173828125,423.2255859375,437.0140380859375,443.66229248046875,450.30755615234375,449.7212219238281,454.1839294433594,461.2008972167969
sample_e32638c0637fc6c5,308.7663269042969,309.2568054199219,312.6369934082031,316.9324035644531,318.1781005859375,322.9205017089844,329.8880310058594,336.95037841796875,343.5799865722656,346.05609130859375,351.15875244140625,353.0492858886719
sample_7988926eee839aca,378.0216979980469,376.8847351074219,376.2643737792969,375.7273254394531,375.63262939453125,375.83050537109375,375.83447265625,376.40924072265625,376.1130065917969,376.3454284667969,376.6442565917969,376.69183349609375
sample_aa9b42f745d445ea,389.3589172363281,387.0091552734375,385.4479064941406,384.2594909667969,383.77789306640625,383.7124328613281,382.73114013671875,382.12152099609375,382.3620910644531,382.24200439453125,382.1708068847656,382.1619873046875
sample_f97245142f93c3c2,335.4331970214844,335.9167785644531,337.6218566894531,339.3858642578125,339.5699157714844,341.01507568359375,343.0313720703125,349.36053466796875,363.7969665527344,379.74920654296875,392.064697265625,377.3017272949219
sample_180a9803103a6895,471.00042724609375,465.63189697265625,458.3565673828125,451.4551086425781,445.4151611328125,436.5360107421875,430.3803405761719,422.86553955078125,417.605712890625,413.3751220703125,408.7113342285156,404.8457336425781
sample_c555935c2f73f79b,455.56781005859375,446.0732116699219,433.2010498046875,422.7063903808594,412.96649169921875,401.822509765625,394.93756103515625,387.87567138671875,382.3738708496094,375.9962158203125,367.15216064453125,362.48175048828125
sample_9f1d4bbc234524db,421.6296691894531,424.876953125,430.8190002441406,438.4807434082031,444.1751403808594,455.6632080078125,468.5205078125,494.1843566894531,518.4568481445312,548.6694946289062,556.3137817382812,578.638916015625
sample_abb7a56e24389c96,408.9958190917969,407.8660888671875,406.2816162109375,404.7269287109375,403.3531494140625,400.88568115234375,399.65997314453125,397.641845703125,396.07769775390625,394.03546142578125,392.5121154785156,391.0637512207031
sample_3732236bbab0d830,456.18475341796875,450.2090759277344,440.88323974609375,429.9732971191406,420.49365234375,411.16650390625,403.4162292480469,394.9299011230469,389.148193359375,383.52630615234375,376.486083984375,372.6385803222656
sample_29d36bbdaa58d4b7,366.8275146484375,364.49951171875,363.1285400390625,361.93731689453125,362.1843566894531,362.9653015136719,362.6321716308594,366.40032958984375,366.81146240234375,364.71417236328125,367.8432312011719,377.63262939453125
sample_7aceed137faba57c,472.9902648925781,480.5482177734375,491.3342590332031,507.1455993652344,518.91064453125,528.3572998046875,538.6492309570312,558.9911499023438,579.133544921875,579.952392578125,583.8968505859375,592.6622924804688
sample_b67f588123d328ba,503.24578857421875,500.8758850097656,497.6698913574219,494.8703918457031,491.9831237792969,488.3650817871094,485.8968811035156,483.0350646972656,480.93951416015625,479.2080993652344,476.7647705078125,474.877197265625
sample_a12106d4461047dc,349.2452087402344,358.6159973144531,369.3212890625,379.9641418457031,396.13671875,409.6502380371094,422.94940185546875,432.4114990234375,436.8126220703125,439.8780517578125,454.25018310546875,453.5577392578125
sample_0be45381339e8ba3,355.22674560546875,354.78826904296875,355.6554260253906,356.5100402832031,358.2314147949219,360.2632751464844,361.9936828613281,363.956298828125,365.24993896484375,367.0916748046875,368.12664794921875,369.75018310546875
sample_2a3aa19025e9b33f,657.7967529296875,642.5470581054688,625.0327758789062,605.7435302734375,589.8118286132812,574.8610229492188,566.2227783203125,557.6586303710938,550.8513793945312,549.9967651367188,547.4957885742188,550.2700805664062
sample_47a1551aba399a9e,351.2154846191406,354.7608947753906,364.374755859375,372.4480895996094,373.8497314453125,381.0699157714844,387.8675231933594,395.360595703125,403.30975341796875,408.81646728515625,410.5549621582031,414.8677978515625
sample_22dc4abdf1b834e8,655.2068481445312,649.7805786132812,638.2994384765625,622.5418701171875,609.3790893554688,603.3616943359375,593.12451171875,577.7061767578125,560.9119873046875,548.5477905273438,535.8314819335938,529.0564575195312
sample_a91913d81a21ac0b,525.3230590820312,512.6770629882812,499.2557067871094,488.8290100097656,478.24017333984375,465.6456604003906,457.2706604003906,448.72650146484375,440.8056640625,434.38641357421875,427.9197998046875,423.7116394042969
sample_73a368567e7780f3,455.167236328125,450.1279296875,443.24493408203125,437.8760681152344,431.7709655761719,425.019287109375,419.2018127441406,413.6689147949219,409.8486328125,407.83428955078125,407.0337829589844,409.05804443359375
sample_333f0aad6865e2f8,405.04107666015625,403.9620361328125,402.4691162109375,401.0823669433594,399.8125915527344,397.4592590332031,396.4019775390625,394.4486389160156,393.34991455078125,391.3482666015625,390.1556701660156,388.757080078125
sample_727772a6f0825aa9,435.4169616699219,437.2270202636719,438.7482604980469,439.440185546875,441.4012451171875,442.66552734375,443.4568176269531,444.2486572265625,444.6946105957031,445.2745056152344,445.5711975097656,445.9798583984375
sample_00d798f472a23517,451.0166931152344,444.6334228515625,436.23052978515625,429.6684265136719,422.3760986328125,414.5166015625,408.4582824707031,402.3163757324219,397.5688781738281,393.552001953125,388.46044921875,385.07171630859375
sample_6470ccdbf813a11f,416.98602294921875,422.3172912597656,431.01373291015625,450.5166015625,478.6126708984375,506.40936279296875,527.2191772460938,538.0285034179688,562.1571044921875,584.8316650390625,593.004638671875,580.6362915039062
sample_50453794fc0ad68c,573.4529418945312,569.32177734375,553.3643188476562,534.8671875,518.8312377929688,506.810302734375,496.462158203125,483.6756591796875,471.7817077636719,460.62548828125,454.2245788574219,449.04150390625
sample_0cc527cf836d01fb,350.7189636230469,349.9267883300781,350.1639404296875,350.48199462890625,351.6885986328125,353.3793640136719,354.70074462890625,356.4592590332031,357.2773742675781,358.59112548828125,359.815673828125,360.7117919921875
sample_a6c2664c9f5425f7,331.71905517578125,332.3973693847656,334.7896728515625,337.0061950683594,340.62957763671875,345.124755859375,348.3021545410156,352.238525390625,354.8805236816406,357.8777770996094,360.74090576171875,363.1409912109375
sample_bb35d85856e1beb4,407.6316833496094,406.8388366699219,405.3303527832031,403.8800354003906,402.6002502441406,399.6246032714844,398.48565673828125,394.965576171875,392.9052734375,390.2157287597656,388.4913635253906,386.53759765625
sample_3631f1f348ac1108,356.4433898925781,357.6532897949219,359.64739990234375,361.24591064453125,363.7294006347656,365.921142578125,368.352294921875,370.4605407714844,372.2574768066406,374.1309509277344,375.9977722167969,377.5222473144531
sample_1a04caae62699127,344.8133850097656,349.12542724609375,358.1109619140625,364.3569641113281,376.7514343261719,378.8443603515625,391.9584045410156,398.16058349609375,414.76947021484375,407.0156555175781,414.97900390625,412.4203796386719
sample_960fa1caef385678,516.345458984375,518.6715698242188,517.614990234375,518.8866577148438,519.8923950195312,530.5235595703125,526.59619140625,518.91943359375,511.2623291015625,521.5348510742188,508.2406921386719,497.26129150390625
sample_cc7603d896bdd9ff,342.49664306640625,346.98681640625,351.7562255859375,353.3634338378906,356.7764587402344,359.85479736328125,363.69287109375,365.9537658691406,366.7449035644531,366.9054870605469,369.7077941894531,372.00091552734375
sample_886bb8cf909a268f,475.2106018066406,469.5502014160156,459.5359802246094,453.8006896972656,451.045654296875,449.9256591796875,444.8211669921875,439.343505859375,428.6534423828125,422.1273193359375,417.0947265625,407.4061279296875
sample_1d5146b4bb32d83e,331.1614074707031,334.12042236328125,340.151611328125,348.5706787109375,372.0210876464844,394.0186767578125,403.20294189453125,410.3233337402344,413.6001892089844,416.3567199707031,434.88623046875,424.628173828125
sample_40871573ff6cc7ac,289.2681884765625,295.0557861328125,303.09759521484375,309.24200439453125,316.45745849609375,323.4820251464844,329.6110534667969,335.0792236328125,341.05157470703125,344.4801940917969,349.5664367675781,352.58758544921875
sample_57ec0beb7ffab72c,680.4765014648438,673.8084716796875,662.896484375,647.2192993164062,633.6912841796875,620.1434936523438,609.930419921875,591.3197021484375,575.0379028320312,563.1094970703125,547.713134765625,533.0707397460938
sample_57ee8a4877ee9e22,567.075439453125,547.560791015625,524.669189453125,507.68231201171875,490.8087158203125,473.85382080078125,461.121826171875,448.3738708496094,437.92108154296875,429.06683349609375,420.0452880859375,413.1954040527344
sample_84253c16b1516624,335.3593444824219,336.4081115722656,338.82452392578125,341.4238586425781,347.57244873046875,353.9739685058594,358.0191650390625,364.84869384765625,380.23175048828125,390.4092712402344,397.9860534667969,403.53338623046875
sample_8f4010148b12fab2,426.8532409667969,420.4714660644531,411.21636962890625,404.2381896972656,396.7694091796875,388.0029602050781,383.360595703125,379.6485595703125,369.57977294921875,371.1239013671875,368.4781188964844,370.9548034667969
sample_177e76450ceb8451,444.47064208984375,442.95465087890625,439.8437805175781,436.3996276855469,433.3896179199219,427.9413757324219,424.99310302734375,419.30963134765625,416.3994140625,412.8910827636719,409.2206115722656,405.57769775390625
sample_d9fea069c7602f78,437.9566955566406,440.11981201171875,441.5504455566406,442.1882629394531,444.32952880859375,445.3940734863281,446.098388671875,446.5630798339844,446.669677734375,446.78057861328125,447.05255126953125,446.8208923339844
sample_a44665b8c792a57c,522.4910888671875,523.4138793945312,520.5213623046875,516.1646118164062,509.4894714355469,501.3553771972656,494.6846923828125,486.5333557128906,476.1869812011719,465.4548034667969,458.01080322265625,451.9031982421875
sample_8e2952dc6dd1f137,395.80877685546875,399.5411682128906,403.9784851074219,405.5204772949219,406.83551025390625,403.5460510253906,403.3076477050781,399.2079772949219,398.220947265625,397.90716552734375,398.7789001464844,399.6556091308594
sample_55bca5d7fe5f89b6,373.58062744140625,373.41058349609375,373.99176025390625,374.5771789550781,375.5211486816406,376.2635803222656,377.056396484375,377.75628662109375,378.24835205078125,379.06060791015625,379.5254821777344,380.2515869140625
sample_11147555db6c6456,312.9222412109375,312.9929504394531,315.98760986328125,319.9197998046875,324.70977783203125,332.0462951660156,335.7067565917969,341.25885009765625,343.0648498535156,346.80657958984375,351.30584716796875,357.132568359375
sample_fb22010ae4ee0a9c,552.3460693359375,536.9163818359375,518.170654296875,502.9080810546875,489.0115051269531,474.1248474121094,462.8489074707031,450.97052001953125,441.77337646484375,433.943359375,425.64776611328125,419.29083251953125
sample_87f6964f287cf2b5,451.4456481933594,448.5093078613281,446.3711242675781,443.4899597167969,440.13592529296875,441.71337890625,448.672607421875,447.84185791015625,449.648681640625,448.692138671875,445.43658447265625,442.1298828125
sample_769051c6a33446ff,507.1330261230469,501.84869384765625,494.6058349609375,488.049072265625,481.5828857421875,473.74090576171875,468.8321533203125,463.15704345703125,459.3063659667969,457.0388488769531,454.64508056640625,454.56292724609375
sample_ee08597caf2fd5f5,625.217041015625,617.5247802734375,600.7293090820312,583.234619140625,558.8883666992188,542.5496826171875,527.026123046875,513.387451171875,504.86444091796875,496.9987487792969,490.467529296875,484.06488037109375
sample_397444acb95e4be1,533.8530883789062,522.2974243164062,507.9224548339844,495.80401611328125,484.32733154296875,471.9921875,462.8605651855469,453.1671447753906,445.4130859375,439.16290283203125,432.03997802734375,427.27008056640625
sample_aacd025006b6978a,498.57952880859375,494.02545166015625,483.42523193359375,474.47003173828125,466.6072082519531,456.375,449.5753479003906,440.7197570800781,434.785888671875,429.7133483886719,423.65301513671875,418.9678039550781
sample_5d8404a0125ed0e6,371.7080993652344,374.4336853027344,376.3180236816406,368.5118408203125,363.9819030761719,363.8769836425781,364.35888671875,363.946533203125,364.5090026855469,362.57769775390625,362.3271179199219,362.040771484375
sample_9a4b2f2e9c371df2,344.6802673339844,345.51531982421875,348.8384094238281,354.55255126953125,363.5547180175781,378.7933349609375,409.74951171875,446.6284484863281,479.8860778808594,504.9133605957031,527.7766723632812,558.3836669921875
sample_9efe55142e8b4c3b,377.05535888671875,375.2830505371094,373.9585266113281,372.8879089355469,372.1796875,371.6941833496094,371.6391296386719,371.1087951660156,371.2205505371094,371.00323486328125,370.955810546875,370.8206481933594
sample_66fa5d7abc5c14cd,331.1453857421875,337.0877685546875,348.84808349609375,353.3250732421875,358.6824951171875,360.04620361328125,364.4254150390625,365.38092041015625,366.2632141113281,361.1340637207031,359.8270568847656,355.8905334472656
sample_4e31a0e6a6542489,354.55084228515625,356.1316833496094,362.1306457519531,366.4208984375,372.4046936035156,383.45294189453125,400.0489501953125,410.11651611328125,415.3465576171875,415.076416015625,414.076171875,422.311279296875
sample_794c3ea171999d10,363.48382568359375,362.70159912109375,362.6291198730469,362.6305847167969,363.1268005371094,364.1322937011719,365.42034912109375,366.2484436035156,367.20281982421875,367.8525695800781,368.9189758300781,369.68316650390625
sample_9664120b601a9c9a,515.9556274414062,506.6915283203125,493.36773681640625,482.30963134765625,472.1038513183594,459.96234130859375,451.3224182128906,441.8485107421875,434.6407470703125,428.1973876953125,421.7095642089844,416.48565673828125
sample_eb1a3852057518db,461.0036315917969,479.34783935546875,496.29754638671875,503.8704833984375,510.3648681640625,516.687255859375,523.9927368164062,526.0860595703125,531.9644775390625,533.5903930664062,535.916259765625,536.7882690429688
sample_6d68a4e4ac46d954,329.6647033691406,333.58172607421875,346.9447937011719,346.10009765625,354.3626708984375,357.29241943359375,364.6178283691406,371.05889892578125,381.6091003417969,371.8427429199219,377.2926025390625,379.57086181640625
sample_0b3b4e03e46680a6,377.1671142578125,376.1965637207031,377.0423889160156,378.4191589355469,380.9360656738281,382.79046630859375,383.2056579589844,385.4435729980469,387.53277587890625,390.9235534667969,394.1375732421875,394.4018859863281
sample_7fa6a4bd3937cd87,397.87493896484375,407.78448486328125,434.9066467285156,482.6687927246094,538.7026977539062,558.1152954101562,584.5724487304688,615.0557861328125,663.3773193359375,695.5067138671875,696.5186767578125,664.8973388671875
sample_53547fcaf157013a,262.2239685058594,270.8570556640625,282.9601135253906,292.3770446777344,302.5229187011719,313.27459716796875,321.7301025390625,329.658935546875,337.49169921875,342.02386474609375,348.6892395019531,352.7340087890625
sample_2e174e4ecbb64efd,387.1119079589844,386.6395568847656,382.4617919921875,380.4411315917969,379.2494812011719,376.8732604980469,374.4757995605469,373.9604797363281,369.4898986816406,368.0182189941406,365.7731628417969,364.70611572265625
sample_c04885ec33d4e337,377.1190185546875,381.1541442871094,385.0826721191406,386.8594055175781,390.9110412597656,393.9295654296875,397.1614990234375,399.14361572265625,402.1396789550781,403.12896728515625,406.04876708984375,406.5832214355469
sample_186050ee50f707b2,429.5703430175781,426.57000732421875,422.6488037109375,419.70465087890625,416.17950439453125,411.272705078125,407.2510070800781,404.0316467285156,401.4786071777344,399.085205078125,396.328369140625,394.4653625488281
sample_b0bb72ec14fa033b,393.7365417480469,390.2161560058594,386.67645263671875,384.02685546875,380.23248291015625,376.5413818359375,373.2552185058594,370.8113098144531,367.401611328125,366.29486083984375,363.1874694824219,361.79718017578125
sample_5fe9aaf6a9de93d7,455.43798828125,494.5776672363281,540.028564453125,591.9588012695312,638.1160888671875,674.8599853515625,685.1236572265625,709.3812866210938,737.6632080078125,752.4454345703125,742.6600341796875,733.9778442382812
sample_dfb67f69b8951cb4,299.2469482421875,305.0430603027344,316.0284118652344,323.4657897949219,334.47119140625,348.5780029296875,364.5334777832031,368.6690979003906,374.7021484375,380.02044677734375,379.319091796875,383.9632568359375
sample_95cae728bdd54795,389.0047607421875,385.63189697265625,381.3916931152344,378.266357421875,375.2887268066406,371.89276123046875,369.92889404296875,362.8215026855469,358.460205078125,356.4595947265625,354.55010986328125,355.6867980957031
sample_0471243239601ebe,348.1528625488281,358.5733642578125,370.3769836425781,379.43511962890625,391.6359558105469,416.67755126953125,424.5115051269531,434.5470886230469,447.73876953125,463.534423828125,483.564697265625,502.52587890625
sample_14470bed2d6e528e,302.3399658203125,303.16424560546875,307.8525695800781,308.6346435546875,311.581298828125,316.5715637207031,322.08465576171875,324.88427734375,328.8967590332031,328.8916320800781,331.6031188964844,333.66845703125
sample_0d5087989f85f253,454.7784118652344,446.7190246582031,434.5627136230469,424.732177734375,414.9173583984375,404.031005859375,396.17755126953125,387.6756591796875,381.020263671875,375.5957946777344,369.16363525390625,365.3113098144531
sample_233464ba77ab3069,450.91888427734375,446.766357421875,438.64788818359375,431.8595275878906,425.2833557128906,416.76641845703125,411.9744567871094,406.5299377441406,403.6490783691406,402.40618896484375,402.3270568847656,403.11358642578125
sample_6d8c3441a17bc19d,315.06005859375,315.4082946777344,318.08123779296875,320.08453369140625,323.49029541015625,327.7606201171875,331.0859680175781,334.1741027832031,337.3837890625,339.7071228027344,342.4776611328125,344.6981506347656
sample_097782154d2d9477,377.53472900390625,376.6456298828125,376.16204833984375,375.7791748046875,375.7437438964844,375.4996337890625,375.3003234863281,375.62872314453125,374.8105163574219,375.34869384765625,375.26031494140625,375.2337951660156
sample_7fe9d2764f778345,472.3924560546875,465.1368408203125,456.0355224609375,448.2789306640625,440.2437744140625,431.82000732421875,422.9964294433594,414.4519348144531,410.94207763671875,407.56951904296875,398.71929931640625,395.46942138671875
sample_7f49a1d8fa3a4c60,320.410400390625,325.19232177734375,335.9172668457031,346.309326171875,356.6090393066406,362.6254577636719,368.51080322265625,373.9097595214844,380.5330810546875,385.41070556640625,390.58941650390625,394.13629150390625
sample_d2e27838244acead,412.04888916015625,410.1337890625,408.30914306640625,406.30908203125,405.1308898925781,403.1546936035156,402.44378662109375,400.32489013671875,399.4041748046875,397.9054870605469,396.9971008300781,394.99432373046875
sample_180991e574b1647a,474.5915832519531,472.659423828125,466.1001281738281,461.803466796875,456.69140625,452.3584289550781,455.7699279785156,458.9825134277344,456.9161376953125,453.8345642089844,445.7709655761719,438.82623291015625
sample_2414388268b84d93,705.3397216796875,688.4170532226562,662.2259521484375,641.3032836914062,623.5345458984375,600.4483642578125,582.6949462890625,567.0721435546875,556.940673828125,549.4760131835938,540.60888671875,538.41943359375
sample_8aff832439cbf2e9,337.39080810546875,337.8257141113281,341.2931823730469,344.721435546875,349.2784729003906,355.68218994140625,362.4027404785156,366.5673522949219,373.5528564453125,382.10101318359375,397.8606262207031,397.5392150878906
sample_4cea8feb7e5a0d9e,470.4036560058594,466.970947265625,463.433349609375,462.6221923828125,457.2887268066406,446.32806396484375,437.892333984375,433.40789794921875,424.79437255859375,420.5743103027344,413.351806640625,407.67852783203125
sample_7097d20dd2776517,383.11651611328125,380.7319641113281,377.6421203613281,375.225830078125,372.4331970214844,369.19183349609375,366.7671813964844,363.8892822265625,361.46337890625,359.0261535644531,355.9295349121094,355.071533203125
sample_737866a2260502ef,332.1319580078125,336.4685974121094,342.3746337890625,348.91864013671875,359.1883239746094,373.3184814453125,382.4661865234375,399.06231689453125,419.12939453125,438.56072998046875,448.6689147949219,455.5499267578125
sample_a0df5450472696d8,412.2641906738281,407.0852966308594,400.6338806152344,395.78533935546875,390.68377685546875,386.81439208984375,383.9007263183594,380.872314453125,375.62945556640625,371.1253356933594,366.3509216308594,365.3918151855469
sample_5bf4a6cd65a67cd3,358.9402770996094,364.9421081542969,391.8492431640625,415.18182373046875,437.9903259277344,476.782470703125,541.4689331054688,562.8964233398438,590.6726684570312,611.1871337890625,643.5928955078125,635.009033203125
sample_4d17eb8b5e7e54bc,275.17584228515625,280.2755126953125,288.0417785644531,293.62994384765625,300.32568359375,307.3817443847656,313.0851745605469,318.4724426269531,323.8607177734375,327.16485595703125,332.0938415527344,335.09051513671875
sample_c05a584102ebbce7,352.08074951171875,358.8872985839844,366.6671142578125,369.5472717285156,372.57501220703125,375.1969909667969,376.8338623046875,382.2521057128906,389.0093994140625,390.2448425292969,388.4520568847656,389.85430908203125
sample_7dedf0729fca60c0,334.31805419921875,339.38214111328125,345.95831298828125,350.64605712890625,356.8502502441406,362.785400390625,368.179931640625,372.0385437011719,377.3477478027344,379.5358581542969,383.9268798828125,386.3177795410156
sample_a3bb69daa5b5d8f2,267.19012451171875,271.6445007324219,279.7638244628906,285.8363952636719,291.24407958984375,298.0668640136719,303.5188903808594,308.90972900390625,312.9193420410156,313.4578857421875,317.6035461425781,321.03955078125
sample_9d2d10630c917b2e,534.672119140625,523.4679565429688,509.47808837890625,497.53143310546875,486.52752685546875,474.4389953613281,465.28875732421875,455.6383361816406,447.9097900390625,441.9306640625,434.9798889160156,431.1571044921875
sample_fbbb3d0f831965b6,305.2146301269531,310.4034423828125,317.69451904296875,322.8363952636719,329.2004699707031,335.9142761230469,341.4114990234375,346.4317626953125,351.4659423828125,354.4612731933594,359.02227783203125,361.8703918457031
sample_1d8d98bfce959123,300.5304870605469,309.0021667480469,319.6263427734375,325.7311096191406,334.2339782714844,343.8910827636719,351.55413818359375,358.3165283203125,365.3681640625,369.18182373046875,375.2174987792969,378.6875915527344
sample_4b227ee9e37d4f53,298.2426452636719,313.4124755859375,329.9628601074219,342.315673828125,355.4150390625,367.6732177734375,378.2579650878906,386.6013488769531,395.1226806640625,400.72686767578125,408.3685607910156,412.434326171875
sample_6a46e202b9c757f6,434.36114501953125,429.5863342285156,422.17547607421875,415.966796875,409.4394836425781,401.95245361328125,396.88519287109375,389.4892578125,384.2586669921875,381.4270935058594,380.8606262207031,376.8431396484375
sample_adcec815b1e7c9af,589.0783081054688,575.3916015625,558.3380126953125,544.223388671875,530.7626953125,516.400146484375,506.15032958984375,495.36712646484375,486.4522705078125,479.1338195800781,471.64068603515625,465.72784423828125
sample_f956b0bdedf9b355,368.1924133300781,368.1747131347656,369.4875793457031,370.8018493652344,373.44195556640625,376.9603576660156,378.5976867675781,379.6791687011719,383.2265930175781,387.06512451171875,389.2298889160156,390.24530029296875
sample_8e005f602b15e588,404.1435241699219,409.12628173828125,412.20782470703125,415.09124755859375,420.3241271972656,433.7361755371094,438.782470703125,433.2588806152344,432.4303283691406,434.8481140136719,440.509033203125,441.35528564453125
sample_2df57721a14becae,461.00750732421875,456.3965148925781,448.5227355957031,441.9006652832031,435.27069091796875,426.8983459472656,420.8321533203125,413.3536682128906,408.4126892089844,403.9956359863281,398.72369384765625,395.014892578125
sample_92250cbbd618d1be,295.381103515625,309.5341796875,326.9903869628906,339.6624755859375,352.98980712890625,365.3504333496094,380.1143798828125,390.7267761230469,399.2115478515625,400.142822265625,405.1053161621094,410.43499755859375
sample_1eec85403971237b,356.3381652832031,354.89068603515625,356.6551818847656,361.17486572265625,364.3257141113281,375.1296081542969,396.1854248046875,418.9165344238281,421.09710693359375,422.68817138671875,424.06378173828125,419.9278564453125
sample_2c58baca1f728374,439.87872314453125,436.64788818359375,431.27349853515625,426.8857421875,422.191162109375,415.8654479980469,411.467041015625,406.228271484375,402.45050048828125,399.036865234375,395.12298583984375,393.16778564453125
sample_ca62f65430348db5,494.39703369140625,485.9834899902344,473.4236755371094,462.4837951660156,452.32940673828125,440.8480224609375,432.8302001953125,424.40106201171875,417.627685546875,413.0481872558594,408.5169982910156,409.3642272949219
sample_6660235a8416a88e,355.709716796875,356.0867614746094,358.1800842285156,363.4031677246094,366.88134765625,367.551513671875,373.9493103027344,386.2792053222656,388.4118957519531,387.843017578125,386.89947509765625,387.55804443359375
sample_da0b33727f193d2e,345.5276184082031,349.530517578125,355.73565673828125,362.4722900390625,359.18902587890625,363.5909729003906,362.1335144042969,361.76055908203125,364.915771484375,366.6568298339844,369.8756408691406,370.8918151855469
sample_feb639bdf7962371,438.760009765625,433.6055908203125,428.2589416503906,425.5958251953125,422.8221740722656,424.6033935546875,420.9427795410156,420.4248962402344,424.6314697265625,420.5079040527344,408.3853759765625,408.9921569824219
sample_626e2fd75181776c,316.736328125,321.561279296875,329.22222900390625,334.9355773925781,342.25067138671875,349.91912841796875,356.29022216796875,362.2283935546875,368.3053894042969,372.0244140625,377.38092041015625,380.8103332519531
sample_e2386a9ddf2b4b50,550.1716918945312,541.2203979492188,530.3678588867188,519.4999389648438,504.4657287597656,493.7301330566406,489.82177734375,477.89599609375,465.60174560546875,454.474853515625,451.7820129394531,443.04736328125
sample_bfa8315b931742f6,416.58526611328125,418.47161865234375,420.5262451171875,421.22564697265625,422.981201171875,422.4019775390625,423.43450927734375,421.8342590332031,422.59295654296875,420.8551940917969,421.1524658203125,419.78594970703125
sample_406abab22f3fe053,361.98931884765625,362.07806396484375,363.1087646484375,364.0064392089844,365.7926330566406,367.8573303222656,369.048095703125,371.1961364746094,372.0295104980469,373.67010498046875,374.6856994628906,375.55584716796875
sample_ed21ba858634a254,376.87408447265625,376.14666748046875,375.630859375,375.1945495605469,375.17742919921875,374.6933898925781,374.9000549316406,374.424072265625,374.2252502441406,374.1732177734375,374.2232666015625,373.9457702636719
sample_5d5a65875a4e54da,410.9775390625,406.40802001953125,401.6971435546875,398.09259033203125,392.8475341796875,388.09765625,385.4392395019531,382.77740478515625,380.90704345703125,378.785400390625,376.8434143066406,375.4931335449219
sample_5eeaf8c3f5c0a98f,374.5185852050781,373.4337463378906,374.31500244140625,375.8595886230469,379.2862854003906,386.1202087402344,397.8992004394531,409.17413330078125,415.32183837890625,417.77349853515625,416.7338562011719,419.5502624511719
sample_9149b33f72fdf001,464.9682922363281,461.14324951171875,460.7956848144531,456.474609375,450.3802490234375,440.2806091308594,435.5103759765625,428.88250732421875,426.1153259277344,422.0922546386719,416.4670715332031,411.5570983886719
sample_e98549fba04e0169,446.5065002441406,453.1813049316406,460.1952209472656,463.489990234375,461.71844482421875,456.6067810058594,457.1446533203125,457.709716796875,459.89080810546875,455.96368408203125,443.72503662109375,438.64910888671875
sample_91ddd7826c0861cb,439.7469787597656,438.3623962402344,437.1913146972656,435.39215087890625,436.2519226074219,434.7999572753906,445.3604431152344,450.81646728515625,462.8995361328125,457.426513671875,461.6371154785156,462.4680480957031
sample_688b5c06266077dd,433.7048645019531,434.16571044921875,435.89410400390625,436.5765686035156,444.8570251464844,447.38006591796875,441.31597900390625,436.91815185546875,440.15423583984375,442.7879333496094,441.8841552734375,434.8566589355469
sample_7e999989b1899ecd,344.1573181152344,343.05438232421875,347.50543212890625,350.6765441894531,354.26629638671875,359.25054931640625,353.3634338378906,365.6520690917969,410.12957763671875,438.31488037109375,450.7060241699219,491.31353759765625
sample_d85b8a1684c467a7,531.569091796875,533.7301025390625,533.0120239257812,531.580078125,531.384765625,527.874755859375,526.5458374023438,522.395263671875,520.5738525390625,517.9763793945312,515.9111938476562,513.601806640625
sample_7a415b6d21d9aea1,406.92633056640625,405.74884033203125,404.212158203125,402.69384765625,401.3203430175781,398.9063720703125,397.7492370605469,395.8672790527344,394.4768371582031,392.5293884277344,391.3204345703125,390.07696533203125
sample_c34e7ee093ff8020,363.3997802734375,391.9035949707031,414.7442626953125,431.1236267089844,450.2966003417969,478.82489013671875,489.3511657714844,494.9505920410156,479.7623291015625,490.3778991699219,477.5469970703125,480.5382385253906
sample_5c22d9c07e82ba55,384.0198059082031,382.1871032714844,381.003662109375,379.9870910644531,379.15625,378.1103210449219,377.8022766113281,376.8808288574219,376.474365234375,375.5791320800781,375.65887451171875,374.7740173339844
sample_71e79ec20acfe6bb,508.8077087402344,527.3526611328125,544.1853637695312,544.9254150390625,549.3744506835938,540.8989868164062,546.474609375,536.3368530273438,516.1961059570312,501.15838623046875,487.82989501953125,477.1064758300781
sample_532b9399d31808d1,505.92059326171875,498.1667785644531,485.2015686035156,474.1120300292969,466.7799987792969,460.73553466796875,453.6044616699219,438.96038818359375,435.1634216308594,435.3304748535156,427.546142578125,416.3668212890625
sample_c7030e9a344b8591,419.1578063964844,420.26519775390625,426.06170654296875,434.7613830566406,446.825927734375,451.513671875,457.705810546875,489.43182373046875,508.3245849609375,525.9766845703125,541.1654052734375,555.0972900390625
sample_e92ffdec33367a48,404.0311279296875,402.3736572265625,401.3578796386719,401.6155090332031,402.892822265625,416.3244934082031,427.6495056152344,445.9639587402344,445.872802734375,451.97100830078125,459.3195495605469,469.26031494140625
sample_39949397a21ed688,411.0700988769531,411.8830871582031,412.8086242675781,412.9539489746094,414.11846923828125,413.6147766113281,414.2335510253906,413.3350830078125,413.96148681640625,412.7323303222656,413.49798583984375,412.7139587402344
sample_c8c0c3a4f8ad1f2e,431.1690979003906,426.71630859375,420.82861328125,415.8188171386719,410.0527648925781,403.6569519042969,398.5980224609375,393.2960510253906,388.61541748046875,385.1219482421875,380.4710693359375,377.3402099609375
sample_9556d4354352ff49,379.9241638183594,379.0480651855469,378.8062438964844,378.533447265625,378.7810363769531,378.8043518066406,378.9837646484375,379.531494140625,379.2957458496094,379.9141540527344,380.0379943847656,380.6100769042969
sample_e13132c68584e4b9,376.8887023925781,384.79547119140625,397.5429992675781,412.85687255859375,428.9993896484375,440.78216552734375,447.5852355957031,449.0826721191406,456.0404968261719,463.24737548828125,465.5576171875,463.4609680175781
sample_73512a64fa422759,584.7726440429688,568.8524169921875,549.0038452148438,531.27099609375,516.4357299804688,501.08172607421875,489.8501892089844,478.034912109375,468.98382568359375,460.43218994140625,451.18133544921875,445.29473876953125
sample_915ba8437c65ba3c,307.8135681152344,308.6299133300781,310.6924133300781,311.3509216308594,313.0054931640625,315.409912109375,317.836181640625,318.6046142578125,320.21630859375,319.7359313964844,321.5178527832031,322.4435119628906
sample_7c08ef482923dfb4,622.6132202148438,616.6268920898438,607.31396484375,595.70068359375,587.4815063476562,579.7214965820312,578.458251953125,578.106201171875,586.6273193359375,597.9707641601562,611.687255859375,628.390380859375
sample_ef60d8a22f826076,397.9845275878906,396.8634338378906,395.93792724609375,394.90484619140625,394.486328125,393.1823425292969,392.74932861328125,391.5418701171875,391.28289794921875,390.26885986328125,389.55474853515625,388.6345520019531
sample_262cf2867a449c0f,415.1684875488281,413.3869934082031,410.857666015625,408.7800598144531,406.4993591308594,403.3541259765625,401.5385437011719,399.0537109375,396.6168212890625,394.302490234375,392.5472412109375,390.45758056640625
sample_1bc88549413a8f81,333.231201171875,333.7943420410156,333.1180419921875,333.3194580078125,334.45220947265625,338.5939636230469,345.7232360839844,355.95037841796875,378.236083984375,380.94671630859375,384.40655517578125,373.691650390625
sample_7c0e525cc14dfe67,337.74005126953125,344.8467102050781,351.9310302734375,357.0766906738281,368.0955810546875,372.7221374511719,391.5806884765625,394.421630859375,385.060302734375,381.8998107910156,386.3040771484375,380.0453796386719
sample_d2541875785c8d03,335.9677429199219,345.4226989746094,353.8750915527344,361.66339111328125,357.86798095703125,372.80303955078125,374.2203674316406,396.19451904296875,388.76312255859375,378.39910888671875,374.7069091796875,381.65869140625
sample_98ab92a5e34c3d65,305.12872314453125,309.48992919921875,315.9580383300781,320.9101867675781,326.9186706542969,332.8218994140625,337.8591003417969,342.5198974609375,347.3271789550781,350.2620544433594,354.6605224609375,357.37396240234375
sample_d99898e14a54f6e0,331.0511779785156,335.4526062011719,343.2498779296875,352.2335510253906,365.5208435058594,376.20416259765625,392.57940673828125,412.2521667480469,432.54791259765625,439.848388671875,448.42333984375,452.32916259765625
sample_b132dfd2a6941e25,372.3868713378906,371.99609375,370.4241027832031,370.6117858886719,369.4239807128906,367.6732177734375,367.3406982421875,366.68084716796875,363.2124328613281,360.4279479980469,358.6510314941406,359.2825622558594
sample_64e9f7ddd3b1e6bd,432.9078063964844,429.58392333984375,424.502685546875,420.23291015625,416.7476806640625,412.1930847167969,411.20635986328125,410.2384338378906,411.8397216796875,411.5079040527344,407.81866455078125,402.29620361328125
sample_e72410bfd80e52de,671.5896606445312,651.69970703125,629.501953125,611.0614013671875,594.2577514648438,576.570556640625,563.337890625,549.8755493164062,539.1380615234375,529.7481079101562,520.42333984375,513.0902099609375
sample_776b78a26b85c64f,281.9884033203125,286.84912109375,294.55560302734375,300.2662353515625,307.119384765625,314.6297607421875,320.64306640625,326.3741455078125,332.1080017089844,335.6206359863281,340.7643127441406,344.03369140625
sample_9c7f594a238b2b83,489.5109558105469,488.7026062011719,487.3648681640625,481.7686462402344,478.4891052246094,473.78265380859375,472.01556396484375,469.90118408203125,470.04248046875,469.4773864746094,467.687255859375,473.92669677734375
sample_2c50a618e6d2d34c,336.9658203125,337.6458435058594,338.2971496582031,340.22674560546875,343.591552734375,346.1229553222656,345.0802001953125,346.71221923828125,348.3890380859375,349.1380310058594,350.6152648925781,351.8883361816406
sample_fe4b61cb5ac4704f,468.89166259765625,465.95172119140625,462.01678466796875,459.8204040527344,456.7983703613281,451.70672607421875,447.9427795410156,442.2994384765625,440.18145751953125,442.3606872558594,438.1874694824219,433.93792724609375
sample_b4d26cb643c95114,356.9408874511719,355.5942687988281,356.0387878417969,357.14306640625,358.6745300292969,360.1029052734375,366.4553527832031,368.4512023925781,366.9590148925781,371.5864562988281,382.8807067871094,383.43768310546875
sample_0192d9231d54c3d0,433.3536682128906,425.83837890625,416.1187438964844,407.46038818359375,398.5433349609375,389.9263916015625,385.737060546875,385.13330078125,384.8139953613281,384.73907470703125,380.6274108886719,377.1781921386719
sample_9950d560042fea14,347.28826904296875,348.2735290527344,350.4355773925781,352.5931091308594,356.3937683105469,360.91015625,366.6495056152344,372.7198791503906,380.0583190917969,389.3592529296875,402.98077392578125,406.20611572265625
sample_c9dc36d51024553c,294.3568115234375,299.5207214355469,307.3056945800781,312.9605712890625,320.1695556640625,327.7872009277344,333.9150695800781,339.8927917480469,345.6546325683594,349.2843933105469,354.6503601074219,358.03240966796875
sample_e20604aaba04aa81,389.71575927734375,386.8311767578125,384.6004333496094,382.9862976074219,381.75860595703125,380.2325134277344,378.79937744140625,377.8062438964844,377.343994140625,375.6186828613281,375.0945129394531,372.78680419921875
sample_f4c796a8d7934f4f,349.97821044921875,353.8429260253906,360.4300537109375,363.1573791503906,368.0240783691406,384.7537841796875,378.8157653808594,365.8588562011719,369.4792175292969,371.48785400390625,370.497314453125,369.7569274902344
sample_a2bfa60f42682727,327.2236633300781,329.10162353515625,333.6337890625,344.0083923339844,363.6576843261719,382.2138671875,383.9571228027344,395.6012878417969,415.2899475097656,429.00634765625,420.1388854980469,409.8025207519531
sample_6ccf6ff076cea761,368.2004089355469,398.06317138671875,439.80291748046875,500.8975830078125,534.4109497070312,575.5616455078125,605.767822265625,624.9405517578125,629.5376586914062,647.6661376953125,665.85791015625,621.558349609375
sample_43622b1ab89dc487,415.82293701171875,414.27978515625,412.1946716308594,410.6233825683594,409.3404846191406,404.2221984863281,402.096435546875,401.023193359375,402.1672058105469,400.5675354003906,403.74224853515625,430.5842590332031
sample_3e0ca855ee405c48,369.4796447753906,374.6912841796875,379.54144287109375,383.00091552734375,387.1244201660156,389.9726867675781,393.7850341796875,399.11309814453125,404.6894836425781,406.68505859375,411.7060241699219,425.9259033203125
sample_eaf69f611357452d,469.4764709472656,461.9662780761719,451.8131408691406,443.5595703125,435.593505859375,426.7944641113281,420.04107666015625,413.2078857421875,407.1937255859375,403.4776916503906,397.92864990234375,394.6346740722656
sample_f856e3c3be9274de,332.6274108886719,331.5622863769531,330.3927307128906,328.5822448730469,327.80792236328125,328.3424987792969,330.1566467285156,331.3143310546875,334.97955322265625,345.2533264160156,367.94720458984375,385.6012268066406
sample_f6c14a21c6ad281f,457.94287109375,453.4497985839844,446.5367736816406,440.305908203125,434.0710144042969,427.9700622558594,422.7862548828125,418.4451904296875,413.544921875,411.2900695800781,406.8782958984375,404.6733093261719
sample_55562bcbd613da91,401.628173828125,444.965576171875,489.5843200683594,535.8588256835938,566.1626586914062,584.9951782226562,581.8868408203125,581.2591552734375,589.6726684570312,562.7703857421875,544.30322265625,536.7388916015625
sample_faf86bc4e902c9a5,356.6201171875,373.5685729980469,396.43499755859375,415.99468994140625,438.61785888671875,476.17572021484375,513.09765625,535.2285766601562,526.0830688476562,525.9580078125,534.967529296875,545.8356323242188
sample_20bf16f97908ce62,378.8565979003906,376.9579162597656,375.4827575683594,374.1770324707031,373.1341857910156,372.44891357421875,372.1383972167969,371.54864501953125,371.44940185546875,371.07952880859375,370.9620056152344,370.6484375
sample_9f219059bf5de76d,436.4816589355469,444.1703186035156,451.904296875,457.8222351074219,462.6460266113281,463.9367370605469,466.7323303222656,463.713134765625,464.7870788574219,463.83935546875,462.569091796875,458.9705505371094
sample_5aa66ffb5c291b2a,327.7834167480469,333.11767578125,343.7922668457031,352.52386474609375,363.2588195800781,374.59381103515625,379.5010986328125,388.1741638183594,392.27490234375,396.3222351074219,403.11590576171875,409.1317443847656
sample_a0f95b237cd56afb,294.97186279296875,301.8209228515625,311.2372741699219,317.70611572265625,326.29632568359375,334.7002258300781,343.75079345703125,344.10296630859375,350.38555908203125,352.9272155761719,358.0328674316406,361.0278625488281
sample_d55708a69209aa77,279.3226318359375,283.9110107421875,291.34710693359375,296.6130065917969,303.1690673828125,310.2322082519531,315.9205627441406,321.360595703125,326.91497802734375,330.1371765136719,335.1000061035156,338.0918273925781
sample_fc6f1357749359be,350.0669250488281,348.5809326171875,348.91375732421875,351.7604064941406,349.18914794921875,350.8636169433594,352.2731018066406,351.90960693359375,351.0994567871094,352.7225036621094,350.2928466796875,351.76708984375
sample_16d5a7f81d91bb16,499.8551025390625,492.8765563964844,481.1605529785156,470.2039489746094,460.180419921875,448.38720703125,439.9627990722656,430.43499755859375,423.4194030761719,417.2838439941406,410.7325439453125,406.1453857421875
sample_0d65c21713925ab1,314.308837890625,321.8807678222656,331.612060546875,341.3593444824219,358.5730895996094,373.6484375,384.7191162109375,392.29962158203125,394.2378845214844,395.30810546875,407.19189453125,406.1794738769531
sample_b92a5747175a4fe8,280.6231994628906,285.4013671875,292.9721984863281,298.2742919921875,304.93792724609375,311.9349365234375,317.4561462402344,322.8351745605469,328.3639831542969,331.6571044921875,336.5849914550781,339.5359802246094
sample_190258be90958f7a,345.9273376464844,345.94940185546875,347.3040771484375,348.4579772949219,350.7584228515625,353.8621826171875,355.8431396484375,358.5181579589844,360.214111328125,362.6223449707031,364.22259521484375,366.2737121582031
sample_7e318186d97b0185,470.9695739746094,464.16229248046875,453.60504150390625,444.7168273925781,436.11859130859375,426.09173583984375,418.92529296875,410.6451721191406,405.7967529296875,400.9300842285156,395.2882080078125,392.0807800292969
sample_9a5773aff7265c8e,653.318603515625,649.1685180664062,641.7725219726562,633.94140625,620.2939453125,606.7276000976562,598.06884765625,588.1366577148438,572.2806396484375,556.674072265625,546.5187377929688,532.6077270507812
sample_f4f08c602a44a07c,353.2528991699219,356.9441833496094,364.7218933105469,361.6854248046875,365.2199401855469,365.2353820800781,365.6034240722656,368.2419128417969,370.7330322265625,371.7452697753906,373.88800048828125,375.0887451171875
sample_86a7758c23e522ce,399.4841003417969,399.2146911621094,398.9721984863281,398.7392883300781,398.6847229003906,397.996826171875,397.7801208496094,396.5130615234375,395.741943359375,394.5224609375,393.66363525390625,392.5486755371094
sample_37a482ac0f9fd6c2,661.0404052734375,646.8097534179688,627.78173828125,610.6597290039062,591.88525390625,572.7158203125,553.0325927734375,533.9196166992188,519.8430786132812,507.65289306640625,498.57354736328125,490.76031494140625
sample_e0299dd1e03ce535,343.3575439453125,341.6295166015625,340.64263916015625,339.6607971191406,339.00482177734375,338.62945556640625,338.1747131347656,337.1681213378906,337.19561767578125,337.4126892089844,341.30718994140625,351.3424377441406
sample_483c9466f29fa3d2,393.520751953125,391.5362243652344,391.3232727050781,391.148681640625,391.59979248046875,392.7657470703125,393.98095703125,394.74652099609375,395.4167175292969,396.1091613769531,396.8808898925781,397.7779235839844
sample_d74c111861134a1c,309.27752685546875,317.2088317871094,328.07110595703125,336.5585021972656,346.4600524902344,356.2569885253906,364.4720153808594,371.1029968261719,378.851806640625,383.6565246582031,389.893310546875,393.5707092285156
sample_bca766551d00436d,574.4714965820312,570.9016723632812,563.0369873046875,555.48779296875,549.0709838867188,540.200439453125,534.349609375,527.2045288085938,522.4083251953125,517.3994140625,512.501953125,508.01422119140625
sample_5f5290dee25a0925,296.69207763671875,303.3818054199219,312.3620300292969,323.88031005859375,331.584228515625,334.4345703125,333.5399169921875,339.0826416015625,345.05377197265625,348.44036865234375,353.2731628417969,356.69927978515625
sample_ddfc6ea6a2069cdd,311.2025451660156,314.1799011230469,318.78375244140625,322.1485290527344,326.7047424316406,331.5003662109375,335.79473876953125,339.3910827636719,343.5279235839844,345.70599365234375,349.29656982421875,351.66064453125
sample_e09b3beba12b3852,466.3690185546875,477.32989501953125,482.1268005371094,483.70611572265625,490.45849609375,494.8303527832031,496.6737976074219,495.9131164550781,500.1959228515625,503.2256164550781,501.777587890625,498.7129211425781
sample_b2b9502842964750,374.00067138671875,373.0633239746094,373.9329833984375,376.3679504394531,380.1981506347656,387.0968017578125,403.1880187988281,423.8860168457031,442.8367919921875,453.0501403808594,452.110595703125,456.91485595703125
sample_b754f51ccf229ea9,338.1408996582031,340.40765380859375,343.63055419921875,345.9989318847656,349.80078125,353.2481384277344,356.4863586425781,358.84869384765625,361.4000244140625,362.8136291503906,365.3875732421875,366.8078918457031
sample_ddac8c3fee9b8eeb,441.8305358886719,443.29803466796875,446.06170654296875,448.9751281738281,452.9297790527344,459.77392578125,462.9328308105469,471.2283630371094,480.92803955078125,502.71923828125,511.9127197265625,528.2388916015625
sample_b78c84b2dac759d4,499.21533203125,534.87890625,568.9703979492188,588.9815673828125,601.6763305664062,613.9859008789062,618.9747314453125,631.4794311523438,624.2177124023438,620.8248901367188,629.8915405273438,633.0752563476562
sample_053428706fbd3a9c,414.72869873046875,412.0657043457031,410.0727233886719,408.54840087890625,407.11492919921875,406.6483154296875,405.4618835449219,407.22576904296875,416.09521484375,432.3013610839844,444.84759521484375,456.60968017578125
sample_3ed271ff95588f90,400.3362731933594,398.0038146972656,395.55889892578125,393.5318603515625,390.323974609375,387.6489562988281,385.85369873046875,383.0723571777344,381.0577087402344,379.0806884765625,377.2809143066406,375.2916564941406
sample_f3985543fc596605,441.7748107910156,435.7334899902344,426.3973388671875,417.4450378417969,408.619384765625,400.7056884765625,395.8069152832031,386.9977111816406,383.27606201171875,386.5033874511719,384.1424255371094,390.0613098144531
sample_84fe38efd575e936,330.45599365234375,332.9539794921875,337.1585388183594,340.363037109375,344.9700622558594,350.3016052246094,354.3442077636719,358.6080322265625,362.60491943359375,365.3680419921875,368.62298583984375,371.21649169921875
sample_be8e1731de1020be,402.5553283691406,407.2095031738281,411.2494812011719,414.1408386230469,417.14874267578125,418.2268371582031,419.8852844238281,418.93511962890625,420.5790100097656,418.7314147949219,419.3553161621094,417.7311096191406
sample_5211044bdee52ed5,414.134033203125,411.0636291503906,407.5029602050781,404.4566955566406,401.56396484375,397.843505859375,395.15203857421875,392.11639404296875,389.19769287109375,387.0227355957031,384.37298583984375,382.1580505371094
sample_1f0ea31e9eb045c5,490.3573913574219,484.5268249511719,474.8553466796875,466.2958679199219,458.3441467285156,447.7786560058594,441.2279968261719,435.1502685546875,429.237060546875,428.3008117675781,430.5081481933594,436.009033203125
sample_325a956cd6df22dc,342.2527160644531,346.9593200683594,364.04217529296875,371.3912048339844,382.38348388671875,386.33428955078125,417.1039733886719,446.76068115234375,468.20501708984375,448.049560546875,441.19805908203125,450.28533935546875
sample_a0ef527622b97041,656.7643432617188,641.489990234375,622.78173828125,607.6435546875,593.3363647460938,577.9674072265625,566.7777709960938,554.9264526367188,545.4761962890625,536.9676513671875,529.0311279296875,522.2921142578125
sample_4e0bee521992db09,361.798583984375,364.56695556640625,367.470947265625,369.7098083496094,372.5382385253906,374.2432861328125,376.6076354980469,377.4469909667969,379.22381591796875,379.7305603027344,381.7460021972656,382.3266296386719
sample_a8958c25e8d68f1a,332.0589904785156,335.7789611816406,342.77734375,347.86865234375,354.0372619628906,361.31793212890625,367.0864562988281,372.94024658203125,378.7696533203125,383.61724853515625,388.2378234863281,391.4811096191406
sample_4b07c88807ea31fa,518.2897338867188,525.5685424804688,525.8209838867188,514.7279052734375,504.5826721191406,499.1625061035156,494.0570068359375,488.3927001953125,481.162841796875,475.5788269042969,471.5679931640625,467.5824890136719
sample_c247ce7ece49503c,395.91156005859375,393.98455810546875,392.3855285644531,391.0406188964844,390.21856689453125,388.6066589355469,388.33502197265625,386.6265869140625,386.0733642578125,385.2979736328125,385.33502197265625,384.5879211425781
sample_464220687157a8d2,344.64251708984375,366.8595275878906,386.1312255859375,399.7978820800781,411.3172912597656,421.5035400390625,429.380859375,433.96746826171875,434.43072509765625,434.3682861328125,440.4833984375,441.5544738769531
sample_ddc9b027a0ed8fa9,555.7163696289062,542.8180541992188,525.67138671875,511.62017822265625,499.93804931640625,488.44329833984375,480.20208740234375,473.567138671875,469.91632080078125,471.09002685546875,463.7519836425781,459.1551513671875
sample_db069d5cba6b7e6a,352.04718017578125,354.7194519042969,362.1519775390625,367.0416564941406,374.9308166503906,386.70758056640625,396.36138916015625,395.13006591796875,399.6221618652344,403.5895690917969,410.50726318359375,416.70123291015625
sample_fd290f666192e984,351.62579345703125,350.3597412109375,351.0439758300781,351.7607727050781,347.7596435546875,346.9549865722656,345.58892822265625,346.0757751464844,350.81146240234375,358.209228515625,375.2672119140625,379.18719482421875
sample_d8ce58cd69237648,359.0484313964844,364.62939453125,370.5972595214844,375.1089782714844,380.5502014160156,385.0079345703125,390.5509033203125,393.3097229003906,397.1319580078125,400.0523986816406,407.28021240234375,408.5966796875
sample_39d259ff33c10233,607.494873046875,593.9989013671875,573.6160888671875,555.9669189453125,542.33740234375,525.84521484375,511.56298828125,498.8756103515625,490.07275390625,486.4146728515625,481.0841369628906,479.1719970703125
sample_3149fa22772963e9,361.38525390625,360.4844055175781,361.1187744140625,361.71136474609375,363.1158142089844,365.4935302734375,368.5697021484375,371.5732421875,376.21630859375,377.8546142578125,383.62054443359375,389.8805236816406
sample_ba5c66a36e6078a8,396.1889953613281,394.007080078125,392.62139892578125,395.90069580078125,395.6832275390625,398.974853515625,408.6059875488281,408.89697265625,397.4715881347656,405.43670654296875,392.15789794921875,395.23162841796875
sample_4ec0619c55ec93fb,406.6466979980469,409.40704345703125,411.6236267089844,413.3872375488281,415.51287841796875,415.8329772949219,416.58660888671875,415.8978271484375,416.5780029296875,414.5401306152344,414.5877685546875,413.0234375
sample_51ef6bdafae8b44a,369.17333984375,367.49359130859375,366.4203796386719,365.56158447265625,364.7188415527344,364.44342041015625,364.9613342285156,366.1342468261719,369.1388854980469,371.4015808105469,371.3461608886719,373.3671569824219
sample_f510286631ba1fde,346.8600769042969,345.6075744628906,345.8460388183594,344.4173278808594,344.0301818847656,344.4455261230469,349.8558654785156,360.52154541015625,361.54901123046875,369.36578369140625,372.7998962402344,369.82891845703125
sample_8e918402212b44cf,513.39404296875,497.08074951171875,478.6147766113281,463.1968078613281,448.8609619140625,433.9005432128906,422.5461730957031,411.6925354003906,402.07928466796875,395.48760986328125,388.7555236816406,383.9564208984375
sample_c468abd5d5de77b8,326.8507995605469,331.3353576660156,338.9859619140625,344.3154296875,351.5066223144531,359.3689880371094,365.66119384765625,372.46905517578125,379.2554931640625,383.38836669921875,388.6503601074219,393.25384521484375
sample_ec3fdd9c7377399c,370.9923400878906,368.9952087402344,366.6145935058594,364.21795654296875,361.936767578125,359.12677001953125,357.9290466308594,358.70794677734375,361.04840087890625,362.3841552734375,369.92352294921875,391.3034362792969
sample_024d90b2f33b09f8,645.6859130859375,634.1419677734375,619.9498291015625,606.1419067382812,592.3886108398438,572.3175048828125,558.0442504882812,537.9840698242188,522.9947509765625,509.86566162109375,497.89508056640625,490.52593994140625
sample_3639800ea3374fc2,471.0772399902344,467.2300720214844,461.287109375,456.30670166015625,450.8155822753906,443.9590759277344,440.1866455078125,435.49945068359375,435.02423095703125,435.87213134765625,440.89111328125,435.24456787109375
sample_6cb9ef5437f221ec,395.91156005859375,392.91851806640625,392.8855895996094,393.9420471191406,398.253173828125,402.0076599121094,417.6522521972656,414.7215576171875,415.22222900390625,396.2861633300781,387.4231262207031,388.1481018066406
sample_673cff63fa819411,342.7926330566406,345.9921569824219,351.6383056640625,355.8021240234375,371.332275390625,369.3131103515625,359.0330810546875,363.2927551269531,366.6429443359375,369.15496826171875,368.97723388671875,357.856689453125
sample_3a2f974f551d3966,301.2262878417969,303.20037841796875,307.83892822265625,311.38763427734375,316.1261901855469,321.660888671875,325.853271484375,330.08599853515625,334.1559143066406,337.1340637207031,340.7576904296875,343.63287353515625
sample_057b88ef1b2908fb,454.200439453125,455.1449890136719,454.87286376953125,455.6069641113281,457.9586181640625,449.3935546875,444.5931091308594,438.2265930175781,431.9139709472656,428.1205139160156,426.884033203125,425.415283203125
sample_2b8cf10087b3b49c,399.6501159667969,399.3979187011719,398.7056579589844,398.3559265136719,398.1772155761719,396.0785217285156,394.2444763183594,393.4105224609375,391.69451904296875,391.35418701171875,391.6765441894531,391.0982360839844
sample_2c9f312e81825a21,455.21893310546875,449.9893493652344,442.342041015625,436.15673828125,429.0329895019531,420.74090576171875,415.1626892089844,410.2044982910156,405.4083251953125,401.43927001953125,395.124755859375,391.2362976074219
sample_8a4cc9a6ac7a430a,398.1067810058594,401.73858642578125,419.6529541015625,450.17218017578125,482.540771484375,513.0779418945312,543.6577758789062,575.5675659179688,603.4364624023438,617.6245727539062,606.8102416992188,591.9531860351562
sample_834dfcff614ad36f,541.757080078125,543.8195190429688,535.9525756835938,527.89599609375,523.8336181640625,513.8720703125,506.7293395996094,499.9808044433594,493.27587890625,487.4112854003906,480.5726318359375,474.56292724609375
sample_3ab606a5ce3bfd72,289.6956787109375,293.7330627441406,300.4579772949219,305.9267272949219,311.9374084472656,319.02069091796875,324.4881591796875,329.9639892578125,335.2208557128906,338.5895690917969,343.0284729003906,346.26031494140625
sample_a59f48b041317ba5,457.44976806640625,451.635498046875,443.591796875,436.1809387207031,429.3700256347656,418.82177734375,412.360595703125,405.1366882324219,399.4778137207031,394.66473388671875,389.1256408691406,384.575927734375
sample_17cad294086c3b38,430.4443054199219,427.26617431640625,422.5028076171875,418.340576171875,414.0477294921875,407.93231201171875,403.6986083984375,398.5536804199219,394.8702087402344,391.2465515136719,387.6556701660156,384.58355712890625
sample_6cae9593eafb2b19,303.8212585449219,303.5878601074219,306.0482482910156,309.4029846191406,314.4814453125,319.4499816894531,324.51983642578125,326.6588439941406,329.5496826171875,334.4530944824219,345.0810241699219,364.70513916015625
sample_9c9530e5a2808d62,388.6629638671875,387.1864929199219,386.0107421875,385.041015625,384.1220397949219,382.9835510253906,382.3936462402344,382.1087951660156,381.2414245605469,380.91790771484375,380.77703857421875,380.47430419921875
sample_75a8c395dc825fff,315.1841735839844,320.8852233886719,330.00048828125,336.99444580078125,345.0079040527344,353.36773681640625,360.5205078125,367.15380859375,372.938720703125,376.9792175292969,383.0028381347656,386.1937561035156
sample_51a7cee141b79c48,341.44171142578125,344.75555419921875,349.415771484375,352.76019287109375,357.2110900878906,362.0997619628906,366.3526306152344,369.7944641113281,373.902099609375,376.19989013671875,379.8085021972656,381.35528564453125
sample_2a57cbcd17ce2be9,369.07257080078125,385.1634826660156,396.5445861816406,405.7423400878906,414.76165771484375,418.68798828125,414.3672180175781,412.54364013671875,415.3509216308594,418.7921447753906,429.009033203125,433.19439697265625
sample_adf0588e9eb9c475,394.7771911621094,392.0230712890625,389.39208984375,386.7877197265625,384.55511474609375,382.4112548828125,380.90948486328125,379.2587890625,376.89337158203125,376.1083679199219,374.98870849609375,374.2890625
sample_2beb33f39ae44ec9,337.98602294921875,337.9071960449219,343.7973937988281,344.4781799316406,350.0947570800781,356.43353271484375,365.427978515625,359.1537780761719,363.1939392089844,365.2451171875,365.49224853515625,366.946044921875
sample_6b13b089e59c70cf,299.0733337402344,299.7937927246094,304.9810485839844,305.1262512207031,309.95965576171875,317.05419921875,317.75689697265625,321.1605529785156,326.1462097167969,322.81109619140625,327.4984436035156,332.0841979980469
sample_355c559ea2f9fdb6,515.7993774414062,499.4411315917969,481.5592041015625,467.188720703125,453.6612548828125,439.9595031738281,428.8489074707031,418.39422607421875,409.5694580078125,402.95892333984375,396.17425537109375,393.28564453125
sample_6625184422a42f15,305.451904296875,310.28411865234375,319.45849609375,329.8871765136719,341.6212158203125,355.16461181640625,374.1667175292969,393.0860595703125,409.5413818359375,425.8065490722656,441.39154052734375,437.6551208496094
sample_1a32ddadc39ac9e3,398.7120361328125,394.5957946777344,388.18975830078125,382.96759033203125,377.0152587890625,370.2642517089844,365.8211669921875,360.55706787109375,356.5134582519531,352.92779541015625,348.71044921875,346.2278747558594
sample_dcb2a7f6feb1514d,526.58251953125,528.33984375,527.6025390625,527.2335205078125,527.0195922851562,525.8859252929688,525.707763671875,523.5935668945312,523.2947998046875,522.4552612304688,521.4950561523438,520.8043823242188
sample_0e244d86a3a90a3a,525.63818359375,554.9476318359375,575.7454223632812,584.5123291015625,596.0704956054688,598.5819091796875,608.8595581054688,597.6895141601562,594.7431640625,598.9125366210938,601.3102416992188,599.78173828125
sample_a180e37e4b969dbc,458.7626647949219,459.49932861328125,458.28485107421875,457.3344421386719,456.6870422363281,454.4479675292969,453.3686218261719,450.8469543457031,449.48248291015625,447.75543212890625,446.1267395019531,444.46929931640625
sample_dde1b106bca7da5b,566.5391235351562,554.0780029296875,537.8662109375,524.1580810546875,511.263427734375,497.44329833984375,487.506103515625,476.9671325683594,468.53900146484375,460.9569396972656,453.89154052734375,448.05706787109375
sample_80c8c13256dbac9f,364.5006103515625,390.5982360839844,418.02349853515625,435.423583984375,452.64837646484375,469.00604248046875,484.029052734375,494.63873291015625,505.2891845703125,511.38946533203125,519.661865234375,525.0596923828125
sample_48f361218cd236d2,327.46929931640625,326.63897705078125,327.9105529785156,328.62347412109375,330.91729736328125,333.57586669921875,335.86956787109375,338.0834045410156,340.3703308105469,342.48333740234375,344.7842102050781,346.31732177734375
sample_e17ce5b8a41633d5,319.3044738769531,318.69891357421875,320.4071350097656,320.036865234375,320.908935546875,322.8786315917969,324.30743408203125,327.8410339355469,331.0981140136719,328.6797180175781,329.8327941894531,333.0221252441406
sample_e181b156986ad40e,586.2843017578125,573.5491333007812,556.4496459960938,539.9427490234375,525.662841796875,507.67193603515625,496.84759521484375,484.9060974121094,476.4609680175781,468.6625061035156,461.3297119140625,454.509033203125
sample_2a8c6c68a0f2b5d6,324.54327392578125,331.3886413574219,334.2492370605469,340.31463623046875,342.65509033203125,350.99822998046875,357.2258605957031,367.55718994140625,360.5962219238281,363.9433288574219,367.6075134277344,367.52056884765625
sample_0f60a898d717647b,360.4073791503906,358.275634765625,355.7880859375,353.92864990234375,352.0867919921875,349.91217041015625,348.8328552246094,346.6672668457031,346.7577819824219,343.56500244140625,341.6861572265625,341.3988037109375
sample_f86ffe556c41e27a,421.5097961425781,445.8458251953125,475.6344299316406,486.28973388671875,495.6706237792969,489.8105163574219,501.4326171875,489.6657409667969,494.4416198730469,499.5762634277344,504.19012451171875,490.2872619628906
sample_80f7725153a94cc3,345.81573486328125,349.59326171875,354.0829162597656,356.719482421875,359.3925476074219,366.05535888671875,372.66375732421875,375.77752685546875,377.5712890625,377.32989501953125,387.9754638671875,400.92657470703125
sample_6a44f896c147c19c,292.819091796875,294.427490234375,300.10284423828125,300.8664855957031,305.42572021484375,312.22442626953125,315.0638122558594,321.943603515625,321.0420837402344,322.8690185546875,328.4197998046875,334.1061096191406
sample_1ef06e5fac29c8f4,629.2067260742188,620.0030517578125,607.0061645507812,598.9459228515625,587.7911376953125,582.5015258789062,575.6419677734375,564.78076171875,547.499755859375,535.3709106445312,524.5911865234375,514.0538330078125
sample_106b25cf85416de9,363.5495300292969,363.9172668457031,366.5343017578125,368.6423034667969,372.19024658203125,377.6907043457031,382.7303771972656,385.4995422363281,395.538818359375,391.2417297363281,401.6353454589844,404.8298034667969
sample_7c4cff2f60e09300,322.2365417480469,323.173583984375,325.8661804199219,328.5230407714844,332.2470397949219,336.49920654296875,339.57415771484375,343.31817626953125,345.87835693359375,348.8916320800781,351.6031188964844,354.05706787109375
sample_980fc88cdd719a96,303.11614990234375,305.23828125,311.6168212890625,314.7761535644531,321.4797058105469,327.8438415527344,325.14886474609375,330.9978332519531,337.2307434082031,339.09423828125,344.48516845703125,344.9395446777344
sample_610bec573d0a2bbb,332.1138000488281,331.07928466796875,331.7246398925781,331.6863708496094,333.0023498535156,335.44329833984375,335.0263671875,335.48052978515625,337.4236145019531,336.8655700683594,341.60687255859375,343.4196472167969
sample_4928d4aec92587ee,502.7171936035156,486.69903564453125,467.892578125,452.725830078125,438.38604736328125,423.479248046875,412.34954833984375,400.7874450683594,391.7777404785156,383.75970458984375,375.70782470703125,369.2921447753906
sample_7d89bae9830506a9,476.80096435546875,491.72052001953125,510.0721435546875,525.4375,536.8878784179688,554.811279296875,572.7935180664062,577.6589965820312,558.63916015625,548.1419677734375,548.050537109375,553.3021850585938
sample_0701d6d3791ddf4c,346.57928466796875,346.86370849609375,346.6668701171875,347.21392822265625,348.8197937011719,353.4849853515625,359.9548034667969,367.8435974121094,385.62115478515625,423.20611572265625,443.98870849609375,462.78045654296875
sample_905c753e9d288446,429.27337646484375,423.6440734863281,414.42486572265625,406.0728759765625,399.14447021484375,389.9202880859375,382.1025085449219,375.4316101074219,370.2825927734375,366.98883056640625,358.4613342285156,355.02203369140625
sample_ebfd8367709aa78d,373.7832946777344,406.475830078125,427.0242919921875,456.74127197265625,472.4512939453125,490.1116943359375,493.9915466308594,507.03533935546875,507.49090576171875,508.3583984375,503.3703308105469,494.52587890625
sample_0487ac25dfc07464,324.35552978515625,347.6669921875,371.96649169921875,390.9010314941406,408.0467224121094,425.32525634765625,446.3511657714844,460.587890625,467.79461669921875,471.502197265625,480.35089111328125,491.503173828125
sample_2e1f57cae83a861f,496.38800048828125,494.0357971191406,488.84326171875,483.5968017578125,478.61639404296875,471.6715087890625,467.0472412109375,461.1807861328125,456.6522521972656,452.2431640625,448.3177795410156,444.3647155761719
sample_387acb80a0fac971,336.3702087402344,337.09222412109375,338.96142578125,341.2416076660156,343.9652099609375,348.4712829589844,346.5795593261719,350.060546875,350.1891784667969,349.32086181640625,351.2992248535156,353.3728332519531
sample_d0b8861e8d596e10,324.8387145996094,327.0744934082031,332.4641418457031,336.7930603027344,342.3048400878906,348.93927001953125,354.0528259277344,359.3978576660156,364.3152770996094,367.5689392089844,372.11016845703125,375.1828918457031
sample_72b9edce783a8f95,672.970458984375,661.8173828125,642.1445922851562,627.26611328125,611.1884155273438,595.2937622070312,581.7932739257812,569.18408203125,562.3524780273438,555.44580078125,549.6883544921875,547.1687622070312
sample_2c0ad7178894e6fe,683.314453125,659.6446533203125,633.5562133789062,609.1904907226562,587.1041259765625,565.4376220703125,548.14892578125,533.2178955078125,521.0081787109375,510.36920166015625,499.7201843261719,491.224609375
sample_6db8483233784627,397.3861389160156,394.3568115234375,391.08636474609375,388.58087158203125,385.9329528808594,383.1997375488281,380.6625671386719,379.10284423828125,376.5881042480469,375.8198547363281,373.4891662597656,372.59765625
sample_c0f8e3e375c2e641,304.55072021484375,310.06439208984375,318.9170227050781,325.142822265625,332.0261535644531,337.7872009277344,343.64727783203125,350.79449462890625,357.7999572753906,361.5200500488281,365.8897705078125,366.9219970703125
sample_138bb9258563d8ad,477.23187255859375,472.287841796875,465.4255065917969,459.5289001464844,453.3021240234375,446.91595458984375,441.3803405761719,437.0451965332031,431.44952392578125,429.21038818359375,424.61505126953125,422.23046875
sample_006150d41f82d9a6,333.1435241699219,336.4792785644531,351.9314270019531,351.3984680175781,350.01800537109375,350.6037292480469,359.681884765625,359.9334411621094,373.85321044921875,384.3329772949219,393.0576171875,415.7979736328125
sample_fa5c44cb76ab27b6,711.4496459960938,712.8029174804688,709.9483642578125,701.00244140625,696.263916015625,689.639892578125,683.9259643554688,674.25537109375,670.9765625,670.0125732421875,671.61328125,680.9888916015625
sample_dae086ac862e4c40,377.2842102050781,378.35614013671875,379.98760986328125,381.05975341796875,382.7556457519531,383.47979736328125,384.76641845703125,384.27069091796875,385.67401123046875,384.98602294921875,385.8297119140625,384.9616394042969
sample_601e73d719bf0a61,430.74041748046875,429.8411865234375,428.8171691894531,426.7461853027344,426.26898193359375,424.7190856933594,423.88330078125,417.4384765625,417.64678955078125,412.570068359375,410.4520568847656,409.1179504394531
sample_7cfd906bf379cd09,545.9174194335938,525.7615966796875,503.835205078125,486.12750244140625,469.40777587890625,452.47998046875,439.4090270996094,426.4891357421875,416.13372802734375,407.5556945800781,398.2254943847656,391.86553955078125
sample_a52d052a86112cc5,320.68646240234375,326.277587890625,334.7919921875,341.374267578125,349.20758056640625,357.87957763671875,364.9584045410156,372.67926025390625,377.5916748046875,381.9393615722656,386.6318054199219,389.69537353515625
sample_2b1bb45a304e77dd,326.2727966308594,331.6593017578125,342.83392333984375,346.9609680175781,358.02056884765625,360.2625732421875,357.1673278808594,353.8114013671875,357.8977355957031,354.6644287109375,352.2974548339844,352.66778564453125
sample_86a202f1bb562994,459.3048400878906,454.99346923828125,449.92596435546875,445.67041015625,440.7344970703125,435.3979797363281,431.5520935058594,427.01470947265625,423.72491455078125,420.686767578125,416.3385314941406,414.3343505859375
sample_9b99ef83f613ab6c,405.0268859863281,400.2366027832031,394.4396667480469,390.5958251953125,388.89111328125,390.0994567871094,389.11163330078125,394.37066650390625,397.85101318359375,401.6254577636719,401.2449035644531,397.25482177734375
sample_bf5375d325366e88,299.3374328613281,304.41412353515625,312.4723815917969,318.58880615234375,325.8822021484375,333.94464111328125,340.16473388671875,346.41143798828125,352.301025390625,356.0521240234375,361.5364074707031,365.08660888671875
sample_1814765fa8415fbd,391.1331787109375,390.0153503417969,388.986572265625,387.9957580566406,387.2425231933594,385.9963073730469,385.26953125,384.6486511230469,383.7528076171875,382.94390869140625,382.7837829589844,382.23834228515625
sample_167e36dca452de77,386.09527587890625,382.7171936035156,378.34307861328125,375.6961975097656,374.1640625,371.3936462402344,368.08929443359375,363.7130126953125,360.00030517578125,356.8650817871094,356.37298583984375,353.630615234375
sample_c253abba089b864c,596.1053466796875,599.6948852539062,594.5532836914062,584.54052734375,577.8800048828125,574.0240478515625,564.8004760742188,553.72998046875,535.2586669921875,517.1934204101562,511.1141662597656,500.9161682128906
sample_a14aff43cf4458bf,385.0453796386719,384.52508544921875,384.80810546875,384.73101806640625,385.1494445800781,385.526611328125,385.77459716796875,386.2900695800781,386.09161376953125,386.69915771484375,387.0351867675781,387.32421875
sample_3ad835bb22a1b36b,508.55963134765625,503.2644348144531,494.0083923339844,486.99908447265625,480.4637756347656,471.9713134765625,465.8153381347656,459.8384094238281,454.818359375,449.356201171875,444.65216064453125,440.6837158203125
sample_cce7ffbc2ccd7b28,349.38800048828125,347.1690368652344,345.1492614746094,343.3832702636719,341.7712707519531,340.38995361328125,339.0044250488281,338.2062683105469,337.75341796875,337.5172424316406,338.3919982910156,337.26934814453125
sample_b15f890e66f95fdf,345.0227355957031,344.60638427734375,345.5482177734375,346.3826904296875,348.171630859375,350.816162109375,352.6799011230469,355.0537414550781,356.79034423828125,358.4434814453125,360.0261535644531,361.62396240234375
sample_ceaf7725c5ca4c30,381.37530517578125,379.8480224609375,379.1044921875,378.2476806640625,378.1206359863281,379.0037536621094,380.5904235839844,381.4562683105469,387.6933288574219,397.7757873535156,406.42578125,409.7840270996094
sample_bd8a3663305d6be4,627.1050415039062,605.049072265625,582.391357421875,562.177490234375,545.5831298828125,530.11767578125,517.8721923828125,505.99420166015625,497.11846923828125,491.5381774902344,484.51171875,478.8570861816406
sample_ca61f234310eb7be,329.95709228515625,338.19403076171875,348.5152282714844,357.07867431640625,362.8214111328125,371.4856262207031,381.8930969238281,386.9843444824219,393.52001953125,397.7138671875,400.66094970703125,400.24798583984375
sample_c40f794353a39c8b,526.48193359375,516.324951171875,504.36761474609375,494.01202392578125,484.1038513183594,472.74774169921875,464.5274658203125,456.50616455078125,449.384765625,444.40875244140625,438.28997802734375,434.53729248046875
sample_aa94404623b7f81f,292.6950988769531,308.6703796386719,325.71307373046875,335.95196533203125,347.4647216796875,360.1850891113281,373.15057373046875,382.309814453125,391.1183166503906,396.59857177734375,403.01519775390625,407.3226318359375
sample_432d76cde8e5238b,362.4817199707031,360.275634765625,357.7394714355469,355.8294372558594,353.4866943359375,350.9924011230469,349.2149658203125,346.53167724609375,344.3548889160156,342.86138916015625,340.45294189453125,339.2626037597656
sample_97c7d92990651cc9,473.0345153808594,479.33001708984375,491.0142517089844,503.97064208984375,515.784423828125,539.5499267578125,560.0554809570312,574.665771484375,570.3614501953125,571.058349609375,565.7493286132812,550.7476806640625
sample_19aeb329e6c258af,386.3561096191406,401.08233642578125,415.5174560546875,424.9665222167969,430.449462890625,440.7073974609375,450.6382751464844,455.44537353515625,457.24005126953125,460.7638854980469,459.17510986328125,460.8522033691406
sample_de0f6dbf948d9a51,376.3141174316406,377.2335510253906,378.4736328125,379.0863952636719,380.5413513183594,381.0381774902344,382.2601013183594,382.0011901855469,383.0338439941406,382.79669189453125,384.0415954589844,383.63543701171875
sample_21364fa408a7bffa,370.2463073730469,369.3564758300781,369.801025390625,370.5460510253906,373.6160888671875,381.603515625,389.6592102050781,393.796142578125,399.57244873046875,414.44940185546875,420.19720458984375,412.80206298828125
sample_238a8360aae40773,288.03961181640625,291.98681640625,299.7913513183594,305.57147216796875,312.7002258300781,320.56292724609375,326.9247741699219,332.38092041015625,338.3119201660156,341.6969299316406,346.71661376953125,350.1460266113281
sample_e8f5c2ed867d2a23,426.303466796875,422.6831359863281,417.06500244140625,411.6208190917969,404.14654541015625,397.0162353515625,395.1866455078125,397.0486145019531,405.66510009765625,417.5180969238281,424.336669921875,423.52850341796875
sample_b9f45edde8cae036,431.98065185546875,424.24346923828125,413.39642333984375,403.8071594238281,394.6304931640625,384.37139892578125,376.86383056640625,369.0858459472656,362.40850830078125,357.62689208984375,352.2228088378906,349.1395568847656
sample_9f44935ddce09d73,296.82305908203125,300.2939147949219,306.304931640625,311.31463623046875,316.9743957519531,323.6517028808594,328.5829162597656,333.85888671875,338.630859375,342.11822509765625,346.0439147949219,349.1802978515625
sample_f169e5455b321944,576.8585205078125,563.0078735351562,545.7823486328125,531.6943359375,518.1625366210938,503.82147216796875,493.2576904296875,482.51287841796875,473.4544372558594,466.093994140625,458.56292724609375,452.728515625
sample_4fa363d0327820a0,377.0906982421875,377.23773193359375,380.5726318359375,383.0020751953125,386.5076599121094,391.29010009765625,394.927001953125,398.3096923828125,401.81597900390625,404.4237060546875,407.22589111328125,409.64068603515625
sample_5f8449481531719b,345.1882629394531,347.15325927734375,354.47161865234375,365.10089111328125,370.8816833496094,373.32586669921875,358.7192077636719,352.4410400390625,354.8627014160156,357.2462463378906,359.52935791015625,361.5923156738281
sample_5a069e838bd64566,375.8630676269531,374.357666015625,373.70166015625,371.8258972167969,370.5889587402344,369.361083984375,369.5903015136719,371.81134033203125,370.97515869140625,370.6011657714844,372.7680358886719,372.71112060546875
sample_91ac5ae1d521e8d7,390.1959533691406,388.6534729003906,387.7259826660156,386.4954528808594,386.25799560546875,386.9935607910156,387.17755126953125,387.7660217285156,387.6318664550781,388.078125,388.3172912597656,390.0856628417969
sample_d775ae96351089ab,366.9406433105469,364.3236083984375,361.3922119140625,360.0774230957031,358.40557861328125,358.4337158203125,358.2025146484375,350.7452392578125,348.37982177734375,344.5997619628906,343.3482666015625,346.3300476074219
sample_2a9e660bfe2081e3,452.45513916015625,457.28411865234375,457.887939453125,456.29632568359375,455.1138610839844,449.3564453125,446.97265625,440.8995056152344,438.6299743652344,435.14453125,431.3111572265625,428.1734924316406
sample_c347227857bffe62,324.0672912597656,324.5339050292969,327.4858093261719,329.4110412597656,332.827880859375,337.0603332519531,340.2979431152344,343.25714111328125,346.8702392578125,348.74609375,351.437255859375,353.6981506347656
sample_6cbea264abb5992a,359.4405517578125,387.66424560546875,411.912109375,417.5365295410156,434.1708984375,443.67608642578125,453.6072998046875,470.32684326171875,483.7275085449219,481.70538330078125,489.796142578125,496.5200500488281
sample_140455841adddabe,377.2324523925781,378.775146484375,377.0277099609375,377.2821960449219,377.143310546875,375.47088623046875,375.2236633300781,373.504150390625,374.59881591796875,374.2423095703125,376.82232666015625,379.3834228515625
sample_3a089351b1094025,387.0216979980469,384.9466552734375,383.8579406738281,381.9912414550781,380.5701904296875,379.5677490234375,379.3392333984375,378.82745361328125,378.0315856933594,377.6376037597656,377.5982666015625,377.15570068359375
sample_5490da08da79dd70,395.6342468261719,404.5141906738281,423.68243408203125,441.5028381347656,463.3389892578125,471.66961669921875,474.71783447265625,479.6725158691406,505.3309326171875,505.8882141113281,487.61151123046875,464.8632507324219
sample_6c943e256f50e3c7,427.6485595703125,432.11474609375,437.2493591308594,446.4972839355469,458.532470703125,482.512939453125,507.0483703613281,536.2589721679688,548.6085205078125,576.0105590820312,613.1353759765625,646.0447387695312
sample_9e2cdc941fb1efe8,464.3874816894531,460.7364196777344,452.2729797363281,445.1075134277344,438.2646179199219,429.1670227050781,423.14459228515625,415.5434875488281,410.61224365234375,406.047607421875,400.45428466796875,396.3486328125
sample_972c29ef5844746f,427.8477783203125,425.1575012207031,425.32275390625,432.4881896972656,432.59210205078125,432.92559814453125,425.9682922363281,421.5079650878906,421.7843017578125,415.3327331542969,398.4569091796875,390.440185546875
sample_f23cd37de0d6bc88,376.3176574707031,376.27996826171875,378.8128356933594,380.4809265136719,384.1353759765625,388.57220458984375,391.4569091796875,396.43511962890625,404.7221374511719,406.4773864746094,403.3056335449219,403.7139892578125
sample_838b8a7043220679,409.4464111328125,407.5682067871094,404.8437805175781,402.33367919921875,399.3929138183594,394.12982177734375,391.3878173828125,387.44183349609375,385.3657531738281,382.7003479003906,380.3098449707031,381.7093505859375
sample_411879697ac2cf69,338.93145751953125,338.7689514160156,340.2437438964844,341.89794921875,344.2028503417969,346.3998718261719,349.5586242675781,353.70458984375,355.4114990234375,357.4542236328125,362.0485534667969,362.813720703125
sample_d49cebb3df761e85,493.43035888671875,489.159912109375,483.34228515625,476.71075439453125,474.2590637207031,472.1627197265625,464.4502258300781,448.25537109375,437.12420654296875,433.21234130859375,423.9940185546875,419.52105712890625
sample_8dc0aee597caa5f1,351.3752136230469,354.7481689453125,361.6381530761719,365.9093933105469,373.7807922363281,386.16229248046875,391.8578186035156,391.2826232910156,395.50396728515625,398.6381530761719,405.5196228027344,412.3145446777344
sample_3e8f9d2376e12973,385.5902404785156,383.5628662109375,382.5210876464844,383.2933349609375,398.90948486328125,429.4486083984375,458.1233825683594,496.133544921875,531.5693359375,566.4866943359375,583.6318359375,595.8323974609375
sample_59e82f87cf8a9ce7,401.3023986816406,409.01934814453125,422.20977783203125,429.5496520996094,431.9207458496094,437.66497802734375,443.5120849609375,457.421630859375,462.6285095214844,455.06427001953125,456.8482360839844,460.92266845703125
sample_97b6f461b910aa0f,423.5462341308594,425.0191345214844,428.3734436035156,434.015869140625,440.34844970703125,458.50091552734375,476.7520751953125,497.1470642089844,503.2032470703125,519.5748291015625,527.610595703125,519.570068359375
sample_109c5b51e664ef20,407.51727294921875,405.2596435546875,401.996337890625,399.6804504394531,396.9395446777344,393.39849853515625,390.9010925292969,387.4384460449219,384.7898254394531,381.9602966308594,379.55230712890625,377.2116394042969
sample_9e7d4f3e33f30661,318.1906433105469,324.0238037109375,333.264404296875,340.19281005859375,348.6455078125,357.525146484375,365.0826110839844,373.42840576171875,379.73046875,384.2945556640625,390.90655517578125,401.2414855957031
sample_301ff4407fa726b4,294.2704162597656,297.6169738769531,304.429931640625,309.3807678222656,315.8370666503906,323.5118713378906,329.37237548828125,335.1571960449219,340.4974365234375,344.12164306640625,349.0284729003906,352.31585693359375
sample_2c518b70331eb159,346.3515930175781,346.0934143066406,348.24853515625,349.84649658203125,353.2024230957031,357.61627197265625,360.4973449707031,363.9317321777344,367.22601318359375,369.56243896484375,372.564697265625,374.8243713378906
sample_87b97d8b96281848,625.9525146484375,603.966552734375,581.0568237304688,563.1678466796875,546.8319702148438,530.5115966796875,517.3029174804688,505.1670837402344,494.84088134765625,486.0202331542969,476.9922790527344,469.97918701171875
sample_4c6bef5546e7e2ba,516.2713623046875,504.4019470214844,489.7000732421875,477.9443359375,466.5397033691406,454.6201477050781,445.8159484863281,435.7875061035156,428.5128479003906,421.4350280761719,414.5010986328125,409.2707214355469
sample_4efdff0ce346b4ea,378.0460510253906,381.58172607421875,385.38104248046875,388.1319885253906,391.84210205078125,394.4207763671875,397.10845947265625,398.01141357421875,400.2481689453125,400.68365478515625,402.66009521484375,402.8369445800781
sample_740acd6fff6ce7bc,380.69329833984375,383.19976806640625,387.3528747558594,389.1311950683594,391.6568298339844,395.5350646972656,400.91455078125,403.7232666015625,406.2210388183594,410.0509948730469,419.32659912109375,423.6322326660156
sample_34328f98af596413,419.3146667480469,419.0449523925781,418.4132080078125,417.5853271484375,418.537109375,419.6026611328125,422.7063293457031,425.14697265625,431.1872863769531,438.8588562011719,446.1678161621094,455.6103210449219
sample_9e3f72523fcbc460,378.242919921875,399.75225830078125,434.5789794921875,452.82037353515625,456.37109375,454.0111083984375,454.25537109375,457.6318664550781,472.3980712890625,473.06988525390625,466.2855224609375,457.89215087890625
sample_d3b1a9c04ea5007a,366.3009338378906,367.27410888671875,371.92535400390625,375.1473388671875,378.7004089355469,385.5812683105469,394.79473876953125,400.1707458496094,403.4010009765625,406.7336730957031,404.74005126953125,406.7187805175781
sample_750781d675673104,573.0173950195312,563.148193359375,547.0055541992188,534.489501953125,522.5143432617188,509.76788330078125,496.9873352050781,482.39764404296875,471.6452941894531,463.52545166015625,455.9039306640625,450.28173828125
sample_aba9c9351c0b7284,333.49005126953125,332.0132751464844,331.5663757324219,331.0990905761719,331.19427490234375,331.63671875,333.072998046875,333.07659912109375,334.245849609375,334.2350158691406,335.5086669921875,336.106689453125
sample_60f77d0892f88082,347.61248779296875,349.56549072265625,352.658203125,355.0069885253906,358.2911376953125,361.9976806640625,365.0023498535156,368.267333984375,371.07574462890625,373.6195068359375,376.00726318359375,378.3624267578125
sample_6c3ba0f380d39cab,486.00750732421875,482.02545166015625,475.8424987792969,470.2567138671875,464.35888671875,456.11474609375,451.9466552734375,449.1265563964844,444.11431884765625,439.6020202636719,434.6627502441406,428.6759033203125
sample_635191c771332919,347.7325744628906,351.54443359375,358.73565673828125,365.22430419921875,376.1695556640625,383.9732360839844,385.3849792480469,388.5605773925781,395.21868896484375,400.34515380859375,409.03375244140625,411.1453857421875
sample_20d30a4b8fde04ba,352.8138732910156,357.78515625,367.2502746582031,380.9045104980469,392.5968933105469,401.4205627441406,405.23333740234375,405.7267150878906,415.78033447265625,423.466064453125,425.82879638671875,423.5281982421875
sample_bf10397e772154b6,566.0599365234375,553.1461181640625,539.0889892578125,524.4644775390625,511.2264404296875,495.76611328125,485.04168701171875,474.63153076171875,465.6387634277344,458.2688903808594,450.89154052734375,445.2791748046875
sample_0d2dd8bbb70258a2,523.8540649414062,513.798095703125,499.70098876953125,488.0201110839844,477.528564453125,464.93682861328125,455.9123229980469,445.43157958984375,438.2481689453125,433.01373291015625,426.23077392578125,420.3765869140625
sample_1e8fd242c06cb271,350.7169189453125,357.0430603027344,370.45928955078125,380.756103515625,388.9841003417969,395.1214904785156,396.3154602050781,406.6690673828125,416.37469482421875,417.1507263183594,417.2007141113281,418.58563232421875
sample_9856b2d4f60bcbdf,353.1447448730469,352.92218017578125,355.03582763671875,356.70184326171875,359.30694580078125,362.6630859375,365.5279846191406,367.9893493652344,370.6213684082031,372.03912353515625,374.7148742675781,375.9254150390625
sample_a0862d37cc1f5d93,328.74420166015625,349.7206115722656,371.57666015625,389.7010803222656,408.0705261230469,424.1405029296875,436.92681884765625,449.17431640625,467.4107360839844,477.25439453125,483.4710388183594,484.73431396484375
sample_00175aa9e4ab085c,578.855224609375,573.1276245117188,565.3148803710938,553.0325317382812,542.007080078125,526.4224243164062,516.06884765625,508.7943115234375,504.34991455078125,500.2021789550781,497.06646728515625,494.57916259765625
sample_52cd3c7a936dedcd,461.4247741699219,453.5185546875,441.39617919921875,431.9224853515625,422.4551086425781,411.6431579589844,403.5164794921875,395.05194091796875,388.0679931640625,382.7396240234375,376.2413635253906,372.3106689453125
sample_512598150a3cdb58,361.507568359375,359.33428955078125,357.0103454589844,355.21795654296875,353.26495361328125,350.94317626953125,349.50927734375,348.1299743652344,346.47308349609375,347.5545349121094,346.1753234863281,347.0069274902344
sample_2a477bb7e5c2b647,403.1800537109375,402.3697814941406,404.4184265136719,402.9240417480469,401.3335266113281,400.6961364746094,397.95574951171875,397.59185791015625,400.57666015625,399.9351501464844,396.2993469238281,394.32855224609375
sample_e256425136a93729,515.0469970703125,503.8304443359375,488.06121826171875,474.85321044921875,462.7768859863281,449.76788330078125,440.2008056640625,430.0857849121094,421.9228515625,414.9637145996094,407.759033203125,402.49603271484375
sample_e5a5459d1cd5b807,406.46612548828125,422.7597961425781,440.5190124511719,454.6640319824219,468.3912658691406,481.7752990722656,493.63055419921875,502.9471435546875,510.8015441894531,517.333251953125,525.3615112304688,530.3154907226562
sample_3f8ff6b60a446a59,332.4731750488281,337.6379699707031,343.74993896484375,348.15008544921875,353.2374572753906,357.4371032714844,361.9176330566406,363.9877014160156,367.6146240234375,369.03515625,372.2541809082031,373.2416687011719
sample_a86dd350c2e56bb6,368.6156311035156,368.4555969238281,370.76348876953125,370.2885437011719,368.8665466308594,373.7488098144531,373.9657897949219,382.119873046875,384.43426513671875,382.503662109375,386.9635314941406,400.751708984375
sample_503507c5f85ccc95,420.031982421875,415.9742126464844,410.6760559082031,406.3151550292969,401.1282958984375,395.4393005371094,391.3289489746094,386.872314453125,382.9266357421875,379.85491943359375,376.2577209472656,373.7791748046875
sample_7bf43c34e5e861f1,333.4629821777344,335.45709228515625,340.99224853515625,346.9178466796875,356.68756103515625,365.666259765625,368.19805908203125,371.6622619628906,375.054931640625,378.79412841796875,384.2263488769531,386.2073974609375
sample_131b96b9b0e8678d,394.5638122558594,412.4021301269531,434.4351501464844,457.09466552734375,468.4166259765625,475.8896179199219,483.5968933105469,512.2420654296875,516.7841186523438,501.19140625,481.54522705078125,470.3531799316406
sample_e4c8bcf01721bd11,461.2684020996094,458.9558410644531,456.6769714355469,454.63934326171875,452.80548095703125,450.9328308105469,449.1187438964844,447.7503356933594,446.4231872558594,445.2538757324219,443.64263916015625,442.3432922363281
sample_8067d7ef333d9e34,309.1602478027344,310.4700012207031,314.6093444824219,318.80035400390625,322.488037109375,328.4159240722656,330.86572265625,336.1944580078125,340.16461181640625,345.4963073730469,341.27362060546875,346.8594970703125
sample_d6e3389b87414450,372.79681396484375,370.82464599609375,369.9585266113281,368.9747009277344,368.9907531738281,370.10723876953125,370.8637390136719,372.0562744140625,372.8520202636719,375.4275817871094,376.3329772949219,377.5732116699219
sample_8145721ec909d03a,466.65350341796875,470.21087646484375,478.7905578613281,493.59686279296875,519.2476806640625,551.2817993164062,561.242431640625,570.0589599609375,565.1705932617188,563.455322265625,538.129150390625,524.1531982421875
sample_6563c8db71a6bfca,450.78692626953125,450.848388671875,446.7609558105469,441.5736083984375,436.45526123046875,429.03985595703125,425.68341064453125,419.3197937011719,415.7823181152344,412.19964599609375,407.8018798828125,404.41375732421875
sample_07c3e2f527bbb2a9,416.76287841796875,414.77935791015625,410.7254638671875,408.4820861816406,406.30523681640625,403.4836120605469,398.74066162109375,395.0621643066406,392.5425720214844,391.5582275390625,389.44146728515625,387.01666259765625
sample_1accdc36183947f1,516.3104248046875,509.1107482910156,500.4532775878906,492.396240234375,485.939208984375,478.9603576660156,474.17108154296875,469.0079040527344,465.15234375,462.1307067871094,458.106201171875,455.28729248046875
sample_60abd637c7d585ef,338.75933837890625,337.9174499511719,338.02850341796875,337.8165588378906,338.217041015625,337.69842529296875,337.8456726074219,336.80670166015625,337.2745361328125,336.1959533691406,336.4691162109375,336.6501770019531
sample_48209b16b2538ff2,595.8973388671875,582.1997680664062,565.8658447265625,552.3475952148438,538.5128173828125,523.5655517578125,512.16845703125,502.17730712890625,491.8557434082031,485.7178955078125,478.64068603515625,470.507080078125
sample_cbd12f355713143e,475.1722412109375,489.4750061035156,504.32232666015625,516.2552490234375,529.8878784179688,552.523681640625,574.4520263671875,579.0115356445312,589.40673828125,604.4683227539062,626.5151977539062,633.6343383789062
sample_767dffe6cfdd40fd,313.59326171875,325.39007568359375,337.6546630859375,340.293212890625,340.7514343261719,346.8954162597656,351.89697265625,364.72332763671875,369.4897155761719,365.5045166015625,361.0885314941406,364.20611572265625
sample_0ab6cc9a73db066b,345.5867004394531,346.5345764160156,351.4947509765625,355.2795715332031,363.5950012207031,390.42486572265625,411.3031921386719,419.2046813964844,424.1121826171875,423.9339904785156,428.36151123046875,443.1265563964844
sample_b38edb33a1f0bba5,299.9478759765625,308.603271484375,318.9877624511719,326.9633483886719,337.0099792480469,346.9676513671875,355.2042236328125,362.1029968261719,369.60235595703125,374.1885986328125,380.5160827636719,384.18206787109375
sample_120269091eda1dff,312.8601379394531,322.48394775390625,331.4874572753906,334.5569152832031,341.17059326171875,348.1610412597656,352.75335693359375,357.9775390625,359.90625,357.8373718261719,360.759033203125,362.81683349609375
sample_7c252b27597100a5,451.4546813964844,450.3869934082031,451.6843566894531,451.77191162109375,445.1520690917969,438.5473937988281,433.7616882324219,426.42657470703125,421.8440856933594,419.7124938964844,418.5792541503906,417.34979248046875
sample_5b220b28a1cd89b5,325.1153869628906,344.8636779785156,365.85394287109375,382.27850341796875,398.34417724609375,413.4596862792969,426.6253967285156,438.7268371582031,450.842529296875,458.720947265625,467.9992980957031,476.51617431640625
sample_36a1f3582c57ae8c,398.8720397949219,403.7318420410156,407.80511474609375,410.81866455078125,414.25518798828125,415.5702819824219,417.51434326171875,417.31988525390625,418.6993713378906,417.3440246582031,418.6963195800781,417.3398742675781
sample_4113f8d032f705ba,373.2102355957031,373.5848693847656,374.6036071777344,375.4889831542969,377.1466064453125,379.937255859375,381.587890625,383.4300231933594,387.4136962890625,399.5398254394531,401.0434875488281,399.3392333984375
sample_9ef006b7fb4750d3,385.5010986328125,383.23834228515625,380.96173095703125,379.1849060058594,377.3024597167969,375.8112487792969,374.10064697265625,372.6876220703125,371.95733642578125,370.6446838378906,369.6903381347656,370.35455322265625
sample_d0fa99ecbd5ade04,433.6118469238281,429.4305419921875,423.6064758300781,418.7115478515625,413.40301513671875,406.87640380859375,401.71380615234375,396.8858642578125,392.38653564453125,389.0976257324219,384.9498596191406,382.2272033691406
sample_0145e429c1aafaa6,537.7154541015625,525.8049926757812,510.7554931640625,498.5225524902344,486.4393310546875,472.98248291015625,463.3974304199219,453.6112060546875,445.4239501953125,439.2756652832031,432.6212158203125,426.7181396484375
sample_a3989dfc8a33d02e,343.72918701171875,342.44500732421875,342.2643737792969,341.9980163574219,342.5421447753906,343.98388671875,345.29620361328125,345.803955078125,347.30792236328125,347.6453857421875,349.12078857421875,349.7011413574219
sample_1630a12c8eb6a4bd,360.85736083984375,359.9435119628906,360.3172912597656,360.4114074707031,361.4601135253906,362.4090576171875,368.02020263671875,371.03851318359375,365.13299560546875,361.86773681640625,362.1294860839844,361.63909912109375
sample_d44a561cd0f20116,423.8089904785156,420.17144775390625,416.00262451171875,412.5304870605469,407.9600524902344,402.9736328125,401.3988037109375,399.29608154296875,393.3127136230469,391.78369140625,386.69720458984375,384.5247802734375
sample_d4d5345c7c3d517d,354.8321533203125,354.86968994140625,357.46844482421875,359.4234619140625,363.0575866699219,367.6700439453125,371.33563232421875,374.2419128417969,378.1424560546875,379.9809265136719,383.1481628417969,385.3359680175781
sample_eb545283a2d53339,297.8103332519531,298.7165222167969,303.01910400390625,306.1803894042969,310.3849182128906,315.9302062988281,320.39434814453125,324.7639465332031,328.6635437011719,331.5466003417969,335.281982421875,337.88531494140625
sample_bb8f9c5698f857d1,344.89056396484375,351.7208557128906,360.6675109863281,367.75531005859375,374.958251953125,385.29473876953125,395.9293212890625,404.4080810546875,404.181640625,415.7415771484375,426.89947509765625,432.2931213378906
sample_38011d2755f346d7,310.0060729980469,319.7652282714844,326.7652587890625,327.42425537109375,333.7889404296875,340.6808166503906,353.4215393066406,358.625,357.25115966796875,352.2134704589844,356.67510986328125,359.8155212402344
sample_7da89e4305a8bd85,325.7390441894531,329.16064453125,333.98529052734375,337.5289611816406,342.44879150390625,347.3398742675781,351.42376708984375,355.1944580078125,358.8749694824219,361.2137451171875,364.212646484375,366.4656982421875
sample_4de8f68719aa8695,408.01165771484375,457.4566650390625,508.92132568359375,547.4910278320312,572.6152954101562,590.0498046875,603.771728515625,611.5540771484375,609.2103881835938,604.72265625,584.0169677734375,560.3843383789062
sample_335ee27af82e9e31,322.1551818847656,323.7979431152344,327.90130615234375,333.46221923828125,340.1548156738281,346.7325744628906,353.83807373046875,370.2826232910156,381.74786376953125,389.3033142089844,396.5955810546875,397.36163330078125
sample_6ae43d0e2f42223e,355.26568603515625,354.27117919921875,354.3374328613281,354.27099609375,355.2463684082031,356.9632263183594,358.380615234375,359.59210205078125,360.66839599609375,361.680419921875,362.8622741699219,364.0115051269531
sample_989839b44079ae29,342.8695373535156,341.0751647949219,340.6461181640625,341.9029541015625,340.7488708496094,342.4867248535156,340.4787902832031,340.7215270996094,342.6119079589844,343.5591125488281,343.3818359375,343.9427490234375
sample_b6b57ad66c560d0e,371.7504577636719,370.9267883300781,370.646484375,370.2730712890625,370.58294677734375,370.4607238769531,370.9865417480469,370.9026794433594,370.8747863769531,370.9051818847656,371.45281982421875,371.3799743652344
sample_cdfe3240d847b232,398.8068542480469,398.80316162109375,398.5929260253906,398.06268310546875,398.3733215332031,397.0433044433594,397.2194519042969,395.3944091796875,395.24395751953125,393.7336730957031,393.5190734863281,392.1038818359375
sample_fcf760c74e122057,374.85687255859375,373.311767578125,373.1185302734375,373.5146484375,374.9263916015625,373.88458251953125,379.79278564453125,374.3984375,373.3655700683594,374.5591125488281,376.5819396972656,373.8132629394531
sample_d0faeadf3f1bf746,382.1183776855469,380.5122375488281,379.5210876464844,378.5119934082031,378.10797119140625,378.1203308105469,378.1007995605469,378.2444152832031,378.24114990234375,378.2129211425781,378.5086975097656,378.4647521972656
sample_05d797ebc14c2dfd,502.6646423339844,489.98858642578125,475.17169189453125,462.8854675292969,449.33843994140625,435.608642578125,425.2383117675781,415.06207275390625,406.9381103515625,400.2047424316406,392.430419921875,386.94537353515625
sample_5d463f8fa320fa43,361.9496154785156,366.7745056152344,374.388916015625,382.6138000488281,390.0448913574219,397.0273132324219,405.30706787109375,420.94366455078125,426.277099609375,424.1473388671875,426.476318359375,430.4739685058594
sample_ae90bbedd895d282,432.851806640625,438.8040771484375,443.1806945800781,445.9021301269531,448.81829833984375,448.2237854003906,448.4696960449219,444.1673278808594,444.0242614746094,441.0521240234375,439.0267028808594,436.3337707519531
sample_9bd90b61474ed034,482.1729736328125,483.61138916015625,477.8079833984375,471.6314697265625,466.4271240234375,458.0994567871094,453.7865905761719,446.519775390625,442.91357421875,438.7941589355469,434.19146728515625,430.3885803222656
sample_463fa22c62e7c1d4,335.7712097167969,335.4897155761719,335.48675537109375,336.6194152832031,335.27587890625,336.5987854003906,339.3715515136719,342.04400634765625,341.6839599609375,342.4659423828125,339.47723388671875,337.9206237792969
sample_8c4cfe9e2a70a7d7,368.832763671875,372.2939147949219,375.9990539550781,378.7930603027344,383.3671875,386.0614929199219,389.201904296875,392.14361572265625,398.18304443359375,399.1965026855469,402.44366455078125,405.4127502441406
sample_9d552e2319e9d5d4,425.9438781738281,424.07781982421875,421.6215515136719,419.27581787109375,417.3399658203125,414.1164245605469,412.1703186035156,409.0808410644531,406.7561950683594,404.1976623535156,401.9710388183594,399.7087097167969
sample_be62b2f3cb180320,342.9183044433594,348.0919189453125,351.8056335449219,351.529541015625,356.693115234375,358.21588134765625,358.89788818359375,360.357177734375,363.8880615234375,366.07867431640625,369.28509521484375,370.8588562011719
sample_2a7111f647bacbee,566.8677368164062,551.9163818359375,534.504150390625,520.2225952148438,507.01202392578125,493.34124755859375,482.75836181640625,472.1400146484375,463.55859375,456.32623291015625,448.407470703125,442.8408508300781
sample_9620886a808351b0,350.7674255371094,350.5970458984375,352.2485046386719,353.0005798339844,354.0239562988281,357.3173522949219,358.8807373046875,360.21136474609375,362.4909973144531,364.3849792480469,371.0578308105469,370.316650390625
sample_8799aa2c0ba2fc26,421.779296875,420.5303039550781,419.243408203125,416.48699951171875,414.4403076171875,413.1984558105469,412.5260925292969,412.6766052246094,412.1148376464844,415.65313720703125,415.4071044921875,421.3216247558594
sample_07d8aa6acbff0ba0,394.6349792480469,391.55401611328125,387.35015869140625,383.74578857421875,379.4542236328125,373.5237731933594,369.7739562988281,365.4486083984375,361.8387451171875,358.6780090332031,355.4547119140625,353.7190856933594
sample_5c5f6c30d945f94c,341.8312683105469,342.4248962402344,343.22821044921875,341.9769287109375,341.0025634765625,341.6853332519531,343.4974060058594,346.9906005859375,347.9998474121094,350.06878662109375,347.46795654296875,346.571044921875
sample_4488fe3def72a5c6,444.4272766113281,442.26910400390625,437.6561279296875,432.9941711425781,427.77630615234375,421.453857421875,417.10870361328125,411.1435241699219,407.2422180175781,403.8063049316406,399.3831481933594,396.16650390625
sample_90abda5a4c18c872,321.6053161621094,325.9660339355469,330.95867919921875,338.8125915527344,345.038818359375,357.84796142578125,365.4661865234375,364.1707763671875,360.8195495605469,362.36773681640625,361.2117614746094,362.84912109375
sample_6e1b1f11ada6855e,373.9742736816406,373.3758544921875,373.5068664550781,373.6070251464844,374.2232666015625,374.74945068359375,375.3388366699219,375.9640808105469,376.20111083984375,376.7347412109375,377.3916320800781,377.89959716796875
sample_f9260c80e1380570,317.1503601074219,319.1070861816406,322.4498596191406,324.81689453125,328.31927490234375,335.70770263671875,346.24945068359375,358.2826232910156,376.1990661621094,408.9995422363281,438.3155517578125,462.2051086425781
sample_2df388bc0459a86e,333.56365966796875,339.2669372558594,350.91741943359375,358.623046875,366.7458801269531,377.6175537109375,394.60589599609375,400.86572265625,402.21630859375,403.6740417480469,410.7325134277344,414.90966796875
sample_98253e5d855ef85f,335.2510986328125,337.2835693359375,339.595458984375,343.3870544433594,347.5068054199219,356.88824462890625,351.7149963378906,355.2622375488281,358.0301818847656,357.81024169921875,359.7667541503906,360.6723327636719
sample_abd132d5d5f21003,430.8658142089844,427.3707275390625,423.5166931152344,419.61334228515625,415.77911376953125,409.2836608886719,405.167236328125,400.14691162109375,395.9700012207031,392.5585021972656,388.25152587890625,385.0005798339844
sample_a4c0090ee7de8010,386.7792663574219,406.52252197265625,426.85382080078125,445.13818359375,464.9949951171875,487.77813720703125,506.6564636230469,516.0081787109375,506.45648193359375,512.5061645507812,511.893310546875,512.755126953125
sample_94ca88ae1ceb865d,479.3313903808594,468.7472229003906,455.5339050292969,445.763671875,436.1910095214844,424.6395568847656,416.69757080078125,408.7027587890625,403.13531494140625,399.1366271972656,392.7210693359375,386.42755126953125
sample_000c67133c77da57,342.8526611328125,347.6145935058594,357.8197937011719,360.2742919921875,362.1371154785156,365.02679443359375,367.204833984375,371.7843017578125,374.7480773925781,370.0007019042969,370.6985168457031,370.72265625
sample_fa155354b2ec7423,271.55633544921875,279.234619140625,287.0703430175781,294.1686096191406,301.9709167480469,310.63336181640625,318.8497619628906,327.4656982421875,329.2337341308594,332.6429443359375,338.4577941894531,341.5817565917969
sample_a58985a4fcedf311,426.07861328125,421.37518310546875,413.3977355957031,406.50390625,401.1333312988281,395.7220153808594,388.59930419921875,384.14349365234375,387.45703125,402.94647216796875,411.251953125,442.1767578125
sample_42f71726a354e621,402.4068908691406,398.51788330078125,393.4400634765625,388.76153564453125,384.8348388671875,379.1548156738281,376.52008056640625,373.3333435058594,365.8995056152344,361.17901611328125,358.3385314941406,356.8617858886719
sample_da6e107b7dc86189,345.95831298828125,348.1411437988281,351.2902526855469,353.8088073730469,358.3352355957031,362.209228515625,364.2408752441406,366.59954833984375,368.31488037109375,371.7754821777344,374.2228088378906,376.25140380859375
sample_9406b08fdae9a953,412.9659729003906,409.66387939453125,406.4404296875,403.9939880371094,401.6610107421875,399.57177734375,397.39898681640625,395.95709228515625,393.5734558105469,393.1846618652344,390.7824401855469,389.84686279296875
sample_809280b0a9b8de31,430.9083251953125,428.8699645996094,426.0173034667969,423.34173583984375,420.4833984375,415.91278076171875,413.220458984375,408.8723449707031,405.4948425292969,402.7506408691406,399.5077209472656,396.824951171875
sample_f9601acd3b68e929,504.64788818359375,501.7938537597656,496.07220458984375,490.472412109375,485.10345458984375,477.17852783203125,471.98577880859375,465.1265563964844,460.1642150878906,455.2380676269531,450.7166442871094,446.1194152832031
sample_1cd342f670b49303,524.2963256835938,514.6467895507812,499.6451416015625,489.6564025878906,483.87933349609375,472.35198974609375,458.31402587890625,451.18072509765625,449.47802734375,440.83685302734375,428.4463195800781,419.04541015625
sample_673a6cf4730ab60f,590.2676391601562,596.2294921875,589.1672973632812,580.859375,568.560546875,549.0623168945312,530.3289184570312,512.0146484375,503.5168151855469,494.39263916015625,483.3297119140625,471.8057861328125
sample_931ed3745bd71e67,385.48797607421875,394.66961669921875,405.0705871582031,407.30853271484375,413.26385498046875,420.5567932128906,435.4299621582031,441.70977783203125,437.1014709472656,433.92919921875,441.30938720703125,444.70123291015625
sample_96b9983e46592722,381.9034729003906,379.28631591796875,377.70489501953125,376.40826416015625,375.49658203125,375.2835693359375,375.0045166015625,376.0079650878906,376.84417724609375,378.6743469238281,379.0947265625,383.0884704589844
sample_fb419ace0379f32a,341.5179138183594,342.92938232421875,347.38787841796875,348.1148681640625,349.488037109375,352.1812744140625,355.16552734375,357.9385070800781,360.7161865234375,362.8907775878906,365.8756408691406,367.9189453125
sample_d573821d42bc8ac7,353.5205078125,351.3129577636719,349.732666015625,348.2760314941406,346.9058532714844,345.6817626953125,345.1132507324219,344.2944030761719,343.3623962402344,343.01202392578125,342.7153015136719,342.4491271972656
sample_f727cf2795c9509e,348.366943359375,348.026123046875,348.7027587890625,349.5490417480469,351.2665710449219,353.8368225097656,355.4734802246094,358.2257995605469,359.71551513671875,361.7229309082031,363.5447998046875,365.1513977050781
sample_3db980bcf29b2673,463.5752868652344,457.25823974609375,449.7026672363281,443.99908447265625,440.5018005371094,436.8460388183594,437.4990539550781,433.1638488769531,430.0535583496094,433.2100830078125,426.2245788574219,413.45123291015625
sample_f13d4bcf2af616b3,421.32470703125,419.6040344238281,419.20843505859375,432.91961669921875,463.2577819824219,491.2587890625,516.6091918945312,547.6115112304688,576.5540771484375,595.0241088867188,609.9922485351562,590.3051147460938
sample_1529cfcba486f3d8,333.0033264160156,346.052734375,357.2942810058594,365.5020446777344,376.11138916015625,380.28253173828125,388.5250549316406,397.5165710449219,399.5546569824219,402.90093994140625,409.52227783203125,407.2427978515625
sample_8efface64348ef04,541.6547241210938,535.2496337890625,528.1334228515625,523.7764892578125,524.1591796875,527.8593139648438,539.78271484375,555.8656005859375,579.171142578125,581.1272583007812,589.7939453125,585.1952514648438
sample_c6edd7a79b0b820c,318.5494689941406,322.67889404296875,326.1238098144531,334.719482421875,341.2369384765625,357.55194091796875,354.5690002441406,361.9639892578125,361.7328186035156,367.0541076660156,372.98077392578125,382.03564453125
sample_f4631c0f7244ed21,483.6353454589844,477.19635009765625,466.1329040527344,457.0805358886719,448.5311584472656,437.88507080078125,430.38970947265625,421.83837890625,415.4518737792969,409.862548828125,403.94720458984375,399.1395568847656
sample_0b255c3e97d8af99,381.1345520019531,379.4322814941406,377.73626708984375,376.3836669921875,374.5809631347656,372.69207763671875,371.1202087402344,368.9689636230469,367.0196838378906,365.6706848144531,363.3027648925781,362.4397888183594
sample_04afcba7523258c4,411.88238525390625,425.20404052734375,450.74072265625,478.18658447265625,503.6949462890625,535.0455932617188,577.8803100585938,627.1439208984375,663.199462890625,688.245361328125,696.1724243164062,723.310302734375
sample_b1ac813cf6be3a24,326.85302734375,330.5195617675781,336.6240234375,338.6358337402344,346.1300048828125,361.3434753417969,365.3765869140625,367.4046325683594,368.3630065917969,370.02301025390625,373.3319091796875,383.09637451171875
sample_03a476e3fc777e0b,504.3127136230469,486.84002685546875,467.3919982910156,451.8984375,436.985107421875,421.9400939941406,410.2796630859375,399.092529296875,389.39166259765625,381.41668701171875,373.24139404296875,367.073974609375
sample_2f2693c39d9bb0c6,458.8086242675781,457.8988037109375,453.5174865722656,449.3086853027344,445.0581359863281,437.89276123046875,434.1436462402344,427.6587829589844,424.2606201171875,420.4059143066406,416.2391662597656,412.6648864746094
sample_6d3d21897de539bb,424.94415283203125,435.97637939453125,444.26531982421875,452.2109375,459.2841796875,468.3457946777344,483.6324462890625,494.2284240722656,495.40496826171875,496.40533447265625,501.5346374511719,505.6856384277344
sample_d05d689248b262b5,429.337158203125,425.3079528808594,418.8841552734375,413.9510498046875,407.64019775390625,401.24359130859375,396.464111328125,391.36724853515625,387.36376953125,384.2137756347656,379.6026916503906,377.9496154785156
sample_ad319c451660326c,395.8875732421875,436.8486328125,498.4747619628906,533.65234375,575.6148071289062,609.7737426757812,630.480712890625,635.5880126953125,652.1298217773438,666.0421752929688,627.0911865234375,621.4596557617188
sample_21514694c556fa47,331.2090148925781,335.2619323730469,346.1944274902344,354.03515625,361.1634826660156,371.0115051269531,373.1116943359375,378.6114501953125,388.8975524902344,390.63616943359375,395.6742248535156,399.3648681640625
sample_22778f9d02fa9083,493.0386657714844,481.23138427734375,465.9777526855469,453.6548156738281,441.81439208984375,428.89190673828125,419.557861328125,409.4654541015625,401.72113037109375,395.0035400390625,387.9445495605469,382.4953918457031
sample_1c5e062a2751041d,400.45953369140625,401.54669189453125,402.162841796875,402.2329406738281,403.16534423828125,402.3280029296875,402.83465576171875,401.36962890625,401.7828063964844,400.1396789550781,400.1758117675781,398.7080993652344
sample_cbb8ea5740735914,315.23028564453125,320.71380615234375,335.0563049316406,341.03594970703125,346.71392822265625,351.9239807128906,357.3167419433594,362.2758483886719,374.6415710449219,374.0001220703125,373.2855224609375,373.20416259765625
sample_56155ef6642d9aaa,392.4623107910156,389.8492431640625,386.0447998046875,383.5645446777344,380.5799255371094,378.6465148925781,372.50909423828125,366.8858947753906,362.5556335449219,360.38330078125,359.5677795410156,359.0470275878906
sample_0b65c2e07df23774,501.6453857421875,491.9879455566406,479.1177062988281,468.2434997558594,457.8038024902344,446.375732421875,437.8580017089844,428.79766845703125,421.38909912109375,415.80914306640625,409.1106262207031,404.92852783203125
sample_f02ffa8842304dc5,399.3810119628906,395.36865234375,390.1622314453125,386.4062805175781,380.9346923828125,376.0101318359375,371.7125244140625,366.7265625,362.7498474121094,359.7127685546875,356.5240478515625,354.9444274902344
sample_b0ede85fbcd769a3,411.9391174316406,406.0171813964844,397.02215576171875,389.49462890625,382.04461669921875,373.3670654296875,366.73577880859375,359.80450439453125,354.1285705566406,350.756591796875,346.22723388671875,341.9632568359375
sample_6b41b7734ea60c98,498.8614196777344,488.4934387207031,475.311767578125,464.36688232421875,453.8407897949219,442.6474609375,434.0015869140625,424.7603759765625,418.1440124511719,412.1055603027344,405.20074462890625,400.3752746582031
sample_fe768ef94e657eec,284.94903564453125,301.0988464355469,318.9078063964844,335.44952392578125,351.5169677734375,364.74365234375,372.27349853515625,379.0047607421875,389.0032958984375,397.37310791015625,406.624755859375,410.9810791015625
sample_3a7db4d22f77e915,444.66766357421875,438.6227722167969,430.9945068359375,423.255126953125,415.6822204589844,408.5992736816406,403.0384826660156,397.59771728515625,392.4669189453125,388.7998046875,383.9154052734375,380.9038391113281
sample_1099448f0650dc86,594.8818359375,588.8084716796875,581.8553466796875,576.0402221679688,575.658447265625,575.0751953125,579.9385986328125,578.9774169921875,577.8961791992188,577.0504150390625,580.0653686523438,581.7477416992188
sample_28c4a12ada920b1b,351.1765441894531,349.6694641113281,349.6983337402344,351.49212646484375,350.2303771972656,349.92608642578125,349.178955078125,350.83636474609375,353.5001220703125,355.6624450683594,353.30322265625,351.9271240234375
sample_324d637a09f39e00,333.2802429199219,332.5230407714844,333.3679504394531,333.8942565917969,334.9796447753906,336.9974670410156,339.5682678222656,342.26220703125,345.37872314453125,351.79132080078125,360.2279052734375,373.66455078125
sample_9c24ab628efea2c6,440.71441650390625,438.7180480957031,437.03131103515625,435.65625,434.3277893066406,433.3431396484375,431.91241455078125,431.59100341796875,430.4372253417969,430.1159973144531,428.9339599609375,428.58856201171875
sample_e4b7c5cf535eab93,369.10870361328125,367.39764404296875,366.43426513671875,365.5161437988281,364.9673156738281,364.85162353515625,364.5652160644531,364.87066650390625,364.4179382324219,364.56951904296875,364.6667175292969,364.79852294921875
sample_ecd66319b56a0563,626.359130859375,622.3109130859375,614.0510864257812,602.3385620117188,594.7141723632812,586.8855590820312,581.3858642578125,574.0689086914062,570.1610717773438,564.4757080078125,559.184814453125,556.014892578125
sample_b939e8aaf77d0f7e,486.6021423339844,483.0808410644531,474.7034606933594,468.421630859375,466.1592102050781,462.81134033203125,457.2131652832031,454.5604553222656,459.75518798828125,451.63818359375,435.8482666015625,424.4009094238281
sample_33411ecceb5f39c3,479.0350646972656,470.58905029296875,459.284912109375,450.2942810058594,440.7799987792969,430.2297668457031,422.47186279296875,414.24176025390625,407.81634521484375,402.467529296875,396.10357666015625,391.69927978515625
sample_bdf7d0eb3ae885d7,313.82135009765625,321.0960388183594,332.1818542480469,340.38433837890625,350.1219787597656,360.3634033203125,369.5975036621094,377.10638427734375,383.90606689453125,388.264892578125,400.934814453125,407.3440856933594
sample_0c597872cc196b00,302.98553466796875,305.2643127441406,310.3528747558594,312.9991455078125,317.9198913574219,321.2943115234375,324.6844482421875,328.3131103515625,331.56591796875,331.85516357421875,335.0788269042969,336.49993896484375
sample_ef29440c1bb48328,531.5125122070312,525.3242797851562,516.1192626953125,508.2216796875,500.0567626953125,490.3494567871094,483.8793640136719,476.5299072265625,469.8878173828125,465.24542236328125,461.2696533203125,456.13372802734375
sample_dabd7d5c7169ab37,353.5708312988281,352.2584533691406,352.7488098144531,353.9467468261719,358.3744201660156,368.4505920410156,378.8364562988281,383.40802001953125,388.3121337890625,389.8966979980469,401.28729248046875,405.9072265625
sample_c6e5f1c7552980e2,294.18603515625,300.4736022949219,309.0561828613281,315.57305908203125,322.97039794921875,330.2102966308594,336.7798767089844,341.9741516113281,348.14483642578125,351.7037048339844,356.8535461425781,360.1408386230469
sample_9b66c43b40e14881,351.22943115234375,365.97845458984375,378.3493347167969,391.0641174316406,396.7606201171875,428.1419677734375,456.68359375,480.36749267578125,463.619384765625,454.83282470703125,466.85443115234375,470.2181091308594
sample_4b4aed52576e68a7,513.0938720703125,509.2395324707031,503.3082275390625,497.1002502441406,490.6655578613281,478.06854248046875,468.4485778808594,460.9773864746094,454.86822509765625,449.8240966796875,443.8977355957031,438.573974609375
sample_db6f08ada19b475f,313.5715026855469,318.2095031738281,324.3608703613281,328.8936462402344,334.82489013671875,340.5738830566406,345.7252197265625,349.6419372558594,354.77838134765625,357.22222900390625,361.421142578125,363.6528625488281
sample_afd64f03e8b87042,389.80950927734375,387.04437255859375,383.9753723144531,381.2256164550781,378.7580871582031,375.8094482421875,373.6444396972656,371.6842041015625,369.6732177734375,368.1318359375,366.43218994140625,365.98565673828125
sample_1d4360c32b3781b3,356.7857666015625,355.39703369140625,354.91363525390625,354.51654052734375,354.5154113769531,354.7245788574219,355.71875,356.041015625,356.22930908203125,356.7865905761719,357.7879333496094,358.32464599609375
sample_2fe476e43f376055,445.3565368652344,440.96148681640625,433.7729187011719,427.70269775390625,421.2960510253906,413.419921875,408.1571960449219,401.6248474121094,397.05255126953125,392.7268981933594,388.2740478515625,384.56683349609375
sample_756f793454b5f99d,341.6597595214844,349.08538818359375,358.05657958984375,364.4661865234375,372.6460266113281,380.468017578125,387.06451416015625,392.4826354980469,398.6350402832031,402.9029235839844,408.1883544921875,410.91552734375
sample_0a1f69574827dd37,291.82952880859375,295.5870666503906,301.4855041503906,304.6448669433594,309.5177307128906,314.3733215332031,318.7627258300781,321.0758056640625,322.4303283691406,323.2623596191406,326.9524841308594,328.85693359375
sample_90ed70403df21555,308.5010070800781,310.53082275390625,314.90142822265625,318.3793640136719,322.901123046875,328.598876953125,332.7640075683594,337.3707275390625,341.18084716796875,344.05609130859375,348.0271301269531,350.9104919433594
sample_7b65426c519a90c3,337.748046875,337.3225402832031,339.4871520996094,340.5125427246094,342.7527770996094,346.0819396972656,347.8835754394531,351.0317077636719,355.5215759277344,356.3112487792969,359.1221008300781,362.92413330078125
sample_a7b5f8c958fccd8a,440.5526123046875,447.08984375,451.6667175292969,457.4150085449219,460.93133544921875,465.0571594238281,469.1854248046875,464.08258056640625,462.1169128417969,457.70794677734375,454.33148193359375,455.6048889160156
sample_22c54731c4ce5a99,330.9877624511719,329.9966735839844,330.19158935546875,330.78350830078125,332.2607727050781,332.27569580078125,333.5943298339844,334.7430419921875,335.5692138671875,338.8697204589844,341.58355712890625,338.5610656738281
sample_e1add3c8e4cf1008,331.4898376464844,340.33056640625,346.4590148925781,346.6214599609375,346.4493103027344,352.14288330078125,351.8658752441406,351.2351379394531,353.2394714355469,355.74072265625,358.934814453125,360.9976501464844
sample_7192d503e37a8b3c,338.4366149902344,342.2438659667969,354.68060302734375,374.5004577636719,393.3739318847656,396.9931640625,408.515380859375,427.75726318359375,444.1444396972656,433.99078369140625,426.03729248046875,425.02008056640625
sample_497f3c3cfb0da01d,647.9349365234375,626.0751953125,601.7789916992188,582.5146484375,565.4315795898438,549.0313720703125,535.7142944335938,523.3196411132812,513.24658203125,504.4206237792969,495.6212463378906,488.53631591796875
sample_7c4c3d686d11b9b7,451.44171142578125,450.0277404785156,449.67144775390625,447.4258117675781,445.5252990722656,444.6105651855469,446.3680114746094,447.83392333984375,450.3565673828125,453.21417236328125,449.88165283203125,448.71893310546875
sample_7360e49ae9736ee3,363.20751953125,362.0206604003906,362.95904541015625,367.5344543457031,371.0476989746094,372.2162780761719,373.81103515625,386.5707092285156,398.06048583984375,396.7130432128906,394.4176025390625,399.27850341796875
sample_bd63b4e76b793ae5,350.163330078125,349.6916809082031,350.3428955078125,351.037109375,352.76611328125,355.0204162597656,356.9407043457031,359.29443359375,360.4308166503906,363.1120300292969,366.2857666015625,367.84539794921875
sample_07d6526d36f2b744,345.7085876464844,349.50384521484375,357.11083984375,365.24969482421875,368.0686950683594,372.3131103515625,371.204833984375,372.2249755859375,372.4368591308594,369.9453125,365.41650390625,361.509033203125
sample_a341a152890dc1f5,354.40802001953125,358.2906494140625,363.6243896484375,367.719482421875,373.5993347167969,379.9696350097656,385.20355224609375,389.71990966796875,395.30657958984375,397.5064697265625,402.1278381347656,404.9033508300781
sample_e2092f8cc17ad5b7,378.09381103515625,391.0953674316406,408.239501953125,426.04229736328125,443.9903259277344,471.042724609375,490.1622619628906,504.0692138671875,512.1571044921875,529.4244995117188,541.1724243164062,547.4031982421875
sample_1d4c409519fabf1f,379.85498046875,377.9898986816406,375.23260498046875,373.1518249511719,370.7867431640625,368.7158203125,370.2206115722656,364.1011657714844,359.309326171875,356.4039306640625,354.65081787109375,356.2348327636719
sample_0dbfc03fec463143,491.82550048828125,484.8191223144531,475.34112548828125,467.7418212890625,459.88140869140625,449.951904296875,442.4427490234375,435.6824645996094,429.94207763671875,425.32171630859375,419.7131042480469,415.96844482421875
sample_d77413f941232bd5,473.6787109375,467.0024108886719,459.6470947265625,453.85028076171875,449.11407470703125,445.419921875,444.41949462890625,440.1502685546875,435.03948974609375,431.7198486328125,425.01611328125,421.1749267578125
sample_3daf83a405a1cffb,304.0613708496094,309.77862548828125,318.87548828125,325.38275146484375,333.7078552246094,342.57440185546875,349.6097717285156,356.05889892578125,362.63720703125,366.3431396484375,372.110595703125,375.249267578125
sample_eef3cd35d5c19b67,456.3997802734375,462.68756103515625,463.1828918457031,462.7891845703125,466.33331298828125,465.07171630859375,462.89532470703125,461.85546875,450.9906005859375,446.1578063964844,442.525146484375,435.1351318359375
sample_7cc8ef15939531fd,434.0850524902344,429.40716552734375,423.8980407714844,419.4801025390625,414.1592102050781,407.5043640136719,402.3121032714844,398.0519714355469,393.51129150390625,391.9953308105469,388.1861572265625,386.50286865234375
sample_c71358926ef4fbfe,437.7123107910156,443.1709899902344,446.4302062988281,451.2819519042969,461.2754821777344,473.3914489746094,475.3752746582031,481.8487243652344,513.00146484375,529.19873046875,545.0169677734375,558.550537109375
sample_295f10ed97563e6c,504.7358703613281,495.4996337890625,484.70135498046875,475.8394470214844,466.99237060546875,457.31243896484375,450.2305908203125,443.662109375,437.510498046875,434.5107421875,433.6654052734375,439.4080505371094
sample_b5a1d81f98282301,616.7456665039062,594.9238891601562,572.5012817382812,554.4984741210938,537.9819946289062,521.8423461914062,508.4814453125,496.2619934082031,485.940673828125,476.916259765625,467.8844909667969,460.8681335449219
sample_d6507250ded80bae,407.49200439453125,440.8665771484375,466.805908203125,489.9524841308594,490.25262451171875,490.35614013671875,495.33306884765625,497.57769775390625,497.33489990234375,494.23406982421875,492.24664306640625,476.76617431640625
sample_b5a87c1060c235fa,394.70147705078125,393.01654052734375,389.864501953125,388.3419494628906,387.6526794433594,401.71295166015625,431.19091796875,459.71990966796875,497.5653381347656,536.1408081054688,581.9922485351562,595.949951171875
sample_9a96ed6c4a4210de,361.4371032714844,364.2406005859375,367.4781494140625,371.56182861328125,377.50506591796875,381.1617736816406,382.4069519042969,383.0283508300781,392.72747802734375,403.7525939941406,413.3040771484375,409.099609375
sample_e10d35fdf0fbb22f,395.488525390625,395.239990234375,394.72564697265625,394.0531921386719,393.7868957519531,392.1327819824219,391.93768310546875,389.81982421875,389.25360107421875,387.6141662597656,386.9086608886719,385.4812316894531
sample_33eb19f84d1859cd,389.9556884765625,388.9801025390625,388.04052734375,386.4132080078125,386.2317810058594,386.0218200683594,386.9544372558594,386.6380615234375,387.6929931640625,387.881591796875,388.48284912109375,388.6339111328125
sample_5be3e322cf9766dd,300.8578796386719,302.46746826171875,306.672119140625,310.0650634765625,314.82281494140625,321.9089050292969,327.08062744140625,332.0792236328125,336.85003662109375,348.4423522949219,358.29791259765625,364.92462158203125
sample_16178464001d5f10,338.10858154296875,340.4742736816406,344.0750732421875,346.75115966796875,350.4946594238281,354.7776184082031,358.327392578125,361.5300598144531,365.2915344238281,367.4669189453125,370.64154052734375,372.9150390625
sample_e903631cc0b28436,357.8147277832031,360.5776062011719,363.9432373046875,366.2801818847656,369.2133483886719,371.6280822753906,374.0804748535156,375.4283447265625,377.23193359375,377.78424072265625,379.793701171875,380.31146240234375
sample_b496477b65018c88,402.3363037109375,433.33551025390625,473.24822998046875,515.068603515625,563.8114013671875,593.1368408203125,624.1986083984375,632.3880615234375,652.54638671875,650.9577026367188,649.3173217773438,648.7803955078125
sample_c3e299abfe58be1e,375.5657043457031,375.3273010253906,375.80108642578125,376.0451965332031,376.81671142578125,377.1410217285156,377.82623291015625,378.2925109863281,378.2745361328125,378.8883056640625,379.10394287109375,379.2361755371094
sample_a2bdbbb39d5707d3,465.85235595703125,463.1820983886719,457.39825439453125,455.21636962890625,456.3797302246094,450.7274169921875,439.9356689453125,430.14691162109375,427.7314453125,420.0179443359375,415.68658447265625,409.17559814453125
sample_a2cb229a63e2cb06,656.9398193359375,644.3125610351562,627.3939208984375,613.3975830078125,600.7383422851562,586.2031860351562,575.8101196289062,564.59423828125,555.7450561523438,547.94140625,540.3350219726562,533.7265625
sample_a2d96e44b3bd84bf,313.15875244140625,332.6697082519531,354.2983093261719,370.08819580078125,385.9189453125,399.89678955078125,412.67974853515625,423.550537109375,434.45428466796875,441.169921875,449.7784423828125,455.41162109375
sample_a6319e05c5d46c78,581.2538452148438,568.8710327148438,549.9218139648438,534.5709838867188,519.36279296875,504.2348327636719,493.43621826171875,481.8484802246094,473.15509033203125,465.05413818359375,457.70074462890625,451.2850036621094
sample_fbc28dd746f19561,393.9710998535156,391.44415283203125,389.6075134277344,387.89556884765625,386.66815185546875,386.134033203125,385.1871643066406,385.2113342285156,384.3249816894531,384.18096923828125,384.025146484375,383.7961120605469
sample_d535b1da8f291d4e,357.0653076171875,356.0473327636719,356.08392333984375,355.8266906738281,356.2571105957031,357.7150573730469,358.61419677734375,359.768310546875,360.905029296875,361.5568542480469,362.888671875,363.7664489746094
sample_b268e77ff101f9de,462.29736328125,455.0643005371094,444.67437744140625,436.3861999511719,428.193603515625,418.87713623046875,412.04107666015625,404.68585205078125,398.59503173828125,393.657958984375,388.47369384765625,384.46942138671875
sample_c8d225bb6ce50823,336.937744140625,336.33795166015625,336.57861328125,335.42205810546875,335.9097595214844,338.834716796875,341.8165283203125,343.8113708496094,346.698974609375,345.3231201171875,344.6270751953125,345.82281494140625
sample_cf39d45233e541b4,455.47833251953125,448.92779541015625,438.13275146484375,428.1628112792969,420.7060241699219,416.4242248535156,420.9298400878906,417.5231628417969,440.6629333496094,496.4132385253906,533.0576171875,522.09765625
sample_b67114d28185e620,476.6361999511719,468.46319580078125,456.3960266113281,446.40155029296875,436.84234619140625,426.07232666015625,418.17755126953125,409.6282043457031,402.77081298828125,397.17987060546875,390.8403015136719,386.4230041503906
sample_4c5d1662165419d2,492.7596435546875,490.2170104980469,485.14190673828125,482.8040466308594,483.8711242675781,479.0702209472656,476.8829650878906,472.5926818847656,467.12066650390625,460.5132751464844,451.4039306640625,445.52801513671875
sample_8717b52820b320d0,522.7755126953125,511.6385498046875,497.7003173828125,486.5564270019531,475.54022216796875,463.7204284667969,454.71697998046875,446.1535949707031,438.9531555175781,432.9461975097656,425.7820129394531,421.04473876953125
sample_7f85c8d85b38e38f,481.7054443359375,472.8215026855469,461.757080078125,452.83135986328125,443.89251708984375,434.67657470703125,426.9447021484375,419.662109375,413.41070556640625,408.22308349609375,402.3906555175781,398.36358642578125
sample_11be10f6d7bab91e,386.7402648925781,384.69940185546875,381.7255859375,379.22601318359375,376.40838623046875,373.3492736816406,373.1368408203125,377.4842224121094,377.7344055175781,367.8102722167969,371.0540771484375,381.8963317871094
sample_ed462dff4a31def3,400.36419677734375,401.5107116699219,402.6212463378906,403.4976501464844,404.43353271484375,403.8781433105469,404.3967590332031,402.39739990234375,402.6278381347656,400.9378356933594,400.0684509277344,398.5180969238281
sample_bacd21983a551e04,299.8674621582031,305.45880126953125,315.09771728515625,322.5565185546875,331.24560546875,340.9306335449219,349.44805908203125,360.364013671875,371.1598815917969,378.20074462890625,391.1742248535156,411.66748046875
sample_3b65d0dd2a60d491,387.1446838378906,402.12701416015625,422.1294250488281,439.68017578125,465.66802978515625,486.7156066894531,501.87506103515625,510.9234619140625,529.632080078125,540.519775390625,549.004638671875,549.1837158203125
sample_a68bc5135a5451b2,387.3701171875,388.9844970703125,389.05010986328125,388.9686279296875,391.685302734375,407.4955139160156,423.4574279785156,446.245361328125,484.1163330078125,564.9424438476562,615.550537109375,654.1258544921875
sample_ec6bf97e2b77f4c7,389.1307067871094,388.8730163574219,393.3801574707031,403.1319885253906,406.7014465332031,400.56427001953125,411.7737121582031,401.38427734375,406.11810302734375,408.0018310546875,410.70867919921875,394.0086975097656
sample_4adec665eed70114,456.24664306640625,451.8548889160156,443.70330810546875,437.1486511230469,430.3644714355469,422.0223388671875,416.59088134765625,409.4451904296875,404.8595275878906,399.8794860839844,395.55584716796875,391.7359924316406
sample_f96367f220061b17,402.3519287109375,398.8590393066406,394.6138000488281,391.340576171875,388.37921142578125,386.99853515625,380.0682678222656,381.8045349121094,382.71282958984375,386.6811218261719,386.7369384765625,398.9316711425781
sample_caf4021378db9e62,341.1666564941406,347.7401123046875,356.63958740234375,362.705322265625,373.08343505859375,384.5269470214844,394.3575134277344,394.0521240234375,408.4158630371094,417.57684326171875,425.5699768066406,418.1336975097656
sample_62eb47ea69d00d99,436.8826904296875,427.0072021484375,415.22882080078125,405.46685791015625,396.01666259765625,386.3440856933594,378.94598388671875,370.68243408203125,365.77081298828125,360.17987060546875,355.1875,352.6986389160156
sample_a79677cf53c5378f,370.3512878417969,372.91253662109375,375.494873046875,382.20599365234375,387.23260498046875,389.149658203125,392.9522399902344,406.56396484375,412.41290283203125,403.3386535644531,397.31292724609375,398.0180358886719
sample_4f9ed1fcfe97e865,295.7548522949219,302.390380859375,311.5702819824219,318.4246826171875,326.33331298828125,334.26922607421875,341.2611389160156,346.8656921386719,353.5352478027344,356.9670715332031,362.5417175292969,365.8044738769531
sample_2cf96f43d079dabb,417.7705078125,422.87249755859375,435.3896789550781,447.84722900390625,453.1087951660156,458.72393798828125,463.2527160644531,469.1572265625,481.7261047363281,490.42962646484375,482.4462890625,465.18157958984375
sample_8c022faf3fe1f126,459.2857360839844,465.8958740234375,478.209228515625,487.1359558105469,494.84625244140625,495.9288330078125,500.6110534667969,512.4385986328125,523.576416015625,524.4228515625,525.5240478515625,551.5693969726562
sample_e1f3bb69a997217a,465.201904296875,462.0103454589844,455.2872619628906,449.2240295410156,443.1217041015625,435.346923828125,430.41949462890625,423.35028076171875,419.8171691894531,416.2900695800781,411.1238708496094,405.7869567871094
sample_af57a3baf702bc8c,395.5037536621094,399.2218933105469,409.0704650878906,426.5923767089844,433.88531494140625,432.9561462402344,429.1382141113281,432.947021484375,436.61346435546875,446.1041259765625,448.3031921386719,459.750244140625
sample_9e37716ec69721aa,394.0367736816406,394.1140441894531,393.9792785644531,393.6260681152344,394.08123779296875,393.1800842285156,393.3485107421875,391.8478088378906,391.930908203125,390.47540283203125,390.3478698730469,389.019287109375
sample_47ff65de2bb20a05,348.894775390625,349.617919921875,352.1404113769531,354.3161926269531,357.7373962402344,361.77337646484375,364.5992126464844,367.7554626464844,370.63323974609375,373.3180236816406,375.3294677734375,377.947998046875
sample_d687856425f066dc,366.3077087402344,365.3298034667969,365.2453918457031,365.0912170410156,365.39306640625,366.281005859375,367.1839294433594,367.7950439453125,368.3308410644531,369.0925598144531,369.7205505371094,370.45196533203125
sample_2d1e76c9e0e9d68d,472.5462341308594,471.1728515625,468.661376953125,465.7314453125,466.7015686035156,466.7063293457031,480.5907287597656,492.81646728515625,504.1580810546875,503.40277099609375,513.2396240234375,515.9098510742188
sample_a6776959308ec6b9,355.8258056640625,357.91192626953125,361.3944091796875,363.3955078125,366.9850158691406,371.0311279296875,377.1307678222656,379.86224365234375,387.60711669921875,389.08038330078125,392.5752868652344,396.18939208984375
sample_e4992f6744e74925,495.2228088378906,534.0426025390625,568.02685546875,599.8944091796875,630.0576171875,648.8938598632812,642.57373046875,625.3777465820312,600.6516723632812,594.1077880859375,585.356201171875,561.616455078125
sample_74f18ff1f4292b5e,499.13201904296875,522.9613647460938,547.9108276367188,574.1832885742188,590.82275390625,612.328857421875,640.578857421875,659.5133056640625,665.7489013671875,661.7081909179688,668.1282958984375,660.73046875
sample_d29a55151f850b82,447.3990478515625,444.1915588378906,438.0303955078125,432.8111267089844,427.0157775878906,419.5378112792969,414.5617980957031,407.7943420410156,403.4386291503906,399.30389404296875,394.6327209472656,391.0626220703125
sample_664648f19c3c3ccd,326.7728271484375,325.41302490234375,325.6203308105469,324.66119384765625,324.5388488769531,325.7450866699219,327.102294921875,328.0068054199219,330.509033203125,327.0124206542969,327.51177978515625,328.81219482421875
sample_eb6bdcb1f45136d0,358.9727478027344,367.5097351074219,384.5436706542969,396.9729919433594,411.9370422363281,423.89825439453125,436.0567626953125,443.5165710449219,455.85162353515625,452.4222717285156,448.0426025390625,448.570068359375
sample_e64e92f3270dc8e3,393.03460693359375,395.02252197265625,395.66815185546875,398.8983459472656,409.67889404296875,412.9587707519531,403.44842529296875,413.75885009765625,402.41021728515625,406.9300537109375,405.5841064453125,410.1659240722656
sample_ae630b349e9c4659,346.9306335449219,346.3012390136719,347.0685729980469,347.9039001464844,349.57037353515625,352.0359191894531,354.0550537109375,356.2825622558594,357.95465087890625,359.5791015625,361.3323669433594,363.0687561035156
sample_36bb2b7fc0dbc7a5,419.1522521972656,419.2855529785156,418.869873046875,418.3891906738281,418.17523193359375,416.1119384765625,415.0353088378906,412.0545654296875,410.73193359375,408.8724060058594,406.8438415527344,404.80999755859375
sample_26a64e1a574a768f,391.395751953125,401.4495544433594,410.5157470703125,408.2012939453125,411.4635314941406,417.49786376953125,419.228759765625,419.357177734375,419.01593017578125,412.1965026855469,408.78863525390625,403.40863037109375
sample_0ad1691874d06842,509.6999816894531,504.699462890625,497.50860595703125,491.49542236328125,481.3385925292969,472.3178405761719,467.19049072265625,457.56719970703125,448.3867492675781,441.061767578125,433.934814453125,428.4707336425781
sample_de1dd493ab858862,350.4993896484375,353.35968017578125,356.2207946777344,359.08160400390625,366.4107666015625,368.873046875,372.08612060546875,373.9842834472656,377.11907958984375,380.6748962402344,387.1441955566406,392.2997741699219
sample_673731f1eaac47f0,477.9381103515625,469.33319091796875,459.39617919921875,451.178955078125,442.9680480957031,434.3555908203125,427.45245361328125,420.55023193359375,415.148193359375,410.5661315917969,405.6654052734375,402.0252685546875
sample_638aec18759818d8,296.85675048828125,297.51483154296875,302.936279296875,307.7517395019531,311.4576416015625,317.6037292480469,320.03179931640625,317.2639465332031,319.7742004394531,322.8413391113281,326.8363342285156,330.8594970703125
sample_c27696cccd07518e,381.3006591796875,390.2576904296875,399.0712585449219,406.02947998046875,409.44635009765625,415.343994140625,423.22491455078125,423.0690612792969,427.4984130859375,429.01226806640625,429.0699768066406,428.87103271484375
sample_894bec9b10541efa,335.6846618652344,335.4685363769531,337.3214416503906,339.57391357421875,341.4288330078125,344.7457580566406,344.699462890625,346.1334228515625,348.8109436035156,354.8320007324219,372.90789794921875,390.43206787109375
sample_2d837ea29cf03905,352.657470703125,376.794921875,400.133056640625,418.31396484375,436.5966491699219,450.68756103515625,465.800048828125,475.9200744628906,487.21551513671875,495.406982421875,506.11767578125,510.06549072265625
sample_295080834a3b5591,444.51251220703125,438.111083984375,429.1748352050781,421.7176208496094,414.4070129394531,406.036376953125,400.2267150878906,393.2790832519531,387.77716064453125,383.2366638183594,378.36505126953125,374.85223388671875
sample_13f343e1be725868,435.5381774902344,439.4176940917969,444.7698669433594,448.90899658203125,445.6535339355469,442.34515380859375,442.6423034667969,439.645263671875,433.7279357910156,427.56146240234375,424.05010986328125,420.73931884765625
sample_fd44a50e26b36d62,555.3731689453125,552.4154052734375,545.2039184570312,537.9014892578125,531.8839721679688,523.7968139648438,518.210205078125,510.1468811035156,504.6035461425781,499.63507080078125,495.3040771484375,490.40155029296875
sample_cca0aca4d68c78da,346.1670227050781,348.8227844238281,362.15289306640625,361.182373046875,355.66619873046875,360.8681945800781,365.0596008300781,367.0351257324219,371.46832275390625,362.1318054199219,363.3345642089844,387.85430908203125
sample_fdd310d01fe38464,551.98779296875,538.32763671875,521.5880126953125,507.7193603515625,494.6628112792969,481.1363525390625,471.02484130859375,461.4044189453125,453.64312744140625,447.43701171875,441.64599609375,441.16424560546875
sample_9bd843d7b3419917,411.54449462890625,408.68194580078125,405.12109375,402.1097106933594,399.04217529296875,396.04229736328125,393.5133056640625,391.0384521484375,388.9666442871094,387.480224609375,385.198974609375,383.4053039550781
sample_2828b78d4566b2fc,427.0411071777344,435.22601318359375,448.3211669921875,472.03265380859375,498.56561279296875,521.9758911132812,550.3032836914062,590.4794311523438,636.9005126953125,670.6030883789062,693.7554931640625,697.7843017578125
sample_7b5fa43dd86dfb7b,325.35308837890625,334.74871826171875,346.5287170410156,350.6557312011719,356.4513854980469,369.1372985839844,371.0657958984375,391.16400146484375,393.37249755859375,382.12841796875,378.70513916015625,383.315185546875
sample_48bd13791d590235,335.4804992675781,339.01141357421875,347.3607482910156,353.6376037597656,361.5628662109375,370.2164001464844,376.9108581542969,383.2758483886719,389.6546325683594,393.44036865234375,398.81201171875,402.4210205078125
sample_ad276ba82ef6f516,344.3818054199219,351.0406799316406,358.333984375,360.6549377441406,371.1827697753906,382.3518981933594,386.806396484375,387.5097351074219,391.8064880371094,391.5010986328125,396.800537109375,397.20416259765625
sample_f8957f65679125af,586.6907958984375,581.8528442382812,572.8558349609375,564.94140625,558.2139282226562,549.6326904296875,543.4848022460938,536.6485595703125,530.42138671875,526.148193359375,520.8438720703125,517.1285400390625
sample_767f2a7538d90fa3,308.893310546875,314.7040100097656,322.8614501953125,328.3492736816406,335.7448425292969,343.1513366699219,349.3879089355469,354.55718994140625,360.55267333984375,363.6483154296875,369.1353454589844,371.97686767578125
sample_3f829d4bed4db2e0,318.1807861328125,319.2148742675781,323.3629150390625,327.1309814453125,331.57574462890625,337.4803466796875,341.8225402832031,348.299560546875,351.8815002441406,356.4078674316406,361.856201171875,364.82525634765625
sample_2fe779a4788ee848,462.8892822265625,488.656005859375,514.634033203125,540.5897216796875,569.7761840820312,587.4503173828125,612.6112060546875,644.804931640625,669.2517700195312,676.0277709960938,684.7872924804688,691.5726318359375
sample_aeb337616a70f9c8,345.7373046875,347.4247741699219,355.2084655761719,363.8041076660156,368.2821044921875,379.42486572265625,379.2594909667969,375.6961669921875,370.45526123046875,372.8221130371094,369.67156982421875,366.1138916015625
sample_b3713c89926bc4a8,424.4890441894531,419.97216796875,413.99530029296875,409.11639404296875,403.69036865234375,398.3104553222656,393.8072509765625,389.5943603515625,385.28240966796875,383.13916015625,379.21002197265625,377.1413269042969
sample_f10a163fe8503ab2,319.92779541015625,333.6449279785156,349.87939453125,362.0592346191406,375.514892578125,388.7558898925781,398.8116455078125,407.98101806640625,417.02069091796875,422.6627197265625,430.5540771484375,435.6551208496094
sample_f04305d2922dbc37,468.011962890625,458.2417297363281,446.1177062988281,436.73138427734375,424.8788146972656,411.9702453613281,404.1438903808594,394.13665771484375,385.14617919921875,379.01373291015625,373.09295654296875,369.2635803222656
sample_c05e56351d201561,521.39990234375,516.70361328125,508.30035400390625,500.933349609375,494.339111328125,486.28619384765625,479.7344970703125,469.7977294921875,463.12640380859375,458.34063720703125,452.448974609375,448.131103515625
sample_7873455f9268567a,370.7884521484375,388.0878601074219,406.01959228515625,417.9785461425781,430.9665222167969,442.692626953125,456.14801025390625,467.2691650390625,480.1832580566406,493.41094970703125,505.65301513671875,511.0804443359375
sample_a0c7e02f9f9e860b,298.3902893066406,311.0589294433594,326.9897155761719,339.7027893066406,352.5513610839844,364.6459045410156,374.4920959472656,387.5640563964844,398.0250549316406,403.0631103515625,405.68658447265625,407.2181091308594
sample_066c5a22276e3511,435.45611572265625,433.7680969238281,430.0103454589844,426.5647277832031,423.04876708984375,417.0191955566406,413.6611022949219,407.91302490234375,404.3810119628906,400.87554931640625,397.31072998046875,394.3013916015625
sample_8811526c3b59e7ae,333.0086975097656,338.9080810546875,345.2353210449219,347.7767333984375,354.0301513671875,370.1209716796875,375.99169921875,396.04534912109375,379.77838134765625,379.1806945800781,374.8085021972656,374.7729797363281
sample_096a509ade4dc0d4,459.3048400878906,455.02545166015625,448.0368347167969,441.9837341308594,435.4460754394531,427.6265869140625,422.2241516113281,415.90960693359375,411.3518981933594,407.4028015136719,402.5973815917969,399.0664978027344
sample_1f4224ac4141080d,625.5123901367188,614.640625,600.2281494140625,588.4902954101562,576.114990234375,561.7933959960938,552.7448120117188,542.1739501953125,533.5194091796875,524.9636840820312,515.6035766601562,508.16552734375
sample_489bd7bc5e73cc9d,433.14324951171875,428.56707763671875,422.5091247558594,417.2567138671875,411.9215087890625,405.594970703125,400.9327392578125,396.2452087402344,392.6360168457031,393.6989440917969,402.2745056152344,404.8236389160156
sample_68eb9c8fb82be7ca,366.84417724609375,366.57574462890625,367.72509765625,365.69256591796875,366.7667541503906,365.1920471191406,364.1664123535156,363.7151794433594,364.34686279296875,360.05609130859375,358.2081298828125,357.1134033203125
sample_d4b4978393b04209,412.6325988769531,407.34112548828125,399.96710205078125,394.1486511230469,387.3832092285156,380.2624816894531,374.7066650390625,368.72314453125,363.85516357421875,361.0908508300781,357.29791259765625,356.73077392578125
sample_1e7da629c8cb986e,456.5908203125,473.0390319824219,487.12982177734375,495.53021240234375,507.78961181640625,520.3583374023438,530.9371337890625,539.4182739257812,551.320068359375,566.8531494140625,577.9180297851562,583.8681030273438
sample_a2ec7fa119e36bc4,398.1192626953125,394.0488586425781,389.0511169433594,386.92724609375,387.2765808105469,388.2070007324219,389.2345275878906,389.2062683105469,387.917724609375,387.6463623046875,385.9028015136719,380.0246887207031
sample_81cbbd11fc479d2f,302.8883056640625,304.3348083496094,307.4356994628906,311.22998046875,312.5156555175781,316.09375,320.74151611328125,325.91986083984375,328.1006774902344,331.1654357910156,332.27978515625,333.3914794921875
sample_e7c5342d0e86a52e,468.76239013671875,465.19482421875,458.4954833984375,452.0171813964844,446.14654541015625,437.6314392089844,432.2771911621094,424.5740051269531,419.55145263671875,415.0388488769531,409.8968505859375,405.8450927734375
sample_f612c88bd90c36b4,471.1349182128906,466.0746154785156,457.03631591796875,449.82568359375,442.6138000488281,433.4339294433594,425.18206787109375,415.811279296875,410.9311828613281,412.4480285644531,412.5797119140625,419.33953857421875
sample_f580b91fd470732c,507.725830078125,501.5588073730469,494.1056213378906,488.2224426269531,480.4637756347656,470.2764892578125,467.4667053222656,468.38079833984375,462.40179443359375,461.0024108886719,456.6689453125,451.78759765625
sample_0534a8b83647fb15,366.262451171875,365.44708251953125,366.8150634765625,367.4734191894531,368.8999328613281,371.3280029296875,373.3409423828125,375.33935546875,376.3082580566406,377.25897216796875,379.78985595703125,380.6883850097656
sample_926a13a9467b51ab,327.3836364746094,326.5363464355469,326.9798889160156,327.33526611328125,328.50634765625,330.37353515625,332.6505432128906,333.67578125,335.4435729980469,335.85107421875,337.83953857421875,339.0997619628906
sample_358d2a03d53d424d,390.45587158203125,388.4888610839844,386.8785095214844,385.8629150390625,384.37469482421875,383.2811279296875,382.3363952636719,382.0418701171875,380.873779296875,380.8438720703125,378.77227783203125,377.9223327636719
sample_0ba550006d6a3851,448.28826904296875,449.1229553222656,447.3610534667969,445.03045654296875,442.398193359375,436.74102783203125,434.097900390625,428.4333801269531,425.8163757324219,422.1976623535156,419.0010986328125,415.84881591796875
sample_8cdd79b801a9d801,366.1825866699219,380.5149230957031,398.268310546875,412.17535400390625,429.2908935546875,442.2950744628906,454.04193115234375,464.33355712890625,470.3091735839844,477.837646484375,485.2360534667969,489.98431396484375
sample_b146a6381d04ee5d,330.89501953125,332.2835693359375,335.29693603515625,338.07293701171875,341.96295166015625,346.28704833984375,349.56024169921875,353.89276123046875,357.9195251464844,361.596923828125,364.83013916015625,370.4405212402344
sample_08d621943afe6e9d,444.00103759765625,439.5244140625,433.2174072265625,427.9591369628906,421.7962951660156,414.61077880859375,409.07635498046875,403.9468994140625,398.9961242675781,395.6783142089844,390.7767028808594,387.952880859375
sample_792fc11ec1a53ceb,372.249267578125,370.62152099609375,369.6287536621094,368.79302978515625,366.0263671875,362.9273376464844,361.8747253417969,361.17913818359375,364.0378112792969,358.2564392089844,353.6830749511719,351.6492919921875
sample_24c934195db96a20,372.2882995605469,371.2471923828125,370.78875732421875,370.53326416015625,370.516357421875,370.83807373046875,370.8247375488281,371.7439880371094,371.3166198730469,371.9766845703125,372.69195556640625,372.95770263671875
sample_a31427c8151f5923,316.3427429199219,316.6401672363281,317.6531066894531,318.4207763671875,320.0692443847656,321.2837829589844,322.8751525878906,323.0842590332031,324.0650329589844,323.7056884765625,325.2099914550781,325.80828857421875
sample_bb64cdbcc51ea771,371.25250244140625,369.62152099609375,368.66693115234375,368.1278076171875,368.5660400390625,369.2801818847656,371.849853515625,379.48553466796875,387.7152099609375,390.5703430175781,400.3460388183594,414.8575744628906
sample_36ce55e225a328e3,326.4908447265625,335.97845458984375,347.34918212890625,355.806884765625,365.8604736328125,375.5305480957031,383.9267578125,390.33349609375,397.4483337402344,401.6443786621094,407.8632507324219,410.79278564453125
sample_cfc68f42fcf3722e,366.50347900390625,366.4185791015625,369.8815612792969,373.1715393066406,375.391845703125,378.6651916503906,381.5015563964844,385.3435974121094,390.1446228027344,394.3197021484375,395.2859802246094,395.93475341796875
sample_cfbab6f03f703288,434.5393981933594,430.8910217285156,425.2872619628906,420.53009033203125,415.55963134765625,410.39007568359375,406.98028564453125,404.7401123046875,405.5079040527344,406.2550048828125,405.18438720703125,400.96502685546875
sample_4da1b9cef7f3c28e,572.6166381835938,559.331787109375,542.2549438476562,527.7774047851562,516.663330078125,502.45123291015625,491.9886169433594,479.26544189453125,470.04876708984375,460.6138916015625,453.2095947265625,446.61749267578125
sample_3bcafe95801dcd65,586.8855590820312,580.1622924804688,568.9382934570312,559.4934692382812,550.6183471679688,539.6115112304688,531.6671752929688,523.4180297851562,516.50830078125,510.4310607910156,504.7139892578125,500.197021484375
sample_35af6633c86c708a,602.4420166015625,583.2622680664062,561.2803344726562,543.6823120117188,529.8842163085938,514.9796142578125,503.8165283203125,492.2518310546875,485.2962646484375,479.8326110839844,472.85797119140625,472.0694274902344
sample_9828d3eb71753a82,406.4764709472656,426.9998474121094,445.52081298828125,460.8736572265625,479.4947204589844,494.18792724609375,507.74957275390625,515.5878295898438,524.4521484375,531.521728515625,543.9515991210938,545.8551025390625
sample_c4e7506826102ae7,347.27740478515625,352.1455383300781,360.1388854980469,373.3089294433594,381.0707702636719,381.6632080078125,378.5201721191406,385.65887451171875,388.5538635253906,396.26544189453125,401.3756408691406,396.4036560058594
sample_af8100a241fadaad,527.5960083007812,536.198486328125,549.3207397460938,553.0859375,567.6470947265625,580.0916748046875,589.8109741210938,578.4453735351562,574.5635375976562,558.3680419921875,564.559814453125,553.5567626953125
sample_9c9796ec38500d4d,414.8911437988281,410.1726379394531,405.31475830078125,401.2736511230469,397.70965576171875,395.2216491699219,392.216064453125,387.49945068359375,384.24005126953125,383.1337890625,381.6070861816406,379.1341857910156
sample_7a5291e5a88ac466,360.6228332519531,369.206787109375,385.15496826171875,406.123779296875,430.2153625488281,451.00750732421875,473.1273193359375,509.81158447265625,546.2521362304688,565.7528686523438,562.6300048828125,567.4921264648438
sample_5ae91582f0cd3e6e,342.9160461425781,344.40350341796875,347.1719055175781,349.0768737792969,352.46270751953125,355.6311340332031,358.7261657714844,360.8741149902344,363.5459289550781,365.3041687011719,367.41339111328125,369.1991271972656
sample_35741a5551462abc,322.7228698730469,326.1340026855469,331.0478210449219,334.63641357421875,339.6175842285156,344.5672302246094,348.7362060546875,352.59783935546875,356.3739013671875,358.6556701660156,361.83233642578125,364.18743896484375
sample_35d2cae9b37bb1e5,371.2210998535156,376.3714599609375,381.0274963378906,384.15777587890625,388.1305236816406,390.587890625,393.553466796875,394.35040283203125,397.0355529785156,396.4669189453125,398.536865234375,398.1952209472656
sample_0a13ca03eb6ccdf1,420.1755676269531,415.99346923828125,411.3843688964844,407.61273193359375,403.36602783203125,399.0022277832031,395.4977722167969,392.6655578613281,390.0382995605469,388.9916687011719,386.31072998046875,384.21746826171875
sample_5fe7941bd696b993,378.7033386230469,377.2904357910156,376.67401123046875,375.90484619140625,375.4956970214844,374.9884033203125,375.1273193359375,374.6774597167969,375.0986328125,374.65484619140625,375.2563781738281,374.9193115234375
sample_903f858bd3a84dd2,292.3555603027344,295.1731262207031,300.70721435546875,306.7686767578125,312.19891357421875,312.0201416015625,318.1252746582031,325.2859802246094,328.0495910644531,332.7613525390625,334.6406555175781,329.10870361328125
sample_93257564b0c5d44e,313.21734619140625,317.2160339355469,324.27740478515625,329.4803466796875,336.5562744140625,344.8395080566406,350.29571533203125,355.2215881347656,357.5993957519531,361.0037841796875,366.759033203125,371.3707275390625
sample_4a3f89a3171077ee,309.4529113769531,316.27520751953125,323.208984375,326.4649963378906,332.00079345703125,337.94769287109375,343.7950744628906,348.3334655761719,354.26202392578125,357.22900390625,361.5311279296875,363.8697509765625
sample_ae253f625a312e89,397.46893310546875,399.4955749511719,400.9219970703125,405.9164733886719,413.89227294921875,420.60858154296875,416.0107727050781,414.9775085449219,416.7829284667969,419.46099853515625,415.88690185546875,412.4554443359375
sample_8c203a1ae62fffb7,398.39404296875,412.44891357421875,423.767333984375,431.982666015625,445.075439453125,461.1990966796875,469.18939208984375,468.8114929199219,473.673828125,478.550537109375,495.28021240234375,498.8888854980469
sample_fbba29fc9f93afb2,357.7376708984375,361.81298828125,366.6105041503906,370.1904296875,374.7427673339844,379.39398193359375,383.13787841796875,385.8385314941406,390.598388671875,396.13916015625,399.3888854980469,400.90789794921875
sample_d7044c2847cbb7ca,458.27935791015625,461.1150817871094,461.046630859375,460.57391357421875,457.0871276855469,448.337646484375,438.4631652832031,431.1842041015625,427.8961486816406,423.9569091796875,418.7356262207031,414.8836975097656
sample_e9c5e7b60c4642e8,403.439697265625,400.8119201660156,397.6976623535156,395.2588806152344,392.5363464355469,390.2252502441406,387.3585510253906,384.2452392578125,383.309326171875,381.1578063964844,377.97723388671875,379.9156188964844
sample_a0cdde9bcec8d32b,377.7791748046875,380.50299072265625,383.14453125,385.08160400390625,387.6849670410156,388.5898132324219,390.4095458984375,390.2554626464844,391.86865234375,391.2332458496094,392.8018798828125,392.3027648925781
sample_c3199912b3ff4df8,328.0069274902344,335.11529541015625,346.3761901855469,354.9214172363281,364.0343017578125,373.2552185058594,381.4732971191406,388.1673889160156,394.914794921875,399.4694519042969,405.85797119140625,409.3525390625
sample_76818792c67c795d,423.9091796875,419.7183837890625,414.287109375,410.38128662109375,403.3655090332031,398.5918884277344,395.70831298828125,395.8791198730469,396.7302551269531,402.72802734375,398.84869384765625,393.82427978515625
sample_fa12e960c3788790,310.24334716796875,320.2109069824219,335.1828918457031,349.9657287597656,358.5492858886719,367.6818542480469,376.7818603515625,377.896240234375,385.04266357421875,392.1035461425781,393.7793273925781,396.68109130859375
sample_ce5869f56a9b281c,365.0557556152344,373.7999572753906,387.3482666015625,381.99285888671875,382.6677551269531,392.47845458984375,409.5483093261719,404.5165100097656,417.7066955566406,397.35418701171875,386.0496826171875,392.5296325683594
sample_f6d104569e503ce6,671.4977416992188,662.8489990234375,655.3967895507812,643.0055541992188,627.3294067382812,610.8462524414062,606.3573608398438,594.7976684570312,580.504150390625,563.2999877929688,550.21484375,538.0609741210938
sample_3758900b4cb88d15,424.3883361816406,423.9581604003906,422.4971618652344,420.8678283691406,419.34100341796875,415.8622741699219,414.31829833984375,410.407958984375,407.8326110839844,404.88995361328125,402.63226318359375,400.0253601074219
sample_adca702317b4ca73,314.0789794921875,314.8511047363281,318.8836669921875,322.8334045410156,326.1973876953125,336.38427734375,342.62042236328125,347.004638671875,346.06048583984375,357.8930358886719,360.4697265625,375.87103271484375
sample_28ff2b0cac264234,388.4020690917969,395.4822082519531,404.7922668457031,412.1186218261719,418.52032470703125,429.26922607421875,435.1007080078125,444.23858642578125,452.3768615722656,450.56329345703125,450.9136047363281,455.752197265625
sample_f0c72af2ed7ffa28,337.0555725097656,337.8684387207031,341.1474609375,346.51123046875,354.2795104980469,366.26690673828125,384.65570068359375,420.97418212890625,446.3418273925781,469.14959716796875,487.44451904296875,518.0713500976562
sample_7ea1ea98e4fc3948,315.064453125,317.4381408691406,323.63763427734375,323.1638488769531,327.2911376953125,329.9332580566406,343.5311584472656,352.8453063964844,358.7100524902344,349.1185302734375,345.546142578125,337.28564453125
sample_30215207bebd9b78,307.3433837890625,309.2918395996094,319.8887023925781,326.5553283691406,341.958251953125,342.146484375,350.7003173828125,351.3334655761719,359.50714111328125,364.5963439941406,375.95513916015625,366.37005615234375
sample_e7dc2f7966640d85,524.4644165039062,514.689453125,501.42315673828125,490.3838195800781,479.4160461425781,467.1848449707031,458.53717041015625,450.1841125488281,441.7947692871094,435.32568359375,428.9851989746094,423.9311218261719
sample_046b0c7e6d87d04c,390.4056701660156,392.50152587890625,397.84600830078125,403.8759460449219,411.2303466796875,422.2972717285156,429.2022705078125,435.17413330078125,440.967041015625,447.6327819824219,448.91448974609375,448.76129150390625
sample_b12a3d75f6bb1cba,381.3311767578125,378.21820068359375,375.54473876953125,373.7877197265625,372.69903564453125,371.5711364746094,369.4381103515625,366.6265869140625,364.554443359375,365.11004638671875,363.7939453125,363.634765625
sample_41c003acdcaac005,464.203125,455.71697998046875,443.34033203125,432.8805847167969,423.0420227050781,411.71612548828125,403.58892822265625,394.7807312011719,387.9769287109375,382.372314453125,375.8226318359375,371.1473388671875
sample_798ec5ba1f89b0f0,593.0148315429688,586.8232421875,577.2302856445312,569.7918090820312,563.219482421875,556.7725219726562,556.0106811523438,558.2960205078125,561.5730590820312,561.09228515625,568.3999633789062,575.0689086914062
sample_3d91e39d784ae1e6,339.4480285644531,337.9812927246094,337.9657287597656,337.2396240234375,337.6818542480469,338.2051086425781,339.8958740234375,342.0708923339844,340.1242370605469,340.4202575683594,342.1477355957031,342.190185546875
sample_df26e7789d5d7644,429.8062744140625,426.6712646484375,421.9820556640625,418.20849609375,413.6853332519531,407.3043212890625,403.34576416015625,398.3130187988281,394.1446228027344,390.97442626953125,386.97900390625,384.0277099609375
sample_104f9f78f01bed22,438.0877990722656,432.66748046875,427.2032470703125,422.09100341796875,415.8459777832031,408.2545471191406,402.8670959472656,398.9265441894531,395.4451599121094,392.146240234375,387.1539306640625,384.34149169921875
sample_9576bc5f3c045801,442.60028076171875,437.2132263183594,429.91156005859375,424.21478271484375,417.87078857421875,411.2752380371094,405.6439208984375,400.0045166015625,395.6512451171875,392.3386535644531,387.4595642089844,384.5655212402344
sample_10b3d65b3a9302ad,403.8634338378906,398.840087890625,392.6894226074219,388.0829162597656,381.858642578125,376.4788513183594,371.70538330078125,368.6485900878906,366.98089599609375,364.1651611328125,362.958251953125,361.2781982421875
sample_ebb9617dfd764857,337.4722595214844,335.86669921875,335.4517822265625,333.7765197753906,333.3142395019531,333.5802001953125,335.05902099609375,334.91729736328125,333.7088623046875,336.83935546875,333.2257995605469,334.9949951171875
sample_cd7d96c4274c5ee6,351.42828369140625,353.3042907714844,356.6860046386719,359.916259765625,364.7102966308594,369.49066162109375,373.8894958496094,382.1978454589844,389.16998291015625,395.4267883300781,399.2449035644531,403.4043273925781
sample_bb57fbbe20855315,341.7518310546875,340.5036315917969,340.3511962890625,339.9422302246094,339.8037414550781,341.2669677734375,343.3087463378906,341.3509826660156,342.1616516113281,342.5226135253906,342.71722412109375,346.17523193359375
sample_49f89367ef597992,356.9651184082031,355.8954162597656,355.55609130859375,355.15093994140625,355.60308837890625,356.4839782714844,357.9614562988281,358.29229736328125,359.9804992675781,360.0324401855469,361.3529052734375,361.6671142578125
sample_31abf37cb898b4c5,318.3282470703125,322.52276611328125,333.04229736328125,342.383544921875,350.08343505859375,362.1056823730469,363.457763671875,364.2182312011719,364.61126708984375,365.1493225097656,370.453369140625,371.7044677734375
sample_da90c77eed48e6fd,366.26544189453125,364.6801452636719,364.21563720703125,364.63226318359375,367.07757568359375,367.15570068359375,369.5040283203125,372.5694274902344,375.9549560546875,374.5805358886719,382.6960754394531,377.0941467285156
sample_e4e44cde4e871af3,376.18267822265625,379.4476318359375,390.3885192871094,394.7860107421875,390.0853576660156,404.65960693359375,396.0107727050781,401.6927490234375,405.1396789550781,409.0145263671875,391.79150390625,392.78857421875
sample_688e2386b9a45c88,336.0541687011719,349.16552734375,362.0448913574219,368.8746032714844,377.0865478515625,391.1541748046875,396.3355407714844,395.57080078125,400.7021484375,403.1089172363281,406.7740478515625,409.074951171875
sample_b962553a6f9b045f,527.4652709960938,515.764404296875,499.56103515625,486.39837646484375,474.05157470703125,460.16363525390625,450.1658630371094,439.38409423828125,431.0313720703125,423.9083251953125,416.5558776855469,410.8323974609375
sample_d46e981f14b137ad,464.337158203125,491.5982360839844,516.4675903320312,538.9364624023438,564.975341796875,593.0721435546875,607.5232543945312,630.1879272460938,661.46875,683.0987548828125,689.96044921875,696.01416015625
sample_a6a8ef9c852550f5,354.79681396484375,352.8379821777344,350.89239501953125,349.2760314941406,347.61517333984375,345.63800048828125,344.718505859375,342.9096374511719,341.9801025390625,340.43756103515625,339.1753234863281,338.258056640625
sample_b92b88a27c3cece3,536.22900390625,527.7596435546875,515.6459350585938,506.7652587890625,496.84234619140625,487.6844787597656,482.0158386230469,472.3807373046875,464.2675476074219,462.22308349609375,463.61151123046875,459.4700927734375
sample_ae55ae0b9a8009e3,486.6723937988281,484.19036865234375,481.5450134277344,480.7800598144531,477.8523864746094,475.00274658203125,472.0322265625,466.2842102050781,460.5718688964844,452.0176696777344,446.21221923828125,439.0561218261719
sample_01d013ab2939d446,305.132568359375,307.0058288574219,310.97076416015625,320.4465026855469,330.28106689453125,339.32281494140625,335.0528259277344,338.68939208984375,341.77301025390625,358.5254211425781,375.3385314941406,404.9012451171875
sample_cadc2b21fa8d3bcc,410.04656982421875,415.06231689453125,419.3885192871094,422.3807678222656,425.7802734375,426.21893310546875,427.7332763671875,426.7419128417969,427.9032897949219,426.225341796875,426.8403015136719,425.258544921875
sample_4f7210f3881813ce,503.51239013671875,492.9390869140625,480.0617370605469,469.36688232421875,459.1408386230469,448.39154052734375,439.76031494140625,430.7569885253906,424.3414001464844,418.50933837890625,411.8173522949219,407.42950439453125
sample_50e131cae783c633,506.6545715332031,495.8751525878906,481.33929443359375,469.5564270019531,458.24017333984375,445.7696838378906,436.7350769042969,426.9705505371094,419.20916748046875,412.7226867675781,405.65655517578125,400.2694396972656
sample_665b5ef10abdccb1,346.6787414550781,346.0336608886719,348.418212890625,350.53936767578125,363.0296325683594,389.1689453125,423.7637634277344,459.4420471191406,493.356689453125,527.2699584960938,561.402099609375,581.1466674804688
sample_6219e0573ce98423,347.0541687011719,372.3822021484375,402.52093505859375,418.98980712890625,433.019287109375,452.0894470214844,477.674560546875,487.15399169921875,489.9314270019531,470.98822021484375,480.7678527832031,465.9895324707031
sample_9c6ed4bbfb73719a,377.10357666015625,374.6786804199219,371.61431884765625,369.1762390136719,366.5269775390625,363.3778381347656,361.2358093261719,358.3638610839844,356.13690185546875,354.5859069824219,351.7616882324219,353.0689392089844
sample_2adc723943226fa4,396.2672424316406,397.0190124511719,397.6419372558594,397.2720031738281,398.3636474609375,398.30474853515625,398.44134521484375,397.6766357421875,397.631591796875,396.37890625,396.2397766113281,395.03338623046875
sample_4e5e59e16bf44378,371.8631591796875,391.67864990234375,416.1312255859375,432.8398132324219,449.3436584472656,460.6803894042969,472.323974609375,484.46917724609375,491.6712646484375,492.2360534667969,498.3968505859375,500.2025146484375
sample_d048306211dc4a00,310.8112487792969,313.0025634765625,317.5959777832031,321.3713073730469,326.2044982910156,331.9836730957031,336.1698913574219,340.8419189453125,344.75244140625,347.84979248046875,351.6976318359375,354.52056884765625
sample_335da5f7264c6c07,337.1957092285156,336.8558044433594,343.6059875488281,358.23236083984375,364.01849365234375,374.0668640136719,375.79217529296875,407.831787109375,437.1141357421875,457.3595275878906,441.94012451171875,432.07232666015625
sample_3b600179e319d7c6,424.6548767089844,423.341064453125,421.03839111328125,419.007568359375,417.0465087890625,413.4598693847656,411.3642272949219,408.08929443359375,405.7415466308594,403.6534423828125,400.5099182128906,398.4859924316406
sample_0b98d6f07e5e568f,271.78155517578125,276.6145935058594,284.388916015625,289.8363952636719,296.5567932128906,303.7203369140625,309.6165466308594,315.04534912109375,320.7110595703125,323.8529052734375,328.6627502441406,331.6463623046875
sample_c6a09cabb528a8be,355.0867004394531,356.981689453125,363.9986572265625,381.45654296875,388.50714111328125,397.688720703125,388.681884765625,403.123291015625,401.630859375,419.8320007324219,409.6366882324219,396.8013916015625
sample_98a2edb01cd9c22f,304.1339416503906,305.0829772949219,309.1094055175781,312.30438232421875,316.5349426269531,321.8992004394531,325.7025451660156,329.885986328125,333.2665710449219,335.88287353515625,339.3959655761719,341.942138671875
sample_d8e1199dfc6cbcf5,467.6177978515625,467.6927185058594,463.1947937011719,457.8790588378906,453.5269775390625,445.9134216308594,441.5411071777344,434.5672607421875,430.9884033203125,426.8201599121094,422.62255859375,418.5551452636719
sample_dcf87d17ee3de1a0,511.9658508300781,504.5079040527344,490.8681945800781,479.6160583496094,470.8671569824219,456.6492614746094,442.6891784667969,429.06207275390625,420.3089294433594,413.7226867675781,406.87213134765625,401.04736328125
sample_329178fb9a52a8e5,353.83355712890625,371.9688720703125,394.40826416015625,415.91400146484375,430.9432373046875,442.613525390625,449.6292724609375,454.9912109375,460.6041564941406,460.95037841796875,459.65655517578125,457.442138671875
sample_bca109ac2cab2131,337.8388671875,346.2666015625,356.8762512207031,364.39239501953125,375.2344970703125,393.21746826171875,400.7566223144531,402.6758728027344,407.1598815917969,412.4330139160156,418.9833984375,425.0155029296875
sample_672b07ab9fc5709c,350.86492919921875,349.71417236328125,349.6672058105469,349.58905029296875,350.2500915527344,351.6078186035156,352.88458251953125,354.057861328125,355.4273376464844,356.5528259277344,358.0169372558594,358.91845703125
sample_cb6ffa02bba9e86a,510.8223571777344,520.3856201171875,525.9041748046875,529.6315307617188,534.4767456054688,535.9191284179688,539.1883544921875,537.479248046875,539.936767578125,538.4754028320312,540.0209350585938,538.7174682617188
sample_effadd624ddf8df1,334.5520935058594,340.19024658203125,346.08319091796875,352.4561462402344,361.65716552734375,369.28326416015625,378.75335693359375,378.85211181640625,377.5245666503906,375.4666442871094,376.1702575683594,379.6560974121094
sample_a5699d864d459944,456.1394958496094,450.7420959472656,440.6748962402344,433.62689208984375,424.84442138671875,416.0442810058594,409.3522033691406,402.8553466796875,397.1307373046875,392.6249084472656,387.04791259765625,383.29833984375
sample_7a10f979b444f551,458.6999816894531,451.8765563964844,441.7024230957031,433.3370056152344,424.0562438964844,415.4479675292969,416.2797546386719,421.7062072753906,421.4093017578125,447.51300048828125,493.0123291015625,532.0924682617188
sample_e97bdfa1e3a6c80d,359.2331237792969,357.50958251953125,357.01422119140625,356.4460754394531,356.5707092285156,357.2130126953125,357.92095947265625,358.5456848144531,359.01727294921875,359.7654724121094,360.5622863769531,361.2301025390625
sample_a4f558c221e3f4f4,357.1648864746094,359.7626953125,364.005615234375,368.5448913574219,378.21160888671875,386.3623352050781,390.0877685546875,396.3605651855469,396.1428527832031,398.9051818847656,407.9661865234375,409.43206787109375
sample_c337b1026b9c53df,362.214111328125,365.8962097167969,369.7352600097656,372.6031494140625,376.18902587890625,378.58612060546875,381.5324401855469,382.5809020996094,384.84686279296875,385.2555847167969,387.7917175292969,388.2249450683594
sample_fdeac9e312952423,690.1288452148438,693.0172729492188,692.62451171875,690.6110229492188,689.5128784179688,682.5731201171875,681.9811401367188,680.4982299804688,679.3057250976562,695.9359741210938,719.7815551757812,725.1028442382812
sample_d085a77acd9b8018,291.5133056640625,296.1988525390625,303.583251953125,308.9767150878906,315.33782958984375,322.3355712890625,328.0990905761719,333.5029602050781,338.91497802734375,341.92919921875,346.9383544921875,349.8697509765625
sample_8841997ff19c4252,367.6839599609375,366.3863830566406,365.7573547363281,365.0618896484375,364.8051452636719,364.8694152832031,365.7089538574219,365.1783142089844,366.07244873046875,366.08221435546875,366.674560546875,367.17242431640625
sample_7959037a130c68ab,521.9970092773438,505.914306640625,488.4206848144531,473.8338928222656,460.7367858886719,447.5144958496094,437.04425048828125,427.1400146484375,418.7581481933594,411.8461608886719,404.161865234375,398.7291564941406
sample_47e5a51b8ae26e51,627.2050170898438,613.3035888671875,594.4778442382812,569.619384765625,553.4615478515625,534.4871826171875,522.0286865234375,509.94000244140625,501.38299560546875,494.199951171875,486.5223083496094,482.0694274902344
sample_7d907ae1870f6da0,475.20068359375,474.045654296875,474.6731872558594,470.16064453125,470.5206298828125,469.7526550292969,461.7255554199219,454.2757568359375,449.1325378417969,444.130126953125,440.1212158203125,437.85076904296875
sample_b433714127d253aa,428.4211730957031,423.50311279296875,418.092529296875,412.9510498046875,407.39031982421875,401.8350830078125,397.1377868652344,392.21807861328125,388.4841613769531,385.2154541015625,380.89288330078125,378.4486389160156
sample_2efa57daf47f758c,316.81573486328125,322.24560546875,328.95843505859375,333.8198547363281,340.0317077636719,345.92218017578125,351.29571533203125,355.1775207519531,360.42041015625,362.47174072265625,366.6274108886719,368.3733215332031
sample_8eb3d36008b21be9,317.8724670410156,316.7122497558594,317.7933349609375,318.8340148925781,321.5244445800781,323.64306640625,323.872314453125,329.47747802734375,326.34783935546875,329.4158020019531,334.2992248535156,331.91046142578125
sample_6dcab0eff40f29eb,616.71923828125,608.6467895507812,595.0064697265625,588.4838256835938,579.754638671875,567.7574462890625,552.7156982421875,539.2010498046875,527.5128784179688,517.1075439453125,496.36505126953125,486.39605712890625
sample_91823126232ca85e,402.7887268066406,400.688720703125,398.65625,396.9123229980469,395.4464111328125,393.3279724121094,392.07135009765625,390.11474609375,388.9074401855469,387.3327331542969,386.1245422363281,384.49530029296875
sample_55d553e12721b183,353.59185791015625,352.1678466796875,351.583740234375,350.8387145996094,350.96453857421875,352.22576904296875,351.611328125,353.10626220703125,354.6169128417969,353.5119934082031,354.3399963378906,358.1977844238281
sample_f7f1e98650cb6033,449.92584228515625,448.5048522949219,444.9754943847656,440.2171630859375,435.77630615234375,427.6350402832031,422.0737609863281,417.5536804199219,413.49603271484375,409.2586975097656,404.23077392578125,400.05804443359375
sample_7037eb5425f2a758,343.0401306152344,343.2438049316406,344.512451171875,345.8299560546875,347.93658447265625,350.8260192871094,353.4568176269531,356.0639343261719,357.91259765625,360.3502197265625,364.4827575683594,366.2995300292969
sample_e0a4c752280cf463,352.78192138671875,354.4328308105469,359.6583557128906,364.4539794921875,370.3296813964844,378.6006774902344,383.7445983886719,394.23516845703125,392.6667175292969,403.09393310546875,407.87298583984375,424.3087158203125
sample_a8e3977ee70a27ef,399.0055236816406,397.788818359375,399.16046142578125,401.5250244140625,404.15032958984375,409.04302978515625,418.5922546386719,428.47918701171875,432.93792724609375,436.8984069824219,437.80010986328125,439.9976501464844
sample_b24c6e71396c1d55,350.4369812011719,349.8801574707031,351.392822265625,352.3896484375,353.6266174316406,355.0309143066406,357.8458557128906,360.5435791015625,360.495361328125,362.77972412109375,364.6452941894531,370.9412536621094
sample_10a6eccde63c5871,356.1917724609375,368.95440673828125,382.93402099609375,394.48748779296875,406.0632629394531,418.5456237792969,436.6693420410156,461.079345703125,487.7536315917969,506.75201416015625,536.08056640625,574.5908203125
sample_f86b3ad90124904d,302.5712890625,315.63458251953125,329.90625,342.2479553222656,352.3881530761719,363.726806640625,373.9843444824219,383.781005859375,391.8472900390625,396.7686767578125,402.573486328125,406.9986267089844
sample_3a57419ff3f95fbd,354.57818603515625,392.58038330078125,436.13824462890625,468.1427917480469,477.30438232421875,491.2490234375,504.110595703125,523.5540771484375,531.310546875,525.7218017578125,509.87738037109375,504.39990234375
sample_483ffac577acad13,318.6143798828125,321.2684631347656,326.0892333984375,329.9088134765625,334.94854736328125,340.9058532714844,345.2898864746094,349.83514404296875,354.19708251953125,357.241455078125,360.88006591796875,363.5469970703125
sample_b3a5d9a61a44f2f7,413.2152404785156,414.8106689453125,419.4154052734375,425.5122375488281,431.59881591796875,427.38006591796875,427.0232238769531,426.587646484375,429.8642883300781,424.16571044921875,420.69189453125,417.23358154296875
sample_104c6c181bd08948,372.4546813964844,380.210693359375,384.8187561035156,388.7771301269531,380.0716552734375,379.5028991699219,383.2476501464844,394.0181884765625,395.21728515625,392.9515380859375,375.50164794921875,368.54022216796875
sample_137061af026b4b19,426.9560852050781,433.5654296875,442.06982421875,450.4903869628906,455.4012145996094,458.2449645996094,456.49365234375,458.062255859375,454.8316345214844,443.29034423828125,432.7395935058594,429.37109375
sample_745f18112cf3bf92,346.4442443847656,345.5363464355469,346.2559509277344,346.9521179199219,348.43609619140625,350.7583312988281,352.4483337402344,354.40203857421875,355.6721496582031,357.3109436035156,358.26080322265625,359.73065185546875
sample_090065b7061c78c3,335.3646545410156,339.3726806640625,347.1665344238281,353.1585693359375,361.1756591796875,370.9239807128906,379.2624206542969,383.64874267578125,388.6524658203125,392.32421875,397.72808837890625,401.19830322265625
sample_d09925649915a2d9,374.7056579589844,374.8827819824219,376.82586669921875,377.6563720703125,380.20849609375,384.0971374511719,389.05523681640625,392.6910400390625,396.1240234375,404.58135986328125,421.55364990234375,428.377197265625
sample_b77334875c381cc2,365.1620178222656,363.49359130859375,362.6148681640625,362.00384521484375,362.0268859863281,362.71697998046875,363.3044738769531,363.9168701171875,364.74285888671875,364.7516174316406,365.5350646972656,366.0884704589844
sample_0cc42b419bb817fd,414.01336669921875,412.232421875,409.83685302734375,407.7056579589844,406.4276428222656,404.60699462890625,403.2387390136719,404.22320556640625,410.39703369140625,416.30572509765625,415.7525634765625,418.8768310546875
sample_9967c6028ee1d75d,440.2374572753906,437.0316467285156,432.88482666015625,429.4812927246094,425.32293701171875,420.1645202636719,416.53271484375,411.5909729003906,407.6890563964844,404.7040100097656,400.67333984375,397.99798583984375
sample_ea237325b4b31526,332.86285400390625,338.929931640625,347.0699462890625,353.26702880859375,360.638916015625,368.507568359375,375.0657958984375,380.831787109375,386.9951477050781,390.85968017578125,395.74578857421875,398.64117431640625
sample_23d1f57b73eb15f3,460.473876953125,458.6321716308594,452.8017272949219,447.150634765625,442.2539978027344,434.3821716308594,430.2480773925781,423.04180908203125,418.8789367675781,414.80120849609375,410.2939453125,406.5596923828125
sample_6161717a00e5b913,453.94012451171875,449.4539489746094,440.78680419921875,429.2470703125,421.6386413574219,411.1190490722656,403.5307312011719,396.9028015136719,393.026611328125,386.36492919921875,379.8623962402344,376.1324157714844
sample_9de55da5d02b57c0,365.70587158203125,365.5434875488281,366.3801574707031,366.9917907714844,368.2255554199219,369.5346984863281,370.5041198730469,372.06390380859375,372.5870056152344,373.835693359375,374.95404052734375,375.7527770996094
sample_915bf0a3e0f7afed,516.48046875,514.5919799804688,509.76629638671875,505.35906982421875,499.86175537109375,493.0860595703125,489.4017333984375,479.9435119628906,473.641357421875,466.8687438964844,460.6141662597656,455.86505126953125
sample_0222822e56381136,547.4052124023438,534.7816162109375,516.2549438476562,498.7685546875,482.4869384765625,467.9357604980469,455.6341552734375,443.6789855957031,434.66925048828125,426.60711669921875,418.26434326171875,412.17852783203125
sample_23849ce4423098e9,624.1929321289062,611.7471923828125,599.3395385742188,591.5410766601562,585.0795288085938,577.1470947265625,576.9699096679688,576.5706176757812,582.306396484375,583.4703369140625,582.6026611328125,582.8650512695312
sample_eddb0032ca07c2dc,320.0032043457031,325.61871337890625,332.58349609375,337.51422119140625,343.8568420410156,349.9969482421875,355.59002685546875,359.5538024902344,364.5180358886719,367.1614685058594,371.513427734375,373.5940856933594
sample_125259a4003fed85,415.1612548828125,411.336669921875,406.4400634765625,402.1913757324219,397.8723449707031,393.14691162109375,389.7878723144531,385.9062194824219,382.5166320800781,379.89813232421875,377.02362060546875,374.60870361328125
sample_c40f96587cc49198,398.3976745605469,396.1797180175781,394.06591796875,392.0195617675781,390.40557861328125,389.8343505859375,390.2359924316406,387.7638854980469,387.71380615234375,387.8040466308594,388.5505676269531,386.21380615234375
sample_490b6150cac46a5f,467.4801940917969,461.3988952636719,454.6056823730469,449.0159912109375,444.3644714355469,441.9955749511719,441.8603210449219,443.1875915527344,441.36041259765625,434.936279296875,429.73651123046875,424.3627624511719
sample_ee20efb7d0b29993,351.0701599121094,350.1192626953125,349.995361328125,349.41546630859375,349.83282470703125,350.2540283203125,351.393798828125,350.9931335449219,352.8135070800781,352.6128234863281,353.70123291015625,354.0891418457031
sample_e3996c4327e73e77,342.41326904296875,349.5692138671875,359.6264953613281,363.44158935546875,370.23345947265625,376.0704650878906,379.708740234375,378.713134765625,379.7718505859375,377.35052490234375,383.2864074707031,387.2629089355469
sample_4b3ec08a77b1b717,359.832763671875,365.0422058105469,373.9721984863281,374.6287536621094,380.49951171875,387.643798828125,394.7517395019531,402.4588928222656,409.4637756347656,409.7975158691406,415.8067321777344,415.9833679199219
sample_7f035344f012f4de,359.1412658691406,358.07928466796875,358.1412353515625,357.9444885253906,358.4704284667969,359.6840515136719,360.7899169921875,361.61871337890625,362.39208984375,363.3147888183594,364.04669189453125,364.90936279296875
sample_a97ec004caaa472e,353.7422180175781,354.6918029785156,359.9427185058594,365.9991455078125,370.6573486328125,378.8724060058594,392.41278076171875,398.0182189941406,394.16998291015625,387.1168212890625,393.0903015136719,393.4695739746094
sample_f305f3fe8a8e29f7,328.7945861816406,329.5579528808594,331.9389953613281,334.01446533203125,337.3013916015625,341.2669982910156,344.11944580078125,347.6605529785156,350.34637451171875,352.9150695800781,355.49114990234375,357.9757385253906
sample_ae2a64519c36fae2,443.27947998046875,440.2715148925781,435.28057861328125,430.7453918457031,426.297607421875,420.41558837890625,416.76556396484375,410.96044921875,407.2964782714844,404.2465515136719,400.6556701660156,397.9444274902344
sample_d3f0ff56123e3c32,513.4558715820312,507.4699401855469,494.5779113769531,482.8990783691406,472.41864013671875,459.6941833496094,450.99774169921875,440.90277099609375,434.36297607421875,428.2474060058594,421.37298583984375,415.9220275878906
sample_481045ef4b2b31a0,484.481201171875,481.4293518066406,475.92620849609375,470.6954040527344,465.5221252441406,458.8812561035156,454.52557373046875,449.4960632324219,445.6544189453125,442.3471374511719,437.9405822753906,435.03094482421875
sample_0b76112250c1d469,331.8823547363281,334.1384582519531,337.64447021484375,340.37091064453125,344.17584228515625,348.5089111328125,351.9480285644531,355.2927551269531,358.54315185546875,360.947021484375,363.9949035644531,366.0267333984375
sample_96a12eb96d970bd7,418.4902648925781,471.7923583984375,511.9222412109375,538.9942626953125,564.114501953125,583.4042358398438,588.3460693359375,590.4693603515625,575.4752807617188,554.5536499023438,553.5045776367188,546.7239379882812
sample_455f91b53c6e0cea,333.7239990234375,336.3543395996094,343.9505615234375,352.95977783203125,365.0884704589844,385.304443359375,420.493408203125,446.34710693359375,470.5780029296875,487.4420166015625,519.5187377929688,537.6109619140625
sample_a4384edeb9bd0772,370.57855224609375,372.4429016113281,374.6441955566406,375.89501953125,378.14996337890625,379.3345031738281,381.16259765625,381.2893371582031,382.8252868652344,382.9845886230469,384.7811279296875,384.8731384277344
sample_c208709a1a405190,455.1155090332031,449.7334899902344,441.0779724121094,433.80914306640625,426.50128173828125,417.640625,411.5921630859375,403.9400939941406,398.7727966308594,394.1083679199219,388.9816589355469,385.129150390625
sample_439c69d928b6fb95,397.9374084472656,396.36566162109375,395.10784912109375,396.0288391113281,398.587646484375,403.8707275390625,408.1596984863281,409.44866943359375,406.7076721191406,400.6022644042969,399.4477844238281,401.3714904785156
sample_dd201bdd665568d9,319.9957275390625,323.1585998535156,328.45745849609375,332.6446838378906,337.4862976074219,343.26995849609375,350.23974609375,360.0182189941406,369.56573486328125,378.0244140625,392.0028381347656,413.4041442871094
sample_6d0e346ea686e35b,445.9585266113281,440.443603515625,431.522216796875,421.3785400390625,412.48150634765625,403.35736083984375,397.20989990234375,390.7197570800781,384.08740234375,378.67352294921875,372.7369384765625,369.2453918457031
sample_b50730580e630d11,364.5088195800781,368.0132141113281,374.9435119628906,386.89404296875,413.6850891113281,448.3899841308594,480.61114501953125,504.8285217285156,520.0399169921875,548.8695678710938,578.7855224609375,588.3765258789062
sample_333bcf9347953bc2,534.3727416992188,517.7162475585938,497.0587463378906,479.1790771484375,463.7347412109375,448.129150390625,435.6199035644531,423.53662109375,413.6021423339844,405.11346435546875,397.176025390625,390.2999267578125
sample_76700a378b813348,492.02947998046875,513.673828125,524.18603515625,532.6221313476562,530.6005249023438,540.8666381835938,536.0244140625,518.0758666992188,504.6667175292969,491.33355712890625,479.7541809082031,477.16656494140625
sample_e780dce701d01ef8,329.2923278808594,338.9378662109375,350.6827087402344,360.5181884765625,370.59844970703125,379.96942138671875,388.55999755859375,395.18096923828125,402.04266357421875,407.4917907714844,413.6353454589844,417.123291015625
sample_7c2eddbb4d5c9cbc,349.9975891113281,352.84619140625,356.6656799316406,359.8261413574219,365.6611633300781,367.8675537109375,370.4250793457031,371.67242431640625,374.2188720703125,375.0233154296875,378.43218994140625,377.5851745605469
sample_e939e0095fb308b4,285.6143798828125,289.32916259765625,296.12432861328125,296.12353515625,302.2298278808594,310.6547546386719,314.9231262207031,320.82159423828125,323.3424072265625,318.5483093261719,321.11724853515625,323.66259765625
sample_8357d056561184c0,469.5864562988281,470.2879638671875,465.7502746582031,459.12664794921875,450.2352600097656,442.7128601074219,437.3331298828125,432.2994384765625,427.32794189453125,422.30731201171875,416.8659362792969,413.67138671875
sample_b99bc318eaa5b6f2,402.67669677734375,420.3203125,438.9640197753906,453.954345703125,468.6923522949219,482.3892517089844,494.4145202636719,504.5403747558594,513.5823974609375,520.48388671875,529.8155517578125,534.753173828125
sample_791ccb4f8457a713,384.88433837890625,383.6635437011719,382.7018127441406,381.90484619140625,381.45819091796875,380.68353271484375,380.3797607421875,379.87066650390625,379.6736145019531,379.11456298828125,378.8516845703125,378.3133850097656
sample_d03044313f2987e9,401.22540283203125,395.9893493652344,389.2032470703125,383.5784912109375,378.2960510253906,372.7554626464844,369.5533752441406,368.1638488769531,362.3095397949219,361.3991394042969,353.9498596191406,350.6720275878906
sample_bc21a422eb36c5a9,368.1057434082031,376.1727294921875,389.4600524902344,396.202880859375,400.8589172363281,406.3853454589844,413.4215393066406,419.38433837890625,426.78033447265625,429.370849609375,431.6556701660156,433.47332763671875
sample_74baab7fe36958b7,341.0091857910156,341.3511657714844,344.66290283203125,347.1095275878906,350.9249267578125,356.6128845214844,360.6452941894531,363.0452880859375,367.2503662109375,371.5692138671875,373.6777648925781,375.8337097167969
sample_5f3291d3ac835979,572.3694458007812,563.7826538085938,551.91064453125,538.7821655273438,526.46728515625,507.3501892089844,495.3236999511719,481.8315734863281,473.6126403808594,466.01910400390625,459.5010986328125,454.93695068359375
sample_3e34eb6e3686f3fc,283.62457275390625,287.5625,294.4579772949219,299.87713623046875,306.106201171875,313.47540283203125,319.2022705078125,324.67584228515625,330.118896484375,333.577392578125,338.3217468261719,341.5372619628906
sample_79d43dc98be67466,400.0976257324219,399.0553283691406,398.77313232421875,398.2294921875,398.4155578613281,398.1818542480469,398.1552734375,398.4715270996094,398.3000793457031,398.0269775390625,398.60382080078125,398.40728759765625
sample_c4b925abd66d0ec0,355.4114074707031,369.7948303222656,386.0447692871094,395.5608825683594,408.7251892089844,420.94927978515625,415.62274169921875,419.5741882324219,425.9017333984375,426.4451599121094,427.8403015136719,426.191162109375
sample_4cd6f5644c05e617,349.5204162597656,371.68963623046875,406.2430114746094,441.8445739746094,478.9013671875,517.5243530273438,554.5310668945312,578.4320678710938,585.0347900390625,586.3154296875,596.8826904296875,601.127197265625
sample_8a65b91bbcc23acc,627.4540405273438,612.1914672851562,594.2817993164062,579.5032348632812,565.9866943359375,551.9436645507812,541.0804443359375,530.0078125,521.2657470703125,513.4788208007812,505.7431640625,499.732421875
sample_c3a270b752b820d9,354.8107604980469,355.4593505859375,357.3121643066406,358.69189453125,361.144775390625,363.8721923828125,365.9798583984375,368.3334045410156,369.7732238769531,371.79217529296875,373.36767578125,375.10650634765625
sample_08734fcb2c46affd,387.64251708984375,409.68896484375,437.5212097167969,452.055908203125,463.84393310546875,476.5740051269531,506.65777587890625,515.8828125,504.4717102050781,487.45477294921875,481.22015380859375,478.1142272949219
sample_9b5fcb93cc7001cc,305.4098205566406,321.12225341796875,339.296875,353.5237121582031,369.24176025390625,382.58624267578125,393.9513854980469,402.46575927734375,412.0943603515625,418.4527587890625,427.4569091796875,431.7576904296875
sample_dda047e9691cfb34,350.4241943359375,354.2533264160156,360.6800842285156,369.009765625,372.52484130859375,375.3702392578125,377.90081787109375,383.39447021484375,388.0137634277344,391.6607666015625,395.1910095214844,404.6509094238281
sample_dab95214b79a5a0a,402.9969482421875,400.39617919921875,397.9893798828125,395.6639404296875,393.5959167480469,391.3826904296875,390.03643798828125,388.63507080078125,386.402587890625,385.7591247558594,384.74005126953125,383.8991394042969
sample_154a4300541c1efc,311.8887023925781,316.4161682128906,324.7781066894531,331.605712890625,340.9328918457031,352.5506896972656,359.2430114746094,361.8724670410156,367.49188232421875,370.7435607910156,376.2007141113281,379.3067626953125
sample_766ce8b800285c5d,441.599365234375,440.8335266113281,438.6844482421875,436.3218688964844,434.47174072265625,429.93524169921875,427.7547302246094,422.9384460449219,420.1575012207031,416.975830078125,413.842529296875,410.7106628417969
sample_34c83e35d6a61aca,304.27008056640625,311.5716247558594,322.7789001464844,330.06982421875,336.7210388183594,345.1707458496094,352.4927062988281,358.9029846191406,365.57861328125,369.2425537109375,375.0982360839844,378.4132385253906
sample_2fc06e7d4426fdb1,543.274169921875,546.9249267578125,548.3392333984375,548.5692749023438,549.6910400390625,548.076171875,547.7357788085938,544.4757690429688,543.9549560546875,541.8136596679688,540.5333251953125,538.7189331054688
sample_28fdb43350e0b140,553.7562866210938,545.883056640625,533.03515625,519.0208740234375,506.1788635253906,494.0450134277344,484.25128173828125,474.2349548339844,466.7947692871094,459.8057556152344,452.26080322265625,446.4882507324219
sample_dccc125f054c795e,322.59051513671875,330.7803649902344,339.0011291503906,345.8714294433594,353.7337341308594,361.914794921875,364.47589111328125,368.0216064453125,373.29669189453125,375.572021484375,380.5903015136719,383.3093566894531
sample_d4bbf4d48e6c9b9e,340.89617919921875,349.6459045410156,359.1265563964844,366.1448059082031,374.0718078613281,381.6017150878906,388.52764892578125,393.08941650390625,399.277099609375,402.3985290527344,407.34381103515625,409.9697265625
sample_08f1b47912840523,347.8764953613281,347.1839599609375,348.6155090332031,349.9762878417969,352.260498046875,355.6737365722656,358.1903991699219,361.530029296875,364.0498046875,366.2202453613281,368.38116455078125,370.3702392578125
sample_1edca7a7d6a232d1,532.8731689453125,542.5197143554688,546.9599609375,547.04443359375,544.8314819335938,539.89306640625,538.0372924804688,532.857177734375,527.0999755859375,522.8681640625,520.6198120117188,519.3743286132812
sample_bbec8bc6a384056b,310.58404541015625,321.53070068359375,335.29388427734375,348.5520324707031,368.9259033203125,389.84649658203125,407.8634033203125,426.30645751953125,439.57586669921875,434.02130126953125,443.5469970703125,455.19927978515625
sample_2684a647715ff2a0,534.6407470703125,538.3812866210938,537.6375122070312,536.3866577148438,536.744873046875,533.6456298828125,532.4608764648438,528.3389892578125,527.0322265625,524.328369140625,522.616455078125,520.1329345703125
sample_44fbbefedc5cdcce,297.31158447265625,302.5953369140625,312.1809387207031,319.99444580078125,328.72052001953125,338.8066101074219,349.9474182128906,360.6419677734375,370.8561706542969,381.8158874511719,405.6636047363281,410.33367919921875
sample_e50392c63e2b0401,528.2665405273438,523.5125732421875,515.967529296875,510.4385681152344,503.02740478515625,495.267333984375,490.13909912109375,483.6214599609375,479.00048828125,477.8862609863281,473.3155822753906,470.7301330566406
sample_0c0d4c674eca046f,307.7641296386719,309.2729187011719,314.1860656738281,318.1479187011719,323.8763122558594,329.322265625,339.2132568359375,349.4724426269531,364.7544250488281,364.9569091796875,367.13006591796875,370.7586975097656
sample_0cbf4bcade72f98e,432.071533203125,429.9898986816406,425.8018493652344,421.7792663574219,418.2109375,412.4587097167969,409.67919921875,404.1299743652344,400.582763671875,397.12164306640625,393.63714599609375,390.8017272949219
sample_6fade424daa089d7,526.1102294921875,559.588623046875,599.582763671875,630.61376953125,635.8035888671875,615.14404296875,615.6952514648438,600.4657592773438,578.613037109375,545.4835815429688,524.71533203125,501.8824768066406
sample_c3176e918f18b8f7,472.4266357421875,465.76788330078125,455.27166748046875,446.8490905761719,438.0435791015625,428.7944641113281,423.55853271484375,422.61126708984375,423.512451171875,423.25897216796875,425.0399475097656,427.8643798828125
sample_a1b22f5b8dc89ca0,535.2460327148438,528.4699096679688,520.67578125,512.5288696289062,506.52716064453125,495.2035217285156,489.13616943359375,481.83502197265625,475.9181213378906,472.59185791015625,467.6998596191406,464.2931213378906
sample_f34c8b6c706683f7,385.38934326171875,382.4794006347656,379.7808837890625,377.4901428222656,374.9831237792969,372.5948486328125,370.8271789550781,368.7994689941406,366.7708435058594,366.53643798828125,363.96795654296875,364.0121154785156
sample_0a8351bf76521726,609.2182006835938,612.5115966796875,610.4754028320312,603.7378540039062,601.0128173828125,584.93408203125,572.97607421875,564.1231689453125,558.3139038085938,543.4635620117188,543.2740478515625,541.4544677734375
sample_a106b76743a5d564,382.8533630371094,380.0730895996094,377.2532958984375,375.2921447753906,373.75860595703125,372.8835754394531,371.8258972167969,371.526611328125,370.4291076660156,371.89501953125,372.0655822753906,372.24029541015625
sample_389021763f8579e8,320.46728515625,344.7137756347656,368.6889343261719,387.09136962890625,405.67218017578125,428.75799560546875,445.27874755859375,453.97430419921875,461.09832763671875,467.9580078125,482.57171630859375,489.7232971191406
sample_a7f4b3b87dcaf775,307.5942687988281,316.999755859375,329.8771667480469,339.6835021972656,351.09869384765625,362.9791259765625,371.88922119140625,379.4962158203125,387.02960205078125,397.0981750488281,406.1070556640625,409.89215087890625
sample_f637260a270594c7,398.77581787109375,396.19036865234375,393.8714294433594,392.9205627441406,391.43701171875,387.9018249511719,385.2372741699219,383.57574462890625,382.27569580078125,383.397705078125,380.0498962402344,379.6208801269531
sample_c96634d6492b7628,607.7881469726562,629.4935913085938,639.0450439453125,624.6887817382812,626.2506713867188,633.113037109375,616.501708984375,592.0064697265625,578.0050659179688,567.325927734375,550.2391357421875,537.3375854492188
sample_c3552eda72b8d776,400.9990539550781,399.6582336425781,398.2364501953125,396.0821533203125,393.773193359375,391.8057556152344,391.65997314453125,391.59356689453125,393.540771484375,396.65484619140625,406.95098876953125,416.56280517578125
sample_3b7f5c72b1a9196e,366.5088806152344,366.0613708496094,370.60198974609375,373.3821105957031,374.0945739746094,377.1694641113281,390.4682312011719,401.767333984375,401.6591796875,402.10467529296875,406.92864990234375,423.9033508300781
sample_a4e03a34f5719502,450.8288879394531,448.25225830078125,445.656005859375,443.2506103515625,441.277099609375,438.7109680175781,437.1214904785156,434.9503173828125,434.51483154296875,432.602294921875,429.07574462890625,426.04180908203125
sample_94c5c430dc54bb42,350.31243896484375,359.469482421875,368.63934326171875,374.53961181640625,398.5979309082031,401.0072021484375,395.280517578125,399.17755126953125,408.29669189453125,407.6604919433594,415.9136047363281,411.758056640625
sample_e0b4e053dea220eb,317.2632141113281,318.56268310546875,322.12677001953125,324.8497619628906,329.488037109375,335.01287841796875,340.7332763671875,345.2113952636719,355.04742431640625,367.7559814453125,381.3332214355469,382.20220947265625
sample_6eaabe8eb46a6c1f,463.6850280761719,452.4466552734375,439.0614929199219,428.3499755859375,417.7029113769531,406.8699645996094,398.2609558105469,390.3807373046875,383.34576416015625,377.68963623046875,371.09295654296875,367.15252685546875
sample_78f6c1a99b183bd5,561.8411865234375,552.2245483398438,538.0621337890625,523.5072021484375,512.115478515625,497.1496276855469,487.35150146484375,473.6552734375,465.4217834472656,457.9637145996094,450.8668212890625,445.27398681640625
sample_860f9c8a88440089,479.7654724121094,471.0687561035156,459.45159912109375,449.3023376464844,439.8048400878906,429.7337341308594,422.11480712890625,416.0926208496094,411.05926513671875,406.62689208984375,400.63006591796875,396.1963806152344
sample_0b95bfa1cfd35a5c,357.75830078125,356.4716491699219,356.0733642578125,355.6239929199219,355.9654846191406,356.3549499511719,357.354736328125,357.37469482421875,358.99029541015625,358.9937744140625,360.0142822265625,360.3027648925781
sample_7ed991b4b98e972d,354.5650329589844,361.22430419921875,372.4173583984375,376.7545166015625,381.80718994140625,391.59814453125,398.17315673828125,398.8995666503906,398.67205810546875,397.7023010253906,397.0863342285156,401.571533203125
sample_7f07c785fa8b6487,388.00341796875,386.31829833984375,387.80596923828125,390.0924377441406,393.3664245605469,395.059326171875,395.561279296875,396.0499267578125,399.017333984375,393.9930725097656,389.7489318847656,381.6408386230469
sample_34a299966aade711,359.92376708984375,364.84912109375,372.2083435058594,377.4561462402344,382.6439514160156,385.9744873046875,387.8199768066406,390.9910888671875,394.94110107421875,396.82720947265625,400.30804443359375,401.4637451171875
sample_a8fc7344f4263db2,408.8453063964844,406.74737548828125,404.4409484863281,402.4411315917969,400.6306457519531,398.0465087890625,396.5985412597656,394.3232116699219,392.13848876953125,390.0312194824219,388.5679931640625,386.7200012207031
sample_964d91b324363aa4,368.758544921875,367.46173095703125,367.1169128417969,366.9631042480469,368.2240905761719,370.6010437011719,372.2432556152344,374.0232238769531,375.6983337402344,377.03631591796875,378.7048034667969,380.0650634765625
sample_0566bc2fe9d9a890,435.255859375,429.4862365722656,421.2167663574219,413.9164123535156,406.019775390625,397.44183349609375,391.25323486328125,384.1807861328125,378.874755859375,374.69244384765625,369.9816589355469,366.79541015625
sample_79db50ab81c1a586,434.02215576171875,425.642333984375,415.3406066894531,407.3442687988281,398.9680480957031,390.19024658203125,382.7829895019531,376.2655029296875,370.9486083984375,366.6181335449219,361.0726318359375,357.9697570800781
sample_cb7687ec8e9f2476,552.6851196289062,550.1439819335938,542.656005859375,531.3397827148438,523.958984375,512.448486328125,502.8683776855469,491.23162841796875,480.1893615722656,474.37371826171875,468.3897705078125,463.9691162109375
sample_98dc465dd158c26c,342.703125,349.27313232421875,357.6257019042969,364.0028991699219,371.7955322265625,379.57440185546875,386.11883544921875,392.01483154296875,398.090576171875,402.0433654785156,406.84735107421875,409.8619384765625
sample_54d2841db9017c46,334.07379150390625,338.5485534667969,347.2361145019531,353.6134033203125,361.5446472167969,370.2340087890625,377.1912841796875,383.26568603515625,389.74786376953125,393.2999267578125,399.15301513671875,402.4190979003906
sample_6aed9596cc2482c9,643.8163452148438,635.6612548828125,621.2294921875,606.896728515625,602.0425415039062,591.2297973632812,576.7771606445312,559.1061401367188,546.714599609375,534.9238891601562,526.9268798828125,516.72265625
sample_cba431b52f801786,503.15185546875,539.818359375,571.3605346679688,597.323486328125,640.3592529296875,671.8851928710938,670.1740112304688,640.5201416015625,639.2695922851562,623.911376953125,598.8579711914062,560.2291259765625
sample_d2653d9bec195d7f,410.6589660644531,407.1361999511719,402.87774658203125,399.0264587402344,394.991455078125,390.2964172363281,387.3095397949219,383.611328125,380.3354797363281,377.78369140625,375.2568359375,372.8843688964844
sample_034d4692ddca0767,418.0721435546875,412.8634948730469,404.7865295410156,399.33050537109375,392.4957275390625,383.939697265625,378.72479248046875,371.8248596191406,366.2109375,362.347412109375,357.3403015136719,354.1246337890625
sample_f4e48fb1efcacc46,360.80621337890625,359.3164978027344,360.0319519042969,359.40118408203125,359.16802978515625,359.9851989746094,360.7955017089844,357.29693603515625,355.8335876464844,354.614990234375,355.4480895996094,355.8880920410156
sample_e7aa6c3e98367a62,468.9573669433594,456.0119934082031,440.6717529296875,427.8193359375,415.8387145996094,403.5849304199219,394.255126953125,384.333251953125,376.7276611328125,370.81988525390625,363.1424255371094,359.1629333496094
sample_3ae1cbee05561c5c,339.7354431152344,346.24114990234375,357.014892578125,362.8544921875,370.558349609375,379.17864990234375,383.6544189453125,386.6419677734375,392.1470031738281,394.26007080078125,399.6441650390625,402.53143310546875
sample_a258e077f465a0e5,368.7469787597656,367.247802734375,365.50372314453125,364.1606750488281,363.7938537597656,366.84857177734375,363.0686950683594,363.3960876464844,363.935546875,362.45819091796875,361.0329895019531,362.1815185546875
sample_b5c6dac1fce28236,374.294921875,378.1040954589844,382.1450500488281,385.21484375,388.8360290527344,391.30950927734375,394.4250793457031,395.43511962890625,398.1689758300781,397.7235107421875,399.7917175292969,399.3643798828125
sample_a70d85722b0c1ce4,565.0953979492188,554.477294921875,537.52197265625,520.79833984375,510.0172119140625,496.8480224609375,485.34893798828125,471.5264892578125,461.9531555175781,454.5943908691406,448.6742248535156,442.7122802734375
sample_5c151f1cec45e181,340.367431640625,341.4800720214844,343.49114990234375,344.9938049316406,347.5606384277344,350.3448486328125,352.6312255859375,354.62664794921875,356.63165283203125,357.76702880859375,359.83612060546875,361.1197509765625
sample_97bf28b3ece47bf3,455.97174072265625,466.55889892578125,482.9322204589844,510.27294921875,544.367431640625,558.8773803710938,575.484375,570.428466796875,573.315673828125,548.7429809570312,538.0496826171875,501.1848449707031
sample_53fb276de83e7bc9,363.6448059082031,365.6081237792969,371.5613708496094,376.0162658691406,382.0174865722656,389.05535888671875,394.50335693359375,399.67919921875,404.81201171875,408.336669921875,412.134033203125,415.2099914550781
sample_b0b60836b810668c,340.6910705566406,344.3833312988281,354.7362976074219,358.75372314453125,376.0960998535156,382.2279052734375,375.8717346191406,374.5538024902344,379.633056640625,373.7458190917969,381.7391357421875,380.2707214355469
sample_cbd503d75a79cd1e,290.8471984863281,298.41583251953125,311.73773193359375,324.42706298828125,341.5619812011719,349.92987060546875,357.1751403808594,365.4962158203125,366.2444152832031,371.24395751953125,381.65301513671875,379.9580383300781
sample_e44f0e911faeba05,568.56494140625,556.0993041992188,539.89404296875,527.7781982421875,515.36376953125,501.3448181152344,490.7557678222656,478.302734375,468.8426818847656,461.50115966796875,454.27496337890625,448.5025329589844
sample_6f4ee3c101b02647,308.81610107421875,311.0372009277344,315.0264587402344,318.1231384277344,322.1697692871094,326.7593688964844,330.6217041015625,334.0961608886719,337.8880615234375,340.10467529296875,343.527587890625,345.691650390625
sample_1cbc1993491ea6c8,360.70343017578125,377.67449951171875,404.07568359375,418.5252990722656,435.01824951171875,452.8141174316406,471.4818115234375,491.73699951171875,509.1070556640625,514.7587890625,501.8084716796875,504.747314453125
sample_55d78947d6671e01,439.4862365722656,446.0169677734375,449.90350341796875,451.4069519042969,448.36163330078125,434.164306640625,425.9517517089844,423.08062744140625,422.486572265625,425.4456787109375,426.7618103027344,415.6471252441406
sample_39f40fba13ed665b,366.98284912109375,367.0850830078125,368.0644836425781,369.00128173828125,370.6941833496094,372.3768005371094,374.1206359863281,375.3181457519531,376.8424072265625,377.9617004394531,379.187255859375,379.90350341796875
sample_c5e89fd8d321075a,418.7654724121094,466.7221984863281,504.0325927734375,531.836181640625,556.41357421875,566.8535766601562,573.13525390625,560.564208984375,543.7401733398438,542.1552124023438,538.7872924804688,534.1752319335938
sample_7f367c4d4ac197ae,331.9814147949219,335.5710754394531,340.9507141113281,344.7936706542969,350.3241271972656,355.8821105957031,360.8157653808594,364.32666015625,369.2404479980469,371.2951354980469,375.5474548339844,377.6289978027344
sample_7908703f1ef7e9ba,377.79449462890625,382.5506286621094,387.13848876953125,390.5956726074219,394.7366943359375,397.6912536621094,400.9997863769531,402.299560546875,404.7340087890625,405.2606506347656,407.50372314453125,407.693603515625
sample_16fa22cadbb4a463,443.58966064453125,451.4454345703125,462.62689208984375,472.63348388671875,483.58575439453125,494.0521240234375,507.0677490234375,523.9403076171875,533.8538208007812,539.89697265625,542.7236938476562,546.3356323242188
sample_0509376a63a12685,365.40789794921875,364.073974609375,363.87384033203125,363.94244384765625,366.1717224121094,369.1137390136719,374.6171569824219,401.740234375,423.0104064941406,427.724609375,435.45867919921875,438.198974609375
sample_86b3c0d6f49f20d7,389.3885803222656,389.8517150878906,390.74945068359375,391.2533874511719,392.2581481933594,392.8318176269531,393.11358642578125,393.29315185546875,393.87823486328125,393.43670654296875,393.65655517578125,393.01171875
sample_6c1f42325312f7e2,446.68804931640625,443.0828857421875,437.25946044921875,432.4474182128906,427.3158264160156,420.0751953125,415.2982177734375,408.8858642578125,404.5362243652344,400.70770263671875,396.1954345703125,392.95025634765625
sample_dfd772d4925b712e,427.6548767089844,424.3236083984375,422.10064697265625,418.7879333496094,416.96160888671875,406.9420166015625,403.80889892578125,396.1875915527344,390.9179382324219,389.54803466796875,388.286865234375,382.137451171875
sample_a00b96de6679d020,537.8960571289062,543.4013671875,549.4442138671875,560.2916259765625,561.5689697265625,573.117919921875,584.3154907226562,589.8758544921875,579.2545166015625,572.6296997070312,558.8040771484375,562.78076171875
sample_18b663ddd0b46654,314.3423156738281,326.57269287109375,340.4341125488281,351.75201416015625,363.5133361816406,376.992431640625,386.6175842285156,389.46234130859375,393.51544189453125,398.6059265136719,402.17333984375,404.17364501953125
sample_40986e5c61464c18,314.99249267578125,317.572265625,321.9711608886719,325.528564453125,330.9860534667969,337.2572021484375,341.33453369140625,345.5503845214844,348.9747619628906,351.8116455078125,355.5328674316406,357.8814392089844
sample_736a31eff368c914,338.0438537597656,338.1131591796875,339.6999816894531,341.3920593261719,344.1695861816406,348.05303955078125,350.6047058105469,353.9825744628906,356.1430358886719,358.8467102050781,361.15325927734375,363.4786682128906
sample_ee35d1a1d272f095,365.2388916015625,378.38287353515625,387.294677734375,387.575439453125,390.2091369628906,391.2850341796875,392.5399169921875,396.1368713378906,402.3574523925781,407.33636474609375,412.2192687988281,419.6966857910156
sample_ebc739e04bc8f0ef,287.9385681152344,293.597412109375,301.4169616699219,307.3823547363281,314.4822998046875,321.28326416015625,327.36138916015625,332.6080322265625,338.4051818847656,341.8684387207031,346.7881774902344,349.81097412109375
sample_10f849c6a1ca8072,287.7926330566406,292.0102233886719,298.7635803222656,303.57952880859375,309.7498779296875,316.4626159667969,321.81866455078125,327.0622863769531,332.0733642578125,335.2637634277344,339.8968505859375,342.81683349609375
sample_54a5e0be314cfd95,497.9039306640625,485.749267578125,468.53350830078125,456.4733581542969,444.72723388671875,433.94293212890625,426.35992431640625,414.54681396484375,405.4152526855469,399.7469787597656,391.638916015625,384.827880859375
sample_dd46da2d16000c49,345.0054016113281,347.9667053222656,353.3116149902344,357.4132385253906,363.70526123046875,370.4401550292969,375.84228515625,380.98431396484375,386.3337097167969,389.81842041015625,394.6667175292969,397.6250915527344
sample_53402b7bc465fa20,361.7855224609375,359.62744140625,358.9203186035156,357.60272216796875,357.0062255859375,359.9882507324219,359.916748046875,367.38446044921875,385.4130859375,388.29034423828125,412.2002868652344,435.75482177734375
sample_4addc63441561ae3,343.3263854980469,347.7978820800781,352.9581604003906,357.786376953125,363.27496337890625,372.31488037109375,366.5841979980469,369.71649169921875,366.78826904296875,364.4773864746094,368.2435607910156,370.0557861328125
sample_6679aa0edb1256b1,504.8467712402344,498.0343933105469,486.86883544921875,477.328125,471.5438537597656,467.53240966796875,468.72479248046875,461.5875549316406,456.4104919433594,446.1083679199219,438.07177734375,430.577880859375
sample_c42713b8ffb576aa,325.4925842285156,325.90643310546875,328.5134582519531,330.3157958984375,333.2760314941406,334.6475830078125,336.1834716796875,340.0486755371094,347.0367431640625,362.4183349609375,379.1817321777344,390.8697509765625
sample_b415452e593a4341,288.8243713378906,306.0988464355469,324.9635009765625,338.135009765625,349.16571044921875,360.1534423828125,371.6499328613281,382.5810241699219,392.70611572265625,397.90179443359375,403.326171875,406.4317321777344
sample_64d6962d84d2dbbe,319.85302734375,321.2809143066406,324.8733825683594,327.9408874511719,332.0506591796875,336.98187255859375,340.4794006347656,344.648681640625,347.9173583984375,350.7008972167969,353.9917907714844,356.7478332519531
sample_cf456d800e6a440d,631.0693969726562,626.4273071289062,618.30078125,607.7349853515625,593.2189331054688,581.505126953125,569.7299194335938,557.6248168945312,547.475830078125,539.1366577148438,535.0382080078125,529.814208984375
sample_efa10bcd87987b0d,388.5760803222656,393.64984130859375,402.8612060546875,411.9363708496094,427.6840515136719,445.0758361816406,454.90863037109375,463.892822265625,466.2010498046875,469.5126953125,478.8332214355469,480.4041442871094
sample_d7cca62fa01aeab7,477.21978759765625,470.9384460449219,460.6328125,449.7991027832031,440.8681945800781,429.82611083984375,421.99774169921875,414.1807556152344,407.50830078125,402.1069641113281,395.9834289550781,391.5301513671875
sample_a98d7e753102a3db,348.4076232910156,346.81072998046875,345.9308776855469,344.9666442871094,344.06109619140625,343.4382629394531,342.4271240234375,341.78253173828125,342.2330322265625,346.0001525878906,356.218994140625,359.330078125
sample_dc2a3e7975b427de,386.51080322265625,384.1530456542969,381.7464294433594,380.2510070800781,379.7089538574219,373.73162841796875,369.5328674316406,365.25201416015625,362.916748046875,362.780029296875,361.75860595703125,357.4608154296875
sample_f7e01b0c04c91073,326.781982421875,326.8022766113281,327.4488220214844,328.44647216796875,331.537109375,336.04302978515625,336.7050476074219,338.99951171875,336.11492919921875,334.49688720703125,335.2330322265625,333.62005615234375
sample_703ebd9c43aa4426,414.30279541015625,415.46673583984375,415.838134765625,416.1606140136719,416.70355224609375,415.9197998046875,415.4050598144531,412.85845947265625,412.4915466308594,410.5526123046875,408.293701171875,406.3814697265625
