sample_id,target_00,target_01,target_02,target_03,target_04,target_05,target_06,target_07,target_08,target_09,target_10,target_11
sample_07393cebc8e6882a,652.83203,641.60156,633.78906,629.39453,620.1172,592.77344,591.7969,565.91797,544.4336,531.7383,508.78906,502.9297
sample_640b9e2639db9b4f,394.04297,396.72852,397.94922,400.14648,393.0664,383.05664,391.8457,382.32422,383.30078,383.30078,385.00977,382.8125
sample_cd1159b14b325e4b,405.27344,400.39062,383.54492,385.2539,362.79297,369.14062,366.45508,366.45508,374.02344,380.3711,369.87305,379.63867
sample_cdb23a4bf60ec4df,373.7793,372.5586,367.1875,357.66602,353.02734,354.4922,358.1543,361.57227,366.69922,369.6289,376.70898,380.85938
sample_3713237d245e38bb,403.8086,416.9922,435.54688,429.19922,436.76758,441.89453,444.58008,451.9043,438.47656,441.89453,441.40625,440.4297
sample_f31824a4e3d5930f,391.11328,393.0664,397.2168,395.9961,392.57812,383.78906,389.4043,382.08008,385.2539,377.9297,385.98633,379.63867
sample_25bea02c24a67c08,423.33984,444.0918,455.07812,473.38867,469.48242,478.02734,491.45508,498.04688,496.82617,508.78906,501.46484,491.21094
sample_2dd3977ed2b2ff57,412.35352,419.4336,420.89844,422.85156,427.49023,445.3125,466.06445,462.64648,478.02734,481.4453,481.4453,473.38867
sample_32a96879a30b2909,429.44336,422.36328,410.88867,409.9121,389.16016,394.04297,372.5586,395.01953,382.32422,387.6953,395.01953,386.71875
sample_aad76c976c41a05f,433.59375,437.98828,459.22852,468.01758,466.3086,461.91406,474.60938,470.94727,471.1914,466.79688,457.51953,446.28906
sample_bca1cb59b70a22e6,298.0957,306.88477,321.5332,335.20508,339.11133,341.3086,350.83008,352.29492,360.5957,366.21094,371.09375,374.26758
sample_811305c96bbd2824,330.07812,343.01758,336.91406,342.04102,344.9707,361.32812,369.87305,392.82227,397.46094,417.48047,433.10547,425.04883
sample_1b9772ccc78fca78,363.0371,365.72266,364.99023,372.5586,365.23438,367.91992,367.91992,370.8496,370.60547,375.0,376.95312,372.0703
sample_26dc6ca145467ebb,388.91602,390.625,407.4707,412.59766,418.45703,415.03906,427.49023,421.14258,422.60742,421.875,418.2129,419.18945
sample_98842d07544af6e2,379.8828,385.7422,389.89258,389.4043,389.64844,383.30078,389.89258,382.08008,386.23047,382.8125,385.7422,383.30078
sample_c964c449faaf90f2,362.79297,354.73633,361.57227,346.92383,340.33203,351.07422,349.1211,363.5254,364.2578,366.21094,375.24414,371.82617
sample_376a00813b7bf0b0,424.07227,424.3164,426.7578,422.11914,411.6211,397.46094,399.6582,395.9961,389.16016,377.9297,391.8457,382.32422
sample_0d7f49c865bf5da3,404.29688,405.76172,425.04883,429.19922,422.60742,420.41016,433.8379,424.07227,432.6172,429.6875,426.51367,417.23633
sample_2f279e207b201e3d,389.89258,396.48438,405.0293,428.71094,413.81836,425.29297,441.1621,447.7539,453.125,464.84375,462.40234,456.54297
sample_ee237257712686c8,464.35547,459.47266,451.41602,446.28906,435.54688,421.14258,416.74805,404.54102,404.54102,398.92578,391.35742,392.57812
sample_5d8e1635ce7c934c,391.35742,388.42773,393.5547,388.42773,371.09375,388.1836,375.97656,382.8125,390.13672,394.53125,391.8457,380.12695
sample_ed80421a26312202,428.71094,429.44336,427.49023,423.0957,415.77148,401.3672,406.49414,392.82227,391.35742,390.625,383.78906,378.90625
sample_151ad0fb36840adf,435.0586,426.0254,420.89844,421.38672,417.96875,425.04883,412.35352,424.3164,416.9922,414.0625,425.29297,429.6875
sample_8381566215893eb5,518.5547,510.2539,509.76562,493.89648,470.45898,489.2578,474.85352,471.1914,484.13086,480.95703,471.43555,477.05078
sample_1d2121d81e214e57,317.13867,320.06836,328.61328,320.3125,322.7539,323.2422,338.62305,342.5293,347.16797,355.46875,365.9668,361.08398
sample_8657c167f711013a,347.16797,353.51562,358.88672,343.50586,343.75,365.72266,359.61914,387.20703,397.2168,408.6914,439.69727,433.3496
sample_e9c234275cbec2a2,335.44922,335.44922,338.8672,345.45898,333.25195,332.76367,340.57617,341.3086,347.65625,354.4922,353.75977,352.53906
sample_fbf01e4b6151f775,433.59375,427.49023,433.3496,434.81445,419.92188,432.6172,432.37305,438.47656,447.26562,447.26562,458.74023,452.63672
sample_10d6d1c50ff6e8eb,413.81836,403.3203,389.4043,380.61523,358.64258,364.99023,351.80664,358.64258,351.07422,355.46875,357.17773,361.8164
sample_128ee4eee3eb9506,396.97266,403.3203,407.22656,411.37695,404.54102,407.22656,413.33008,427.97852,417.48047,425.78125,425.04883,418.45703
sample_ec5ee34fe44d6c64,311.52344,319.0918,328.85742,330.5664,339.84375,354.0039,352.05078,366.45508,368.4082,375.48828,386.23047,388.42773
sample_0167fa422722a0e2,444.82422,436.52344,421.38672,421.14258,412.10938,407.95898,397.2168,395.26367,391.35742,390.625,384.76562,378.17383
sample_2b9fa5e8aa45ff01,445.3125,430.17578,422.85156,403.07617,389.89258,407.71484,390.625,405.27344,406.73828,409.66797,421.38672,414.79492
sample_cb8f5f10502a2009,315.4297,327.63672,335.69336,345.21484,352.29492,346.1914,359.61914,356.4453,364.2578,368.65234,372.80273,370.36133
sample_e7a8a0bb40501503,616.21094,615.72266,615.2344,617.6758,633.78906,618.16406,623.53516,625.97656,619.6289,616.21094,616.6992,606.9336
sample_945d066b761acc18,367.67578,372.5586,380.12695,384.52148,380.61523,373.7793,379.1504,373.7793,379.63867,377.4414,380.12695,378.6621
sample_efb1efddf184c58d,620.60547,628.90625,621.58203,631.34766,640.1367,622.5586,617.6758,615.72266,611.3281,605.95703,590.8203,585.9375
sample_3c45d5e67034ba0e,405.0293,398.92578,387.45117,404.29688,382.08008,392.33398,391.11328,411.1328,401.85547,414.0625,428.22266,444.58008
sample_23c883867fc1daeb,418.9453,415.52734,413.57422,421.38672,398.92578,397.94922,396.72852,394.7754,395.9961,391.60156,387.6953,386.4746
sample_8a64eaf81c862720,383.05664,408.44727,427.97852,441.1621,479.98047,490.9668,522.46094,536.6211,557.1289,580.0781,603.5156,611.3281
sample_e0c9fbd81ab7a859,374.26758,373.29102,376.2207,382.56836,377.19727,378.90625,379.1504,380.61523,382.56836,382.8125,390.13672,394.53125
sample_6e4de22042d4ec31,390.86914,392.82227,391.11328,397.70508,388.1836,389.16016,391.35742,383.30078,383.78906,390.13672,386.4746,379.8828
sample_45857440ba8e7c9a,310.0586,313.96484,314.9414,331.7871,323.2422,340.8203,348.87695,356.20117,366.69922,385.2539,381.83594,379.39453
sample_bea820781e71b086,475.09766,453.61328,448.48633,438.7207,412.59766,403.8086,384.0332,390.86914,377.19727,377.4414,376.46484,366.69922
sample_420a9b3c72f556a3,342.04102,353.02734,358.39844,364.01367,368.65234,364.50195,374.26758,372.31445,375.24414,379.39453,380.12695,376.46484
sample_c4be1e5bae7c237a,639.16016,626.9531,618.65234,622.0703,594.72656,600.58594,585.4492,587.8906,602.53906,607.4219,603.5156,609.8633
sample_9bebbbebbb150308,287.10938,302.73438,317.13867,344.9707,351.31836,374.51172,401.12305,407.4707,426.26953,444.82422,457.51953,451.17188
sample_83f2f41f92dc003c,566.89453,559.5703,541.9922,528.3203,502.4414,491.69922,467.04102,456.0547,438.23242,428.71094,415.03906,400.39062
sample_84e6f35cdc38be1d,387.6953,374.51172,379.63867,374.26758,354.98047,386.23047,382.08008,376.46484,416.01562,420.89844,412.8418,414.30664
sample_b26062026f8bedcb,365.23438,383.78906,408.44727,402.83203,416.5039,436.2793,447.50977,460.69336,460.69336,475.58594,478.75977,474.36523
sample_5d01b7333894d709,412.59766,406.49414,403.56445,408.93555,395.9961,394.04297,385.49805,381.83594,383.78906,381.34766,370.8496,372.0703
sample_c9b3a0534b2adf5f,604.0039,608.8867,604.98047,587.8906,605.95703,582.03125,563.96484,575.6836,539.0625,526.85547,533.2031,529.78516
sample_2a01809b0f308234,461.91406,463.62305,462.64648,454.3457,441.40625,426.0254,422.11914,411.37695,411.6211,401.3672,409.9121,385.00977
sample_2a6325256da2c822,470.21484,486.32812,491.94336,504.8828,492.67578,491.69922,502.9297,503.41797,497.0703,504.8828,494.14062,479.0039
sample_b7e2ca6c7acd4dcb,458.98438,456.54297,453.125,439.69727,429.19922,413.57422,414.30664,404.29688,398.19336,391.60156,396.97266,375.0
sample_b5e20a4b1bdab8e3,478.51562,473.14453,472.16797,481.68945,453.61328,456.29883,472.4121,452.39258,454.58984,458.98438,446.04492,429.6875
sample_82017ddd80a46cc6,438.96484,442.8711,454.58984,466.55273,446.77734,448.73047,434.32617,424.8047,435.30273,422.36328,412.10938,406.73828
sample_c8e7115090586e50,320.80078,318.35938,322.99805,325.92773,333.4961,352.29492,357.66602,388.67188,387.93945,397.94922,445.80078,452.63672
sample_dc027c12dda8c1a6,520.9961,520.9961,532.71484,507.32422,500.48828,507.32422,508.78906,511.71875,504.39453,505.3711,513.6719,508.78906
sample_aecc2148ae34f849,374.02344,376.70898,385.00977,385.2539,379.39453,370.36133,380.3711,374.75586,373.7793,376.46484,375.48828,371.82617
sample_8b42e72c605c79d7,354.24805,374.51172,382.56836,395.5078,389.89258,403.3203,400.63477,412.35352,416.25977,413.08594,409.66797,418.9453
sample_b324b49526179f30,326.17188,337.1582,348.14453,356.20117,357.66602,353.02734,365.9668,362.54883,367.91992,373.04688,374.51172,371.58203
sample_7e81902db1a1102f,381.10352,394.04297,398.4375,427.49023,447.50977,457.51953,475.09766,496.82617,509.76562,533.6914,563.47656,566.40625
sample_7dd961db1087bec1,379.63867,382.8125,383.05664,390.86914,386.71875,392.33398,388.42773,390.38086,397.94922,397.46094,400.14648,399.16992
sample_ea1a00a0e65e9826,400.14648,400.14648,401.85547,392.82227,381.10352,382.32422,390.86914,389.4043,396.24023,397.46094,400.8789,394.53125
sample_a4a30e62afc97417,364.7461,371.58203,374.75586,376.2207,376.70898,368.4082,375.97656,371.3379,376.46484,373.53516,378.90625,372.0703
sample_cdab93bfbe70f66a,316.89453,327.14844,330.81055,349.36523,363.5254,361.32812,372.80273,382.56836,385.49805,390.625,402.0996,406.00586
sample_c7c524d4e9e4ece2,371.58203,373.7793,364.01367,381.34766,379.1504,395.01953,392.57812,421.63086,419.4336,426.26953,444.82422,464.35547
sample_4bcabd5983d189f0,397.46094,398.92578,406.49414,408.20312,397.94922,385.00977,387.93945,377.68555,383.30078,380.3711,376.46484,374.26758
sample_660943221940951f,549.8047,533.6914,530.7617,526.85547,510.7422,488.76953,483.88672,461.66992,462.40234,439.45312,437.01172,429.44336
sample_e8c834ac9b8b5489,348.14453,355.2246,364.01367,366.94336,370.60547,364.99023,376.70898,370.8496,373.04688,375.0,378.90625,376.70898
sample_53f60a8fb30eaa63,489.2578,489.7461,479.24805,464.11133,459.47266,437.01172,439.9414,417.7246,413.57422,409.1797,393.79883,382.8125
sample_73194d40989b98ac,359.61914,367.43164,377.19727,368.89648,375.97656,408.6914,399.16992,415.77148,430.17578,435.54688,438.96484,453.61328
sample_4f850d3e5d6a3522,549.8047,551.7578,551.26953,540.52734,524.41406,515.625,503.90625,494.87305,472.16797,463.3789,454.58984,452.88086
sample_753f3baa924a34fb,339.35547,339.35547,337.40234,337.89062,332.2754,346.1914,345.94727,353.51562,366.94336,370.60547,371.3379,376.46484
sample_773b8c6374157638,396.72852,395.9961,397.94922,409.1797,392.08984,387.93945,385.2539,380.61523,385.98633,381.34766,373.04688,370.1172
sample_e5a862a330a96d74,406.73828,409.66797,407.71484,387.45117,377.4414,407.22656,394.04297,414.79492,431.39648,443.84766,455.07812,447.7539
sample_da4fabc1187db04b,320.80078,332.03125,329.58984,345.94727,344.23828,352.53906,356.9336,379.63867,377.68555,390.13672,416.5039,420.41016
sample_c12365177620d167,478.02734,475.09766,492.67578,498.29102,496.09375,500.48828,497.80273,500.48828,494.87305,475.58594,479.24805,476.31836
sample_a792a3374d6a6e74,562.9883,547.85156,554.6875,562.5,560.0586,538.5742,527.34375,517.08984,508.30078,496.58203,473.87695,488.0371
sample_149bfa65dec725f7,335.9375,330.07812,339.35547,342.04102,335.9375,328.125,339.84375,342.5293,343.99414,349.60938,349.1211,340.8203
sample_bbe5f46d6e5326a8,308.8379,319.33594,325.1953,329.83398,341.79688,346.92383,353.27148,362.06055,372.31445,376.46484,384.76562,388.91602
sample_9fa215bfef10e3b6,445.3125,435.54688,439.69727,435.79102,412.59766,401.12305,393.79883,385.7422,385.2539,373.53516,361.32812,364.99023
sample_0aca06b2b91bbd20,343.26172,348.14453,359.86328,359.61914,360.35156,357.17773,365.47852,362.06055,368.89648,369.6289,372.31445,367.1875
sample_1860a721786e9ac2,339.11133,337.1582,340.33203,361.08398,344.72656,353.51562,349.60938,358.64258,365.47852,371.58203,383.05664,374.26758
sample_b70efa31ab846aff,375.48828,382.08008,376.46484,377.4414,371.09375,364.50195,375.24414,371.82617,371.09375,371.09375,368.4082,369.38477
sample_e37d87f54753b265,305.41992,314.45312,322.26562,321.28906,314.69727,334.22852,340.57617,352.7832,367.1875,375.97656,394.7754,384.27734
sample_86a8caa6730ec36d,305.41992,315.91797,328.85742,338.13477,346.43555,344.23828,355.7129,355.2246,361.57227,367.1875,372.80273,370.8496
sample_f5832e911a86ed00,320.3125,322.99805,333.74023,323.2422,326.9043,324.95117,339.84375,342.5293,348.14453,354.98047,362.54883,356.4453
sample_cc2417f501bdfd1c,352.29492,362.06055,372.80273,390.86914,402.5879,394.2871,407.22656,402.34375,410.88867,400.8789,414.30664,408.44727
sample_f90b82d04f646fb5,333.4961,336.66992,350.09766,359.86328,359.375,357.17773,369.38477,368.4082,371.58203,375.48828,382.56836,382.32422
sample_64af1b7610e614dd,334.22852,335.69336,338.62305,352.05078,351.80664,353.75977,364.2578,381.83594,374.51172,387.6953,401.85547,413.08594
sample_c1c0959a898d3fb3,427.49023,424.3164,423.58398,434.81445,417.23633,419.92188,426.26953,427.49023,430.66406,436.03516,428.4668,423.33984
sample_02dc116142aaf115,331.29883,338.3789,341.3086,342.5293,353.02734,361.57227,365.47852,372.80273,377.9297,381.83594,389.4043,394.53125
sample_e4aeebc473c31a6f,306.88477,316.89453,322.50977,328.36914,334.96094,348.14453,357.66602,362.54883,368.65234,380.85938,383.05664,391.8457
sample_01bb65f39b5a4631,646.97266,644.04297,634.27734,633.78906,615.72266,593.2617,594.2383,586.4258,562.9883,550.29297,540.03906,526.3672
sample_96acc88c4067a9de,359.86328,359.13086,357.42188,346.6797,335.69336,346.6797,352.53906,363.28125,364.7461,372.0703,379.63867,381.10352
sample_a8213d2b37924929,617.1875,615.72266,607.4219,609.375,590.33203,571.77734,571.28906,562.0117,538.08594,527.83203,514.64844,500.97656
sample_fa8a6a13551507b3,382.8125,394.7754,417.23633,433.59375,467.04102,502.9297,516.1133,536.6211,564.4531,588.8672,597.16797,610.83984
sample_bc11d3fd662ded19,460.44922,457.2754,449.95117,438.7207,430.9082,417.48047,415.77148,399.90234,398.92578,389.16016,386.23047,379.39453
sample_1b9189f53063cd9b,349.36523,353.02734,366.45508,375.73242,369.6289,365.72266,373.7793,368.65234,376.46484,373.53516,376.70898,376.70898
sample_c066ba28fb53a359,306.64062,328.125,350.83008,375.24414,370.36133,379.8828,428.71094,424.07227,437.5,462.40234,448.9746,443.84766
sample_d8bbd7529105e735,603.5156,601.0742,595.7031,599.1211,577.6367,560.5469,549.8047,538.08594,517.08984,499.51172,496.58203,476.07422
sample_14c9c0533d8cf5c0,368.16406,371.58203,368.4082,385.00977,396.97266,401.85547,406.98242,429.93164,426.26953,429.19922,444.33594,467.5293
sample_4bef925d1b7fc913,369.87305,370.1172,379.63867,370.36133,380.12695,406.73828,412.8418,441.6504,440.4297,458.4961,484.13086,489.7461
sample_2aefe57b23de0d99,558.10547,576.66016,566.89453,559.08203,573.2422,579.58984,541.5039,558.10547,545.89844,529.78516,530.7617,547.85156
sample_f8d3ba67c6cde096,339.5996,344.9707,356.9336,357.66602,359.375,357.17773,365.47852,363.0371,368.89648,370.60547,373.53516,368.4082
sample_e5a4a3bbde68221a,359.13086,353.51562,356.4453,368.89648,363.0371,366.69922,370.1172,386.9629,375.24414,383.78906,394.04297,406.00586
sample_4254ea6bd3ecf9dd,631.34766,584.47266,550.78125,541.9922,491.94336,483.1543,448.73047,435.79102,412.35352,408.6914,387.6953,368.65234
sample_63b2b6f891199dfb,499.02344,478.02734,474.60938,469.9707,441.1621,428.95508,407.95898,407.4707,398.19336,393.5547,380.12695,375.24414
sample_a4d395655189c922,375.97656,374.02344,370.36133,379.8828,368.16406,371.82617,365.23438,366.94336,371.09375,375.0,371.82617,367.91992
sample_08bdaf8d3b1d8dc8,471.6797,458.25195,447.26562,443.60352,425.04883,427.00195,411.86523,413.81836,405.51758,408.20312,400.39062,393.0664
sample_baa92b941d19ca0e,378.6621,385.98633,385.98633,387.6953,380.85938,373.53516,378.6621,374.02344,374.02344,380.3711,373.29102,373.04688
sample_08eefe23644a868e,408.44727,410.4004,405.27344,390.625,375.48828,406.25,392.82227,413.33008,428.71094,441.89453,458.74023,449.70703
sample_187da4336eb6be9f,372.5586,381.34766,395.26367,423.0957,420.89844,426.26953,465.57617,454.58984,479.24805,498.04688,490.72266,485.83984
sample_95b4498d04f8dbe4,315.4297,325.1953,337.64648,341.06445,346.43555,348.14453,354.98047,356.20117,363.5254,370.1172,370.60547,367.43164
sample_0c1f18c0d08b2f3d,360.5957,366.94336,367.91992,376.2207,375.48828,381.83594,381.10352,384.0332,391.8457,395.01953,394.04297,397.2168
sample_6d79a7f57bb9dd43,492.67578,516.1133,521.97266,522.46094,539.0625,575.6836,575.1953,584.47266,607.4219,630.8594,618.16406,605.46875
sample_db2389a12a259dcb,341.3086,341.06445,348.87695,336.42578,343.50586,343.50586,355.95703,365.23438,367.1875,372.5586,386.23047,381.5918
sample_6d7f476726eb8b24,355.7129,375.0,379.39453,386.4746,404.29688,417.48047,436.2793,459.22852,469.48242,497.5586,514.64844,508.78906
sample_89dd33ca177237f6,562.9883,581.0547,570.3125,550.78125,573.73047,588.8672,561.52344,580.5664,565.91797,553.71094,556.6406,582.03125
sample_ff70bc7fe4f13ccb,415.52734,431.15234,442.62695,467.28516,482.17773,512.6953,527.83203,545.41016,556.6406,594.2383,579.58984,595.21484
sample_154668ced0d69a44,389.89258,393.31055,395.75195,393.31055,395.01953,385.7422,385.49805,376.46484,384.52148,382.8125,379.1504,375.24414
sample_f629f3d23759e915,404.05273,403.8086,408.6914,413.33008,401.85547,389.16016,391.8457,381.10352,385.2539,378.90625,378.90625,373.53516
sample_caf5d80993b32561,460.44922,461.42578,456.7871,447.50977,436.52344,449.21875,458.25195,452.88086,460.69336,473.14453,462.40234,466.79688
sample_fba775a2c24b996a,377.19727,382.32422,384.52148,380.12695,380.3711,376.2207,374.02344,371.58203,378.17383,379.39453,376.2207,374.51172
sample_15c1d096f0d8350e,431.15234,428.95508,420.6543,430.9082,414.30664,416.5039,437.5,426.51367,436.03516,452.14844,443.35938,445.80078
sample_31fce5b3839284ab,427.97852,424.3164,426.51367,430.17578,417.7246,397.94922,397.2168,381.83594,386.23047,382.8125,378.6621,374.26758
sample_8f621165923ea381,399.41406,397.46094,398.92578,391.8457,387.6953,385.98633,383.54492,380.12695,377.4414,377.9297,377.68555,368.89648
sample_fe2e6c5bd5a8e624,446.77734,457.76367,458.25195,445.06836,431.88477,445.06836,438.47656,447.02148,435.0586,439.9414,429.19922,437.5
sample_659c3f335e60f403,403.8086,381.10352,377.4414,378.90625,383.78906,383.54492,363.0371,383.05664,370.1172,372.0703,383.30078,401.61133
sample_565cbc75c3de3602,504.8828,518.0664,519.53125,520.01953,530.27344,557.6172,550.78125,569.8242,562.5,578.125,562.0117,549.3164
sample_02b07c104460f4e0,343.26172,342.77344,353.02734,340.57617,348.38867,347.4121,356.68945,365.23438,368.89648,373.53516,384.52148,379.1504
sample_d6c767141094adae,491.69922,479.0039,462.1582,461.18164,433.8379,432.37305,408.44727,408.6914,395.5078,398.4375,386.4746,396.48438
sample_1e0ac64be1a3bc2a,391.60156,388.1836,391.35742,391.8457,368.89648,385.2539,372.5586,381.5918,386.23047,392.08984,393.79883,385.49805
sample_7257eff202b87d40,484.86328,488.28125,485.35156,508.78906,498.04688,482.91016,500.48828,487.3047,486.8164,487.3047,471.43555,455.81055
sample_c2f2193f9591d071,326.41602,348.14453,348.38867,358.88672,357.66602,367.67578,387.6953,388.42773,404.29688,420.89844,413.33008,415.03906
sample_86ecd7b7efcdc349,381.34766,393.31055,395.5078,425.04883,442.3828,455.07812,469.48242,492.91992,505.3711,530.7617,557.6172,562.0117
sample_afc063171d68ade3,413.81836,406.73828,405.76172,423.0957,415.03906,411.6211,409.1797,425.29297,421.14258,422.36328,427.73438,445.55664
sample_0d814a480a147710,364.7461,366.69922,371.58203,371.3379,366.45508,362.79297,364.99023,364.7461,357.42188,363.76953,367.43164,357.91016
sample_dec0d0dae802e14f,317.8711,320.06836,329.3457,338.13477,331.29883,335.44922,337.40234,336.42578,350.09766,356.4453,348.6328,344.48242
sample_0b3a81ed5522140e,333.4961,341.06445,340.33203,343.50586,332.76367,347.9004,352.7832,351.31836,361.08398,368.65234,361.57227,362.3047
sample_b133303ea09b9654,509.27734,503.41797,483.64258,480.7129,443.11523,437.25586,425.78125,412.8418,401.12305,398.4375,367.43164,369.38477
sample_97cd37a42acadff9,327.14844,331.7871,341.79688,339.5996,342.04102,341.06445,350.09766,348.87695,360.10742,363.76953,368.89648,359.61914
sample_f59b28bd83b68e1c,455.07812,438.7207,438.23242,443.11523,415.03906,395.26367,391.35742,383.30078,378.41797,366.69922,358.1543,357.66602
sample_e474604211caabea,464.84375,450.92773,443.35938,425.5371,413.33008,403.8086,395.26367,395.01953,380.12695,380.85938,372.5586,371.3379
sample_6796dd543dee7cdb,565.91797,535.15625,518.0664,519.04297,489.01367,469.23828,454.83398,440.18555,430.17578,415.52734,403.8086,399.90234
sample_573814b9cd5820be,424.8047,424.8047,427.73438,431.88477,423.82812,417.23633,427.2461,427.2461,427.49023,428.22266,435.30273,432.86133
sample_94909cfcbf274ee9,408.44727,407.71484,408.93555,409.66797,412.35352,408.20312,405.0293,401.12305,403.56445,406.25,401.12305,403.3203
sample_0a15dd4ed32eb914,381.5918,381.10352,373.29102,369.87305,354.73633,347.16797,354.73633,352.29492,350.83008,352.05078,352.53906,351.5625
sample_5a324a738de84017,378.6621,393.0664,405.27344,443.60352,451.9043,456.7871,467.04102,477.53906,475.58594,481.9336,476.5625,479.4922
sample_81c23dfc9febf80f,416.01562,413.57422,400.63477,398.19336,379.39453,381.10352,377.68555,376.2207,378.90625,383.30078,379.1504,384.0332
sample_4aa7ab013b27d632,394.2871,410.88867,424.07227,432.6172,444.82422,457.2754,474.60938,473.38867,484.375,489.2578,488.5254,477.05078
sample_6c5b489d6911e606,375.0,375.48828,363.76953,381.10352,379.1504,390.13672,388.1836,414.79492,412.10938,429.6875,443.11523,463.13477
sample_cfa08cc11e4a6bf0,360.35156,369.14062,369.87305,371.58203,355.95703,358.64258,370.60547,368.65234,374.26758,377.9297,373.04688,375.0
sample_efe9b93547c6e685,370.60547,376.2207,373.04688,374.02344,369.14062,362.3047,371.82617,370.1172,368.65234,369.14062,366.21094,368.16406
sample_f9ccc04ae0e0c4ce,523.9258,497.0703,481.68945,473.38867,448.48633,448.48633,418.45703,437.74414,416.5039,410.64453,420.6543,429.6875
sample_946aa54ae6612866,453.125,454.83398,445.06836,439.9414,439.9414,436.03516,435.30273,434.81445,430.9082,435.0586,425.5371,438.23242
sample_45e39849947fd11d,529.78516,522.9492,519.04297,516.60156,486.32812,484.13086,469.9707,466.06445,452.63672,451.66016,439.20898,426.0254
sample_f6705e58cea7da5e,401.12305,398.4375,389.4043,375.73242,358.39844,389.64844,369.6289,389.64844,401.3672,410.64453,422.85156,414.55078
sample_cbe574dcd9c389d2,343.75,350.58594,351.5625,354.0039,348.6328,351.31836,366.45508,366.45508,372.5586,374.51172,377.68555,380.12695
sample_f752f2f12400ee22,332.03125,340.33203,350.83008,356.9336,362.3047,358.39844,370.1172,365.9668,372.31445,373.53516,379.8828,377.68555
sample_751639bf067c1fae,443.84766,444.82422,435.30273,437.25586,435.54688,427.97852,429.44336,424.56055,423.82812,424.8047,420.6543,429.19922
sample_2f38c1430eb21885,319.82422,303.95508,317.13867,297.36328,292.23633,318.35938,314.9414,341.06445,343.99414,354.98047,378.17383,374.26758
sample_3ed284690d877dee,354.4922,359.375,363.0371,364.50195,364.50195,361.08398,367.67578,364.50195,373.04688,375.97656,380.12695,379.63867
sample_780f90610811cb96,649.90234,647.9492,637.6953,624.02344,596.1914,590.8203,593.2617,580.5664,561.52344,563.96484,533.6914,515.1367
sample_e6eb4619dc2f030a,445.3125,458.4961,455.07812,468.01758,481.20117,494.6289,518.0664,508.30078,545.41016,564.4531,562.0117,564.9414
sample_18d536a21c26d6d0,317.13867,328.85742,338.13477,345.94727,353.51562,348.14453,360.83984,357.17773,362.79297,366.21094,371.3379,369.14062
sample_a0cd053e8a0aece0,356.9336,381.34766,398.4375,407.95898,424.56055,447.7539,455.32227,469.23828,491.21094,509.27734,506.34766,500.48828
sample_d3c8d95dfa04fc64,500.48828,484.86328,473.6328,460.69336,449.4629,441.1621,431.88477,421.38672,417.7246,413.08594,411.37695,396.24023
sample_ff846552df312a6f,445.3125,443.84766,440.18555,443.60352,433.8379,416.01562,417.23633,403.8086,402.34375,396.48438,393.31055,392.82227
sample_91fa2c96071fcb0d,326.66016,321.77734,331.29883,346.6797,342.77344,360.35156,360.35156,379.1504,381.5918,381.34766,401.3672,417.7246
sample_578a8e2f37652a04,425.04883,442.3828,443.84766,454.58984,473.14453,493.89648,501.95312,519.53125,550.29297,569.8242,597.65625,612.79297
sample_3c3a6848822543b8,452.63672,437.74414,419.67773,397.70508,385.49805,395.9961,382.56836,407.4707,395.26367,406.25,419.67773,428.71094
sample_426234b373230d5e,396.72852,399.41406,396.48438,405.0293,392.82227,380.85938,386.4746,380.12695,379.39453,379.39453,369.14062,370.60547
sample_9b19edfb2a261987,342.04102,332.03125,337.64648,356.20117,339.84375,354.98047,350.83008,352.7832,362.3047,375.48828,364.7461,360.35156
sample_e6c6a32bafc93ddf,394.53125,391.35742,387.45117,370.1172,358.88672,360.83984,359.61914,357.42188,362.3047,362.3047,369.14062,364.99023
sample_4b585b4f5af25525,349.1211,358.39844,376.95312,391.8457,381.34766,390.625,402.5879,402.5879,411.37695,419.4336,413.08594,395.5078
sample_f1dc438fdfd5d302,541.9922,519.04297,494.38477,475.3418,443.60352,435.0586,420.89844,412.59766,392.08984,389.64844,377.68555,375.97656
sample_7a09b9e91e9b8374,395.5078,398.92578,403.8086,402.83203,394.04297,389.64844,397.94922,404.29688,392.57812,396.97266,401.61133,390.86914
sample_ad658558139038f3,398.19336,394.04297,398.68164,402.34375,402.83203,403.56445,399.16992,399.41406,401.3672,403.3203,402.83203,402.5879
sample_d8c420348da2f944,499.51172,487.3047,471.92383,468.01758,456.0547,457.2754,443.84766,438.7207,446.77734,442.8711,445.55664,445.06836
sample_fee9420e30f19f73,367.67578,375.73242,401.12305,393.31055,409.1797,437.5,446.04492,470.45898,480.46875,496.58203,519.53125,530.7617
sample_13070dab81c7a242,332.76367,340.8203,353.27148,356.68945,359.61914,358.1543,363.76953,363.28125,371.09375,372.0703,376.95312,372.80273
sample_34aa29a4df00c697,458.4961,453.125,445.3125,436.52344,428.22266,415.03906,414.0625,397.46094,398.19336,393.0664,384.0332,380.3711
sample_7b48d8c358d5b6cc,702.6367,663.5742,649.41406,636.71875,584.47266,580.5664,556.6406,536.1328,521.97266,513.6719,485.5957,456.7871
sample_6952de8a823aedad,338.8672,348.14453,353.02734,372.80273,386.4746,388.91602,402.5879,403.56445,409.1797,411.1328,421.14258,426.0254
sample_45743eb53675dd35,337.40234,343.75,355.46875,356.20117,361.8164,356.68945,365.72266,362.54883,369.38477,371.58203,374.02344,370.1172
sample_a64c5d12f638559d,439.9414,438.47656,434.81445,426.7578,420.89844,407.22656,408.20312,395.26367,394.53125,386.71875,387.93945,381.10352
sample_b78bbdc16608ba8c,318.60352,324.95117,336.18164,336.18164,338.8672,346.6797,349.1211,353.02734,366.69922,372.0703,373.53516,363.76953
sample_c5107c81a7bc792e,351.07422,351.80664,366.21094,381.34766,368.16406,387.45117,387.45117,389.4043,406.25,412.10938,396.97266,389.16016
sample_d56a7146d902d515,386.71875,388.91602,385.98633,358.64258,368.16406,386.23047,377.9297,393.0664,390.625,399.90234,407.4707,409.1797
sample_f00287a2cbde8122,358.39844,375.24414,391.8457,377.4414,393.0664,414.79492,433.8379,447.50977,458.4961,473.6328,486.08398,474.60938
sample_900358450be536ce,328.125,330.81055,337.40234,321.04492,324.70703,342.04102,348.87695,361.32812,370.1172,377.9297,398.68164,394.2871
sample_e8c371e7def76f3e,462.40234,474.60938,472.16797,488.5254,493.89648,522.9492,527.34375,555.1758,565.4297,597.16797,598.14453,610.83984
sample_824bd3749ac2d2cc,488.76953,482.91016,468.01758,459.22852,443.35938,431.15234,418.70117,403.56445,395.9961,397.46094,379.39453,379.1504
sample_0b87afe3782b64d6,512.20703,497.0703,474.1211,469.23828,448.48633,439.9414,424.3164,422.11914,411.6211,407.22656,403.07617,409.66797
sample_cd9b0b08e7aac31b,386.23047,381.34766,397.94922,411.37695,424.3164,435.54688,435.54688,446.5332,445.55664,451.66016,452.39258,458.0078
sample_8da2d10a360e3317,346.6797,353.02734,360.10742,374.26758,378.41797,368.89648,384.52148,380.12695,382.8125,385.2539,385.98633,386.71875
sample_e38c2102b5fb332b,378.17383,386.71875,395.5078,391.11328,398.92578,426.0254,424.56055,441.6504,442.13867,452.63672,456.7871,460.20508
sample_cf4604ed66661692,437.98828,439.45312,460.9375,492.43164,513.6719,515.1367,510.7422,530.7617,523.4375,519.04297,534.1797,552.2461
sample_b4242c620c64cd8e,335.44922,340.33203,356.20117,365.47852,367.67578,358.88672,375.73242,369.38477,374.02344,375.0,382.56836,376.95312
sample_4e277403d88602e5,384.0332,387.6953,387.6953,369.14062,359.375,376.2207,357.66602,375.0,380.3711,382.8125,393.79883,387.20703
sample_e36aa55d723076f3,396.97266,399.6582,390.86914,392.82227,386.4746,376.95312,382.32422,383.54492,376.95312,377.4414,373.29102,375.24414
sample_b82c854e547b94f0,399.90234,410.4004,402.83203,411.86523,410.64453,419.18945,427.49023,445.06836,468.75,486.8164,523.9258,528.8086
sample_84a3f885da6c5b88,351.5625,358.39844,363.5254,360.35156,350.3418,356.4453,368.16406,367.43164,375.97656,377.4414,377.9297,379.39453
sample_fda506d7120ac863,357.42188,361.57227,365.9668,369.38477,366.21094,368.16406,366.69922,367.67578,372.31445,375.97656,377.9297,371.3379
sample_65823ce54868952e,342.28516,347.9004,358.64258,371.3379,374.51172,365.72266,381.5918,375.73242,378.90625,381.34766,384.52148,381.5918
sample_c268ed486989f3a9,331.0547,335.9375,341.55273,350.09766,364.99023,371.82617,386.9629,394.04297,398.19336,403.8086,421.63086,425.04883
sample_4a834d9c17c0f9fd,320.55664,329.10156,334.7168,344.72656,348.14453,358.39844,367.91992,370.8496,378.90625,381.83594,388.1836,388.67188
sample_b4071bd330dd0128,493.65234,484.375,477.53906,492.91992,481.20117,485.83984,481.9336,481.20117,483.39844,483.39844,481.9336,483.88672
sample_67187765d796918c,432.1289,446.28906,458.25195,463.13477,466.55273,472.4121,479.73633,483.64258,492.67578,475.09766,488.5254,498.53516
sample_269418069ec1b20c,297.85156,302.73438,309.81445,321.5332,315.67383,336.91406,341.06445,354.4922,373.04688,382.32422,394.04297,381.5918
sample_fd8d4e26e58d0c66,425.29297,426.51367,424.07227,420.16602,422.36328,435.0586,442.3828,459.47266,458.4961,461.42578,488.5254,494.14062
sample_39b366ff0d055ef9,383.78906,389.4043,387.93945,386.9629,383.78906,374.02344,377.68555,373.7793,374.26758,374.51172,371.82617,367.1875
sample_75e096f3bbbaa725,351.31836,377.68555,402.0996,416.5039,432.86133,453.61328,472.4121,483.64258,505.85938,526.85547,530.27344,524.41406
sample_615cd7df0cf30f34,441.40625,418.45703,414.0625,422.36328,401.85547,408.6914,381.10352,410.64453,393.0664,392.57812,402.5879,426.26953
sample_782124615b203a40,437.5,428.4668,416.01562,414.30664,393.79883,397.94922,374.26758,396.48438,382.56836,389.64844,394.2871,385.98633
sample_0c299d124bf4fc2f,409.1797,439.69727,450.92773,461.18164,476.31836,521.4844,535.64453,535.15625,571.77734,597.16797,591.7969,584.47266
sample_dfea9c4e2e24d167,449.21875,447.99805,450.1953,461.18164,437.01172,451.17188,466.3086,461.18164,464.35547,474.60938,468.01758,457.76367
sample_5a82b7cdbf57d2cf,539.5508,544.9219,551.26953,549.3164,557.6172,564.4531,583.4961,582.51953,584.47266,591.3086,583.4961,577.14844
sample_c0c62d7c979e418b,315.67383,312.98828,320.06836,340.33203,334.47266,346.43555,350.3418,362.06055,369.14062,379.39453,389.16016,378.90625
sample_9abfee627f311105,316.6504,322.99805,323.9746,329.83398,325.43945,337.89062,332.51953,358.1543,353.27148,365.23438,386.9629,384.76562
sample_7ac154ad6ba2ef1d,395.75195,403.3203,411.86523,409.9121,412.59766,435.79102,434.32617,447.26562,447.02148,456.0547,456.7871,459.47266
sample_3603f3a0cd51e979,337.64648,341.79688,345.45898,355.2246,357.91016,365.9668,366.94336,375.24414,378.6621,385.7422,388.1836,390.625
sample_776fb01c682ce2ca,604.4922,587.40234,568.3594,565.91797,557.1289,521.4844,508.78906,483.88672,472.65625,454.58984,441.6504,436.2793
sample_2b56e247f7ecdf4b,388.67188,376.95312,368.65234,367.1875,340.0879,354.0039,330.81055,355.46875,349.60938,351.07422,363.5254,356.9336
sample_4d7aba7a9158a0bc,345.21484,364.2578,378.41797,405.0293,394.04297,410.4004,438.7207,446.04492,458.74023,481.4453,473.14453,473.6328
sample_9da52c27f96dbd7c,634.27734,638.1836,631.34766,615.72266,645.5078,636.23047,627.4414,631.34766,650.3906,655.7617,669.9219,676.26953
sample_50c485550570ccbe,327.14844,334.96094,339.5996,350.09766,354.0039,354.0039,363.28125,369.38477,372.5586,379.8828,387.45117,394.2871
sample_3aa355028d97b6da,458.98438,456.0547,446.5332,448.9746,427.73438,434.32617,449.4629,437.25586,441.89453,454.10156,441.6504,446.5332
sample_def353c77e98c5ab,391.60156,391.60156,388.67188,378.6621,365.23438,359.375,363.28125,359.13086,361.08398,357.42188,359.86328,356.4453
sample_776126709628e611,350.83008,349.60938,350.58594,361.57227,346.43555,363.76953,353.75977,362.54883,368.89648,376.46484,375.0,363.0371
sample_4cf13f14baae85aa,366.69922,375.48828,378.17383,386.4746,362.06055,385.49805,383.05664,398.19336,404.29688,425.29297,425.78125,418.9453
sample_15baf1a76650d888,423.33984,428.95508,416.5039,418.9453,420.89844,421.38672,422.36328,426.7578,425.78125,432.1289,434.32617,449.21875
sample_01e684db3a69abf0,644.04297,642.5781,634.7656,615.72266,626.9531,599.1211,572.7539,580.0781,537.1094,518.5547,521.97266,515.1367
sample_fbab3807ae8629af,348.14453,348.87695,351.80664,365.9668,346.1914,350.58594,349.60938,349.1211,356.68945,365.23438,351.07422,346.43555
sample_f5ae16d074c4e823,318.11523,325.43945,333.74023,324.70703,322.99805,340.8203,355.46875,369.38477,376.70898,389.16016,403.8086,405.51758
sample_a2a78ae6bc53f728,417.23633,404.78516,397.2168,382.32422,371.58203,386.71875,362.06055,376.70898,376.46484,376.46484,386.71875,378.17383
sample_949bcbd9c863efec,500.0,498.04688,489.01367,479.24805,476.80664,493.4082,480.46875,482.91016,477.7832,479.0039,470.70312,475.58594
sample_af92183e5baa7835,614.2578,602.0508,598.14453,592.77344,550.29297,541.0156,527.34375,516.1133,483.1543,479.0039,455.32227,427.00195
sample_d2c6247806c93f2d,329.3457,325.6836,330.5664,333.0078,323.73047,340.57617,341.79688,356.68945,361.32812,375.0,377.68555,380.3711
sample_0a33e048e3a98617,316.89453,318.11523,327.14844,341.06445,345.45898,352.7832,357.66602,367.67578,366.45508,373.04688,382.8125,382.32422
sample_905c007216ec9810,367.1875,370.8496,375.73242,378.17383,385.7422,385.2539,393.31055,396.97266,398.4375,400.39062,407.71484,409.42383
sample_dc2a0f8e27ac0d85,458.4961,453.36914,450.6836,442.13867,433.10547,415.03906,411.37695,396.48438,391.8457,385.7422,379.63867,373.53516
sample_02a69fdaf27ade41,604.0039,558.59375,524.90234,512.6953,465.33203,462.40234,425.04883,418.70117,395.5078,392.08984,378.17383,367.1875
sample_030fa54e5c20752c,691.40625,690.4297,679.1992,665.52734,650.3906,628.41797,636.71875,630.8594,601.5625,597.16797,580.5664,567.8711
sample_9956734bd196cd50,512.6953,500.48828,484.61914,476.80664,460.44922,449.70703,444.0918,427.2461,429.44336,422.36328,414.79492,392.33398
sample_ca503b288166ed8c,361.32812,366.69922,375.24414,376.95312,375.48828,370.1172,375.0,368.65234,372.80273,375.0,378.41797,374.02344
sample_15aa9da5c192a029,331.54297,331.54297,338.13477,329.3457,353.02734,383.05664,392.08984,421.38672,437.98828,463.8672,501.46484,513.1836
sample_9e19f2570b930af2,415.2832,410.15625,397.2168,381.5918,364.7461,391.60156,366.69922,386.4746,390.625,395.9961,408.20312,401.12305
sample_302cc6352a0cdeda,362.79297,367.67578,371.82617,376.2207,374.02344,366.45508,379.8828,375.0,374.02344,377.9297,387.93945,376.70898
sample_c809543322d333e4,435.0586,446.77734,453.85742,432.86133,434.5703,442.13867,439.69727,447.7539,432.37305,437.01172,428.95508,430.17578
sample_d58dd82e4224f7ff,305.41992,315.91797,321.04492,323.2422,316.1621,337.40234,339.35547,353.27148,367.43164,375.97656,392.82227,382.32422
sample_2453cac039d3ae1b,334.47266,358.64258,363.5254,374.26758,385.7422,404.54102,421.14258,444.58008,466.55273,493.65234,522.46094,520.01953
sample_9b38660549bcecd9,449.21875,443.11523,431.15234,424.3164,409.1797,407.22656,398.19336,395.01953,389.4043,391.11328,383.78906,390.86914
sample_ebf0d8a89b8176d9,510.2539,520.9961,522.46094,514.64844,523.4375,500.97656,501.95312,484.61914,479.73633,466.3086,455.32227,445.55664
sample_80fcb4df3b0fd383,355.2246,354.4922,354.98047,367.43164,353.75977,364.99023,371.3379,366.21094,374.75586,393.5547,375.48828,370.36133
sample_87df0b143891dae7,413.08594,408.6914,414.30664,417.48047,403.8086,409.66797,418.70117,416.01562,423.82812,422.85156,419.18945,416.74805
sample_60b51ce798a0196c,343.99414,341.79688,338.13477,339.35547,327.39258,335.9375,331.54297,341.06445,347.9004,351.07422,359.13086,356.4453
sample_c21dcbbe13c7f12e,435.0586,435.0586,433.3496,425.29297,421.63086,408.6914,409.66797,398.68164,401.61133,389.64844,394.7754,387.20703
sample_50cafc4050f59b05,488.76953,471.6797,458.4961,457.2754,435.0586,426.0254,408.93555,412.8418,398.92578,404.29688,391.8457,379.8828
sample_5e76277248c8a678,492.67578,490.23438,490.47852,504.39453,501.95312,508.78906,522.46094,520.9961,515.1367,517.5781,517.08984,514.64844
sample_d7245fa02fba9b76,398.68164,397.94922,402.5879,408.93555,413.81836,427.2461,429.6875,445.3125,436.52344,444.33594,453.125,460.20508
sample_63d36478fd28f0d5,334.96094,347.65625,368.4082,392.82227,390.38086,397.46094,419.4336,421.875,426.51367,437.5,432.86133,416.5039
sample_5e7b3b4b8330496d,345.21484,343.26172,355.2246,361.08398,352.05078,363.5254,366.45508,366.94336,375.0,385.7422,372.80273,369.6289
sample_327dd918c8fb6a71,555.1758,567.8711,568.84766,565.4297,587.8906,568.3594,557.1289,569.8242,542.48047,536.1328,546.3867,540.03906
sample_cdacda281a6afead,434.5703,433.3496,429.6875,422.85156,417.7246,405.51758,405.51758,394.2871,393.5547,387.6953,388.1836,381.5918
sample_b9603d6b1890cff0,403.56445,400.14648,399.6582,405.0293,386.23047,382.8125,384.76562,376.2207,381.34766,381.34766,367.1875,363.5254
sample_f6e0a499dc01a321,319.33594,328.61328,340.57617,347.4121,354.98047,351.07422,362.3047,360.5957,366.45508,370.1172,375.73242,373.53516
sample_b729716ef59a0c48,314.9414,330.5664,331.54297,340.0879,348.6328,354.4922,369.38477,370.36133,378.90625,382.32422,388.1836,388.1836
sample_cd541bfeecfe2a2a,361.8164,363.76953,368.65234,373.7793,372.0703,375.0,376.70898,379.39453,382.08008,384.27734,389.4043,394.7754
sample_ad82b56f9ad43033,436.03516,452.14844,462.64648,467.04102,485.83984,470.70312,478.27148,469.72656,469.72656,460.9375,458.25195,452.14844
sample_2a13318dffe39f57,382.8125,378.90625,372.31445,361.32812,350.09766,357.66602,361.32812,361.57227,369.38477,376.95312,385.7422,383.30078
sample_d763ffe3d61ef65d,480.46875,483.39844,456.29883,454.83398,436.03516,431.15234,397.46094,417.7246,402.5879,405.27344,409.9121,395.75195
sample_6307bb74720c5cda,612.3047,603.02734,597.65625,572.7539,559.5703,548.8281,528.3203,522.9492,490.47852,481.4453,479.4922,460.44922
sample_732c8292a11313e4,399.90234,401.12305,410.15625,425.04883,424.3164,419.67773,425.5371,421.14258,422.85156,418.9453,427.2461,424.07227
sample_e581cbf5c0b5dd1b,318.60352,322.7539,330.07812,338.3789,333.4961,335.69336,341.06445,340.33203,352.29492,359.375,352.53906,349.60938
sample_3448a97e003e3338,375.97656,380.12695,386.4746,384.27734,388.1836,379.39453,378.90625,371.82617,380.85938,380.85938,376.95312,373.29102
sample_62fc7a5405bbcce0,326.66016,334.7168,340.57617,340.57617,345.21484,354.73633,366.21094,372.31445,377.4414,385.2539,389.16016,396.72852
sample_b8745bcce9d2ad97,413.33008,421.38672,413.08594,424.56055,402.0996,408.20312,412.8418,412.35352,421.875,425.29297,414.55078,412.10938
sample_d5665c2c14330483,395.5078,418.9453,433.10547,447.02148,447.26562,450.1953,458.4961,457.2754,456.0547,455.5664,441.89453,439.45312
sample_1f3816dab986551d,320.55664,334.96094,359.86328,388.42773,389.64844,399.41406,429.6875,434.5703,438.23242,455.07812,447.50977,433.3496
sample_8645c0768769f1d2,388.67188,394.2871,389.16016,382.32422,369.87305,376.95312,383.78906,380.3711,389.4043,393.0664,390.13672,392.82227
sample_3252fcbdfde498a9,406.25,400.39062,404.05273,411.1328,399.6582,388.67188,382.56836,377.9297,383.78906,381.83594,372.80273,370.60547
sample_b7a096a0f4bac271,336.66992,343.99414,347.9004,348.87695,351.31836,357.66602,367.1875,372.80273,378.6621,385.7422,388.42773,395.5078
sample_ef6343abcad7ae57,403.8086,402.83203,407.95898,412.8418,405.0293,388.42773,382.32422,374.26758,382.56836,379.39453,370.8496,370.60547
sample_8e823c6a6bc6575f,456.0547,440.91797,425.04883,412.8418,400.8789,398.4375,390.13672,383.30078,379.63867,387.20703,375.73242,364.50195
sample_0d66d63faaad7b96,551.26953,555.1758,559.08203,544.4336,530.27344,520.9961,514.64844,504.39453,478.75977,472.16797,459.22852,456.7871
sample_84bafe7f62db145c,408.93555,419.18945,419.67773,398.68164,390.86914,423.33984,414.79492,436.76758,455.32227,471.1914,480.95703,476.07422
sample_49ca3a1a92f43790,311.2793,319.58008,333.74023,343.50586,349.60938,350.09766,363.0371,361.8164,367.67578,370.1172,376.46484,376.95312
sample_75211e1279fe8e42,406.98242,425.29297,436.76758,435.0586,446.04492,479.0039,488.5254,507.8125,519.53125,543.9453,544.9219,552.2461
sample_2ce7d859c5ab544b,353.75977,365.72266,374.26758,378.6621,389.89258,406.00586,421.14258,445.06836,457.03125,481.9336,502.9297,497.5586
sample_699bef7bc74eebe6,367.43164,375.48828,382.8125,386.9629,383.05664,371.3379,382.8125,374.75586,381.5918,381.83594,383.54492,382.08008
sample_a2d5c2d8a841e240,340.8203,352.29492,355.7129,357.17773,361.57227,359.86328,371.82617,374.26758,379.1504,384.27734,386.4746,389.16016
sample_5fe97f76de589501,416.9922,413.08594,426.51367,441.6504,443.35938,432.86133,439.20898,427.73438,431.15234,419.4336,426.51367,418.2129
sample_1573fd72e82cf195,358.64258,365.23438,372.0703,376.46484,373.04688,368.89648,371.09375,366.21094,370.60547,374.02344,376.46484,374.75586
sample_a763c41725f0de82,384.52148,385.2539,391.35742,390.38086,384.76562,382.32422,396.72852,390.38086,390.13672,398.4375,384.52148,379.1504
sample_0a9e16b265d02fab,423.82812,421.875,438.23242,456.0547,438.96484,451.66016,455.81055,452.88086,471.1914,481.9336,454.3457,447.26562
sample_7dfc4152340051fa,373.04688,378.6621,375.73242,384.76562,382.08008,387.20703,385.00977,388.67188,392.82227,392.57812,393.5547,396.97266
sample_cbbc4d72c3011f0c,505.3711,484.86328,479.24805,476.31836,448.2422,440.4297,437.25586,426.0254,428.71094,422.36328,409.1797,406.98242
sample_0172b2a3b2808970,324.4629,324.21875,327.63672,327.39258,313.96484,322.7539,330.07812,340.0879,344.72656,348.14453,363.28125,358.88672
sample_25bf03eb9495e9b0,422.11914,421.63086,419.67773,417.96875,409.1797,396.24023,402.0996,389.4043,389.16016,389.64844,385.2539,382.8125
sample_6cfb556b7a34fe2d,332.03125,345.21484,366.21094,385.49805,392.57812,403.3203,428.4668,431.88477,438.47656,449.21875,444.58008,431.15234
sample_09ced447b602e720,351.31836,356.68945,346.6797,349.36523,337.40234,358.1543,347.9004,355.7129,363.76953,372.0703,365.47852,369.6289
sample_bf1004f7768d9af2,340.8203,351.80664,359.375,361.57227,362.79297,356.9336,368.65234,362.06055,365.72266,371.09375,370.60547,364.2578
sample_153963fb528182c0,433.10547,423.58398,416.9922,393.79883,391.11328,399.90234,388.42773,410.4004,403.07617,402.83203,431.64062,431.39648
sample_6e9dc870ea18ed95,333.98438,342.28516,346.43555,365.23438,364.01367,378.41797,392.08984,400.8789,407.71484,421.38672,427.00195,420.16602
sample_11748e1e0430c60d,346.1914,356.9336,360.35156,364.99023,372.0703,369.14062,377.68555,378.41797,382.32422,386.23047,386.71875,386.23047
sample_9fa1858e77039032,403.8086,418.9453,435.79102,452.88086,488.76953,512.20703,537.1094,554.1992,579.10156,604.0039,613.76953,633.78906
sample_27e4fa8324adc202,360.10742,359.86328,361.08398,376.2207,375.48828,389.16016,382.8125,399.6582,396.72852,398.92578,410.64453,419.18945
sample_ec22e0119d80e1ad,473.6328,472.65625,485.83984,492.43164,491.21094,497.0703,500.48828,501.46484,494.6289,481.4453,486.8164,488.0371
sample_69cf57e00b47616d,311.52344,316.40625,320.80078,328.125,334.96094,342.5293,347.9004,355.2246,354.0039,370.1172,367.91992,376.2207
sample_a801ccf286c65575,611.3281,614.2578,614.2578,611.3281,609.375,599.6094,610.83984,599.1211,590.8203,591.7969,575.1953,563.47656
sample_1aa7e24d3e1fc1ce,338.3789,349.1211,357.42188,361.8164,362.3047,355.7129,367.43164,360.10742,366.69922,370.60547,373.29102,366.69922
sample_3f9fc9f395166142,390.38086,398.4375,407.71484,413.33008,417.96875,437.74414,444.82422,446.04492,465.8203,472.16797,466.06445,472.65625
sample_9aabe01725411a3c,454.10156,450.92773,450.6836,437.74414,427.2461,409.42383,413.08594,402.0996,396.97266,389.16016,396.24023,373.04688
sample_d1eca5a9c75a9446,300.5371,312.98828,316.6504,330.32227,317.13867,339.11133,337.64648,352.7832,365.9668,377.4414,387.45117,377.9297
sample_a67a3d77f62234b5,375.48828,368.89648,369.6289,364.01367,357.91016,359.13086,362.06055,360.5957,369.38477,374.02344,374.26758,372.0703
sample_f091db7ffc210660,404.54102,404.54102,407.71484,411.37695,401.85547,389.64844,391.35742,381.5918,385.7422,378.90625,380.3711,376.2207
sample_0e31ffe90271fb4d,397.94922,398.68164,386.71875,372.31445,358.88672,389.16016,371.82617,395.26367,404.29688,418.9453,432.1289,427.49023
sample_c935710c0e97520e,357.42188,358.88672,372.5586,385.98633,373.53516,390.13672,387.20703,389.16016,405.76172,408.6914,393.31055,385.2539
sample_3692c102904f9e7a,381.34766,384.0332,380.12695,376.95312,377.4414,368.4082,375.0,371.09375,369.87305,379.39453,369.38477,361.57227
sample_93b8b222721be4bc,548.8281,554.1992,560.0586,559.5703,591.7969,594.2383,599.6094,607.4219,631.83594,643.5547,654.2969,670.89844
sample_d4a9f2a100e204af,310.30273,320.55664,322.99805,334.47266,337.1582,337.40234,365.23438,370.60547,375.24414,389.64844,389.89258,387.20703
sample_2b68691405f5d16a,566.40625,558.59375,557.6172,530.27344,513.6719,507.32422,493.16406,491.69922,456.0547,446.77734,446.5332,435.54688
sample_393feed53e30c721,351.07422,371.58203,387.20703,397.2168,417.7246,437.74414,460.44922,479.0039,501.95312,528.8086,556.6406,560.0586
sample_f18dc8fb2889082a,369.38477,369.6289,368.89648,351.31836,357.66602,367.67578,360.5957,376.2207,366.45508,370.1172,384.0332,388.1836
sample_55f38e3bc123c071,424.3164,443.84766,457.76367,464.84375,460.9375,458.98438,464.11133,458.0078,454.3457,448.2422,436.52344,428.22266
sample_8222d115bbadf273,334.22852,350.09766,373.29102,394.2871,391.8457,398.92578,437.25586,433.59375,443.84766,459.47266,450.43945,437.25586
sample_4e38ac53318585f4,357.42188,365.47852,368.89648,382.8125,371.3379,378.90625,394.7754,393.31055,409.1797,414.55078,410.15625,406.73828
sample_42b891dc4ee24b3f,399.6582,401.3672,421.875,416.5039,414.79492,418.2129,437.74414,428.4668,435.30273,433.59375,430.17578,424.56055
sample_10e492b37f72aa58,375.73242,375.97656,373.29102,357.66602,369.38477,395.01953,391.8457,425.78125,423.33984,438.96484,468.75,478.51562
sample_29c3e1782b591541,341.06445,352.7832,372.5586,385.00977,376.2207,388.67188,420.41016,417.7246,430.17578,449.70703,435.79102,425.29297
sample_58d9810fb7f28eff,377.4414,381.34766,383.54492,377.4414,365.72266,361.57227,372.5586,366.45508,372.31445,372.0703,371.3379,365.72266
sample_6a331bfb6f7e2e1f,439.9414,439.20898,436.76758,442.62695,433.10547,415.77148,419.4336,405.0293,402.5879,399.41406,394.2871,394.04297
sample_6d4fdbdbfe71a15b,366.21094,365.9668,356.68945,359.13086,348.14453,355.46875,362.79297,365.23438,372.0703,383.78906,390.86914,392.82227
sample_448274bacaa9e4e0,359.61914,361.32812,359.61914,370.60547,364.99023,360.83984,360.83984,367.91992,370.1172,376.95312,374.02344,374.75586
sample_ccb7d52ad0aafe80,463.3789,462.1582,482.42188,493.89648,491.69922,494.6289,497.31445,497.80273,493.65234,477.53906,475.83008,473.38867
sample_8f9e40c50ca9f4e2,354.98047,365.9668,367.91992,378.90625,372.0703,383.05664,402.5879,397.70508,414.55078,417.96875,422.36328,418.45703
sample_932478bd356233e4,426.0254,424.8047,422.85156,417.23633,409.9121,400.39062,395.01953,385.00977,390.38086,386.23047,382.56836,378.41797
sample_a1449937fa68d592,379.39453,374.26758,375.24414,382.8125,375.97656,381.5918,391.35742,401.61133,408.20312,410.15625,430.9082,427.49023
sample_4311f5e15241959e,383.30078,410.15625,418.9453,430.17578,433.3496,477.29492,491.45508,484.13086,530.27344,554.1992,549.3164,555.1758
sample_790a04fc67888463,530.27344,525.3906,532.71484,539.0625,524.90234,514.64844,518.0664,509.76562,491.21094,487.79297,471.1914,443.84766
sample_b0578f0b445e4193,539.5508,526.85547,524.41406,507.8125,479.24805,496.09375,477.7832,471.6797,485.5957,480.95703,469.23828,473.14453
sample_b2f9923d9c0a0e74,405.51758,401.85547,396.72852,397.46094,390.38086,389.16016,381.10352,381.10352,377.4414,375.48828,379.8828,374.51172
sample_8602a18118bebb71,368.65234,379.1504,386.23047,411.37695,422.36328,419.67773,427.73438,431.64062,435.79102,439.45312,439.45312,447.02148
sample_060c7b0d9235d974,406.00586,420.16602,429.44336,441.1621,448.9746,442.13867,452.39258,446.5332,449.70703,440.91797,448.73047,436.2793
sample_e252c1f1cc775895,331.0547,333.0078,341.3086,348.38867,331.29883,351.80664,342.04102,361.57227,363.5254,374.51172,387.93945,379.39453
sample_5aa57e21a54fab81,452.63672,440.4297,435.30273,430.41992,405.27344,418.70117,404.29688,408.20312,407.4707,409.66797,407.95898,402.0996
sample_4087bc8297052e4f,408.6914,407.22656,410.4004,413.81836,400.8789,411.37695,411.6211,399.90234,419.92188,421.38672,418.2129,409.42383
sample_6655f6b4c692d72b,416.9922,417.7246,416.74805,417.7246,404.05273,393.31055,397.2168,385.98633,385.98633,385.2539,378.90625,377.4414
sample_d4a2c78b6fe20fad,450.1953,447.7539,439.20898,431.88477,426.51367,413.33008,411.6211,397.70508,398.92578,390.625,390.625,385.00977
sample_03646654ab19a920,678.71094,682.1289,671.875,660.64453,660.64453,634.7656,638.1836,636.23047,618.16406,613.28125,603.5156,593.2617
sample_5a1edbdadb1e06a0,352.7832,362.79297,370.36133,371.09375,374.02344,365.72266,375.48828,368.4082,373.04688,373.04688,376.46484,369.14062
sample_fef79f489309fae6,341.79688,350.83008,364.99023,362.54883,362.3047,390.38086,390.86914,413.33008,434.5703,450.6836,471.92383,467.5293
sample_d6a72e2a874c12d3,316.89453,326.9043,339.5996,344.9707,352.53906,349.1211,360.83984,359.13086,367.1875,372.5586,375.0,372.5586
sample_1b81845c0e467a25,431.39648,430.17578,424.8047,414.55078,415.03906,424.3164,427.73438,444.58008,440.4297,440.91797,468.01758,478.75977
sample_a38531cd53e312c4,384.0332,388.67188,387.6953,387.45117,386.9629,375.73242,380.61523,374.51172,376.95312,373.53516,375.48828,369.38477
sample_9262ebde047bcc36,379.1504,397.94922,405.51758,430.41992,459.47266,472.4121,493.16406,514.64844,530.27344,550.29297,582.51953,582.03125
sample_b13ab4c9bd49800f,403.3203,423.33984,436.03516,468.99414,505.3711,522.9492,541.0156,561.52344,577.6367,604.4922,603.5156,616.21094
sample_6ddb422485b3b4fb,319.82422,327.39258,336.18164,338.13477,344.9707,354.98047,366.45508,373.53516,379.39453,386.71875,391.8457,398.19336
sample_252cf17eb785dfc2,403.3203,384.27734,376.70898,381.34766,385.2539,386.4746,366.94336,388.42773,375.73242,379.39453,386.23047,407.4707
sample_204f0ac52b7a8f70,576.66016,585.9375,575.1953,572.7539,580.0781,579.58984,551.7578,563.96484,536.6211,529.2969,534.1797,553.22266
sample_310cfcf87323c8b9,618.65234,606.9336,600.58594,597.65625,579.58984,552.7344,548.33984,521.97266,497.5586,485.35156,468.50586,457.2754
sample_52a9d86de951dcde,511.71875,501.46484,490.47852,483.1543,472.65625,447.02148,440.18555,422.11914,420.41016,406.73828,405.0293,399.41406
sample_8d554696bd4cfb13,336.18164,343.75,364.7461,364.99023,385.2539,395.01953,407.71484,405.76172,414.79492,417.96875,418.45703,422.36328
sample_527826b33d0ed062,484.86328,464.35547,457.76367,447.7539,421.875,410.88867,390.625,395.5078,382.08008,381.83594,375.73242,369.87305
sample_4cab0a343cc46121,381.34766,384.27734,379.63867,375.73242,362.79297,357.42188,363.76953,361.08398,362.79297,365.23438,359.13086,359.375
sample_79e099d4a2db479a,453.61328,435.0586,427.97852,407.95898,393.0664,383.54492,375.73242,374.02344,360.5957,362.3047,359.86328,354.4922
sample_249ea91958d504d8,373.53516,375.97656,385.00977,390.86914,390.86914,392.33398,392.08984,391.60156,391.8457,395.5078,395.5078,397.94922
sample_7cc9643e80ff9358,370.1172,379.63867,397.70508,408.93555,423.82812,458.4961,473.6328,495.36133,523.9258,555.66406,566.89453,588.3789
sample_d96e43dd6e9add6c,421.63086,418.9453,420.16602,417.48047,408.44727,396.72852,398.68164,389.16016,389.4043,380.85938,382.56836,381.10352
sample_8f880339a3ddfc4b,462.40234,458.4961,449.70703,459.47266,438.23242,450.92773,451.9043,455.81055,465.33203,469.72656,473.14453,470.70312
sample_df2d2c22fae335c4,502.9297,518.5547,528.3203,536.6211,574.21875,561.52344,583.0078,591.7969,603.5156,608.8867,631.34766,626.9531
sample_30246105156b94d5,490.72266,488.76953,484.86328,478.27148,474.60938,485.35156,480.7129,476.80664,473.38867,474.60938,462.89062,466.3086
sample_786c14011feb2636,444.82422,445.3125,438.23242,431.39648,423.58398,416.01562,411.86523,400.63477,406.00586,391.11328,401.85547,382.32422
sample_918e0ce784045a9c,412.10938,414.0625,411.37695,409.9121,405.0293,394.2871,395.9961,385.7422,392.57812,387.6953,388.91602,385.00977
sample_c4b7bef4ae9e6da6,362.79297,363.76953,382.32422,390.13672,390.13672,396.97266,413.33008,409.1797,417.96875,422.36328,417.23633,412.59766
sample_8129b0975a691261,312.5,325.1953,334.22852,343.01758,351.07422,345.94727,358.88672,355.2246,361.8164,365.72266,370.1172,367.91992
sample_b1b328277552ed18,475.58594,467.28516,438.23242,435.54688,403.07617,400.8789,385.2539,377.68555,377.4414,377.4414,359.86328,373.29102
sample_e2d726aa5d405140,343.75,350.83008,364.99023,375.73242,375.24414,366.45508,379.8828,374.51172,377.9297,377.4414,382.8125,376.70898
sample_f816bacf2cfba86b,481.9336,472.65625,450.6836,456.7871,436.52344,438.47656,434.08203,427.97852,440.91797,440.91797,449.21875,456.7871
sample_f8fadee01e5d0095,415.2832,411.1328,408.93555,402.5879,403.3203,397.46094,388.67188,386.9629,387.20703,385.2539,380.85938,375.73242
sample_42569f4f565a2438,515.625,500.0,509.76562,513.6719,489.99023,489.7461,478.27148,470.94727,476.5625,474.60938,450.43945,438.47656
sample_df1e5284bb2b68c0,367.91992,380.61523,405.0293,441.1621,457.51953,489.01367,507.8125,535.15625,538.08594,565.4297,562.0117,564.4531
sample_00789f224028e3bc,378.90625,377.19727,375.24414,370.8496,363.28125,351.80664,358.88672,353.27148,357.66602,359.375,358.39844,356.20117
sample_c835a7200b1533d8,337.1582,336.91406,334.7168,336.66992,323.9746,333.0078,331.7871,342.5293,348.38867,352.53906,361.08398,356.9336
sample_ea65cb67e4900a33,412.10938,413.33008,412.8418,408.44727,404.29688,395.01953,396.48438,386.9629,387.6953,384.27734,385.98633,380.3711
sample_92d2610d2e635fbe,541.0156,524.90234,504.39453,508.30078,460.20508,452.14844,434.32617,418.9453,411.1328,402.83203,383.54492,381.10352
sample_4c1b654032f0ed14,390.625,385.00977,379.8828,391.35742,365.72266,384.0332,369.6289,396.24023,393.0664,398.92578,414.55078,405.27344
sample_20180b8233185799,327.39258,333.74023,340.8203,341.06445,343.75,361.32812,363.76953,372.31445,380.12695,387.20703,389.4043,387.45117
sample_77031a517d6abbb6,298.58398,309.81445,322.50977,330.81055,338.3789,338.8672,351.5625,352.53906,358.39844,365.23438,370.8496,369.6289
sample_3329c03b3632d2cf,460.44922,454.58984,453.36914,448.9746,443.35938,438.7207,442.62695,434.32617,437.74414,428.22266,428.22266,413.57422
sample_9226eb3fda4d6e87,360.10742,370.60547,372.31445,375.24414,357.91016,362.3047,373.7793,370.36133,378.6621,381.34766,375.0,376.2207
sample_8c4610611a4be4a6,377.68555,385.7422,395.01953,392.33398,402.34375,437.98828,444.58008,479.73633,489.7461,506.34766,531.7383,551.7578
sample_43d71d5cec748078,340.8203,341.3086,342.28516,354.73633,349.85352,355.95703,361.57227,367.91992,372.80273,384.27734,379.63867,386.23047
sample_e25abde607e2caa5,429.6875,446.77734,466.79688,511.23047,510.7422,504.8828,525.8789,524.90234,530.7617,541.5039,536.6211,514.16016
sample_6c5e4a0024a03007,400.39062,400.39062,405.51758,404.05273,396.97266,390.13672,391.60156,385.98633,387.93945,385.2539,385.00977,379.39453
sample_6f4fce47a97f0273,332.2754,339.5996,345.21484,362.54883,362.06055,372.0703,375.97656,384.27734,389.16016,399.41406,401.85547,397.94922
sample_f267ca41acc56ccd,455.5664,448.73047,444.33594,432.1289,424.07227,412.35352,409.66797,410.88867,395.5078,394.53125,390.38086,384.27734
sample_605b64e630bafd72,358.39844,361.32812,379.8828,383.05664,385.2539,392.82227,408.93555,404.54102,412.8418,416.01562,414.0625,408.6914
sample_54652cd81c340193,456.54297,452.14844,432.37305,443.84766,411.37695,405.27344,396.97266,387.93945,385.00977,382.32422,358.39844,362.06055
sample_5312d6d1c2ec6425,447.7539,454.3457,468.26172,480.2246,462.89062,470.21484,463.3789,450.1953,469.48242,460.44922,443.84766,441.40625
sample_634b60eb2eab5c0b,442.8711,437.74414,429.93164,442.13867,416.9922,427.73438,420.89844,418.9453,415.77148,427.2461,413.08594,411.37695
sample_53fd2ece3e0d497f,343.50586,354.0039,357.66602,364.50195,373.53516,369.38477,378.17383,379.1504,383.54492,386.71875,388.1836,387.45117
sample_b707b424d5e3fedc,454.10156,460.69336,460.44922,499.75586,478.51562,470.94727,481.68945,473.38867,482.91016,489.7461,491.21094,465.33203
sample_4e05e10cae45245c,336.91406,346.92383,355.46875,363.5254,365.23438,358.88672,370.36133,364.99023,370.1172,372.5586,375.48828,372.31445
sample_12a69b44127c6be1,333.4961,340.57617,339.84375,358.39844,343.75,350.58594,357.91016,368.4082,372.5586,379.39453,397.2168,386.23047
sample_a12506e5d5919eab,532.71484,540.52734,536.1328,556.6406,541.5039,540.52734,539.0625,551.7578,535.15625,545.89844,539.0625,519.04297
sample_fcff70070d1fc33a,586.91406,572.7539,540.52734,530.27344,486.08398,476.07422,461.91406,444.82422,426.0254,426.26953,396.24023,393.0664
sample_4ef50224ab5fd52d,303.22266,319.82422,320.80078,329.10156,325.92773,341.55273,353.75977,356.9336,385.98633,393.0664,404.78516,408.6914
sample_ec8fb37790a5d918,514.64844,509.27734,503.90625,493.89648,473.6328,459.96094,461.66992,446.5332,438.96484,422.85156,431.39648,420.6543
sample_b3a87e76fbbb3d57,450.6836,452.39258,441.89453,456.29883,433.8379,434.32617,440.67383,435.79102,435.79102,437.98828,433.8379,436.03516
sample_7f2b9efd9ad1ea19,515.1367,504.39453,513.6719,523.9258,524.90234,510.2539,498.7793,497.0703,490.72266,480.46875,471.1914,486.57227
sample_c057edd2a46e81cb,353.75977,360.10742,370.36133,356.20117,359.86328,389.16016,386.71875,414.55078,423.58398,443.35938,461.91406,462.89062
sample_66a05f4e2dd191b7,419.92188,424.8047,410.64453,429.93164,416.5039,416.74805,430.41992,425.04883,439.20898,448.73047,449.21875,455.32227
sample_c5176474e0af91b8,561.03516,562.0117,551.7578,533.6914,530.7617,501.46484,496.3379,469.72656,467.04102,448.73047,442.8711,422.60742
sample_d0312295fc7a7d25,336.42578,341.3086,348.14453,349.36523,349.60938,356.20117,356.9336,363.76953,360.83984,372.5586,375.97656,379.8828
sample_f4ab9bd74a0f561a,564.9414,566.40625,565.91797,549.3164,552.2461,523.9258,521.97266,496.82617,488.28125,469.72656,462.89062,441.89453
sample_a79837d3385a94d6,536.1328,545.89844,557.6172,565.91797,580.0781,584.96094,599.1211,594.2383,602.53906,615.2344,602.0508,592.77344
sample_f4111815156cf5d1,323.48633,329.10156,345.70312,355.7129,357.42188,352.53906,368.89648,364.50195,370.1172,372.5586,380.3711,378.17383
sample_306ba2cdc05f8ad8,521.97266,496.58203,486.8164,477.29492,449.70703,449.95117,419.18945,436.2793,415.77148,408.6914,410.88867,421.63086
sample_3616703cf0f0d9f3,343.50586,337.40234,340.8203,331.7871,328.36914,326.66016,335.20508,336.18164,340.57617,349.1211,349.60938,344.9707
sample_261025f0ce7da2ee,545.41016,546.3867,541.5039,553.22266,538.08594,540.52734,552.2461,546.3867,539.5508,536.6211,531.7383,528.8086
sample_20113919780ea8c7,419.18945,413.33008,400.14648,414.79492,387.45117,396.72852,394.2871,409.9121,396.97266,410.64453,420.16602,433.10547
sample_04bc966e281c910d,534.66797,512.6953,483.1543,460.44922,434.81445,424.56055,410.64453,405.0293,381.83594,378.41797,369.38477,369.87305
sample_10de1477891d2d10,402.83203,417.96875,427.49023,409.9121,407.95898,442.8711,440.4297,460.9375,482.42188,499.51172,508.30078,502.9297
sample_99bdbfb68f6f7294,369.14062,377.19727,382.8125,377.9297,368.89648,383.30078,379.1504,394.2871,402.34375,404.29688,424.56055,413.08594
sample_8c09fdb0778093fc,424.8047,415.77148,427.97852,446.04492,422.36328,423.33984,438.96484,435.30273,428.4668,441.40625,426.26953,414.55078
sample_817461785b74f003,389.4043,397.46094,393.79883,398.68164,406.73828,405.76172,409.9121,414.30664,418.9453,424.3164,426.26953,437.74414
sample_5f6314bfeb154d3e,316.1621,322.7539,337.1582,338.62305,338.13477,345.45898,348.87695,347.4121,364.01367,369.6289,365.72266,356.68945
sample_dec59108a23f6cf6,392.57812,386.23047,386.4746,396.72852,379.1504,376.46484,374.51172,368.65234,372.5586,374.51172,360.5957,357.66602
sample_b14b61e71fdf3d8b,399.90234,419.67773,431.39648,453.85742,466.79688,487.3047,505.3711,519.04297,524.41406,543.9453,543.9453,543.9453
sample_747538c3de240b66,469.72656,460.9375,451.17188,458.74023,432.1289,442.62695,448.9746,440.18555,456.29883,469.23828,458.25195,461.42578
sample_83d5dae52d3ca43d,320.3125,326.17188,330.81055,337.89062,344.23828,343.01758,351.5625,356.9336,353.75977,369.14062,366.21094,372.5586
sample_fed7cf2416a7b380,427.97852,424.56055,425.78125,418.2129,413.33008,406.49414,412.59766,406.00586,398.4375,399.90234,391.60156,394.04297
sample_6c67997e794c23e3,440.91797,433.10547,441.1621,459.22852,460.9375,453.61328,453.125,457.03125,454.3457,458.4961,452.14844,466.79688
sample_fecf1cd5a11aa7f6,392.33398,396.48438,396.24023,396.72852,383.05664,376.70898,387.6953,380.85938,388.1836,385.7422,386.9629,379.8828
sample_cd072e16b662f205,594.2383,578.6133,567.8711,577.6367,551.7578,559.08203,557.1289,546.3867,538.08594,539.0625,521.4844,519.53125
sample_60184b8611f15fbb,483.88672,470.21484,451.41602,444.82422,422.85156,409.1797,395.75195,390.625,376.95312,369.6289,363.28125,364.2578
sample_bd5cd0094f86a84a,334.7168,341.3086,365.9668,369.6289,387.20703,392.33398,408.44727,405.0293,412.59766,416.01562,416.74805,416.9922
sample_5721cff6c4f97829,394.2871,386.9629,375.97656,372.0703,348.87695,351.5625,338.8672,339.35547,336.42578,343.75,335.9375,338.13477
sample_3e5cac7a1e7f683a,471.1914,469.72656,456.7871,466.55273,443.84766,452.14844,455.32227,457.51953,464.35547,471.6797,470.45898,468.26172
sample_b14566130025e690,466.3086,477.53906,482.91016,522.46094,533.2031,558.59375,567.3828,595.21484,597.65625,625.0,624.02344,632.3242
sample_56bbcdaa26800afa,448.73047,460.20508,471.6797,473.38867,457.51953,457.51953,448.73047,445.06836,440.91797,436.03516,421.14258,423.0957
sample_b908fc957c5ca49c,417.96875,413.57422,433.59375,450.6836,438.23242,451.9043,455.32227,452.88086,473.6328,483.88672,457.2754,450.1953
sample_07476bd6b92931f1,422.85156,425.29297,418.70117,416.9922,407.95898,394.53125,388.42773,380.12695,382.56836,377.4414,374.75586,363.76953
sample_66ae1c8371959add,354.73633,359.13086,364.7461,361.32812,366.45508,375.97656,380.3711,379.63867,386.9629,388.67188,390.38086,387.93945
sample_a772a9a88bf82a04,627.9297,623.0469,605.46875,596.6797,557.6172,548.33984,552.2461,533.6914,504.8828,508.30078,472.4121,453.125
sample_0b253c3479c71dcb,371.09375,367.67578,376.2207,386.9629,376.70898,369.87305,372.0703,372.80273,373.7793,381.34766,374.26758,367.67578
sample_108563aeddf0003e,361.8164,369.14062,385.00977,388.67188,403.07617,399.41406,412.59766,410.88867,411.37695,416.01562,408.20312,416.74805
sample_25eb53720b01ea43,358.88672,366.94336,380.61523,386.4746,387.93945,399.41406,406.25,421.14258,427.2461,445.3125,447.50977,441.89453
sample_2b6251ad1cd0fa6e,545.41016,550.29297,556.6406,542.48047,534.66797,523.4375,513.1836,501.95312,485.35156,471.6797,465.57617,467.28516
sample_cb7c1eeeda667af2,474.60938,469.72656,470.70312,470.45898,451.17188,442.8711,437.98828,431.15234,434.81445,429.19922,418.2129,411.6211
sample_557e34f78a6a7605,346.92383,353.02734,341.79688,343.99414,342.28516,362.3047,355.2246,388.91602,398.92578,410.15625,454.83398,452.88086
sample_db50a129879ffbc4,305.66406,314.9414,318.84766,333.0078,318.35938,341.3086,342.04102,354.0039,366.69922,379.8828,386.23047,375.97656
sample_7502bbf8aa67d87a,320.3125,317.62695,328.61328,342.28516,333.0078,351.07422,356.4453,360.35156,372.5586,386.23047,377.4414,380.61523
sample_e7e7fee37d9db547,564.4531,547.85156,529.2969,516.60156,497.5586,472.16797,458.98438,434.08203,430.17578,417.48047,403.3203,395.26367
sample_8dd6d6cde19e3294,316.40625,320.06836,337.1582,347.16797,347.65625,350.58594,353.75977,360.35156,368.16406,372.5586,378.17383,375.48828
sample_f809a74510f8a5fb,434.08203,416.25977,411.37695,396.24023,385.98633,374.75586,371.3379,370.8496,358.64258,360.83984,362.79297,358.1543
sample_2020156dc9ea50a1,691.89453,685.0586,685.5469,662.59766,644.04297,647.46094,631.34766,637.6953,609.8633,603.5156,588.3789,551.26953
sample_e90cbf949be520a3,327.88086,333.25195,345.94727,342.04102,345.21484,346.6797,351.07422,349.36523,362.79297,366.21094,367.67578,356.9336
sample_1a54b348c1de48ea,349.60938,352.29492,361.32812,340.33203,347.4121,370.8496,374.51172,390.86914,405.76172,414.55078,431.88477,425.78125
sample_2646dace051eaf5a,410.64453,398.68164,394.7754,397.2168,383.05664,385.2539,371.82617,374.26758,373.7793,375.0,370.60547,361.57227
sample_b4497d02d08dd3f1,526.3672,540.52734,534.66797,521.97266,541.9922,563.96484,535.64453,557.1289,552.2461,537.1094,549.3164,572.2656
sample_59be4908b4e0176d,440.91797,433.8379,438.23242,447.7539,426.0254,423.82812,435.30273,432.86133,425.29297,436.03516,430.41992,417.7246
sample_2c8181299cda7177,407.71484,397.2168,391.35742,391.60156,375.73242,380.12695,370.36133,370.36133,375.48828,379.8828,370.60547,364.7461
sample_7f5222cb3eb4929d,450.6836,443.60352,435.30273,411.37695,403.56445,419.4336,400.8789,417.23633,410.15625,411.6211,424.56055,427.49023
sample_5d8491474d0f4a46,628.41797,633.3008,626.9531,620.1172,636.23047,626.46484,595.7031,618.65234,603.5156,592.77344,600.09766,608.39844
sample_f2c1cd80d466bebb,406.25,407.71484,406.73828,403.07617,399.41406,390.38086,396.24023,386.4746,386.23047,382.32422,383.05664,379.39453
sample_66dea2418c27863a,333.0078,345.70312,343.99414,364.7461,363.28125,352.29492,380.3711,379.39453,383.54492,394.04297,397.2168,391.11328
sample_ee8a19f60fdc2d4d,324.95117,328.125,342.04102,340.0879,335.69336,327.14844,337.40234,335.9375,343.99414,344.23828,344.72656,336.18164
sample_bb264d2e5bd22818,464.35547,461.18164,446.5332,435.0586,427.73438,413.57422,407.4707,397.2168,394.53125,389.16016,382.32422,378.17383
sample_78a03df5a86e4d95,419.67773,425.29297,428.95508,439.20898,430.17578,431.39648,436.2793,440.67383,435.54688,437.98828,434.5703,426.0254
sample_2fc9cae6fdd41ae3,396.24023,397.94922,387.93945,387.6953,369.38477,378.41797,371.3379,371.09375,376.46484,381.34766,372.0703,371.82617
sample_a6e1dd60fe14455b,319.58008,325.6836,334.47266,337.1582,340.33203,356.20117,363.0371,367.1875,379.8828,389.16016,387.45117,384.0332
sample_c026d9f966fda071,392.57812,393.5547,406.98242,424.8047,430.41992,421.14258,431.15234,422.36328,424.8047,416.01562,423.58398,417.96875
sample_310851bc2a2224f6,296.875,302.49023,311.52344,314.9414,312.98828,334.7168,340.8203,354.0039,371.09375,378.41797,394.7754,382.56836
sample_8be79b1e12c5fe02,461.91406,465.8203,447.7539,451.41602,443.35938,436.52344,419.92188,435.0586,422.60742,426.7578,432.1289,413.08594
sample_a4928b43b599f291,328.61328,316.6504,321.04492,312.74414,301.0254,315.91797,307.37305,325.43945,325.6836,332.51953,341.06445,340.33203
sample_057379090f86b5df,309.81445,320.55664,333.74023,337.40234,343.26172,346.92383,352.29492,354.24805,362.3047,370.1172,369.87305,366.94336
sample_293555298fe036e1,325.92773,334.96094,343.50586,344.23828,348.14453,360.83984,367.1875,368.4082,380.85938,388.1836,386.23047,379.8828
sample_a2ad5a33f9f86187,530.27344,529.2969,529.78516,527.34375,506.34766,500.0,476.31836,464.35547,459.7168,442.8711,433.3496,427.00195
sample_6c54654e832d1537,457.03125,453.125,445.06836,438.7207,427.73438,412.59766,407.95898,393.5547,395.01953,384.76562,381.34766,376.46484
sample_011a3022d69c67be,387.20703,385.2539,385.98633,391.60156,385.2539,383.78906,381.10352,381.83594,381.83594,381.83594,388.42773,391.60156
sample_a456b719c10d00ff,513.1836,499.51172,487.54883,494.87305,464.5996,467.28516,472.4121,454.3457,461.42578,466.3086,462.40234,461.91406
sample_123b71f83d7c0e0b,368.4082,375.0,382.08008,383.54492,385.7422,378.90625,387.93945,380.61523,385.98633,383.30078,389.89258,387.20703
sample_025201e66fd12f26,367.43164,377.68555,388.1836,386.4746,397.46094,427.2461,421.875,435.0586,447.7539,452.14844,449.70703,463.62305
sample_828142ba94cee305,297.60742,312.5,314.20898,327.39258,312.5,332.03125,339.11133,343.50586,371.09375,381.34766,382.8125,385.00977
sample_8869b3fed1015681,328.125,335.69336,344.23828,345.94727,348.14453,361.8164,367.43164,370.1172,380.3711,387.6953,385.98633,380.3711
sample_421e3d2d555dea7a,638.1836,613.76953,607.91016,584.47266,541.9922,556.6406,524.41406,510.7422,505.3711,492.1875,472.65625,469.9707
sample_74fde0747e54042e,330.5664,335.69336,340.33203,360.35156,342.77344,367.1875,368.16406,376.70898,387.6953,398.4375,392.08984,384.52148
sample_db14813c9ec40ff2,373.04688,370.36133,379.63867,389.89258,393.0664,396.97266,402.0996,406.98242,409.42383,407.22656,423.0957,420.89844
sample_79fd30b0370675da,536.6211,536.1328,538.08594,526.85547,510.7422,509.27734,485.35156,490.9668,474.60938,471.6797,468.50586,451.9043
sample_da145a8a667979f1,676.7578,665.03906,674.8047,663.5742,673.8281,634.27734,615.2344,602.0508,572.2656,537.1094,539.5508,546.875
sample_25a8a8b1568f840c,344.9707,351.5625,353.27148,358.88672,373.04688,381.10352,389.16016,395.01953,396.97266,404.29688,409.9121,416.74805
sample_f514731ca62a9738,458.0078,455.32227,451.9043,455.5664,442.8711,421.875,423.33984,406.98242,404.29688,396.48438,393.31055,387.93945
sample_745b4f60a7f6eefa,357.66602,363.28125,372.80273,378.41797,372.80273,364.2578,377.9297,370.36133,374.26758,376.46484,376.2207,373.04688
sample_914752184535f34d,392.82227,413.33008,428.95508,437.25586,449.70703,478.27148,495.8496,511.71875,520.01953,541.5039,543.45703,547.85156
sample_557eb89f89a9c468,347.4121,347.9004,354.73633,359.61914,357.42188,361.08398,367.1875,368.89648,369.87305,379.8828,368.89648,367.43164
sample_a76d9677a5ef572e,539.5508,541.5039,520.9961,551.7578,523.9258,503.41797,513.6719,494.14062,500.0,497.5586,491.21094,471.1914
sample_caf97475faaff1f7,430.17578,429.6875,436.2793,434.81445,428.22266,420.89844,421.63086,415.52734,412.8418,412.10938,404.05273,396.72852
sample_902cd9066938e18b,631.83594,633.3008,622.0703,610.35156,583.0078,575.1953,578.6133,565.4297,546.3867,548.33984,518.0664,495.60547
sample_022b9864fb831d1a,352.29492,341.55273,345.70312,360.5957,345.45898,360.35156,354.73633,356.20117,364.01367,375.48828,366.21094,360.35156
sample_ce5e930af3082d64,423.82812,434.81445,454.10156,476.80664,513.1836,523.9258,551.26953,563.96484,578.125,597.16797,611.3281,617.1875
sample_8e3441f577e2d417,462.40234,444.33594,439.9414,419.67773,403.8086,391.60156,386.9629,379.1504,368.16406,368.16406,359.375,354.98047
sample_16be59985e29579b,310.30273,317.62695,330.5664,341.55273,346.1914,345.21484,357.42188,358.88672,365.72266,372.0703,376.46484,378.17383
sample_a7c92106d6766579,326.17188,339.5996,344.9707,353.27148,357.91016,351.5625,363.28125,360.5957,365.72266,370.1172,373.04688,369.6289
sample_c2efdb9c423742b6,660.64453,646.97266,632.8125,608.39844,583.0078,568.3594,536.6211,530.7617,492.67578,476.07422,478.27148,457.51953
sample_57f312fc691f11e9,330.5664,340.33203,353.02734,361.8164,368.65234,361.32812,375.48828,369.38477,378.6621,378.90625,383.30078,379.39453
sample_273591b7b3d74a69,339.35547,350.58594,357.42188,362.54883,368.65234,362.54883,372.80273,369.38477,372.0703,375.48828,377.4414,372.31445
sample_1e3905c41d6a2fe4,506.34766,516.60156,522.9492,528.3203,519.53125,506.34766,541.5039,524.41406,525.8789,537.59766,516.60156,493.65234
sample_5faaf6f8c0b59d2b,454.58984,452.63672,447.7539,437.5,431.64062,416.5039,417.23633,401.61133,401.85547,390.13672,391.11328,383.54492
sample_e797b18e8f520fc5,382.32422,409.42383,417.96875,438.47656,465.57617,477.53906,497.31445,520.5078,529.2969,556.15234,560.5469,558.59375
sample_fc590df46c610586,711.4258,712.40234,702.14844,674.3164,704.10156,689.4531,667.48047,675.78125,680.1758,685.0586,684.5703,687.5
sample_808d06a9def8c034,417.96875,419.4336,439.9414,447.7539,449.21875,451.66016,456.54297,449.70703,459.96094,451.66016,443.35938,446.28906
sample_00a10c700a59d910,369.38477,386.9629,395.01953,405.27344,397.94922,408.6914,408.44727,417.7246,417.48047,416.9922,409.42383,418.2129
sample_4ae6b15f33579141,305.17578,316.6504,328.61328,339.35547,346.6797,343.26172,359.61914,356.9336,363.28125,366.69922,374.26758,373.04688
sample_7456792a7457985a,360.35156,362.3047,360.35156,365.47852,354.73633,365.47852,376.2207,378.90625,392.57812,398.92578,398.68164,401.61133
sample_86ac4d61e6c34e77,320.80078,327.14844,338.8672,348.87695,351.07422,349.85352,360.5957,363.0371,366.94336,373.53516,379.1504,380.3711
sample_2d3b2cf8d8a17a87,450.1953,449.95117,445.3125,436.2793,430.17578,414.0625,416.25977,402.0996,397.46094,395.9961,383.78906,379.8828
sample_a3d6aec5c7576c70,375.0,369.6289,358.39844,364.99023,335.44922,357.42188,337.1582,366.45508,363.76953,369.6289,386.4746,380.12695
sample_a442ab5131bd1d85,426.7578,426.7578,425.04883,425.04883,411.37695,400.39062,402.5879,390.38086,390.38086,389.16016,380.3711,379.63867
sample_29c86f158e487940,397.2168,405.0293,411.86523,409.42383,412.10938,438.23242,435.30273,450.43945,451.41602,460.44922,462.64648,467.28516
sample_9d11747d554d4a3e,668.45703,634.7656,618.65234,609.8633,557.1289,557.1289,529.2969,512.6953,499.26758,493.65234,463.8672,447.50977
sample_865a673ff9e212b1,406.49414,405.0293,405.51758,407.71484,394.53125,405.27344,402.83203,392.82227,411.1328,412.59766,410.88867,400.39062
sample_36c5941d81bf4be4,377.4414,376.95312,374.02344,369.6289,364.50195,365.23438,371.3379,367.91992,375.0,382.32422,381.10352,381.83594
sample_e232f8e6e50f06e7,468.26172,451.41602,440.4297,428.4668,411.6211,392.82227,370.1172,371.3379,359.86328,348.6328,356.20117,356.4453
sample_1031688b83e2039a,437.5,423.82812,437.74414,438.96484,420.41016,417.7246,426.26953,415.2832,420.41016,416.5039,406.73828,389.16016
sample_efa0bc12d9a32777,359.86328,356.68945,364.50195,350.58594,350.09766,360.83984,353.75977,360.83984,374.26758,373.53516,385.2539,376.46484
sample_60888962fd25ca1b,350.3418,346.6797,352.7832,359.375,343.75,352.05078,351.80664,350.09766,357.42188,362.79297,349.1211,350.58594
sample_e98c2f4477357752,376.46484,392.08984,414.55078,425.5371,438.23242,466.79688,475.83008,495.60547,506.83594,533.6914,529.2969,532.71484
sample_c2f7caa1bef9ec58,428.71094,432.6172,447.26562,460.20508,438.7207,440.18555,427.2461,418.9453,428.71094,417.48047,407.95898,401.85547
sample_156782210715e7be,348.87695,352.7832,362.79297,363.5254,363.76953,361.57227,368.4082,365.9668,370.8496,371.09375,375.24414,368.65234
sample_4b37a93391c5d60b,453.125,445.3125,454.58984,471.92383,441.40625,456.54297,452.63672,447.7539,465.57617,473.6328,446.28906,440.67383
sample_3bf9eb6a1b713626,381.5918,383.78906,391.35742,393.79883,388.42773,376.95312,388.42773,378.17383,382.8125,380.3711,380.3711,376.70898
sample_fab0bf0ea9a4d975,417.7246,416.5039,433.8379,437.98828,447.50977,452.14844,479.24805,473.38867,480.46875,480.46875,484.86328,458.4961
sample_f07610287ecc3e89,408.6914,411.6211,415.77148,407.4707,399.41406,393.31055,396.72852,395.01953,395.5078,392.57812,404.54102,382.32422
sample_a915c44ac7ac202d,394.7754,396.48438,404.29688,404.05273,396.48438,382.8125,384.27734,375.48828,381.10352,381.34766,375.48828,371.82617
sample_c6f8749953e195af,406.25,404.29688,401.3672,382.08008,372.80273,400.14648,382.08008,401.85547,418.2129,428.22266,439.9414,432.6172
sample_2fa0fe8c1e5563cc,400.63477,400.8789,385.98633,390.625,371.09375,394.04297,381.10352,407.22656,409.1797,421.875,438.96484,437.25586
sample_507070442578054e,514.16016,498.53516,477.53906,474.36523,451.9043,442.3828,423.82812,424.56055,409.42383,406.25,399.6582,406.25
sample_fb222b75147378ab,343.75,351.31836,352.53906,366.45508,362.79297,373.04688,382.32422,387.93945,389.89258,402.34375,415.03906,404.54102
sample_02618879af651892,372.31445,377.9297,396.72852,404.54102,404.78516,412.8418,429.93164,425.78125,431.15234,434.5703,435.0586,423.33984
sample_27ce0cdb916bb6fc,365.72266,364.7461,367.1875,373.53516,365.23438,367.91992,367.1875,370.8496,369.14062,373.53516,372.5586,371.3379
sample_4a2a1c9164c8b5ee,410.15625,413.33008,406.73828,403.56445,408.93555,392.33398,385.98633,379.8828,381.83594,383.30078,371.82617,360.35156
sample_c46ba09b7b5370ab,398.4375,394.7754,394.2871,399.16992,388.67188,386.71875,387.45117,385.49805,381.83594,379.8828,390.38086,379.39453
sample_d3d3414528956728,333.98438,342.28516,354.4922,359.61914,365.47852,360.10742,371.3379,368.4082,374.02344,373.53516,380.3711,376.2207
sample_b3cf295801522e73,440.4297,438.96484,437.25586,427.00195,416.74805,405.51758,407.4707,400.39062,394.7754,393.0664,395.01953,373.04688
sample_023fb5e550a0caa2,453.61328,445.55664,440.67383,440.67383,437.5,431.88477,433.8379,433.8379,425.5371,420.89844,421.875,431.64062
sample_e0cb91e667103dbc,339.5996,344.72656,356.20117,357.42188,358.88672,356.20117,364.01367,361.8164,367.67578,370.1172,371.09375,367.1875
sample_fdde51eb17dac184,360.35156,359.86328,377.68555,393.5547,391.60156,397.46094,409.42383,406.98242,415.03906,420.89844,413.08594,409.1797
sample_8f6f2981b2942393,344.23828,353.51562,344.23828,344.48242,338.8672,338.62305,339.11133,350.3418,347.16797,352.05078,355.2246,359.375
sample_302a6d6b4c8b7d34,317.62695,325.92773,334.96094,328.61328,329.10156,353.75977,355.2246,373.53516,388.1836,397.94922,416.01562,405.27344
sample_574d962d8b059928,448.73047,432.37305,427.97852,433.3496,409.66797,388.91602,385.00977,377.68555,374.02344,365.23438,355.2246,354.24805
sample_17cfbe8d01eac8e9,332.2754,342.28516,351.80664,363.0371,368.65234,374.26758,384.27734,390.38086,395.5078,404.29688,406.98242,404.05273
sample_4abf772adba312c6,508.30078,497.5586,492.67578,509.76562,498.53516,497.5586,490.9668,486.08398,490.23438,483.88672,484.375,484.13086
sample_0079d25c2c5ac3f2,378.41797,384.76562,396.72852,418.70117,414.0625,418.2129,433.8379,437.74414,441.1621,447.7539,444.0918,433.8379
sample_9273589b525f7104,615.72266,613.28125,571.28906,570.8008,528.3203,528.8086,482.91016,498.7793,481.4453,493.16406,474.36523,464.84375
sample_13e3fdff17574e41,373.29102,377.68555,382.32422,392.33398,377.4414,386.23047,412.59766,411.6211,416.9922,431.64062,426.26953,425.78125
sample_a569a28d12627566,457.51953,455.5664,448.48633,435.79102,432.1289,418.9453,418.45703,402.34375,403.07617,395.5078,392.08984,385.49805
sample_316b8ba936458e12,344.48242,351.5625,361.8164,369.38477,363.0371,362.79297,369.38477,366.94336,369.87305,372.5586,377.19727,367.43164
sample_9ef8cbf61e535a49,624.5117,620.60547,610.83984,596.6797,589.35547,565.91797,546.3867,534.66797,507.8125,487.79297,482.17773,467.28516
sample_98bd2f8c574564a9,469.23828,468.26172,482.42188,480.2246,455.5664,443.11523,442.3828,434.32617,425.78125,414.0625,402.5879,401.61133
sample_76d163e2d49e9054,449.70703,451.66016,471.43555,480.7129,477.7832,473.14453,484.61914,480.95703,478.02734,472.65625,461.42578,452.14844
sample_441284b3449b40b8,444.33594,438.96484,433.3496,445.55664,427.97852,440.91797,455.07812,446.28906,475.58594,483.39844,482.91016,485.83984
sample_30593107ca8f4adc,427.2461,428.71094,421.63086,416.74805,407.22656,399.90234,397.70508,385.98633,386.9629,385.2539,378.17383,377.4414
sample_ebc7d937425aa2fd,451.66016,443.35938,439.9414,447.7539,421.38672,428.71094,425.04883,420.16602,415.2832,425.78125,410.4004,404.29688
sample_8d06777854284b11,578.6133,562.0117,543.45703,527.83203,497.5586,498.53516,469.72656,469.48242,451.66016,447.26562,436.52344,416.25977
sample_edbb355eac3f707d,691.89453,694.8242,690.4297,668.45703,698.2422,686.03516,666.5039,676.7578,685.5469,691.40625,691.89453,691.40625
sample_aec0f807a8d90ffd,532.22656,541.5039,539.0625,516.1133,504.8828,500.97656,491.94336,485.5957,459.96094,454.58984,440.18555,434.08203
sample_6fc8cc1a4cd7265f,341.06445,349.60938,350.83008,362.54883,376.46484,382.8125,393.31055,397.46094,401.3672,408.6914,414.55078,421.875
sample_5b2ab25e3adae783,458.98438,451.66016,441.1621,436.2793,423.33984,414.30664,406.73828,398.19336,398.19336,395.01953,386.9629,384.0332
sample_d04f18d13f906177,381.34766,405.0293,422.85156,444.33594,451.17188,467.77344,492.91992,496.3379,499.02344,513.1836,503.41797,498.53516
sample_d13d943358c49c6b,421.63086,416.74805,421.63086,428.22266,409.1797,405.51758,420.41016,423.0957,405.0293,414.55078,412.8418,400.8789
sample_2661de60ef3b7f96,371.3379,369.87305,384.27734,397.2168,388.91602,386.71875,389.89258,387.6953,384.27734,386.23047,393.0664,386.9629
sample_a178a00324cf95f9,326.41602,330.32227,338.3789,332.76367,332.2754,328.36914,346.92383,344.23828,349.85352,357.91016,361.57227,356.9336
sample_3ccbcfb353d3c6e8,687.9883,669.4336,682.1289,668.45703,674.8047,631.34766,618.16406,598.14453,565.91797,528.8086,531.25,535.15625
sample_4adf302e581253a9,359.13086,371.58203,367.91992,392.08984,403.07617,408.20312,411.1328,439.9414,444.82422,458.0078,487.79297,492.67578
sample_24e7d0e681559842,398.92578,407.71484,418.70117,429.6875,428.22266,437.5,443.11523,437.25586,437.98828,443.35938,433.8379,438.96484
sample_f4041c9d78c9fe42,506.83594,493.65234,474.60938,470.94727,443.84766,439.69727,414.30664,411.6211,399.41406,399.90234,387.45117,394.2871
sample_7bd68a27fe8f93b7,372.5586,371.09375,364.7461,356.68945,349.1211,358.64258,362.54883,365.9668,374.51172,385.2539,395.01953,394.7754
sample_d20aa291aa189fad,371.58203,373.7793,365.23438,365.72266,369.87305,383.05664,375.97656,394.53125,398.19336,402.83203,413.57422,429.19922
sample_120fa03ca6c36d8d,437.01172,435.79102,432.6172,440.4297,430.41992,409.66797,411.37695,398.19336,398.4375,388.1836,388.91602,383.05664
sample_9e1aa6b01fb87aa9,590.8203,584.96094,578.6133,548.33984,530.27344,522.46094,504.8828,500.97656,461.42578,452.14844,449.70703,437.74414
sample_948c0f47f056a205,630.3711,631.34766,609.375,590.33203,569.33594,571.28906,529.78516,531.25,510.2539,499.51172,480.7129,482.91016
sample_4c39af3b40a750e6,354.73633,349.60938,351.5625,364.50195,359.86328,363.28125,368.89648,387.93945,376.70898,386.23047,399.90234,412.8418
sample_c3aeaebb20549903,588.3789,579.58984,575.6836,560.0586,533.2031,536.1328,509.76562,510.7422,484.86328,487.79297,472.16797,453.125
sample_0013684ef0a5399e,668.45703,665.03906,647.9492,659.66797,652.34375,632.3242,625.0,622.0703,598.14453,590.8203,571.28906,560.5469
sample_160f2acf2c52b3af,332.03125,341.79688,352.05078,358.64258,365.9668,362.3047,374.26758,371.82617,376.2207,377.9297,385.98633,383.05664
sample_e053cb13ca8ea306,399.6582,395.26367,390.625,385.00977,369.6289,370.8496,363.0371,364.50195,366.94336,369.6289,365.23438,366.45508
sample_2bb3135f2c964e64,655.27344,649.90234,634.27734,646.4844,631.34766,613.76953,607.91016,603.5156,580.5664,575.6836,554.1992,540.03906
sample_c9dfdda2a583a18d,436.52344,445.06836,437.74414,454.10156,460.44922,477.05078,496.3379,488.0371,524.90234,541.5039,542.48047,549.8047
sample_35431ae3419ff7ac,327.14844,338.8672,345.45898,363.0371,360.10742,351.31836,372.5586,371.09375,375.0,383.78906,380.85938,375.24414
sample_c2b9a100a65495aa,360.35156,373.7793,368.89648,382.56836,362.3047,370.8496,372.31445,368.89648,385.98633,387.20703,384.0332,382.08008
sample_e6a506615dddbe5f,362.54883,370.1172,382.32422,381.83594,383.78906,389.89258,399.41406,401.12305,407.95898,413.08594,413.08594,411.37695
sample_847d947fa62d5df7,332.76367,335.44922,338.8672,337.40234,338.8672,336.18164,351.31836,353.27148,359.375,368.65234,371.82617,369.87305
sample_dabcebbe3c891989,396.97266,415.03906,427.73438,478.27148,485.83984,503.90625,529.2969,541.9922,547.3633,566.89453,568.3594,564.9414
sample_43e714cf1a278a6d,394.2871,401.85547,395.5078,394.7754,401.3672,408.44727,414.0625,411.37695,414.79492,419.92188,416.74805,411.37695
sample_e9feccd0d21f4fdd,571.77734,534.66797,501.95312,490.9668,449.4629,444.0918,419.92188,409.9121,400.63477,388.1836,382.56836,386.71875
sample_40653fb5286966aa,395.5078,415.52734,430.9082,444.82422,457.51953,482.66602,499.26758,515.1367,520.9961,541.0156,541.9922,542.96875
sample_21a3925795227c7b,552.7344,551.26953,556.6406,541.9922,523.4375,512.6953,500.48828,490.47852,464.35547,455.07812,440.91797,438.7207
sample_8330221633cb22fb,473.14453,466.06445,461.18164,469.9707,445.80078,450.1953,454.10156,440.4297,446.28906,447.7539,437.5,423.0957
sample_d434fbb85c8f47bc,388.42773,389.64844,390.86914,396.24023,384.76562,381.83594,380.3711,376.2207,376.70898,381.34766,380.61523,383.78906
sample_9c0bcc17b8fa9e0e,665.52734,658.2031,671.875,661.1328,681.15234,637.6953,619.6289,609.375,585.4492,549.8047,554.1992,562.5
sample_54a9a683c686fd37,375.24414,374.02344,384.76562,376.2207,368.65234,401.61133,400.63477,420.41016,432.6172,448.73047,461.18164,457.51953
sample_9d7877bedc0c2560,369.6289,375.97656,371.58203,366.45508,378.17383,384.52148,387.6953,392.82227,395.75195,397.94922,406.98242,411.6211
sample_04f8bfa14818e857,551.7578,553.22266,556.6406,543.45703,530.7617,521.4844,510.7422,499.26758,479.0039,467.28516,460.9375,461.66992
sample_b17b5bebc9cc6ed1,426.0254,442.62695,451.66016,483.1543,497.5586,519.53125,538.5742,552.7344,561.52344,594.72656,583.0078,592.28516
sample_2065e5d7f04c2f01,316.1621,331.0547,343.50586,339.5996,340.8203,366.21094,380.3711,398.19336,410.64453,430.66406,445.3125,438.23242
sample_c966b5ed28fca0bc,358.1543,357.42188,364.2578,351.5625,342.28516,352.53906,346.1914,360.10742,357.42188,361.32812,371.09375,371.82617
sample_d31efad2fd13f3bf,387.6953,387.20703,390.13672,385.2539,381.83594,377.9297,379.1504,374.02344,371.58203,372.5586,374.02344,367.1875
sample_5139705ad99aa113,435.0586,425.78125,414.79492,422.60742,394.53125,404.54102,395.9961,407.95898,394.04297,407.22656,409.42383,421.875
sample_18ed84aa379feef7,398.68164,403.3203,405.76172,408.93555,418.45703,433.59375,432.86133,449.4629,442.3828,454.10156,449.4629,464.35547
sample_69af8bd521a327f2,371.58203,370.36133,373.04688,379.1504,373.04688,370.36133,364.99023,364.2578,367.1875,373.53516,365.47852,363.0371
sample_09309318b478645c,400.8789,406.73828,407.95898,395.75195,381.34766,414.30664,405.27344,424.07227,445.06836,460.44922,475.83008,465.8203
sample_73f8a4e89fbbf40c,358.64258,361.8164,355.7129,375.48828,368.4082,382.8125,390.38086,416.74805,416.9922,434.08203,470.21484,476.80664
sample_0c559b72f5ee284e,321.04492,330.07812,342.5293,349.85352,353.02734,352.05078,364.01367,363.76953,369.87305,371.58203,378.41797,377.68555
sample_47ca03576ff9443a,351.07422,356.9336,360.5957,368.4082,368.65234,376.46484,375.97656,381.5918,388.91602,394.04297,391.8457,396.48438
sample_46aa23a8ab11be3e,442.8711,438.96484,434.32617,437.74414,427.73438,421.875,409.42383,404.54102,405.0293,396.97266,391.11328,389.89258
sample_0f46c4202bf91ec4,355.2246,361.8164,375.0,392.82227,385.2539,379.1504,387.6953,382.56836,382.32422,384.27734,387.20703,380.85938
sample_a374008011ff3bca,401.3672,388.42773,385.2539,387.6953,387.6953,381.83594,375.48828,379.63867,370.60547,373.53516,375.0,382.08008
sample_802c4a7511340745,403.56445,408.44727,400.8789,399.90234,397.46094,424.56055,412.35352,440.67383,449.21875,467.28516,485.10742,481.9336
sample_7fc1c2bc9131cef1,380.61523,392.33398,404.78516,434.32617,452.88086,482.66602,497.80273,523.4375,526.85547,551.26953,553.22266,562.5
sample_b6b2bedb97228c95,416.01562,416.25977,418.2129,408.44727,405.27344,392.82227,395.5078,382.32422,386.71875,382.8125,378.17383,370.1172
sample_8c2b67897e414125,385.00977,397.2168,413.81836,410.4004,410.15625,444.0918,448.73047,467.28516,487.06055,506.34766,513.1836,512.6953
sample_abd0a2eaf7cb4046,373.53516,373.04688,367.43164,367.43164,355.95703,356.9336,360.5957,366.69922,358.64258,362.3047,366.69922,371.09375
sample_4500214616e55071,410.15625,410.4004,410.15625,398.19336,400.39062,394.53125,391.60156,385.98633,385.98633,381.83594,382.8125,372.31445
sample_342cd8b590222ce5,321.77734,331.0547,336.18164,361.8164,351.31836,357.91016,361.08398,387.93945,382.56836,395.01953,413.57422,399.90234
sample_b9d8bc4599901213,352.7832,356.9336,350.58594,365.9668,360.35156,375.24414,382.56836,409.42383,411.1328,426.7578,465.57617,473.87695
sample_944dd93dfdd60092,404.29688,401.3672,404.29688,410.64453,400.14648,389.16016,381.5918,377.19727,384.0332,381.34766,373.7793,373.04688
sample_9bd4b758f5dfc0d7,518.0664,507.32422,493.89648,487.06055,472.16797,453.61328,444.82422,430.9082,430.17578,416.01562,411.1328,411.6211
sample_d8a31b3b8c283bd6,435.54688,428.95508,413.33008,416.74805,405.27344,404.54102,393.31055,392.82227,388.91602,387.6953,386.9629,382.56836
sample_94d6bbd780ee5fee,351.80664,364.2578,378.17383,387.93945,379.8828,390.13672,421.38672,417.96875,431.15234,449.21875,436.76758,426.26953
sample_b54a8aab5beb87ae,320.55664,326.9043,333.4961,340.57617,346.92383,354.0039,357.91016,360.83984,370.60547,372.5586,382.8125,387.6953
sample_e655298e9db64530,492.1875,486.32812,473.38867,482.66602,459.96094,461.42578,466.55273,459.7168,459.47266,464.84375,453.85742,456.54297
sample_38e068a167ad7007,392.82227,389.89258,382.56836,395.9961,384.27734,375.24414,375.97656,382.8125,375.73242,377.4414,373.7793,372.5586
sample_4768854fcf248743,400.63477,401.3672,402.0996,400.14648,398.4375,390.625,390.38086,381.10352,385.98633,380.3711,380.61523,375.97656
sample_5fe7b2b2df3f7a6b,369.87305,369.87305,377.9297,384.52148,385.49805,385.2539,387.45117,387.45117,390.625,396.48438,394.2871,397.2168
sample_2d143fe1d6d2244b,410.88867,412.59766,414.79492,425.04883,419.92188,414.79492,425.29297,430.41992,429.6875,433.59375,440.18555,440.4297
sample_1829e7c51870c80c,340.33203,352.05078,350.09766,355.46875,346.1914,359.13086,364.2578,362.54883,384.0332,389.64844,385.00977,386.4746
sample_db1ed1d5fea725cb,382.8125,377.9297,380.3711,390.86914,388.1836,398.68164,389.16016,404.54102,399.90234,399.41406,410.4004,416.01562
sample_4b6636d4728d3e5b,325.1953,331.7871,338.62305,341.55273,339.11133,358.64258,359.86328,366.94336,376.2207,383.30078,384.52148,383.78906
sample_9a5f1a9b93fd644c,345.21484,341.79688,340.8203,339.35547,322.26562,328.61328,320.80078,332.03125,331.54297,342.28516,339.35547,340.0879
sample_65b8cf23d454a128,547.3633,533.2031,511.71875,494.87305,466.3086,472.65625,444.58008,446.04492,434.08203,433.59375,419.4336,405.51758
sample_2a242f2870e04dc1,582.51953,572.7539,559.5703,567.8711,536.6211,518.0664,504.39453,488.0371,469.23828,451.66016,443.60352,426.51367
sample_d81097cd7bbdfb18,462.40234,458.98438,448.9746,438.23242,434.32617,419.67773,418.2129,401.3672,403.56445,395.01953,394.2871,388.1836
sample_8c553284d19c77c3,436.52344,437.98828,437.74414,431.88477,420.89844,407.4707,412.10938,403.56445,400.63477,391.60156,404.78516,391.35742
sample_354e35c74b667fd3,311.03516,327.88086,354.0039,382.08008,388.1836,398.92578,432.37305,439.69727,444.33594,465.33203,456.29883,446.5332
sample_6bc5c8742aaff4a9,367.67578,371.09375,378.90625,391.60156,393.0664,390.38086,398.68164,396.48438,400.39062,402.83203,405.27344,407.71484
sample_2904e9a4c8d3832b,444.82422,454.3457,467.04102,479.73633,473.14453,463.62305,488.28125,475.83008,474.36523,476.5625,468.50586,444.33594
sample_7676aaccd1475559,325.1953,335.20508,338.13477,341.3086,341.06445,359.61914,360.5957,368.89648,379.1504,386.23047,387.93945,388.91602
sample_60d002e99b6a1e0f,515.625,518.5547,519.53125,562.0117,565.91797,578.125,581.0547,606.9336,605.95703,618.65234,625.97656,620.60547
sample_fdf45e9d2845fce9,378.90625,374.75586,376.70898,386.71875,365.23438,366.21094,364.01367,358.1543,364.50195,369.6289,352.7832,350.3418
sample_e0a17768680fc648,422.85156,422.85156,422.60742,437.25586,422.60742,429.6875,456.0547,444.82422,472.16797,484.375,478.51562,480.7129
sample_049dc8b66fdab047,483.88672,471.1914,449.70703,454.83398,424.3164,426.26953,404.05273,408.93555,397.2168,399.41406,395.26367,408.6914
sample_cdf8b8a4e385ec12,327.39258,331.54297,328.85742,343.26172,340.33203,355.95703,356.68945,377.19727,380.61523,394.53125,407.71484,398.68164
sample_c6c20f9cab0c9f3b,363.0371,370.1172,385.49805,390.38086,404.54102,401.85547,414.79492,415.03906,414.0625,418.45703,414.0625,420.89844
sample_46115e3157895047,382.8125,385.98633,397.46094,391.11328,382.8125,416.5039,418.70117,438.47656,452.14844,470.21484,481.9336,478.75977
sample_df2b7c8377bf0749,589.84375,570.3125,543.9453,540.03906,499.26758,485.83984,479.73633,458.74023,437.98828,434.08203,405.76172,396.24023
sample_f2aa5e4f8177c4a7,381.34766,384.76562,390.38086,391.35742,386.23047,375.0,371.58203,367.91992,371.09375,375.97656,366.45508,363.0371
sample_0b26aa755b3910ee,514.64844,492.67578,487.79297,482.17773,451.9043,440.67383,419.18945,419.67773,405.27344,398.92578,385.7422,382.8125
sample_c1482dbc36292bc7,351.80664,357.91016,375.73242,388.1836,376.46484,387.6953,395.9961,398.4375,405.76172,414.0625,407.4707,390.625
sample_2b7f06acd135aae4,445.80078,429.44336,424.8047,424.8047,390.86914,405.51758,388.1836,375.73242,407.71484,402.83203,388.1836,386.23047
sample_6eb22f86dd558e82,364.7461,363.76953,373.04688,381.83594,372.0703,367.1875,372.5586,372.31445,371.09375,373.04688,378.90625,377.9297
sample_89ae42348df70ce1,489.2578,472.16797,473.87695,476.31836,445.3125,449.70703,425.04883,434.32617,428.22266,423.33984,416.9922,419.92188
sample_e5f3b4a35eae31b2,307.1289,319.82422,331.7871,340.33203,348.87695,346.1914,357.66602,356.68945,363.28125,369.14062,372.80273,371.58203
sample_feb870857a91424e,376.2207,380.61523,380.12695,368.89648,369.38477,398.4375,387.6953,401.3672,415.52734,423.33984,427.73438,441.6504
sample_aa26cfd1e4cb322e,385.00977,384.52148,380.61523,369.14062,358.1543,352.29492,355.46875,351.07422,353.02734,351.07422,354.0039,347.9004
sample_e10d661db4c0684f,339.84375,344.48242,356.9336,350.83008,346.43555,336.66992,350.58594,346.92383,353.02734,354.0039,352.7832,347.16797
sample_f1ac6e751b432ff4,439.45312,435.0586,436.52344,453.36914,448.2422,434.08203,436.03516,429.93164,427.73438,423.82812,421.14258,425.29297
sample_98b8b01e3f680d6c,321.04492,326.17188,341.3086,350.83008,350.3418,351.07422,355.95703,361.08398,367.43164,372.5586,377.68555,374.02344
sample_f4bfaf53ac02891e,416.25977,427.49023,444.33594,460.9375,459.22852,453.85742,479.98047,471.6797,475.09766,482.42188,475.09766,448.2422
sample_f309fa228b92c6cb,362.54883,366.69922,373.29102,374.26758,374.26758,383.30078,385.2539,406.49414,404.05273,418.9453,433.8379,428.71094
sample_dda0ec8703208e8c,406.49414,400.14648,401.85547,401.61133,375.73242,397.46094,396.97266,388.1836,414.0625,424.3164,411.1328,411.1328
sample_f0b18de55d95325b,592.28516,570.3125,580.0781,576.66016,545.89844,547.3633,544.4336,525.8789,526.85547,530.7617,492.43164,461.18164
sample_b84e718397363c77,411.1328,416.74805,410.4004,440.18555,423.58398,420.89844,444.0918,436.2793,440.4297,452.63672,436.76758,441.89453
sample_682e70a494cdf8ed,415.52734,423.0957,441.89453,483.64258,484.86328,501.95312,524.41406,532.71484,537.59766,555.66406,553.71094,542.48047
sample_4d2b4dbcaf181640,432.37305,425.29297,407.22656,401.61133,390.86914,384.52148,389.16016,394.7754,383.30078,388.1836,401.61133,407.22656
sample_4c29b121bae29bd3,329.58984,338.8672,339.35547,342.04102,342.28516,337.64648,359.86328,363.28125,359.375,370.1172,368.4082,368.89648
sample_266551f8b9ea9303,372.5586,392.08984,414.30664,427.73438,461.18164,477.53906,504.8828,519.53125,540.52734,565.91797,588.3789,595.7031
sample_3ce884f8ab4ce5ed,343.26172,340.0879,342.28516,343.01758,331.0547,345.45898,345.94727,349.1211,359.375,361.32812,366.21094,362.06055
sample_392d2a4380983bf3,489.2578,487.79297,459.47266,454.10156,449.21875,433.59375,410.4004,405.76172,403.8086,397.94922,385.7422,372.0703
sample_ae37578fdd1a666c,530.27344,517.08984,486.32812,480.2246,442.3828,437.01172,417.7246,406.49414,395.9961,396.48438,370.36133,376.70898
sample_ff482ebe0bd7dd9c,362.3047,366.45508,375.97656,377.19727,379.8828,371.82617,383.78906,376.2207,379.39453,377.9297,385.00977,379.1504
sample_f43b8e8c98a241fc,297.85156,308.8379,322.99805,331.0547,337.89062,338.13477,350.83008,350.83008,357.91016,362.79297,369.38477,366.69922
sample_a91f5f153a08d141,329.10156,335.9375,346.92383,347.65625,352.05078,355.46875,358.39844,360.10742,365.72266,368.65234,373.29102,365.72266
sample_92f528688d3bf24d,403.56445,409.1797,402.34375,412.59766,391.60156,401.61133,406.98242,408.93555,419.18945,425.78125,417.7246,417.7246
sample_563fbb15c0edd6b3,375.24414,378.6621,384.0332,383.54492,379.63867,371.09375,381.83594,376.2207,376.46484,378.90625,378.17383,375.48828
sample_98a8ebab6521498c,349.85352,349.85352,361.32812,370.8496,371.58203,378.17383,382.08008,384.52148,388.91602,389.64844,396.72852,394.53125
sample_7e305228398b968f,403.8086,411.37695,420.89844,428.95508,429.19922,444.33594,446.5332,445.80078,448.9746,453.125,446.28906,451.17188
sample_caa449088cfc4523,444.82422,465.33203,470.94727,490.47852,493.16406,495.60547,499.02344,509.27734,499.02344,509.76562,497.0703,485.83984
sample_af4ba808de832497,506.34766,499.51172,488.28125,484.61914,455.5664,458.0078,455.81055,451.17188,441.1621,447.26562,436.76758,417.23633
sample_2db3d321dd8db5e0,328.125,329.58984,326.41602,341.55273,338.8672,354.4922,353.27148,375.73242,377.19727,390.625,403.07617,396.72852
sample_a83e353bfb564be8,406.73828,409.42383,410.15625,405.0293,406.98242,395.9961,401.3672,390.38086,393.5547,387.20703,392.08984,385.00977
sample_c51361562f214cb5,387.6953,397.2168,406.49414,421.875,421.38672,424.3164,444.0918,448.73047,451.17188,462.89062,458.4961,452.14844
sample_26837e6f7ec759ea,482.91016,465.0879,462.64648,463.62305,434.5703,430.9082,432.1289,421.14258,426.26953,421.38672,410.4004,407.4707
sample_4b705b6b6dfcf9c2,353.51562,354.24805,355.46875,370.8496,351.07422,358.1543,357.91016,352.7832,366.69922,371.09375,358.64258,356.4453
sample_c7b668357689e8c6,312.98828,322.26562,333.74023,328.85742,328.36914,346.6797,362.3047,377.4414,387.6953,400.39062,416.5039,415.03906
sample_c22fb240ef804d77,400.39062,400.39062,420.89844,419.67773,414.0625,414.55078,435.30273,423.0957,431.39648,428.22266,424.8047,416.74805
sample_86679ac78aa09b5e,504.39453,495.1172,482.91016,476.31836,461.42578,442.3828,434.81445,420.41016,416.9922,406.25,397.94922,398.92578
sample_a564dffc61ed8fb3,379.1504,389.89258,391.8457,379.1504,379.1504,401.85547,402.0996,419.18945,434.32617,453.61328,461.91406,452.39258
sample_d36cfb032768ce36,349.1211,350.83008,362.79297,365.9668,365.23438,360.35156,368.65234,365.23438,370.1172,370.1172,374.51172,366.21094
sample_eeac0eb025842d0d,338.13477,334.22852,346.43555,355.2246,343.99414,359.61914,361.8164,364.01367,372.5586,386.23047,374.26758,370.60547
sample_b03f39b2b5dfb575,360.5957,362.54883,379.1504,388.91602,380.85938,393.79883,388.67188,392.57812,406.98242,410.15625,396.24023,388.67188
sample_e56e02dad762fece,376.95312,375.0,377.4414,384.52148,366.21094,369.38477,373.04688,364.01367,373.29102,377.9297,361.57227,360.10742
sample_b3a71b0232f49280,350.09766,359.375,361.57227,371.09375,353.75977,371.58203,380.85938,384.0332,401.12305,409.66797,399.16992,398.68164
sample_2f31ebc640ceb991,414.55078,400.14648,393.0664,388.91602,366.21094,381.5918,357.17773,380.12695,376.46484,376.95312,385.49805,379.1504
sample_1716e9e3f03cefea,360.35156,367.43164,365.47852,375.73242,380.85938,374.02344,380.61523,383.05664,391.11328,391.60156,393.0664,403.07617
sample_5feaf6465de6da2d,297.11914,308.10547,323.2422,334.96094,343.01758,343.75,358.1543,359.86328,364.7461,369.6289,377.68555,376.95312
sample_5dd8ea42457ed034,381.10352,395.5078,406.73828,444.82422,456.0547,463.62305,474.85352,489.7461,486.08398,492.67578,490.9668,492.91992
sample_d1acfc296cb4a2d5,507.32422,493.65234,470.45898,461.91406,447.02148,435.54688,415.77148,407.4707,402.83203,393.0664,383.30078,381.5918
sample_76b85ca3cc0a1944,448.73047,455.5664,471.92383,482.66602,472.9004,473.6328,488.0371,487.54883,485.83984,489.2578,488.5254,475.09766
sample_1886fb78df2f336d,406.25,399.41406,399.41406,404.29688,389.89258,388.42773,382.08008,378.6621,378.6621,377.4414,365.72266,365.72266
sample_81b747d6da230ac5,403.3203,407.71484,412.35352,413.33008,409.66797,410.4004,414.55078,430.41992,418.2129,425.29297,426.7578,420.89844
sample_b795a6ed7540c562,383.30078,391.35742,391.35742,398.68164,371.3379,393.0664,388.67188,404.78516,408.20312,430.17578,431.15234,424.3164
sample_6972dd674065c490,366.45508,367.91992,365.9668,355.2246,346.6797,341.79688,348.14453,344.72656,347.65625,347.65625,350.3418,344.72656
sample_3fadd1b7b6a8cdda,362.3047,362.06055,371.82617,373.04688,367.67578,369.38477,380.12695,382.56836,379.8828,386.23047,392.08984,373.53516
sample_1435433c82395272,369.6289,374.75586,375.97656,379.1504,384.76562,382.8125,387.93945,390.13672,395.26367,394.53125,400.63477,405.51758
sample_9f91add5ba88de7d,364.01367,366.21094,367.91992,376.2207,359.13086,363.0371,367.1875,358.64258,368.65234,375.48828,358.88672,357.17773
sample_35bf5867b4bd6472,396.97266,404.54102,398.92578,406.00586,402.83203,411.6211,416.74805,421.63086,441.89453,445.80078,457.51953,462.40234
sample_4f0b215c590e934a,395.5078,405.51758,415.52734,424.07227,404.78516,418.9453,426.26953,421.875,436.2793,440.91797,425.5371,422.85156
sample_565e628681da1ad8,429.93164,406.73828,404.05273,416.25977,398.92578,404.54102,380.12695,407.95898,396.48438,393.5547,407.95898,428.4668
sample_aa223eafe4c08e41,636.23047,628.90625,611.3281,624.5117,603.02734,590.33203,584.96094,579.58984,559.5703,561.03516,533.6914,520.9961
sample_f6b77e92cb913405,400.8789,421.14258,437.01172,487.06055,495.60547,509.76562,538.08594,551.26953,556.15234,577.6367,571.77734,565.91797
sample_3b4fb87895f8601d,368.4082,374.75586,368.4082,381.5918,375.48828,372.5586,382.56836,379.8828,384.27734,388.67188,384.76562,382.32422
sample_5e08ffbab549cca1,469.23828,480.46875,495.8496,514.64844,502.4414,497.5586,511.23047,501.95312,508.78906,508.78906,501.95312,478.02734
sample_8e9cb979b2cf9489,346.43555,357.42188,362.54883,371.3379,365.23438,385.98633,394.2871,412.59766,429.6875,450.1953,467.28516,461.66992
sample_bd580481b4c02c90,365.47852,371.09375,365.23438,371.09375,369.14062,366.21094,378.6621,375.48828,381.5918,388.1836,385.00977,384.0332
sample_84b3381317809bbb,406.73828,398.92578,399.90234,389.16016,372.5586,388.91602,369.87305,378.41797,383.30078,386.71875,386.71875,374.51172
sample_8c835ec6d649fa8a,394.7754,385.7422,388.42773,373.29102,359.61914,366.94336,355.2246,360.10742,363.76953,360.83984,366.45508,364.99023
sample_d981475930acfdf5,364.2578,370.1172,384.52148,390.38086,403.8086,402.83203,417.23633,417.23633,415.52734,419.92188,417.23633,422.11914
sample_b956cb0419fb3ab9,361.08398,362.79297,359.375,370.8496,367.1875,365.72266,359.86328,369.38477,370.8496,377.9297,375.97656,374.51172
sample_420ae68295d9ae82,458.98438,447.50977,446.04492,451.41602,424.8047,417.96875,414.55078,408.20312,408.44727,400.39062,392.82227,384.76562
sample_224fa1ee2ca14b89,353.02734,348.87695,354.73633,348.87695,375.0,408.20312,412.8418,442.62695,457.2754,481.4453,518.0664,533.6914
sample_a973595c42abbbf8,665.03906,655.27344,641.60156,639.16016,612.3047,583.9844,578.6133,567.3828,529.78516,513.6719,501.46484,468.26172
sample_4b1190b7bb82a39e,366.69922,367.1875,375.0,375.73242,359.13086,375.48828,372.80273,385.00977,384.0332,391.60156,397.46094,393.31055
sample_115c8ec6c4533588,374.51172,383.30078,396.72852,401.3672,414.0625,406.49414,419.4336,413.33008,414.0625,416.9922,404.54102,415.52734
sample_5d43066c8b882bfa,379.8828,376.46484,374.51172,382.08008,370.36133,374.75586,367.91992,368.65234,375.0,377.4414,373.29102,370.8496
sample_99905707b44bb0f0,532.71484,521.4844,511.71875,505.85938,489.2578,467.77344,463.62305,442.13867,445.80078,425.78125,423.0957,421.875
sample_14c372ce8cacae73,588.8672,582.51953,563.47656,562.0117,524.41406,512.6953,499.26758,483.39844,461.66992,454.10156,431.15234,418.70117
sample_79b9dbc8d095a7b0,484.86328,478.02734,469.9707,465.57617,441.40625,437.25586,427.49023,420.16602,414.30664,416.01562,406.73828,390.38086
sample_e09ed3272e282abd,411.37695,421.14258,415.77148,434.5703,414.79492,429.93164,443.11523,444.33594,458.74023,473.14453,473.38867,472.16797
sample_27097667a642d702,539.5508,550.78125,563.47656,559.08203,562.5,542.96875,520.9961,524.90234,507.32422,488.28125,488.5254,491.69922
sample_3449524713a3a8d6,654.2969,656.7383,642.5781,653.8086,655.7617,632.8125,627.4414,624.5117,608.39844,599.1211,582.51953,573.2422
sample_90b24ae88a2e0caf,389.16016,387.45117,386.9629,372.31445,374.75586,387.20703,378.90625,401.12305,399.6582,401.3672,428.22266,429.19922
sample_726f1409774d58ea,332.76367,346.92383,366.45508,381.5918,389.64844,396.48438,417.23633,424.56055,427.00195,438.96484,435.30273,425.29297
sample_6036b1e706abb283,323.9746,319.58008,325.6836,319.33594,317.13867,326.41602,327.63672,338.13477,345.70312,353.02734,365.23438,361.57227
sample_0d3549329427bc28,610.35156,604.98047,594.72656,582.03125,566.40625,550.29297,529.2969,515.625,493.16406,473.6328,466.3086,455.81055
sample_a4203b5fb7640798,398.19336,397.46094,404.05273,401.61133,399.16992,399.16992,390.38086,392.57812,400.14648,396.48438,392.82227,381.34766
sample_fc043a00e7c21de3,299.8047,305.9082,310.54688,326.41602,318.35938,337.40234,345.94727,357.17773,368.89648,384.76562,387.93945,380.3711
sample_346c13a5be3c1567,556.15234,537.59766,517.08984,514.16016,504.8828,482.17773,475.83008,461.42578,452.63672,439.9414,430.66406,439.20898
sample_15140c286e83f0f8,375.73242,378.17383,379.1504,382.08008,387.45117,391.35742,395.9961,396.24023,399.41406,401.3672,405.0293,409.9121
sample_9090e61424cc8f52,370.60547,365.23438,393.79883,408.93555,417.48047,415.03906,436.03516,428.95508,428.71094,427.73438,437.25586,434.81445
sample_25ca206aa0beb8dd,360.5957,365.47852,375.24414,369.38477,361.08398,352.7832,363.5254,359.375,362.54883,362.3047,361.57227,357.91016
sample_494679bee222db8a,453.61328,438.47656,429.44336,431.15234,398.92578,399.41406,382.08008,378.17383,378.90625,369.14062,364.99023,367.43164
sample_41d197835bdd023f,344.72656,349.85352,345.21484,348.87695,335.44922,353.27148,348.87695,351.07422,360.5957,368.16406,357.91016,361.8164
sample_3c2c793d92315914,461.91406,478.02734,489.01367,505.85938,523.4375,534.1797,559.5703,552.7344,578.125,601.5625,586.91406,583.0078
sample_cf312ec35e476058,505.3711,513.6719,520.5078,524.90234,508.78906,500.97656,505.3711,499.02344,493.4082,492.1875,483.1543,467.04102
sample_68271399ca34c621,390.38086,403.3203,402.5879,424.07227,407.22656,424.3164,436.76758,437.5,458.25195,474.1211,469.9707,470.94727
sample_8686ca608d1a1933,306.64062,317.3828,331.29883,340.0879,347.65625,344.48242,356.9336,355.7129,362.54883,368.16406,373.29102,371.82617
sample_9acadec79c7a354f,298.58398,306.15234,322.02148,335.9375,340.57617,342.5293,353.27148,355.95703,363.76953,370.60547,375.0,378.41797
sample_de55c2784d0b569b,485.83984,488.76953,459.7168,458.98438,434.81445,432.6172,399.16992,427.00195,403.56445,414.0625,413.08594,404.29688
sample_26c1e43f86c16dcc,351.07422,356.68945,360.5957,364.99023,366.69922,368.4082,375.97656,379.39453,384.76562,387.20703,393.79883,399.41406
sample_f508927f13f5a1c3,318.35938,324.70703,326.9043,347.9004,349.1211,351.31836,374.51172,381.10352,385.00977,395.5078,408.6914,408.93555
sample_3fba02e320407deb,450.6836,430.41992,421.63086,420.6543,384.27734,402.34375,388.91602,375.97656,403.8086,402.34375,385.7422,387.45117
sample_3d376a7d47cab16b,348.6328,358.1543,366.21094,369.87305,372.0703,364.50195,374.75586,368.4082,372.0703,374.02344,375.48828,368.4082
sample_6c06cfd1251d0c7e,328.36914,339.5996,333.98438,353.27148,352.05078,346.92383,373.7793,375.24414,380.3711,394.04297,395.75195,393.31055
sample_b885df5d1026bae9,313.47656,316.1621,323.2422,338.62305,329.3457,347.16797,353.75977,355.7129,368.89648,384.27734,379.39453,371.58203
sample_a4f1a14593beca00,302.73438,312.25586,326.41602,335.69336,343.99414,342.5293,354.0039,354.0039,360.5957,366.69922,372.31445,369.6289
sample_2c79ab7f9dad8cfc,452.14844,448.9746,445.3125,449.95117,440.4297,423.82812,426.51367,410.64453,407.22656,403.8086,398.19336,398.68164
sample_67dc285abeac7b81,373.04688,372.5586,377.19727,374.75586,377.4414,375.24414,372.0703,373.53516,373.04688,375.97656,377.68555,368.16406
sample_999a44c5f319c8cb,408.20312,419.67773,434.81445,448.73047,461.18164,500.0,514.64844,531.7383,542.96875,579.10156,567.8711,583.9844
sample_545fd907eb32857a,329.10156,334.96094,348.14453,361.08398,348.87695,376.46484,388.67188,400.14648,419.92188,436.52344,451.17188,447.02148
sample_715935ac9c40db20,523.9258,526.3672,508.30078,489.01367,484.86328,457.03125,456.54297,433.10547,422.85156,415.52734,399.6582,389.64844
sample_82db5b8a4ee7e44f,448.2422,469.23828,484.13086,518.5547,547.3633,543.9453,575.1953,580.0781,595.7031,604.98047,615.2344,614.2578
sample_f1779c3878d73f87,315.4297,320.06836,332.03125,347.9004,344.48242,349.1211,351.07422,357.17773,361.08398,371.58203,376.70898,382.08008
sample_0e51ae6d296897ce,340.33203,344.9707,352.53906,343.99414,348.38867,344.23828,360.10742,365.72266,366.45508,371.58203,380.12695,374.75586
sample_29a5c7007417fffe,465.33203,458.74023,456.0547,451.41602,443.35938,428.71094,425.04883,412.59766,406.73828,399.41406,395.75195,390.86914
sample_0bbac2152c3c83bf,374.02344,362.3047,371.09375,372.80273,350.3418,380.85938,375.48828,369.87305,410.15625,414.55078,406.98242,409.66797
sample_79c185cf5a4d3b13,488.76953,482.91016,468.75,460.44922,432.1289,448.73047,446.5332,443.60352,455.07812,460.9375,450.43945,451.66016
sample_9de29bb2b368d7e9,630.8594,626.46484,600.58594,592.28516,548.8281,535.64453,538.5742,517.5781,489.2578,491.21094,456.54297,437.5
sample_8a60e8efc41d1f9e,389.16016,385.00977,380.85938,390.38086,366.45508,382.56836,367.91992,394.04297,392.33398,396.48438,411.1328,402.5879
sample_751b4efdb91320ca,351.5625,362.06055,366.45508,365.9668,370.60547,370.1172,384.27734,390.38086,388.42773,395.9961,395.5078,394.2871
sample_e7fd2f8f81d5b62c,570.8008,568.3594,568.3594,559.08203,544.4336,518.5547,521.97266,499.26758,489.2578,467.28516,467.04102,456.29883
sample_d858a2a397950d7e,426.7578,424.07227,433.3496,431.39648,429.6875,423.82812,433.59375,424.56055,421.38672,419.4336,409.9121,410.64453
sample_07943ca49129f750,463.3789,459.22852,448.2422,439.20898,428.95508,416.5039,412.59766,396.24023,396.72852,391.60156,382.08008,380.12695
sample_4a0b0e8a5c8fcb21,357.91016,361.57227,365.47852,367.43164,364.01367,361.32812,361.8164,361.32812,357.42188,363.76953,370.1172,360.35156
sample_416ac3f9711c8ec5,326.9043,337.1582,338.13477,344.9707,343.75,359.61914,360.10742,369.38477,377.19727,385.7422,384.0332,385.00977
sample_16cae0408ee5b1e7,677.7344,680.1758,671.875,659.66797,665.52734,641.60156,642.5781,644.04297,625.4883,621.58203,611.3281,604.0039
sample_50c241a2c3abc106,385.98633,414.55078,423.82812,434.81445,450.6836,467.28516,467.77344,472.65625,478.75977,485.35156,466.3086,477.05078
sample_fdf2c0099d6ff661,413.57422,413.81836,403.07617,397.94922,387.93945,379.39453,378.90625,376.70898,373.7793,376.46484,366.45508,368.65234
sample_593e6681ea4b9d20,335.69336,344.72656,346.6797,350.3418,350.58594,363.5254,361.57227,373.04688,381.10352,388.67188,387.20703,387.45117
sample_f7efac2e16dd9df8,424.3164,419.18945,424.3164,430.17578,410.15625,421.63086,420.89844,420.16602,420.89844,426.7578,419.92188,412.59766
sample_c8848a3cb1535f6d,343.01758,345.45898,355.46875,363.5254,364.2578,370.60547,376.2207,376.70898,383.78906,384.27734,390.86914,389.89258
sample_3794a52a55a17ffd,366.21094,368.4082,375.48828,385.2539,386.23047,385.7422,391.35742,390.86914,394.7754,395.5078,399.41406,402.83203
sample_69fb168762f5f2ae,368.4082,365.9668,360.5957,351.31836,339.11133,345.94727,352.05078,358.88672,359.86328,363.76953,371.82617,374.02344
sample_b78e2ff7e6c985a4,439.45312,440.91797,428.22266,425.5371,417.23633,402.34375,391.60156,384.76562,384.52148,380.3711,373.53516,360.83984
sample_ce78108364166899,458.4961,475.58594,479.73633,486.57227,467.77344,468.75,461.66992,459.47266,461.18164,458.98438,443.60352,438.47656
sample_428340262b8c5d11,387.93945,391.8457,390.38086,397.2168,400.8789,399.90234,406.73828,405.76172,408.93555,406.25,412.8418,414.55078
sample_80a1df5990ff6a9d,410.64453,409.66797,406.25,400.14648,400.8789,425.29297,426.7578,453.61328,451.17188,456.0547,487.06055,501.46484
sample_69c60a30e50c9db5,373.04688,372.0703,378.17383,377.4414,371.09375,367.43164,368.4082,366.45508,360.10742,364.7461,367.43164,359.13086
sample_b354006131f20489,358.64258,373.29102,385.7422,365.47852,378.41797,401.85547,416.01562,432.1289,444.33594,458.98438,475.09766,464.35547
sample_e692166e8bf0cc7b,492.1875,485.35156,473.87695,464.5996,449.4629,429.6875,418.2129,403.3203,398.92578,391.11328,383.78906,380.85938
sample_4cdc7cdde647a495,431.64062,433.8379,450.92773,461.66992,442.8711,454.10156,450.43945,435.79102,461.91406,456.0547,441.40625,437.98828
sample_d65ada818f9b229b,348.38867,351.31836,361.08398,376.2207,363.76953,382.32422,383.05664,386.9629,399.90234,406.25,393.31055,387.20703
sample_923b92523373b97d,375.48828,386.23047,389.4043,393.0664,392.08984,394.7754,402.5879,418.9453,410.64453,420.41016,420.41016,416.74805
sample_7e896b15544b1a0b,614.2578,621.58203,622.0703,619.6289,621.09375,616.6992,617.6758,613.76953,604.98047,605.95703,584.96094,572.2656
sample_b98eca36f7ce8abf,395.75195,399.16992,393.0664,398.19336,393.0664,416.9922,404.29688,431.88477,438.47656,453.125,474.36523,464.84375
sample_8745ce3bcaee40a1,381.34766,385.7422,388.91602,390.38086,387.20703,379.63867,384.27734,377.68555,380.61523,378.90625,381.34766,377.9297
sample_5a42af9db120c1de,369.87305,376.2207,380.12695,381.83594,380.3711,373.29102,381.34766,375.73242,380.61523,376.95312,384.52148,380.12695
sample_2d0f04bd5d25be64,339.84375,340.57617,352.05078,337.1582,347.4121,349.1211,359.86328,368.16406,373.04688,380.3711,390.38086,386.4746
sample_82a2574cfc1e4be0,407.4707,411.1328,408.44727,404.54102,396.48438,391.60156,391.8457,386.71875,383.54492,379.8828,384.0332,369.87305
sample_e8d95a5da790e3ba,333.74023,332.03125,341.3086,330.07812,333.0078,335.20508,340.8203,343.99414,354.73633,358.39844,367.1875,360.5957
sample_cdf8ce90d65f9d53,391.8457,398.68164,398.19336,410.4004,398.92578,388.42773,396.97266,390.13672,389.89258,393.0664,375.48828,376.2207
sample_975e7e022aa53d51,345.45898,355.7129,363.28125,384.52148,397.70508,395.5078,410.88867,408.93555,415.03906,412.10938,423.58398,424.3164
sample_445de05cd1a80572,458.0078,447.99805,436.52344,439.69727,410.88867,416.5039,404.29688,410.4004,395.01953,406.25,398.68164,410.15625
sample_3c8e77eb8aa1943c,379.8828,373.04688,372.5586,379.39453,356.20117,353.27148,348.38867,347.4121,348.6328,351.5625,333.98438,338.8672
sample_d1c32c6081256697,313.23242,322.99805,326.41602,321.77734,329.10156,332.2754,348.87695,360.10742,361.8164,372.0703,385.00977,380.85938
sample_a3c38a1d52423704,436.03516,422.11914,424.07227,410.88867,390.625,414.79492,409.66797,395.5078,433.3496,436.52344,423.58398,421.63086
sample_1bff996fa965d7e7,318.35938,324.21875,325.1953,342.77344,355.2246,356.68945,368.16406,382.08008,381.34766,391.11328,401.61133,412.59766
sample_b756aa03dafa7260,404.29688,406.98242,410.4004,404.29688,402.34375,394.53125,399.6582,390.86914,398.4375,388.1836,399.90234,389.4043
sample_2c022dbc82146b3a,427.97852,415.77148,415.77148,421.14258,387.6953,402.0996,386.9629,375.97656,406.73828,401.85547,387.20703,387.6953
sample_b69bf1f33d3c3e00,364.7461,373.04688,376.2207,370.1172,372.0703,373.29102,368.89648,370.60547,376.46484,375.97656,374.75586,372.31445
sample_03a50322b1d6d0a5,314.69727,323.2422,336.91406,346.43555,352.53906,350.09766,365.23438,362.54883,367.91992,370.60547,377.9297,376.2207
sample_51805eb1ae07b064,363.76953,368.89648,372.0703,383.05664,383.30078,375.0,384.0332,381.83594,387.6953,383.78906,390.13672,392.57812
sample_f6864fd863803a59,396.97266,398.68164,401.12305,399.6582,394.53125,386.23047,393.31055,383.54492,383.78906,380.85938,382.8125,378.17383
sample_44b2b24f22fa258e,396.24023,397.2168,393.79883,417.23633,404.78516,432.6172,445.55664,440.18555,477.29492,493.65234,501.95312,512.20703
sample_dafa79875678f195,317.8711,333.0078,348.38867,366.21094,349.1211,366.69922,405.27344,400.8789,419.92188,442.8711,427.73438,426.51367
sample_db7b6e4480fd0cbb,336.42578,338.3789,340.57617,361.08398,343.99414,349.85352,355.95703,363.76953,367.91992,375.0,390.13672,378.90625
sample_fa689fe761160106,399.90234,399.41406,400.14648,406.98242,394.2871,386.9629,390.86914,385.7422,387.20703,388.1836,377.68555,375.97656
sample_e14bdf85cd007e19,337.40234,349.36523,368.4082,382.08008,396.48438,405.27344,427.49023,434.5703,442.13867,450.6836,452.63672,439.69727
sample_1257383d310fcde7,474.1211,486.32812,492.1875,490.47852,510.2539,539.5508,537.1094,556.6406,563.47656,580.0781,570.3125,558.10547
sample_04a46c1fd045ef63,456.54297,444.58008,443.84766,436.76758,414.30664,406.00586,407.71484,396.48438,390.38086,391.60156,382.8125,360.5957
sample_f6a58ac88b95a6f4,453.125,447.26562,440.18555,447.02148,426.26953,435.54688,434.81445,428.4668,435.79102,438.96484,430.41992,421.63086
sample_55e53b7454fa761f,389.64844,395.75195,389.89258,396.72852,388.42773,392.82227,392.08984,388.42773,393.79883,395.9961,396.72852,394.53125
sample_451e7e45f3348463,502.4414,490.23438,465.8203,459.47266,446.28906,432.86133,415.2832,403.56445,403.56445,393.5547,386.9629,384.27734
sample_c02cc96c09e5b710,527.34375,532.71484,535.15625,549.3164,538.08594,540.52734,550.29297,547.3633,540.03906,532.71484,532.71484,528.8086
sample_5a48a396e6bb428b,415.2832,427.00195,430.9082,435.79102,419.92188,419.4336,428.4668,428.95508,416.5039,423.33984,404.78516,408.6914
sample_966b7bbd78726e0a,390.38086,388.91602,403.3203,406.49414,402.83203,411.86523,428.22266,425.29297,435.79102,430.17578,433.8379,432.1289
sample_d70979c3a6e0a8fc,602.53906,604.98047,589.35547,601.0742,569.33594,562.9883,541.5039,554.6875,537.1094,543.45703,533.2031,510.2539
sample_3732c0364d887d0c,543.45703,543.9453,545.89844,534.66797,520.01953,511.71875,499.75586,490.72266,469.9707,458.4961,450.1953,448.48633
sample_02ce83a81a45bb89,379.8828,383.05664,390.625,393.79883,388.1836,377.4414,388.42773,378.41797,383.30078,379.39453,380.12695,378.17383
sample_35651215af07a61b,426.26953,425.5371,424.07227,417.7246,413.33008,400.8789,403.56445,393.0664,393.0664,384.76562,388.67188,381.5918
sample_0b3cc3b186b5267d,512.20703,481.9336,456.0547,447.02148,410.15625,412.10938,375.0,382.56836,368.16406,369.14062,362.54883,361.08398
sample_038c827be5818c59,464.84375,462.89062,449.21875,457.76367,448.73047,468.99414,466.55273,475.09766,482.42188,495.1172,494.6289,500.0
sample_c6a9c233324f29a5,395.5078,397.70508,397.94922,400.63477,396.24023,386.23047,388.91602,380.12695,387.45117,383.30078,385.00977,381.83594
sample_95bbffec2d685b49,347.65625,360.35156,375.24414,377.19727,389.16016,405.0293,421.38672,435.54688,439.20898,452.63672,458.25195,455.5664
sample_7c3c6f5e8f0a7b42,482.91016,473.6328,467.28516,475.3418,459.96094,461.42578,454.3457,447.7539,444.0918,444.33594,432.6172,431.15234
sample_2529c8f72e4b35da,339.35547,349.85352,360.5957,367.1875,371.82617,377.4414,387.93945,393.31055,399.41406,407.22656,408.6914,408.20312
sample_b471550cf242ab46,372.0703,377.4414,384.52148,383.54492,388.42773,378.6621,383.54492,376.2207,382.56836,379.39453,383.05664,376.2207
sample_ae3cfd67a1069eb2,447.7539,438.7207,441.89453,424.56055,411.6211,417.48047,415.2832,417.23633,419.18945,415.03906,421.14258,416.25977
sample_3fdfbf9c7ba93cf5,594.2383,579.58984,581.0547,583.4961,578.6133,547.3633,538.5742,518.5547,508.30078,494.14062,470.70312,477.05078
sample_24c47dd61b2d8dfd,575.6836,556.15234,552.7344,529.78516,496.09375,515.1367,487.3047,481.4453,493.16406,487.3047,473.87695,475.58594
sample_313461698f946a2c,456.54297,453.36914,440.18555,435.54688,422.36328,418.70117,414.55078,405.76172,400.39062,397.94922,397.46094,392.08984
sample_ac8149af179c9c66,318.60352,329.83398,342.5293,352.7832,354.4922,350.09766,364.01367,360.5957,368.16406,370.1172,375.0,372.5586
sample_0480fe6d705a524f,321.28906,324.21875,333.74023,326.66016,326.17188,322.26562,342.04102,338.3789,345.94727,353.02734,359.61914,353.27148
sample_ad680e494fc23407,434.5703,425.04883,423.0957,430.66406,407.4707,402.83203,390.13672,391.8457,383.78906,383.30078,388.42773,385.49805
sample_67d353f400db3066,375.48828,384.0332,380.61523,378.90625,370.36133,365.72266,376.95312,373.7793,373.7793,377.9297,379.63867,380.12695
sample_01091923098425eb,396.48438,410.64453,424.56055,425.5371,433.3496,471.6797,474.85352,501.46484,502.4414,521.4844,522.46094,534.1797
sample_ada72c8d353c6a3d,376.46484,378.41797,386.9629,382.8125,384.27734,374.51172,380.61523,372.80273,377.68555,375.97656,375.48828,368.16406
sample_ab4ebc02a585104d,334.96094,338.62305,350.58594,369.38477,353.75977,375.73242,381.34766,386.23047,399.6582,409.1797,398.19336,390.13672
sample_674ce58bb9bbab37,664.0625,613.28125,579.10156,567.3828,517.5781,502.9297,469.72656,451.9043,423.33984,416.01562,395.26367,371.58203
sample_c8a2b5a033bda355,321.77734,325.92773,332.2754,345.45898,352.53906,365.9668,372.5586,394.7754,395.26367,402.34375,419.4336,434.08203
sample_49e8b396af03edfc,420.41016,421.63086,416.74805,422.11914,399.41406,393.5547,387.45117,378.6621,372.5586,384.76562,375.24414,376.70898
sample_63ffde6e3ac72d6e,349.36523,355.46875,364.7461,369.6289,369.6289,366.21094,370.36133,367.91992,375.24414,373.04688,378.90625,375.48828
sample_ef3112cdcb70d615,443.84766,434.81445,426.26953,430.9082,411.6211,421.63086,420.16602,414.55078,422.60742,423.82812,415.2832,408.20312
sample_ce99c43914985224,376.46484,388.67188,414.0625,441.6504,446.5332,460.9375,492.67578,496.3379,510.2539,533.2031,515.1367,503.90625
sample_c689aab73599aadd,363.76953,384.52148,397.46094,390.86914,406.73828,426.26953,446.04492,458.25195,469.9707,485.83984,491.69922,483.64258
sample_445f2ed251b8ce1a,364.01367,368.89648,372.80273,375.73242,378.41797,377.19727,384.0332,385.98633,393.31055,393.0664,400.63477,404.05273
sample_476654e6b5309f19,369.14062,364.7461,373.53516,385.00977,372.5586,369.6289,373.04688,375.48828,370.8496,372.5586,378.41797,380.12695
sample_0f7c1b3fa8e6d85b,365.9668,371.82617,374.51172,366.21094,367.67578,398.68164,388.91602,405.0293,416.9922,424.3164,429.93164,443.84766
sample_432d2caf4d665cc1,329.58984,335.44922,343.75,347.65625,353.51562,350.09766,359.86328,360.5957,361.08398,370.1172,369.87305,372.0703
sample_46f345d6b9558458,484.86328,496.58203,507.8125,507.32422,513.1836,515.625,520.9961,519.53125,523.4375,528.8086,522.9492,505.85938
sample_2a68dcd760075965,407.22656,405.0293,403.8086,398.19336,392.33398,384.27734,385.49805,375.73242,378.17383,380.85938,372.31445,369.38477
sample_63658e04b7a35761,600.58594,577.6367,551.7578,558.10547,514.64844,495.60547,473.87695,450.43945,436.76758,418.45703,402.83203,392.08984
sample_b12320d2f9f9a50d,603.5156,593.75,591.7969,622.5586,614.7461,608.39844,606.4453,623.53516,618.65234,616.21094,623.53516,613.28125
sample_a98d5af04e0cd430,348.14453,356.4453,369.87305,383.30078,392.08984,384.0332,396.72852,390.13672,399.6582,393.0664,401.61133,396.24023
sample_aee1af9334079935,437.98828,433.8379,422.11914,435.79102,413.57422,423.58398,439.20898,428.95508,442.3828,457.03125,445.80078,452.88086
sample_e1bf356bd790c373,346.6797,354.0039,362.06055,365.47852,367.67578,367.43164,376.46484,376.70898,381.34766,383.30078,390.86914,393.0664
sample_36788a6654e87903,370.36133,378.17383,381.5918,398.19336,415.52734,416.74805,427.00195,445.3125,445.3125,448.2422,459.22852,482.91016
sample_d5a8f232e38e7924,340.8203,346.6797,349.36523,369.87305,352.05078,382.08008,388.91602,413.81836,424.56055,444.33594,465.0879,464.11133
sample_14ce3da91a6ffe2f,361.8164,361.57227,374.51172,389.64844,406.73828,413.33008,424.8047,431.39648,433.10547,431.64062,449.4629,451.9043
sample_4cc3a8e9c52cb414,326.66016,333.98438,343.01758,348.87695,354.98047,351.07422,363.0371,361.57227,365.47852,373.53516,373.53516,376.70898
sample_a2999fd687f17f0d,444.82422,457.51953,457.76367,471.43555,461.18164,464.84375,456.0547,450.1953,460.9375,460.44922,446.04492,447.26562
sample_07ba65ebe4258aac,375.97656,376.46484,380.12695,384.0332,378.6621,371.82617,368.65234,365.47852,369.14062,375.0,365.72266,363.0371
sample_a317f0a21ad11ef8,456.0547,451.9043,449.4629,457.76367,445.55664,451.66016,446.5332,444.0918,440.4297,445.80078,431.88477,435.0586
sample_7596f66543412a7d,402.83203,402.5879,406.49414,398.4375,395.01953,384.27734,388.91602,377.9297,381.5918,377.9297,374.26758,366.69922
sample_315eaa04b5863720,406.00586,402.83203,407.4707,411.1328,403.56445,389.89258,381.5918,376.46484,383.05664,379.8828,372.5586,370.36133
sample_369e24d90891e1f3,319.0918,326.9043,339.84375,354.73633,340.57617,371.09375,378.6621,397.70508,416.01562,433.10547,453.85742,447.7539
sample_dc3a221a8ae86db0,397.2168,394.2871,400.8789,382.08008,373.53516,390.13672,370.1172,382.8125,393.0664,393.0664,401.3672,388.91602
sample_d2965a60a23bd2d1,297.85156,301.7578,313.96484,304.93164,311.2793,335.20508,339.11133,358.64258,375.97656,383.30078,405.0293,393.31055
sample_57e9c0999d159ddf,434.08203,431.88477,427.00195,423.82812,414.55078,420.6543,415.2832,422.85156,421.875,421.38672,432.37305,437.5
sample_47fadee9c37f73aa,351.5625,358.39844,366.69922,372.80273,370.60547,364.99023,372.31445,368.89648,375.97656,373.53516,380.3711,378.17383
sample_9012be006a59d2bc,354.0039,379.8828,399.16992,411.6211,428.95508,450.1953,458.74023,470.94727,492.1875,508.30078,506.34766,498.53516
sample_79bcd7186bab0041,602.0508,592.28516,584.96094,583.0078,569.33594,551.7578,549.3164,529.78516,507.8125,488.76953,482.17773,472.65625
sample_750faea74078904b,453.125,463.3789,457.2754,460.69336,461.66992,493.89648,493.4082,523.4375,538.08594,567.8711,574.21875,586.4258
sample_c3ebf0450a91adb9,398.92578,399.90234,402.34375,398.68164,395.01953,386.71875,383.05664,375.97656,384.27734,381.83594,378.90625,375.48828
sample_53ba969995ec355b,502.9297,510.7422,507.8125,501.46484,520.5078,550.78125,518.0664,541.0156,545.41016,529.78516,545.41016,574.70703
sample_60c48353177dd566,341.3086,340.8203,351.80664,359.61914,337.89062,359.86328,348.14453,361.57227,371.3379,381.34766,387.20703,375.73242
sample_683298dcd12ce568,454.58984,458.0078,460.20508,485.10742,473.6328,463.62305,488.28125,474.85352,476.80664,482.91016,468.50586,454.10156
sample_1216a93a03b679a8,515.1367,499.02344,486.32812,488.5254,478.02734,462.89062,458.25195,453.36914,442.3828,435.0586,428.22266,440.4297
sample_1ba33275eb0d4c00,503.90625,502.4414,488.5254,471.43555,475.09766,493.4082,474.85352,483.64258,477.7832,479.98047,473.87695,482.91016
sample_252ec917f8ce2a81,477.53906,469.23828,461.66992,474.85352,450.43945,453.125,456.0547,443.35938,456.0547,462.40234,461.66992,450.43945
sample_992ab058b2784a55,398.4375,399.6582,400.63477,399.16992,394.2871,386.9629,392.82227,384.52148,383.30078,380.85938,383.05664,379.8828
sample_6f643ae5b8bf30a1,511.71875,490.72266,481.20117,482.17773,459.96094,449.21875,440.67383,442.13867,425.29297,428.71094,416.74805,402.5879
sample_8af9f6bb14a221f1,317.3828,319.0918,326.9043,340.0879,334.22852,349.60938,358.39844,361.08398,376.70898,386.71875,382.08008,385.00977
sample_e59558e8113a5569,465.33203,460.9375,452.39258,442.3828,432.6172,421.38672,416.9922,404.54102,401.61133,395.01953,388.67188,387.45117
sample_5d7dc547b598f920,439.45312,429.19922,407.4707,406.25,378.17383,381.5918,369.14062,366.94336,372.31445,373.04688,364.7461,373.04688
sample_ede17d4e10dc2465,351.07422,351.07422,350.58594,362.54883,341.55273,350.09766,349.85352,348.6328,355.46875,368.16406,350.3418,353.51562
sample_d5da108f85283e3f,434.08203,430.9082,423.0957,419.67773,411.37695,419.92188,413.81836,427.49023,423.82812,423.82812,441.1621,447.99805
sample_51435766462ca285,370.36133,364.7461,371.82617,383.05664,373.04688,370.36133,373.53516,376.70898,372.31445,375.0,381.83594,383.54492
sample_4b88203a1c617dc0,382.08008,383.78906,388.91602,392.33398,384.76562,376.95312,382.56836,375.73242,381.10352,380.85938,380.85938,381.34766
sample_4409b6f5521b93e9,421.875,428.22266,419.4336,423.0957,395.75195,399.41406,392.33398,387.20703,397.94922,404.29688,385.98633,382.8125
sample_cf2fa95712452086,433.10547,432.1289,430.41992,424.3164,418.45703,406.25,409.42383,394.2871,397.2168,389.64844,389.4043,384.0332
sample_4f6a5b851d781066,374.75586,383.05664,396.24023,395.5078,411.1328,403.07617,411.86523,405.76172,407.22656,407.71484,397.70508,408.93555
sample_99f74e4014be18a9,455.5664,454.3457,456.0547,469.48242,445.3125,461.18164,475.3418,468.99414,474.36523,483.88672,476.07422,465.57617
sample_8c4c691f7fb1fcb8,377.9297,384.0332,376.46484,370.8496,368.65234,370.36133,372.31445,373.04688,383.54492,386.71875,379.8828,385.2539
sample_1d86e0ebb5c469c3,376.46484,377.4414,388.42773,391.8457,375.48828,389.89258,387.45117,390.38086,398.92578,405.76172,398.68164,381.34766
sample_6b19b2bcd8e03889,399.90234,410.4004,416.74805,434.32617,449.21875,474.1211,480.2246,500.97656,503.90625,520.9961,517.08984,531.25
sample_0fd857b956462798,361.32812,375.97656,370.1172,384.52148,395.9961,404.78516,407.71484,435.54688,445.55664,457.51953,489.99023,495.1172
sample_8d8b73c58f7ff6e5,570.8008,567.8711,562.5,548.33984,514.64844,515.625,499.75586,493.4082,474.1211,470.21484,454.83398,437.98828
sample_46dfa1c8e153e59e,406.73828,405.0293,403.07617,385.7422,378.41797,401.61133,396.72852,413.08594,423.0957,437.5,449.4629,438.96484
sample_8dc0fa00e3f7e5b2,452.63672,464.84375,471.92383,505.3711,521.4844,551.7578,559.5703,587.8906,595.21484,625.4883,624.5117,638.1836
sample_3bb5478d9776a827,410.4004,411.86523,412.8418,404.78516,403.07617,391.35742,393.31055,380.12695,386.9629,382.8125,379.63867,372.0703
sample_15753e9f1140b5ef,367.67578,368.16406,372.31445,380.61523,374.75586,371.58203,381.83594,379.1504,376.95312,379.39453,391.35742,380.12695
sample_4661a1c9e54a2d06,410.4004,405.76172,408.20312,410.88867,411.37695,408.93555,404.29688,402.5879,404.29688,406.25,403.3203,402.83203
sample_a7e94a55530b7564,429.6875,432.86133,427.73438,423.58398,417.7246,405.76172,409.9121,398.68164,401.3672,390.625,398.4375,381.83594
sample_2b1651267d9e3bcc,398.92578,399.6582,402.5879,398.19336,391.8457,388.42773,384.27734,382.56836,385.00977,386.23047,384.0332,376.70898
sample_20bc0dc5e939a6cd,564.9414,562.0117,556.15234,559.08203,555.66406,575.6836,554.6875,573.73047,593.2617,599.1211,602.53906,620.1172
sample_ba2b32d1d23f3968,354.98047,366.45508,372.31445,384.52148,376.46484,383.05664,400.14648,397.46094,413.81836,419.92188,415.77148,413.57422
sample_3f5f06e38366e852,388.1836,390.625,410.88867,407.22656,409.66797,406.25,424.8047,414.0625,417.7246,417.96875,414.30664,411.1328
sample_5757c58690307dd1,324.4629,328.61328,344.48242,352.7832,356.9336,359.375,365.23438,367.91992,374.75586,376.95312,382.56836,381.5918
sample_48b7d7720ab59ef1,535.64453,540.52734,551.7578,557.1289,557.1289,554.6875,540.03906,532.71484,533.2031,510.2539,508.78906,508.78906
sample_65ad6feec96aadff,393.31055,414.0625,423.58398,446.28906,476.31836,489.2578,510.7422,530.7617,545.89844,565.4297,592.28516,593.75
sample_0e16374bab5809f8,385.98633,398.68164,420.6543,424.07227,425.78125,458.4961,468.01758,482.66602,500.97656,520.5078,524.90234,523.9258
sample_79648188910a4294,364.7461,371.58203,368.65234,364.7461,375.24414,379.63867,384.0332,386.9629,392.33398,393.5547,402.34375,405.0293
sample_852d81cb906e3694,402.0996,405.27344,400.39062,398.4375,399.90234,402.5879,402.83203,405.76172,405.76172,408.6914,410.88867,417.7246
sample_7a3c6afce16448fe,352.05078,357.66602,362.3047,376.2207,378.41797,369.87305,383.05664,380.12695,383.30078,384.76562,386.23047,388.67188
sample_e9b7fbf7a55eb44a,342.04102,342.28516,347.16797,359.61914,342.04102,348.87695,347.9004,347.4121,355.46875,363.76953,350.09766,346.6797
sample_77ec80dde52b8a96,333.98438,343.99414,340.0879,352.29492,348.38867,353.51562,365.9668,369.38477,379.39453,389.64844,391.8457,391.11328
sample_7589b4333352db42,372.80273,386.23047,395.26367,419.67773,405.0293,425.78125,436.76758,438.96484,460.9375,474.1211,465.33203,463.8672
sample_b5880122353bed01,359.13086,368.16406,386.4746,387.45117,404.29688,415.03906,429.93164,425.04883,435.0586,439.9414,433.8379,432.6172
sample_8a15431723a3d3f3,374.26758,385.49805,382.56836,377.19727,360.83984,380.61523,388.67188,387.93945,404.29688,416.9922,405.76172,409.42383
sample_a3654af9e037e498,435.54688,450.43945,458.74023,481.68945,497.80273,514.64844,541.0156,528.8086,567.3828,594.2383,590.33203,598.6328
sample_a67a34a3858681d6,400.39062,404.05273,401.85547,410.88867,390.625,395.01953,415.2832,412.35352,417.7246,428.71094,421.38672,420.6543
sample_6774427d648f34ba,465.8203,460.9375,453.125,464.5996,450.1953,451.66016,459.96094,456.0547,461.42578,466.3086,460.44922,463.13477
sample_32f929cb28fa42e2,347.65625,344.23828,342.77344,329.3457,331.0547,349.1211,337.40234,371.82617,372.80273,373.04688,403.07617,408.6914
sample_07ac029b2690fec2,585.4492,599.1211,575.6836,549.3164,566.40625,576.66016,540.52734,559.5703,537.1094,535.64453,538.5742,557.1289
sample_681a88184f3bc5c3,412.59766,412.59766,411.37695,420.41016,410.4004,414.0625,421.14258,425.5371,425.78125,432.6172,436.52344,440.91797
sample_c9fbe37b7bfb013f,441.40625,426.0254,408.6914,395.26367,373.04688,378.17383,361.08398,368.16406,355.7129,360.35156,359.61914,364.7461
sample_592828e9bd657e20,369.6289,376.46484,379.63867,389.16016,396.97266,393.5547,398.68164,397.70508,405.76172,404.78516,410.4004,414.55078
sample_8f0761d23aab03f6,484.375,489.7461,501.46484,503.41797,514.64844,530.27344,553.71094,562.9883,564.4531,580.5664,573.2422,572.2656
sample_cf6c0b6a8f1ae2bf,369.6289,374.02344,374.02344,391.60156,375.97656,387.45117,373.53516,398.92578,398.68164,408.20312,425.78125,407.4707
sample_0300beb1ef28841b,355.2246,358.39844,374.26758,374.26758,376.95312,387.6953,399.6582,395.75195,403.8086,405.76172,408.20312,402.34375
sample_68bf569a29888da2,403.07617,410.64453,413.08594,414.30664,414.79492,443.84766,439.20898,453.36914,454.10156,462.89062,462.89062,470.21484
sample_4b9d321a0c3491ec,365.23438,374.02344,380.12695,377.4414,367.43164,383.05664,378.41797,393.0664,403.3203,407.71484,422.60742,411.1328
sample_ad66b49c94baedcd,339.35547,349.36523,352.7832,375.73242,361.08398,367.67578,365.72266,391.60156,387.20703,399.90234,415.77148,399.90234
sample_01916bcd119dc6ee,326.41602,342.77344,364.01367,357.66602,364.99023,390.38086,405.27344,423.0957,433.59375,454.10156,463.3789,458.0078
sample_68fe21db25ba69e5,400.14648,396.48438,401.85547,396.48438,388.1836,387.45117,399.16992,392.08984,390.625,397.94922,384.0332,378.17383
sample_b1576adf2812bd0a,317.3828,325.43945,322.50977,338.3789,319.33594,328.61328,329.83398,335.20508,343.26172,355.95703,357.91016,354.73633
sample_d4374c39bc3de0f4,368.4082,369.14062,379.39453,385.98633,386.71875,386.23047,388.42773,387.45117,392.08984,395.9961,396.24023,398.68164
sample_1257caad37539d2c,500.48828,486.8164,467.5293,467.77344,446.04492,436.52344,416.5039,419.18945,406.25,402.34375,400.14648,406.25
sample_2974fe5e4f2c3c98,331.7871,345.70312,341.3086,346.43555,351.80664,366.69922,378.6621,402.5879,405.27344,427.2461,445.3125,434.81445
sample_49ef474fbc233420,368.89648,381.83594,384.27734,396.24023,387.20703,388.91602,403.3203,398.92578,411.1328,412.10938,407.71484,404.29688
sample_a7e188421fab9499,354.0039,363.5254,371.58203,372.80273,375.0,366.21094,376.70898,368.89648,373.7793,374.51172,376.70898,368.65234
sample_39ff009c95d04509,364.7461,373.53516,378.90625,384.0332,382.08008,371.09375,381.83594,374.75586,380.85938,377.4414,382.8125,381.34766
sample_f1d8df84f9980648,409.42383,413.57422,407.22656,402.0996,410.15625,393.31055,385.49805,385.2539,383.30078,386.23047,372.0703,364.50195
sample_0011e9295fc116ca,365.72266,364.2578,362.06055,374.51172,361.8164,361.8164,364.2578,373.04688,370.36133,374.02344,369.14062,368.4082
sample_4d7438877fce4e9d,364.99023,376.2207,402.0996,429.19922,435.54688,452.14844,488.5254,492.43164,505.3711,531.25,513.6719,505.85938
sample_cc331507e8d915ef,318.60352,326.66016,328.125,322.50977,329.10156,331.7871,346.6797,355.95703,358.39844,367.67578,378.41797,374.51172
sample_271a96cb54bdd93e,402.83203,396.48438,401.61133,411.37695,391.11328,388.67188,380.85938,383.30078,375.0,376.95312,380.3711,377.4414
sample_c5841236ae46f558,663.08594,656.7383,616.21094,622.0703,579.10156,572.2656,521.4844,535.64453,515.625,515.1367,508.30078,481.4453
sample_e79fe01f22076812,339.35547,349.1211,359.86328,366.45508,367.67578,361.32812,373.04688,366.45508,375.48828,375.0,380.61523,375.48828
sample_af7653097c7d564a,403.56445,386.71875,380.61523,386.71875,391.35742,393.79883,379.39453,401.61133,391.60156,398.4375,401.3672,425.29297
sample_919eb526dfa6235a,436.52344,430.17578,432.37305,423.0957,411.6211,406.98242,417.7246,407.4707,403.07617,407.71484,387.93945,381.10352
sample_39ab4473b93c85e4,370.8496,379.63867,393.5547,393.0664,409.1797,401.61133,411.6211,404.54102,407.22656,406.73828,399.16992,408.6914
sample_ff4c68e580ee6cf6,413.81836,414.79492,434.81445,444.0918,436.03516,436.2793,451.41602,448.9746,450.6836,448.73047,441.6504,433.59375
sample_039d0f0f7de376fc,502.4414,510.7422,521.97266,517.08984,518.5547,504.39453,499.75586,495.8496,483.64258,479.4922,468.01758,443.60352
sample_087d324544bca365,404.78516,412.8418,411.1328,416.01562,414.79492,430.17578,452.39258,448.48633,461.42578,467.28516,463.8672,456.0547
sample_8c0cc7f2d372aa6b,451.17188,442.62695,448.9746,466.55273,433.59375,449.21875,443.35938,439.69727,450.6836,458.4961,435.30273,430.41992
sample_059b5c77acadca60,549.3164,546.3867,544.4336,531.7383,505.3711,501.46484,502.4414,496.3379,476.07422,475.09766,466.06445,458.4961
sample_2a0556e14c300769,341.3086,354.0039,364.99023,377.19727,361.8164,382.32422,384.0332,398.19336,416.9922,430.17578,433.3496,420.89844
sample_32e73a7648f09439,430.41992,425.5371,421.38672,414.55078,409.42383,406.00586,408.20312,414.79492,410.4004,411.6211,423.0957,424.8047
sample_0bd52b3dec410846,378.90625,380.61523,373.04688,374.75586,373.53516,384.27734,377.9297,390.86914,394.2871,399.41406,408.20312,422.36328
sample_4f2635f95bafdfcf,437.5,433.8379,434.81445,436.03516,423.33984,404.78516,404.29688,389.89258,389.4043,389.64844,380.3711,375.97656
sample_3ad22adc50994826,304.6875,323.48633,339.11133,336.66992,345.70312,368.65234,393.31055,410.64453,426.26953,448.2422,460.9375,458.98438
sample_be6a86a2aa1db54a,483.39844,476.5625,462.1582,446.5332,439.45312,425.78125,417.23633,405.27344,404.29688,398.4375,392.33398,387.20703
sample_55cf7461e8c691f2,370.36133,376.95312,378.90625,385.00977,361.8164,389.16016,385.00977,399.16992,410.64453,431.15234,429.6875,423.58398
sample_cae0b1f234cd4604,529.78516,517.08984,503.41797,485.5957,478.02734,451.17188,443.60352,416.74805,415.77148,399.90234,395.26367,379.1504
sample_a20d086c8bb6797a,394.7754,396.97266,399.90234,402.0996,405.27344,400.39062,399.16992,395.01953,398.19336,401.85547,397.94922,399.41406
sample_611c525c765bbc46,328.125,330.81055,332.51953,347.9004,342.04102,350.3418,356.9336,365.47852,370.1172,382.8125,379.1504,386.23047
sample_e25d6947f7735ce8,368.16406,374.51172,378.90625,383.54492,378.90625,373.04688,381.10352,374.26758,378.90625,375.97656,381.34766,378.41797
sample_fc93acf88b01810c,328.61328,335.9375,340.8203,346.6797,349.85352,352.05078,362.3047,378.17383,377.4414,386.71875,402.0996,401.3672
sample_4ea4b223e2fcfe2c,324.70703,333.74023,335.9375,325.6836,335.20508,345.21484,344.9707,359.13086,354.73633,358.88672,377.4414,380.3711
sample_12128f9275454818,375.48828,374.26758,367.67578,365.47852,351.07422,364.2578,348.14453,378.41797,372.31445,379.39453,406.49414,401.12305
sample_beddfbdd79767d72,538.08594,534.1797,503.41797,501.95312,468.75,476.80664,445.06836,462.40234,453.125,471.1914,464.5996,461.42578
sample_adfb57fb93a55f4d,414.30664,425.5371,442.13867,452.63672,451.9043,467.28516,492.67578,489.01367,495.36133,504.8828,489.99023,476.07422
sample_289866507f6e8923,337.89062,343.01758,347.4121,357.66602,359.375,369.14062,370.1172,377.9297,383.54492,390.625,389.89258,394.53125
sample_04cd08f95d78a8d5,364.2578,364.01367,358.88672,370.36133,368.4082,367.91992,361.57227,371.82617,372.31445,382.32422,374.75586,374.51172
sample_0f3476607b755a67,612.3047,626.46484,620.60547,650.8789,637.20703,599.6094,605.95703,597.65625,583.4961,571.28906,565.4297,539.5508
sample_87cd9c2693878b14,318.35938,315.4297,326.9043,319.33594,340.57617,364.99023,374.75586,406.98242,413.08594,435.0586,478.27148,486.08398
sample_2c77e0f577fe1809,687.9883,678.22266,687.0117,678.22266,694.33594,665.03906,639.16016,649.41406,635.7422,607.4219,615.72266,612.79297
sample_4aca888063057675,431.15234,425.29297,435.79102,442.62695,439.20898,425.29297,427.73438,414.0625,416.01562,404.78516,409.66797,401.12305
sample_c9f3418401f22069,317.3828,320.80078,328.85742,336.66992,345.45898,355.95703,361.32812,366.94336,376.46484,379.39453,389.64844,399.41406
sample_ad2d7737eeaa629c,357.66602,365.72266,367.91992,368.4082,376.95312,378.90625,387.93945,391.8457,394.04297,398.4375,403.8086,408.93555
sample_6d5621b66d1732fe,390.13672,395.01953,396.97266,395.01953,400.14648,429.19922,432.86133,464.35547,466.3086,478.02734,505.3711,520.9961
sample_6a3ceddaa3462cca,332.2754,337.89062,342.5293,337.1582,339.5996,337.89062,355.2246,363.0371,359.13086,367.67578,373.29102,370.8496
sample_1c2ae4abe6015e0b,364.7461,374.02344,370.36133,374.26758,362.06055,368.89648,372.80273,366.45508,386.9629,391.60156,383.54492,386.23047
sample_63388b7c142cd793,370.8496,371.82617,373.7793,372.31445,375.48828,386.71875,380.12695,395.01953,394.04297,399.41406,401.12305,410.4004
sample_1f181125cdac20e1,566.89453,568.84766,565.91797,573.2422,571.28906,552.7344,556.15234,539.5508,529.2969,515.625,501.95312,498.04688
sample_8306a238d8052269,421.14258,418.45703,412.8418,409.9121,394.7754,411.1328,409.1797,422.36328,422.85156,433.59375,448.48633,452.39258
sample_c8ca45a98b62386e,331.54297,342.04102,351.31836,358.88672,367.67578,373.7793,388.67188,393.79883,407.22656,415.03906,425.5371,419.92188
sample_4f972cc4a83651d1,431.15234,433.3496,430.66406,430.17578,420.16602,401.3672,408.44727,391.11328,395.5078,391.11328,389.64844,380.12695
sample_55eb881eafe67ab1,432.86133,423.0957,446.04492,461.66992,450.1953,458.25195,458.98438,454.83398,473.6328,478.51562,458.25195,444.33594
sample_af9706d97c1063ec,542.96875,552.2461,550.78125,555.1758,535.64453,523.9258,510.7422,508.78906,489.2578,484.86328,474.60938,453.36914
sample_c61052cdf9b6e3ec,602.0508,617.6758,615.2344,643.5547,634.7656,599.1211,609.375,599.1211,589.35547,575.1953,572.2656,549.8047
sample_c5f7c930c92bc845,510.2539,498.04688,489.7461,484.13086,458.4961,444.58008,437.25586,425.5371,426.0254,412.59766,406.98242,395.26367
sample_1c8489772e84f4b3,473.6328,474.1211,486.08398,479.24805,460.9375,450.92773,446.04492,439.45312,431.88477,418.9453,406.98242,409.66797
sample_86612bfa9c9a4481,357.91016,368.89648,358.39844,367.43164,366.21094,379.39453,385.49805,411.1328,424.8047,442.8711,485.83984,490.23438
sample_e44c8df5e12d1b15,445.3125,439.9414,429.44336,429.19922,418.2129,414.0625,406.73828,403.07617,398.68164,394.04297,395.01953,383.78906
sample_3e8f939ea53a27f4,349.60938,353.02734,347.4121,358.1543,342.77344,343.75,342.28516,347.4121,347.9004,355.46875,345.45898,349.36523
sample_c5d7512bfaae3ba5,496.09375,479.98047,481.4453,489.01367,457.2754,463.3789,441.1621,444.33594,442.62695,438.47656,425.78125,424.8047
sample_657e4f4853c59e9a,584.96094,578.6133,575.6836,565.4297,545.89844,535.15625,516.1133,511.71875,486.57227,479.4922,468.99414,439.9414
sample_e02948839075016f,393.31055,397.70508,398.68164,397.46094,393.5547,387.20703,391.35742,382.56836,385.2539,383.78906,382.56836,380.61523
sample_388f418ae9f39f21,408.44727,412.59766,416.9922,420.89844,413.81836,409.9121,416.01562,427.00195,413.57422,418.9453,416.01562,411.6211
sample_233b082f720093da,348.87695,353.02734,352.29492,360.10742,349.1211,341.3086,350.83008,350.3418,349.36523,356.9336,350.58594,351.5625
sample_587a214b40f5f32d,331.29883,342.04102,347.65625,355.2246,353.51562,353.51562,368.16406,378.41797,377.19727,384.76562,393.5547,392.57812
sample_1e70a497b4ac91e2,467.28516,464.11133,470.21484,489.01367,481.4453,493.16406,506.34766,506.83594,507.8125,507.32422,507.32422,502.9297
sample_9bfb16af8deef743,418.9453,427.97852,419.92188,434.32617,438.96484,459.96094,479.4922,473.38867,510.2539,526.3672,531.7383,542.48047
sample_897c49bb69995dcf,401.12305,395.5078,396.72852,387.6953,379.39453,399.41406,398.68164,414.30664,420.41016,430.17578,456.0547,460.44922
sample_17c525f42c53c9cb,362.3047,371.58203,382.32422,397.70508,400.8789,389.64844,403.56445,396.72852,400.8789,396.97266,401.85547,398.4375
sample_14c9ca543e49544c,416.5039,416.9922,415.52734,410.64453,406.25,395.9961,400.14648,389.16016,389.64844,384.76562,384.0332,379.39453
sample_f62652f0b5c3a137,379.8828,386.9629,388.91602,390.625,386.23047,380.3711,385.7422,378.17383,381.34766,379.8828,380.85938,378.90625
sample_007a7f93229cca2d,383.30078,388.91602,392.33398,391.35742,392.33398,385.2539,390.86914,383.05664,387.93945,383.78906,387.45117,384.76562
sample_cbccefe26e194aee,322.02148,329.10156,336.91406,338.62305,341.3086,350.83008,348.6328,361.08398,358.88672,371.09375,376.2207,379.8828
sample_ff54b4a06854042e,382.8125,387.6953,389.89258,386.71875,386.23047,380.12695,377.19727,373.29102,381.83594,382.32422,380.12695,376.2207
sample_ac738344f7fc0123,382.08008,385.7422,386.71875,389.4043,381.34766,375.0,381.10352,374.26758,377.4414,377.4414,376.46484,375.48828
sample_7cc450780197f9f6,407.95898,401.85547,396.97266,401.61133,389.64844,391.60156,384.0332,383.05664,378.41797,377.9297,385.7422,377.9297
sample_26ba59dab26824a8,478.02734,456.54297,449.4629,438.23242,413.57422,402.83203,384.0332,389.89258,376.95312,376.46484,375.24414,367.43164
sample_663387d1586672c0,392.33398,394.53125,404.05273,413.81836,394.53125,399.90234,389.64844,383.54492,396.97266,391.60156,379.39453,378.6621
sample_6a47a428b9b5afa7,625.97656,595.7031,562.0117,568.3594,521.4844,498.04688,470.94727,448.48633,431.64062,412.10938,396.72852,382.8125
sample_286c9d4c91c4feba,583.4961,602.0508,589.35547,567.8711,592.28516,602.53906,574.21875,591.3086,572.7539,561.03516,562.5,584.47266
sample_1e30465343f2373e,365.23438,375.0,392.82227,391.8457,410.64453,420.6543,433.8379,429.6875,440.67383,444.82422,437.98828,437.01172
sample_6144647399a6f2a4,466.3086,462.89062,453.61328,441.6504,436.52344,422.11914,420.16602,404.05273,404.05273,397.94922,391.35742,387.20703
sample_b3d9bc614f94ffbb,459.47266,450.1953,446.77734,437.98828,418.70117,408.93555,410.4004,400.63477,392.82227,391.60156,385.98633,363.76953
sample_1feae35d94b9cc10,324.70703,332.03125,337.1582,347.65625,351.5625,361.8164,369.87305,373.04688,380.85938,383.78906,390.13672,389.89258
sample_8d23ce9b99797322,396.97266,395.9961,390.625,395.01953,388.67188,385.49805,376.2207,373.04688,378.17383,379.8828,374.26758,369.14062
sample_ffe354f60955060d,380.61523,383.05664,386.71875,401.12305,394.04297,404.05273,401.61133,407.22656,407.22656,415.03906,413.57422,417.23633
sample_f6f50012e62ced34,364.01367,368.4082,376.2207,375.97656,381.10352,372.31445,371.82617,365.9668,375.24414,375.97656,373.29102,369.38477
sample_ece238c3429c83f5,439.9414,442.3828,435.79102,444.58008,419.4336,436.2793,443.60352,444.33594,458.0078,470.21484,470.45898,469.23828
sample_73678492a06b0cc4,398.92578,400.39062,395.01953,392.57812,385.00977,386.71875,382.8125,380.12695,376.2207,377.9297,378.17383,367.43164
sample_8081b7f3bfd0eed2,406.73828,405.0293,395.75195,396.24023,384.76562,387.20703,384.0332,385.7422,385.00977,390.625,390.625,400.39062
sample_1176e7f8063dedd4,661.6211,650.8789,638.6719,643.0664,619.1406,616.21094,601.5625,603.02734,614.7461,616.21094,609.375,611.3281
sample_f36c238829482792,422.85156,424.3164,416.25977,410.15625,404.54102,391.60156,391.60156,383.30078,382.56836,381.34766,376.2207,368.4082
sample_d76cfb0cc7fc2dfd,336.66992,340.57617,339.5996,349.1211,337.40234,330.5664,344.23828,343.01758,342.28516,351.5625,345.45898,347.9004
sample_f295af0e9dcb609a,464.84375,456.7871,455.81055,446.04492,434.5703,421.14258,419.18945,416.74805,403.3203,398.92578,394.04297,384.27734
sample_0183aabd06db6a85,316.40625,336.42578,335.44922,344.9707,340.33203,362.06055,376.2207,399.41406,419.18945,441.89453,474.36523,464.84375
sample_e2fc86fd4f723a3b,462.40234,448.2422,444.33594,424.56055,410.64453,398.19336,394.7754,389.4043,376.46484,378.41797,368.4082,363.28125
sample_609ed0900c3d79a9,369.14062,376.46484,390.86914,394.53125,409.1797,401.85547,415.77148,410.4004,412.35352,414.55078,405.51758,415.03906
sample_35639b4b0aeed2fd,327.14844,329.83398,330.32227,346.43555,356.68945,357.42188,367.43164,383.05664,379.8828,387.6953,401.85547,414.0625
sample_3e6c59a2d5715d43,557.6172,555.66406,553.22266,543.45703,506.34766,504.39453,490.9668,481.68945,466.55273,462.40234,445.55664,426.0254
sample_8bda1920b1334143,344.23828,363.28125,388.1836,397.70508,397.94922,413.33008,423.33984,437.25586,438.47656,445.3125,448.9746,441.1621
sample_aea28c11d6042349,418.2129,439.20898,449.70703,492.43164,525.8789,532.22656,552.7344,567.8711,583.0078,602.0508,601.5625,606.4453
sample_f762d249b25eb865,630.3711,628.41797,614.2578,605.95703,568.3594,558.59375,563.47656,546.875,520.5078,521.97266,486.32812,465.8203
sample_2a7dcffb31cbea33,381.34766,387.6953,390.625,385.7422,385.49805,375.0,382.08008,371.3379,377.68555,373.53516,375.24414,364.7461
sample_f7f4a9669cb2adab,394.2871,378.90625,376.95312,393.79883,364.50195,371.82617,375.97656,371.82617,367.1875,381.83594,368.4082,365.23438
sample_95d8ecfc227c34bf,352.7832,359.375,367.43164,366.69922,372.80273,367.43164,366.45508,363.0371,370.8496,373.04688,372.0703,367.67578
sample_0dbfd400abeb383a,388.42773,384.52148,384.52148,389.4043,380.3711,377.4414,372.0703,372.5586,376.2207,378.90625,376.46484,366.69922
sample_f614c3b64ea5e36c,424.8047,424.3164,421.14258,416.01562,406.73828,397.46094,395.75195,383.54492,386.71875,383.30078,377.4414,375.0
sample_78c1df8f4b4420c7,356.4453,364.99023,369.6289,369.38477,368.4082,363.28125,375.48828,373.7793,377.68555,382.32422,382.32422,383.78906
sample_464146e9b5624f6e,365.72266,373.04688,392.08984,395.75195,401.12305,409.66797,419.18945,431.15234,436.52344,450.1953,452.63672,449.95117
sample_6bd6ad6dc70cfbd9,338.62305,341.79688,356.68945,363.5254,363.5254,360.10742,372.5586,368.89648,372.31445,374.51172,380.85938,378.6621
sample_c1b8ac1e6c287b74,349.36523,348.6328,351.5625,354.73633,344.72656,348.6328,344.72656,349.85352,352.7832,357.42188,358.64258,346.43555
sample_23aeeb09a0ce6c92,358.1543,382.56836,404.54102,420.16602,438.23242,453.61328,461.18164,474.36523,486.8164,499.51172,498.53516,485.35156
sample_9de47c5b1184c0dd,324.21875,327.39258,331.7871,325.1953,319.0918,330.5664,341.79688,355.2246,358.1543,368.65234,382.32422,382.08008
sample_c8b7ab1696721f51,433.59375,461.66992,471.92383,478.75977,497.80273,539.0625,550.29297,554.1992,586.91406,610.35156,604.0039,592.28516
sample_4140671d49e339eb,464.84375,459.47266,450.1953,438.23242,415.52734,414.55078,407.71484,395.9961,397.70508,400.39062,381.5918,380.85938
sample_ddcc8a7147718881,374.02344,370.60547,368.4082,375.24414,354.98047,352.53906,350.09766,350.09766,351.07422,354.98047,339.11133,344.72656
sample_6ce9e792f4a920dd,350.83008,355.7129,364.2578,370.1172,370.1172,367.67578,377.68555,374.26758,381.83594,383.30078,388.91602,390.38086
sample_a68af8f6ab6972e1,356.4453,351.31836,352.53906,351.5625,343.75,349.60938,343.99414,348.87695,354.98047,351.5625,362.3047,355.2246
sample_aba2cb630af60842,350.09766,349.36523,355.7129,356.68945,345.94727,346.6797,343.99414,345.21484,350.09766,352.53906,352.53906,341.79688
sample_f226dd82175e3e8f,398.4375,394.2871,414.55078,414.30664,406.98242,416.5039,415.2832,419.18945,420.41016,419.92188,414.55078,416.5039
sample_03c8b8597a8a1d34,357.91016,357.17773,355.95703,357.91016,348.87695,355.2246,356.9336,368.89648,363.0371,370.1172,376.46484,377.19727
sample_cd4415aba183ac27,425.5371,437.98828,450.43945,484.13086,493.65234,511.23047,528.8086,542.48047,551.7578,577.6367,570.8008,575.1953
sample_a679debf61f62c0b,362.3047,354.4922,352.7832,374.75586,354.4922,360.83984,358.1543,366.45508,366.45508,379.39453,380.3711,372.80273
sample_03fa87421e3876be,330.5664,336.91406,343.01758,361.8164,359.61914,372.31445,378.17383,387.93945,392.57812,405.27344,406.73828,402.34375
sample_0f619b1f132922cb,318.11523,321.28906,329.83398,319.82422,320.80078,337.89062,344.48242,357.66602,367.91992,375.0,396.72852,388.67188
sample_35fcf7f8ccd9e933,429.6875,425.78125,428.22266,432.37305,427.49023,415.03906,411.86523,400.8789,403.07617,393.5547,396.72852,395.5078
sample_d2e3bf0f4262fb69,424.8047,421.14258,416.25977,420.6543,408.20312,404.29688,395.75195,390.38086,390.38086,384.76562,375.97656,377.9297
sample_6044d43f6085c214,446.77734,446.28906,444.0918,433.8379,423.58398,412.10938,407.4707,399.6582,399.41406,392.08984,398.4375,379.8828
sample_1bf29d5848a64d65,319.82422,323.73047,326.41602,332.76367,325.43945,334.47266,328.85742,352.29492,345.21484,355.46875,376.46484,372.0703
sample_dcb12176a416af17,356.9336,357.42188,362.79297,334.7168,345.70312,363.28125,361.8164,377.9297,382.32422,389.64844,407.4707,405.76172
sample_ae755736fcad0b71,362.3047,363.76953,383.05664,391.35742,384.52148,396.48438,394.2871,393.5547,410.15625,412.59766,399.6582,390.86914
sample_62bb7236c3acb27d,400.8789,402.83203,401.12305,397.70508,388.42773,385.7422,392.82227,393.0664,384.27734,387.20703,380.3711,383.05664
sample_be462209d22980ea,365.72266,394.2871,412.10938,438.23242,453.61328,468.50586,482.91016,501.46484,502.4414,524.90234,517.5781,513.1836
sample_6d8a0a7f9c6dd958,609.375,605.95703,588.8672,587.40234,557.6172,541.9922,535.64453,520.01953,490.23438,485.35156,459.47266,440.67383
sample_353d6f6875af087f,286.6211,302.00195,320.06836,345.45898,356.4453,380.61523,408.20312,413.81836,434.08203,451.66016,465.0879,457.51953
sample_b83998a5b73eb45e,390.86914,396.48438,406.00586,404.29688,402.83203,403.8086,410.64453,406.98242,412.35352,413.57422,415.2832,408.44727
sample_83bcc218dfcb4053,353.02734,361.57227,368.89648,388.91602,401.85547,396.48438,411.86523,408.6914,413.33008,407.71484,421.63086,417.48047
sample_34b557806d2dcd24,460.9375,446.28906,432.86133,430.41992,411.1328,398.19336,384.52148,383.05664,370.8496,363.76953,360.5957,359.86328
sample_fca5f19899d384d3,332.51953,341.55273,364.50195,384.76562,373.53516,388.1836,419.4336,416.74805,429.19922,448.2422,434.08203,422.60742
sample_0e9cdc5f363efac1,387.20703,390.13672,389.16016,386.23047,372.80273,367.67578,375.48828,370.36133,375.97656,374.02344,374.75586,368.65234
sample_8c2dc8a6bbc9f31c,353.51562,343.01758,349.60938,341.06445,364.2578,397.94922,401.61133,430.66406,447.99805,469.23828,510.2539,521.97266
sample_65894ce2d3222fd1,425.04883,424.8047,437.98828,441.1621,433.59375,425.29297,436.2793,435.79102,423.33984,425.78125,416.74805,401.3672
sample_9742a386df2b8bde,354.24805,357.66602,370.1172,373.04688,374.26758,367.1875,379.39453,372.80273,375.97656,375.0,381.83594,376.46484
sample_4c955501cd09fe4f,331.0547,334.22852,346.6797,344.23828,339.84375,329.10156,342.77344,339.5996,346.6797,346.6797,347.4121,340.33203
sample_a14c5430dd269443,350.83008,351.07422,359.61914,364.01367,364.99023,361.57227,369.14062,367.43164,367.43164,369.14062,383.54492,368.65234
sample_99de518c48c28f24,363.0371,363.76953,360.10742,370.36133,352.7832,349.36523,347.65625,349.36523,350.58594,355.46875,343.99414,347.16797
sample_62f8133527bdc872,419.4336,414.30664,397.46094,396.72852,386.71875,380.3711,386.9629,393.0664,383.05664,388.67188,405.0293,410.4004
sample_a1f6fbdd3828f924,369.87305,366.45508,384.0332,396.72852,390.13672,395.01953,411.6211,411.37695,419.4336,421.875,419.92188,410.64453
sample_3c172e79f3ef737b,316.6504,333.25195,343.75,354.4922,349.1211,380.61523,392.33398,392.33398,430.66406,438.96484,442.3828,445.55664
sample_c49a8910cbde93fc,566.89453,569.33594,567.3828,547.3633,544.9219,533.6914,517.5781,514.64844,488.0371,483.88672,477.7832,462.64648
sample_fe9b7fa6c23f1494,300.04883,310.54688,321.04492,329.3457,337.64648,339.84375,352.05078,354.4922,358.88672,365.23438,373.04688,372.31445
sample_984f1f6e47986ed5,544.9219,562.5,567.3828,561.52344,578.6133,605.46875,596.1914,606.9336,623.0469,640.625,630.3711,610.35156
sample_bfd3639f86cafd85,315.91797,321.5332,327.88086,333.98438,349.60938,360.35156,372.0703,378.90625,388.1836,393.5547,406.00586,416.01562
sample_deee650b234b630b,482.91016,474.60938,469.72656,461.18164,446.77734,426.0254,416.74805,399.16992,397.70508,389.16016,383.54492,377.19727
sample_0ded1cc5172d0b53,347.65625,361.8164,356.9336,353.75977,362.79297,361.57227,362.54883,369.38477,382.32422,385.2539,379.39453,384.76562
sample_52a0b15c54f343ba,386.9629,415.77148,430.41992,443.35938,451.66016,458.98438,466.55273,465.0879,465.8203,468.75,448.48633,451.41602
sample_4caf0e4e5f9dc0c5,364.2578,367.43164,366.94336,373.29102,367.91992,372.0703,372.5586,376.70898,372.5586,381.83594,390.86914,379.1504
sample_49009e93eb577989,324.70703,341.55273,349.1211,357.66602,348.87695,368.89648,386.23047,387.6953,403.8086,415.52734,409.66797,410.88867
sample_5937f288256e7f01,364.99023,368.65234,374.02344,386.9629,391.11328,390.13672,396.24023,395.75195,403.07617,404.78516,407.95898,412.8418
sample_7a744fa196b26a74,525.3906,516.1133,496.3379,505.3711,470.70312,468.26172,469.72656,456.29883,458.98438,467.28516,455.32227,450.1953
sample_5ab182c4a25d87cc,325.43945,334.96094,341.06445,349.1211,351.80664,350.09766,362.79297,362.06055,367.91992,370.1172,374.75586,374.26758
sample_77b11cbb220f3594,365.47852,376.95312,372.31445,370.60547,380.85938,373.29102,372.0703,378.41797,383.78906,386.23047,381.10352,378.6621
sample_172cc5bd53597dbb,462.89062,455.07812,453.36914,452.39258,427.73438,416.5039,403.8086,397.46094,385.98633,383.30078,381.34766,375.24414
sample_7f865b5da95e67eb,380.61523,392.82227,388.42773,394.2871,404.78516,407.22656,420.16602,441.1621,441.40625,457.51953,470.70312,458.74023
sample_367c0bbea161ed05,448.73047,446.77734,437.98828,431.64062,421.875,409.66797,406.00586,392.82227,393.0664,385.7422,380.85938,378.17383
sample_651b14d1b6ad8bb6,363.76953,388.42773,409.1797,432.1289,447.50977,466.3086,481.20117,500.48828,502.4414,525.8789,522.46094,517.5781
sample_e23e3d378f4f3ca5,480.95703,475.09766,467.5293,469.48242,460.20508,441.1621,437.74414,425.04883,423.33984,414.55078,412.10938,410.15625
sample_94f5417999076716,432.6172,429.19922,438.23242,446.77734,424.3164,432.6172,438.23242,433.3496,431.64062,438.96484,428.95508,416.5039
sample_21b1ae5a974c7165,368.65234,376.46484,380.12695,377.68555,378.90625,370.60547,378.41797,369.87305,373.7793,374.02344,372.31445,365.47852
sample_6408c703907d8e1c,367.1875,369.14062,369.87305,345.70312,348.87695,362.3047,365.9668,389.4043,386.23047,398.4375,416.74805,412.59766
sample_63767acc8d4fa927,353.02734,345.21484,349.85352,349.36523,342.28516,334.22852,340.0879,338.8672,344.23828,347.65625,348.6328,339.35547
sample_82232303a7149606,382.32422,389.64844,382.32422,375.97656,363.76953,369.14062,380.61523,378.17383,383.05664,387.20703,386.4746,390.13672
sample_b100364aca41070b,345.45898,342.77344,348.6328,356.4453,341.06445,348.87695,348.87695,347.4121,355.95703,363.28125,350.58594,348.87695
sample_753de5984977e2d0,374.02344,380.61523,384.27734,382.8125,375.73242,380.85938,397.46094,396.72852,405.51758,414.55078,407.71484,400.39062
sample_201f1dceb55eb73b,393.79883,400.39062,392.33398,391.60156,403.56445,388.1836,380.85938,382.56836,386.23047,387.20703,378.90625,370.36133
sample_de5dd3f4e9ed5958,569.33594,557.1289,538.08594,536.1328,530.7617,497.5586,485.5957,463.62305,452.39258,437.01172,425.29297,421.14258
sample_da9e9e2feebfb3a8,352.05078,358.1543,367.91992,370.60547,373.29102,366.45508,378.41797,371.3379,375.48828,376.95312,380.85938,376.95312
sample_2c953a2e1ad734a5,329.3457,337.64648,341.06445,350.3418,355.2246,354.4922,364.50195,369.6289,372.31445,379.8828,385.2539,393.31055
sample_0164119cfac1e7b7,346.6797,359.61914,380.85938,397.70508,398.19336,399.90234,425.5371,424.07227,425.29297,435.54688,427.73438,413.57422
sample_0e063c4fd91f54a1,332.03125,360.83984,381.5918,402.5879,424.07227,453.125,472.16797,490.47852,510.2539,535.15625,538.08594,538.08594
sample_9941b7c91d857267,349.1211,357.17773,359.375,376.2207,375.48828,364.99023,387.93945,385.49805,388.91602,396.97266,393.31055,390.625
sample_10c12e13b3a855ed,437.98828,441.1621,434.32617,427.2461,421.38672,410.64453,408.6914,399.6582,401.85547,387.6953,398.4375,380.61523
sample_cba33b5c253b5e28,337.64648,346.6797,354.98047,360.5957,365.9668,360.5957,372.5586,367.91992,373.04688,374.02344,381.34766,379.1504
sample_7749d22beba083ea,399.90234,402.34375,404.54102,401.85547,399.6582,391.60156,396.97266,386.9629,388.91602,384.76562,384.52148,381.5918
sample_f570babfe6443dc1,294.4336,309.81445,324.4629,320.80078,330.07812,354.4922,375.97656,396.24023,409.66797,428.71094,447.02148,445.3125
sample_bf78a2decc2e15b8,562.0117,581.54297,586.4258,589.35547,605.95703,587.8906,567.8711,562.9883,550.78125,530.7617,521.97266,519.04297
sample_ed8da745cb20eedc,420.6543,415.03906,419.18945,415.52734,407.71484,401.61133,398.92578,395.26367,396.97266,390.625,400.39062,383.30078
sample_b983b155215cab02,438.47656,435.54688,432.86133,432.86133,421.38672,410.15625,406.98242,395.9961,396.48438,388.1836,383.05664,383.30078
sample_e83ba2c861ea8e56,676.7578,679.1992,668.9453,658.6914,643.5547,623.0469,630.3711,624.02344,598.14453,590.8203,580.0781,566.40625
sample_cd9e55843c6e5ef7,396.24023,377.19727,378.41797,380.12695,381.34766,377.9297,365.72266,378.17383,364.99023,371.58203,373.7793,385.49805
sample_a8a775c314d00c06,403.8086,409.42383,395.75195,397.94922,387.45117,379.39453,381.10352,381.10352,376.2207,377.4414,373.53516,376.70898
sample_566d55b245038090,483.88672,468.26172,463.62305,472.9004,452.88086,447.99805,448.9746,445.55664,433.59375,437.98828,428.95508,414.0625
sample_c246280c746deeb6,318.60352,328.85742,342.77344,346.1914,346.92383,353.27148,366.21094,369.87305,370.60547,374.51172,386.9629,377.68555
sample_b2aab6da6ae82c63,315.91797,321.28906,338.3789,343.50586,344.72656,353.51562,364.99023,369.38477,374.51172,375.0,391.8457,381.83594
sample_58357296a4f453f7,467.77344,458.98438,440.91797,437.98828,427.49023,421.875,403.07617,400.14648,397.46094,393.5547,384.52148,380.12695
sample_32b5ed5dd9895a5b,361.57227,359.61914,353.02734,357.17773,344.23828,355.46875,362.3047,365.9668,376.95312,382.8125,384.52148,388.42773
sample_857b9f91e0a2c808,356.9336,350.09766,344.72656,340.57617,330.32227,340.57617,332.2754,345.94727,347.65625,350.58594,361.57227,359.61914
sample_2005705ecc475be3,398.92578,396.24023,399.16992,375.48828,367.43164,383.78906,362.06055,379.1504,383.30078,382.32422,393.0664,386.23047
sample_4e8a16eb42b23a5d,376.46484,381.10352,383.05664,385.98633,395.9961,398.19336,405.0293,410.64453,410.15625,413.57422,418.9453,423.82812
sample_6849762b7d1f7f1a,395.26367,401.61133,400.8789,414.55078,412.35352,407.71484,421.875,425.04883,428.22266,432.1289,438.96484,441.1621
sample_27635b1bb9fcbadc,457.03125,453.85742,447.99805,437.98828,430.9082,416.5039,415.77148,399.41406,400.63477,389.16016,390.13672,382.08008
sample_197ee9f675f436f5,335.69336,340.8203,348.14453,355.95703,359.86328,362.3047,370.60547,375.0,380.85938,383.30078,392.57812,396.97266
sample_29c290f636118e9e,373.7793,377.9297,378.6621,378.6621,378.41797,386.9629,384.27734,399.90234,403.3203,408.20312,424.56055,422.85156
sample_08ba6dd010a34253,293.45703,308.3496,308.59375,321.28906,306.64062,329.10156,329.10156,341.55273,362.3047,377.4414,387.20703,382.56836
sample_cff3e066000e4f3b,367.1875,375.0,393.79883,393.79883,410.15625,403.8086,414.79492,407.71484,410.88867,409.66797,404.29688,409.66797
sample_cfdd69cef0bb6182,350.09766,358.1543,367.67578,373.29102,373.53516,364.99023,375.97656,369.38477,375.97656,375.48828,378.90625,373.7793
sample_f991fe22c6ea3f01,377.19727,372.80273,381.10352,389.16016,380.12695,372.5586,375.24414,375.24414,377.4414,384.27734,377.9297,370.60547
sample_87b3224757c63b8c,379.39453,393.5547,407.71484,439.45312,451.66016,438.96484,449.95117,445.06836,446.77734,438.47656,444.58008,440.91797
sample_1600a6eb68556d0c,492.1875,505.3711,517.5781,532.22656,550.78125,560.5469,581.0547,576.66016,591.7969,612.3047,596.1914,591.3086
sample_8a71e030ab7f9eaf,366.69922,367.1875,385.2539,405.0293,420.89844,426.26953,440.18555,442.8711,445.06836,443.35938,456.7871,457.76367
sample_386c30e4584a2318,422.60742,416.5039,400.63477,416.74805,397.70508,409.1797,395.9961,417.23633,412.59766,418.9453,430.9082,446.77734
sample_a8a39d4d42f77c8d,391.60156,394.53125,395.01953,399.16992,409.1797,406.73828,412.59766,414.30664,414.79492,416.01562,421.38672,424.56055
sample_a569c69e2a35a2da,381.5918,384.76562,388.42773,386.23047,385.98633,378.90625,383.78906,374.51172,378.90625,378.90625,375.24414,372.31445
sample_794ef2c73a3acd3d,644.04297,632.3242,632.8125,618.16406,595.7031,588.8672,563.96484,547.3633,534.1797,509.27734,504.8828,489.7461
sample_ed95e0ad2001abf8,674.3164,652.83203,621.09375,616.6992,575.1953,547.3633,532.71484,516.1133,475.58594,462.89062,448.48633,421.38672
sample_9cff930aa4a0545b,363.0371,373.53516,396.24023,388.1836,403.56445,431.88477,437.74414,465.8203,474.36523,492.67578,513.6719,527.34375
sample_f63ffc7b634619a8,407.4707,407.71484,402.83203,396.24023,398.92578,405.51758,403.3203,410.4004,409.42383,412.59766,415.77148,422.85156
sample_d73230e5ddcea250,573.73047,533.2031,502.9297,493.89648,448.2422,446.28906,409.66797,406.98242,386.4746,384.27734,370.36133,361.8164
sample_d2051777823b3f65,298.82812,309.32617,308.3496,327.39258,306.15234,318.11523,321.5332,325.6836,341.55273,356.4453,347.9004,352.05078
sample_4524329088b7abbe,413.81836,421.38672,422.60742,431.64062,415.52734,413.33008,407.22656,403.07617,405.27344,401.85547,390.625,389.89258
sample_f80ba85c375c9dc6,450.6836,442.13867,435.0586,444.0918,417.7246,410.88867,408.93555,399.16992,399.90234,395.5078,388.42773,387.20703
sample_9430a969a6cbeb7c,599.1211,587.8906,562.9883,582.51953,542.48047,524.90234,528.8086,508.30078,502.4414,501.46484,485.10742,462.1582
sample_8acb7051ecccca8d,468.26172,478.02734,489.7461,503.41797,490.9668,490.47852,481.4453,465.33203,480.7129,465.33203,452.39258,443.84766
sample_1ea977d1734d5cd8,495.60547,482.91016,476.31836,470.45898,443.35938,432.86133,427.73438,413.57422,406.73828,400.8789,392.82227,392.57812
sample_1d6b3b803533a982,405.76172,402.0996,397.70508,398.68164,388.67188,389.16016,382.08008,381.5918,375.48828,375.97656,379.1504,375.24414
sample_aa147e4b419eb37d,385.00977,384.76562,386.23047,391.60156,387.93945,387.6953,396.24023,397.46094,400.39062,399.41406,414.0625,408.93555
sample_41c655c9697c4c7c,410.15625,403.3203,393.5547,403.56445,390.38086,380.3711,378.17383,382.08008,373.53516,372.5586,369.6289,371.09375
sample_75e2c6fb46755f82,433.59375,423.82812,415.03906,420.6543,404.78516,391.35742,386.9629,385.49805,378.41797,374.51172,369.87305,367.43164
sample_d198d43ab8df90fb,320.06836,327.14844,333.98438,348.38867,359.86328,370.8496,382.8125,399.90234,400.39062,409.1797,422.85156,436.52344
sample_e8bbb513b955caf4,502.9297,508.78906,520.01953,523.9258,515.625,511.23047,521.97266,513.1836,503.90625,503.41797,487.3047,462.40234
sample_9011121c844ee74d,379.8828,380.85938,385.00977,386.4746,381.83594,374.02344,370.60547,367.1875,370.8496,375.97656,365.9668,363.28125
sample_12bb72cb4eff94ec,343.75,353.02734,346.43555,352.29492,345.21484,353.27148,356.68945,362.06055,371.3379,381.34766,383.05664,383.78906
sample_c5c2fdfabe6c9c0e,548.33984,557.1289,569.33594,568.84766,571.28906,550.29297,526.85547,533.2031,516.60156,494.14062,500.0,500.97656
sample_d14bcc5c2eb8efe6,408.44727,409.42383,407.95898,405.0293,400.63477,392.08984,396.72852,386.9629,387.6953,383.78906,383.54492,380.61523
sample_6a2a042c5271f551,416.25977,431.88477,443.11523,439.9414,443.35938,474.60938,480.2246,497.80273,510.7422,529.78516,534.66797,537.59766
sample_d3bbe0a575248ebd,386.71875,389.89258,392.33398,385.98633,387.45117,383.30078,375.24414,375.0,378.41797,376.46484,374.26758,367.1875
sample_6af70532319b8ab2,463.8672,453.36914,475.09766,489.99023,476.80664,492.1875,499.51172,491.94336,511.23047,523.9258,491.45508,472.9004
sample_3332441e8d22ed71,471.6797,474.60938,472.9004,473.38867,474.1211,484.13086,484.375,482.66602,481.4453,485.83984,472.9004,479.4922
sample_a1495138107325b1,303.71094,313.47656,327.14844,335.9375,344.23828,343.26172,354.4922,354.4922,361.32812,367.67578,372.0703,370.60547
sample_d4fa4e335a03a8ee,331.0547,349.36523,365.9668,361.08398,374.26758,402.34375,426.51367,439.69727,459.47266,482.91016,488.5254,490.23438
sample_0b9d8b7bbe52aed3,339.35547,350.09766,354.98047,355.46875,361.8164,360.35156,371.58203,374.02344,379.1504,382.32422,387.6953,388.1836
sample_b44d5a10213e02dc,455.5664,453.36914,450.43945,440.67383,434.08203,420.89844,414.0625,404.29688,404.29688,392.57812,392.82227,385.7422
sample_92270b695c6d812e,339.35547,341.55273,345.45898,352.29492,346.1914,350.09766,364.01367,364.99023,374.02344,374.51172,383.30078,382.08008
sample_ea180cf0b701b41e,562.9883,548.33984,524.90234,524.90234,520.01953,493.4082,480.95703,464.5996,452.14844,439.9414,424.3164,425.29297
sample_bace170af356ae28,483.88672,481.9336,474.36523,475.3418,468.50586,446.04492,444.0918,427.49023,419.4336,414.55078,399.90234,399.90234
sample_d5d50fdaf0237265,370.1172,367.1875,380.12695,392.82227,377.9297,377.9297,375.48828,377.68555,372.5586,376.95312,381.10352,377.68555
sample_e0ebadcda25bb3c8,366.69922,372.0703,392.82227,390.625,405.0293,432.37305,446.04492,471.43555,471.6797,492.1875,509.27734,516.60156
sample_4a471e666f535e1d,347.16797,340.33203,345.94727,343.99414,343.01758,339.35547,349.36523,358.64258,356.9336,362.79297,363.28125,357.66602
sample_6667b71f6483db8a,350.58594,350.09766,347.4121,347.16797,340.33203,337.1582,345.45898,343.50586,354.73633,357.42188,360.5957,361.8164
sample_df11479690a0ebcc,441.89453,440.4297,432.1289,424.56055,416.01562,406.73828,403.3203,390.86914,390.625,386.23047,380.12695,378.41797
sample_22e59b74c5173ac8,328.36914,338.8672,345.21484,354.24805,358.64258,351.5625,364.7461,362.06055,366.69922,370.60547,374.51172,370.36133
sample_aa2103ae8ff5223d,350.58594,363.5254,368.16406,390.13672,403.3203,409.1797,413.08594,441.40625,446.77734,461.42578,488.0371,497.5586
sample_c3b1263465884f7a,359.375,364.2578,372.31445,378.17383,375.97656,370.1172,380.3711,374.75586,379.8828,381.83594,385.98633,385.98633
sample_2e043e13063b3cc1,338.8672,344.23828,343.99414,340.57617,342.28516,339.84375,346.92383,351.80664,352.53906,363.76953,363.0371,356.9336
sample_4d08957428004290,576.66016,559.5703,536.1328,536.6211,491.21094,479.0039,463.13477,446.5332,427.00195,421.38672,397.70508,390.86914
sample_4a0d675b67adf054,387.6953,388.67188,389.4043,399.6582,394.53125,402.5879,411.86523,421.38672,424.56055,434.08203,446.5332,450.1953
sample_7142a21eb06c4426,329.10156,345.45898,345.70312,355.7129,352.05078,358.64258,378.17383,378.6621,392.82227,406.25,403.56445,404.29688
sample_d167c12171284859,397.2168,397.70508,405.0293,413.81836,397.46094,390.38086,388.91602,384.52148,378.6621,380.3711,380.85938,375.24414
sample_02d6fdad65c68f5e,383.78906,383.30078,371.58203,377.68555,380.12695,379.63867,371.58203,379.39453,375.97656,381.34766,376.70898,375.73242
sample_a323581f182fc779,583.0078,608.8867,597.65625,583.4961,605.46875,604.98047,583.9844,592.77344,567.8711,561.03516,553.22266,568.84766
sample_8816bcf71acdebf2,434.5703,431.64062,431.39648,406.73828,400.39062,420.41016,405.76172,427.2461,418.9453,425.78125,436.2793,439.69727
sample_93b8ad0498e38533,565.91797,563.47656,544.9219,551.26953,528.8086,509.76562,509.76562,493.4082,474.85352,469.23828,447.99805,432.1289
sample_736dc4c31b66c64c,426.26953,427.73438,423.82812,418.9453,414.55078,402.5879,404.54102,391.8457,393.0664,387.6953,386.71875,383.05664
sample_b326d632abdb419b,340.33203,371.58203,387.45117,403.56445,425.5371,460.9375,472.4121,497.80273,520.01953,544.9219,549.8047,554.6875
sample_6eb6fb58c9340a65,496.58203,490.72266,468.99414,468.50586,458.98438,472.4121,462.64648,468.01758,475.09766,479.4922,484.61914,486.8164
sample_ab32aa612ad2c241,368.16406,376.70898,367.67578,366.69922,359.61914,355.7129,358.1543,363.0371,357.66602,366.21094,360.83984,366.94336
sample_4d1719ee118681d1,447.7539,445.80078,441.89453,450.43945,440.4297,444.82422,450.43945,451.66016,465.8203,466.3086,469.48242,469.72656
sample_2d1b4309c52f57cc,403.8086,404.05273,400.8789,399.6582,389.64844,385.2539,377.68555,375.24414,373.53516,372.0703,373.29102,362.54883
sample_1c26273b4083a22d,424.8047,425.04883,407.22656,406.73828,407.71484,403.3203,385.49805,392.57812,394.53125,390.13672,386.9629,380.12695
sample_18400e5a5e6b6641,359.375,355.46875,357.66602,351.07422,343.26172,337.40234,345.94727,342.77344,346.92383,351.07422,353.27148,347.9004
sample_7e13ab34f23f642d,512.6953,499.02344,507.8125,513.1836,475.58594,456.0547,448.73047,440.18555,422.11914,405.76172,394.2871,390.38086
sample_98b5290e6032321e,361.08398,350.83008,348.87695,340.0879,338.62305,337.40234,331.0547,341.06445,338.8672,342.28516,347.9004,342.28516
sample_05163707bad26b2d,666.0156,671.3867,663.08594,649.41406,645.5078,626.46484,633.78906,630.3711,611.3281,609.375,593.2617,585.9375
sample_d413b613f983cb46,339.84375,342.77344,357.17773,364.01367,359.61914,357.42188,364.99023,366.21094,371.58203,376.95312,379.63867,374.26758
sample_e7a6066b675516ce,344.48242,344.9707,348.38867,362.06055,345.21484,366.21094,358.39844,367.91992,375.48828,384.27734,382.08008,372.0703
sample_4ec371ee66aade54,473.6328,461.91406,451.9043,444.58008,429.19922,427.2461,411.37695,412.59766,404.78516,404.29688,400.63477,394.04297
sample_926a40dfce62b369,420.16602,416.01562,413.08594,417.96875,396.72852,408.20312,392.82227,398.19336,406.49414,403.3203,405.27344,392.33398
sample_dfcbce295f53bf23,494.6289,489.2578,478.75977,468.99414,445.55664,428.71094,434.5703,421.875,410.64453,407.71484,396.24023,392.08984
sample_46027690051e1119,359.61914,369.38477,390.86914,392.57812,410.15625,406.73828,419.92188,412.8418,418.45703,418.9453,413.81836,416.01562
sample_9e93aff0c3f24c85,632.8125,633.78906,628.90625,608.8867,623.53516,595.7031,570.8008,579.58984,540.03906,521.97266,527.83203,522.9492
sample_74d1e5a759f265b4,385.2539,385.7422,387.20703,392.33398,382.56836,382.56836,379.63867,378.6621,379.1504,382.32422,385.49805,390.625
sample_620be7c77fcb7629,338.8672,346.1914,349.36523,365.72266,363.0371,373.53516,385.7422,390.13672,393.79883,407.22656,420.16602,409.9121
sample_c03192158b4f8013,311.2793,327.63672,333.4961,343.99414,340.57617,368.16406,379.63867,380.3711,416.5039,425.29297,430.66406,435.0586
sample_7d278c24a79cb141,450.6836,461.42578,476.31836,488.5254,488.5254,481.4453,494.87305,489.01367,495.36133,476.5625,484.375,488.5254
sample_774d1f27af8e1aca,440.91797,438.47656,434.32617,428.95508,417.96875,413.33008,409.9121,398.68164,405.51758,395.9961,401.61133,382.56836
sample_6b345d067d7afb6d,333.4961,332.2754,350.09766,356.20117,361.32812,357.17773,366.45508,367.1875,367.67578,371.58203,377.19727,363.76953
sample_5759caa6ff17c837,437.01172,436.2793,419.18945,433.10547,439.45312,444.33594,454.83398,447.50977,477.29492,487.79297,508.78906,526.3672
sample_12419ad7ec792880,356.9336,359.13086,368.65234,381.83594,399.41406,406.73828,418.9453,427.2461,428.95508,429.6875,446.28906,449.70703
sample_a6706613145704f2,399.6582,398.4375,389.4043,402.0996,379.39453,380.85938,378.6621,375.73242,377.19727,380.85938,358.1543,364.7461
sample_78617b1caaa77628,357.66602,355.46875,362.3047,370.1172,353.75977,362.54883,356.68945,353.75977,366.21094,366.21094,354.24805,355.46875
sample_b6f75d4beef89199,386.23047,384.52148,382.8125,373.7793,360.83984,359.13086,365.9668,362.06055,365.47852,363.76953,365.9668,362.79297
sample_ac5701e79049f4d7,372.5586,371.82617,368.65234,375.97656,364.50195,369.14062,372.80273,368.4082,370.1172,386.23047,368.89648,363.76953
sample_f13ced31cef56c7e,340.57617,347.16797,358.64258,363.5254,364.2578,361.8164,367.43164,364.99023,373.29102,372.0703,377.19727,373.7793
sample_0676fae9b3117d33,626.46484,615.72266,610.83984,589.84375,569.33594,565.4297,541.0156,536.6211,509.27734,504.8828,496.3379,468.75
sample_3758e1ac40d90411,332.51953,337.40234,337.64648,331.7871,335.20508,361.8164,369.14062,398.92578,409.66797,418.45703,446.04492,457.03125
sample_d812db0bceb5f87a,353.51562,379.63867,388.1836,396.97266,387.20703,433.3496,442.8711,440.67383,492.1875,510.2539,514.16016,521.4844
sample_932e6d683de28825,399.16992,417.7246,430.41992,435.30273,450.6836,480.95703,493.16406,512.20703,522.9492,546.3867,549.3164,554.1992
sample_1973a13ad9973466,560.0586,566.40625,559.5703,537.59766,521.4844,514.16016,505.85938,494.87305,466.3086,460.44922,436.76758,428.95508
sample_3a1a81047570702d,335.44922,336.91406,338.8672,352.53906,351.31836,353.75977,364.7461,382.08008,374.02344,386.71875,400.14648,411.37695
sample_e3904ba6d9c42138,450.1953,450.92773,447.99805,439.9414,431.39648,412.35352,417.7246,400.14648,399.6582,397.46094,388.42773,379.8828
sample_c79aff842268d74a,330.5664,340.33203,346.1914,355.2246,358.64258,351.80664,364.2578,362.3047,367.1875,370.1172,375.0,371.82617
sample_0d143b609fff9e38,348.14453,355.2246,364.99023,366.45508,366.69922,362.3047,372.0703,365.23438,371.58203,376.46484,373.53516,371.82617
sample_ccb241aa0f2d2559,319.33594,328.125,335.20508,357.66602,351.80664,358.64258,359.61914,388.42773,382.56836,393.0664,412.10938,396.97266
sample_ac82be6467cc5419,429.6875,437.74414,427.97852,409.1797,420.89844,449.70703,437.5,466.3086,483.39844,506.34766,523.9258,531.7383
sample_936fd27ebfabbf0a,426.7578,425.29297,424.56055,431.15234,421.38672,401.85547,405.0293,393.79883,394.7754,386.71875,387.45117,382.08008
sample_c8091792d788a203,319.33594,327.39258,328.85742,344.9707,324.4629,332.03125,335.69336,338.13477,345.70312,357.91016,356.4453,353.27148
sample_cffca853c0bd55cf,324.4629,330.5664,335.69336,342.04102,339.84375,337.89062,354.24805,356.20117,364.2578,373.53516,375.48828,371.82617
sample_74ea66f3e276d5af,337.89062,350.09766,357.66602,361.57227,362.06055,354.73633,365.9668,361.08398,365.9668,369.14062,372.0703,366.94336
sample_ba90490459ab0375,380.12695,395.75195,410.88867,446.5332,462.40234,451.9043,461.66992,458.74023,461.91406,454.10156,459.22852,459.47266
sample_48865880b9925243,331.29883,336.42578,350.83008,358.1543,362.54883,362.3047,370.60547,370.36133,377.68555,379.39453,385.2539,383.78906
sample_efdb035555f00f5f,645.9961,646.97266,641.60156,635.2539,624.02344,617.1875,613.76953,609.8633,586.91406,583.4961,557.6172,541.0156
sample_ff5e71817401c0d0,458.4961,455.07812,447.50977,439.20898,431.15234,414.79492,414.0625,402.0996,397.94922,389.64844,385.00977,385.7422
sample_ef509a3c8ad25b7d,372.0703,376.46484,374.51172,387.6953,377.9297,385.7422,378.90625,399.90234,398.92578,408.20312,426.51367,411.1328
sample_97a206626bd7689e,421.14258,433.10547,437.25586,430.66406,420.16602,434.08203,427.00195,437.5,429.6875,433.59375,425.78125,434.08203
sample_cc69969280889f6c,371.82617,381.10352,400.63477,412.8418,415.03906,414.30664,434.32617,436.2793,431.64062,441.40625,432.6172,418.9453
sample_4ed862d7e1e49c10,328.61328,326.41602,333.25195,328.36914,324.4629,332.76367,336.91406,342.04102,352.29492,359.375,367.1875,364.01367
sample_9cd9baeaa53f76df,390.13672,400.39062,415.03906,436.2793,457.76367,453.61328,461.42578,469.72656,469.23828,467.77344,469.23828,483.1543
sample_8ac9936c70fef5ee,526.3672,529.2969,517.08984,532.71484,516.60156,499.02344,506.34766,494.38477,482.66602,481.4453,460.69336,446.28906
sample_aefa18a7babd9d6e,490.23438,477.05078,488.76953,491.94336,458.74023,441.6504,436.03516,430.9082,415.03906,401.3672,393.31055,388.91602
sample_e6b4d564a871f5d5,430.66406,427.00195,436.2793,437.5,423.0957,420.89844,419.67773,418.2129,420.16602,420.41016,410.15625,406.98242
sample_c820d06b028c2649,427.73438,422.60742,413.08594,394.7754,399.90234,407.71484,387.45117,401.12305,392.57812,390.13672,403.07617,403.3203
sample_ab52eb51ce7611ef,548.8281,547.3633,544.9219,546.875,565.4297,583.0078,576.66016,600.09766,606.4453,610.35156,618.65234,638.1836
sample_8892344d819c10fa,410.88867,392.08984,390.86914,407.4707,391.60156,398.19336,384.27734,411.6211,402.5879,402.34375,415.52734,442.8711
sample_759b82eef0844e9c,330.5664,341.06445,341.79688,345.94727,338.3789,356.4453,363.0371,365.47852,385.49805,390.625,389.64844,388.67188
sample_b21aecd3c0cd635f,415.52734,416.01562,412.8418,413.08594,403.56445,397.94922,401.85547,407.95898,395.5078,398.92578,395.9961,392.33398
sample_17c82263b7a50a99,418.70117,418.9453,420.16602,415.2832,412.10938,401.3672,407.4707,394.53125,398.4375,388.1836,393.79883,386.9629
sample_5754c8d5b201ed87,507.8125,497.0703,485.10742,460.69336,459.47266,470.21484,439.69727,449.21875,438.23242,434.08203,432.86133,436.2793
sample_df169815338676a1,577.6367,567.8711,546.3867,546.3867,513.6719,499.51172,492.67578,474.85352,458.0078,451.66016,428.95508,413.33008
sample_115455fcb9fac7fd,613.28125,610.83984,600.09766,598.14453,573.2422,557.6172,557.1289,542.48047,513.6719,507.32422,482.42188,461.66992
sample_0a603d2709fc1314,369.87305,379.8828,377.19727,389.64844,366.69922,379.1504,378.17383,376.95312,395.5078,400.8789,386.71875,383.05664
sample_8c3eb9d7d44bac6d,423.33984,421.14258,403.8086,393.79883,383.05664,379.1504,367.91992,370.1172,368.65234,367.67578,365.23438,367.67578
sample_a2ef3f75069db2c9,557.1289,548.33984,536.1328,529.78516,498.29102,494.6289,475.3418,469.72656,454.58984,450.1953,440.67383,427.49023
sample_27b7bb25a7437640,383.78906,387.6953,391.35742,391.60156,388.67188,381.34766,385.49805,378.90625,382.08008,380.3711,384.52148,379.63867
sample_40f2a6e4f78159cf,422.85156,422.60742,423.33984,417.7246,412.59766,401.85547,406.25,392.82227,394.04297,387.6953,387.45117,381.83594
sample_504c999d76d1973f,408.20312,399.6582,416.5039,435.54688,418.9453,417.48047,436.76758,430.41992,433.10547,440.91797,434.5703,417.96875
sample_87767396d5d151b4,425.29297,425.04883,409.1797,406.73828,385.7422,408.20312,392.57812,416.01562,417.48047,430.17578,443.84766,441.40625
sample_f07891a646d82c36,395.9961,394.2871,398.4375,399.16992,384.27734,385.2539,379.8828,383.30078,378.90625,385.2539,379.39453,366.45508
sample_259e364a909508dc,412.8418,412.59766,413.57422,406.98242,401.61133,393.79883,387.93945,379.63867,386.4746,382.32422,379.8828,374.75586
sample_e87f68bb2139ad68,304.6875,314.9414,327.63672,341.06445,347.65625,346.1914,360.35156,357.91016,364.2578,367.1875,375.24414,374.26758
sample_0399332d74a15c10,416.5039,404.29688,398.68164,389.4043,381.10352,365.72266,363.0371,363.0371,353.75977,356.4453,355.2246,349.60938
sample_7d7c99d34cfc5e0b,402.0996,401.12305,407.95898,412.35352,403.3203,387.45117,380.61523,372.5586,379.39453,375.48828,368.89648,368.89648
sample_c44876cc1fc08034,406.00586,403.8086,399.6582,384.52148,386.4746,395.75195,385.98633,410.15625,404.05273,407.22656,432.37305,433.8379
sample_1fcea3cc348764b2,409.1797,405.0293,405.0293,409.42383,396.48438,395.01953,391.35742,382.56836,381.83594,381.83594,383.05664,370.1172
sample_2f053818c0fe1618,408.44727,410.88867,406.00586,401.85547,384.27734,386.23047,386.71875,375.24414,389.64844,391.60156,382.08008,380.12695
sample_2e78b2ea251c44ff,347.16797,353.27148,367.43164,373.53516,370.36133,361.57227,371.82617,367.67578,372.31445,368.65234,375.24414,368.89648
sample_6baa7771f9483f06,402.34375,403.8086,405.76172,400.63477,401.12305,400.14648,406.00586,401.61133,405.51758,397.46094,409.9121,400.63477
sample_3f6c66823889d9dd,454.58984,454.10156,445.06836,456.29883,447.02148,462.1582,462.40234,469.48242,473.14453,484.86328,482.17773,486.8164
sample_e7bf46a4af65267e,363.0371,369.6289,365.23438,388.91602,381.10352,398.4375,407.22656,435.0586,440.18555,462.40234,491.94336,497.0703
sample_c0ca21f284d5e0f7,442.3828,442.8711,442.13867,437.74414,435.0586,431.64062,438.23242,427.97852,435.0586,424.8047,430.41992,414.30664
sample_258b571704293c54,714.84375,695.8008,684.08203,698.2422,685.0586,659.66797,636.71875,640.625,644.53125,622.0703,632.3242,609.8633
sample_23d98266f97001e5,446.77734,466.06445,479.24805,527.83203,516.60156,503.90625,530.27344,520.5078,531.25,535.64453,530.27344,506.34766
sample_0b68eb15687b273f,586.4258,609.8633,604.4922,598.6328,617.1875,606.4453,588.8672,587.8906,565.91797,554.1992,543.9453,551.26953
sample_53c33b515348bd54,584.47266,609.8633,602.53906,592.28516,612.79297,605.95703,588.8672,589.84375,566.89453,556.6406,546.3867,559.08203
sample_c2e064993bd288fb,384.0332,404.54102,417.23633,467.5293,475.3418,498.04688,519.04297,540.52734,543.9453,566.40625,568.3594,566.89453
sample_fb544b096b932b93,368.4082,371.82617,363.76953,365.9668,371.09375,383.30078,379.1504,396.24023,397.94922,402.83203,414.0625,426.7578
sample_ffc6e5d1fe8faf7e,416.9922,400.14648,393.5547,409.1797,377.9297,381.34766,381.5918,374.75586,369.14062,381.83594,367.91992,361.8164
sample_3ec36090fd8d2a14,570.8008,557.6172,555.1758,551.7578,512.6953,495.1172,479.73633,468.75,442.3828,427.2461,413.81836,407.71484
sample_a3911689326cb0b1,312.74414,316.40625,324.95117,333.74023,345.94727,356.20117,364.50195,370.8496,379.39453,385.2539,393.79883,403.8086
sample_622b6bd64247e4d2,451.66016,453.61328,468.75,504.39453,500.97656,513.6719,533.6914,536.6211,538.08594,551.26953,546.875,535.15625
sample_dd116e215f9bde0f,315.4297,326.66016,338.13477,345.45898,353.27148,348.6328,359.61914,356.9336,364.01367,368.16406,373.04688,369.6289
sample_b217af9399994642,347.4121,357.42188,358.64258,357.17773,358.88672,367.43164,367.67578,374.51172,383.05664,389.16016,385.2539,388.1836
sample_5eea6a4d11c3c221,396.97266,397.70508,383.78906,379.8828,366.69922,371.09375,362.06055,365.9668,365.23438,370.1172,359.61914,365.9668
sample_172854c94314a1c3,417.96875,421.14258,419.92188,415.52734,404.78516,397.70508,400.63477,396.72852,391.60156,391.11328,395.26367,377.4414
sample_2a6983c80013078a,481.9336,478.02734,465.57617,462.64648,430.66406,446.28906,449.70703,443.84766,455.5664,464.84375,452.63672,454.10156
sample_1f40ebfe6119d681,549.8047,542.96875,536.1328,521.97266,500.48828,481.4453,481.68945,460.69336,454.10156,434.5703,441.1621,429.44336
sample_edaf53514bf0c32e,354.0039,359.375,370.36133,376.95312,372.0703,368.65234,375.24414,369.38477,378.41797,373.04688,380.3711,379.39453
sample_346ef182e203eca4,482.91016,468.26172,484.375,494.38477,478.27148,480.46875,474.85352,470.21484,480.2246,483.39844,457.2754,440.4297
sample_da52f9b14d15c51f,333.98438,339.11133,345.45898,354.0039,356.9336,365.23438,373.04688,374.26758,381.83594,385.7422,388.1836,389.89258
sample_f7b4477bc1cb1338,500.97656,489.2578,498.29102,507.8125,514.64844,503.90625,491.94336,503.90625,497.31445,493.16406,484.61914,511.71875
sample_937752ac54c658e9,305.41992,312.98828,319.58008,326.41602,331.54297,346.6797,353.51562,359.61914,365.23438,377.9297,379.1504,388.91602
sample_61dd0aa65f0608b9,414.0625,414.0625,413.81836,400.8789,402.83203,397.94922,394.04297,387.45117,388.91602,384.76562,386.4746,375.48828
sample_92e40598b255f307,333.25195,340.33203,346.43555,340.57617,348.6328,358.39844,361.08398,367.67578,369.6289,373.53516,383.78906,382.56836
sample_afa5130f3dfc8e4a,340.0879,354.73633,354.0039,349.36523,359.86328,359.61914,360.5957,368.89648,381.83594,384.76562,379.39453,384.27734
sample_bf6ba33a8f0f19a2,380.61523,378.6621,379.39453,386.71875,377.9297,373.53516,369.38477,370.8496,373.7793,379.39453,373.04688,365.23438
sample_a311786a17a6a003,409.42383,411.37695,411.86523,410.15625,408.20312,400.63477,408.44727,399.16992,401.61133,393.0664,398.92578,394.7754
sample_56f1852adabf9725,397.46094,400.8789,402.0996,396.24023,395.5078,386.23047,388.91602,378.6621,382.56836,380.3711,377.19727,372.0703
sample_612ce7c23f865092,389.4043,407.22656,422.36328,421.63086,439.45312,467.77344,488.0371,497.80273,511.23047,528.8086,530.27344,533.2031
sample_1c90aec01a6b887e,385.7422,380.85938,383.30078,395.26367,375.97656,373.29102,372.0703,366.21094,370.1172,373.04688,358.1543,353.27148
sample_c856e1411e2c391b,343.75,343.75,354.98047,357.42188,364.2578,363.76953,366.21094,369.14062,367.91992,371.58203,378.41797,369.6289
sample_734ec41bf9abcd52,346.6797,353.75977,359.86328,363.28125,383.30078,414.0625,428.4668,450.43945,468.50586,501.46484,521.97266,537.1094
sample_a7d0218b478669cb,647.46094,617.6758,622.5586,609.8633,573.73047,572.2656,561.52344,543.45703,535.15625,533.6914,498.04688,463.62305
sample_f16f8ec977b3afbf,332.76367,363.28125,380.61523,399.16992,420.16602,455.81055,468.99414,492.91992,515.1367,541.0156,545.41016,549.8047
sample_3c8cd59791d1d0f1,404.78516,405.76172,402.5879,405.51758,394.04297,394.2871,396.48438,385.98633,387.6953,393.0664,385.2539,380.3711
sample_30a44a9c5135b22d,378.41797,381.10352,387.45117,389.89258,384.52148,374.51172,371.3379,367.43164,371.3379,375.97656,365.9668,363.28125
sample_574b191e177d3d1f,330.81055,352.29492,370.1172,387.93945,422.11914,422.85156,436.76758,455.32227,460.44922,467.77344,473.38867,492.43164
sample_ff92d6698d25e276,390.13672,404.78516,419.92188,442.3828,475.58594,507.32422,525.3906,542.48047,563.96484,597.16797,596.1914,617.1875
sample_03a983adad29425d,506.83594,523.9258,532.71484,544.4336,545.89844,536.1328,518.5547,508.78906,514.16016,495.1172,482.42188,473.38867
sample_ee0a4a285b9c628a,339.35547,345.21484,356.68945,368.65234,375.24414,365.47852,382.32422,376.46484,378.41797,379.39453,385.2539,380.3711
sample_82b9dd50a84de564,374.02344,380.85938,385.98633,389.16016,386.9629,376.95312,383.78906,376.70898,385.49805,383.30078,384.52148,383.05664
sample_e332768b00d9ab0e,372.0703,375.97656,382.56836,385.00977,387.6953,385.00977,391.11328,389.64844,393.31055,393.0664,396.97266,397.70508
sample_42cb641ebb1a15cd,470.21484,466.79688,460.9375,461.18164,436.03516,447.7539,450.43945,446.5332,440.91797,453.61328,438.47656,424.8047
sample_da7778974d627008,319.33594,331.0547,340.33203,346.92383,356.9336,349.60938,363.28125,358.88672,365.23438,368.16406,375.24414,369.38477
sample_46e7884f7409a79f,421.875,420.6543,413.33008,408.6914,397.2168,392.08984,394.7754,400.14648,385.2539,388.67188,385.49805,385.2539
sample_4dedd054176ba7fb,620.60547,610.35156,624.5117,608.8867,606.4453,580.5664,571.28906,552.7344,520.9961,496.09375,494.87305,494.14062
sample_cee7931c68ffcd61,338.3789,350.83008,354.24805,366.45508,352.05078,370.8496,390.38086,391.11328,411.6211,426.7578,414.55078,413.33008
sample_6d3d74b4ba87c6bb,564.4531,566.40625,569.8242,549.3164,531.7383,531.25,528.3203,520.9961,500.97656,499.02344,486.32812,481.4453
sample_93a3bf1a0e1f8624,327.14844,328.125,336.42578,347.4121,353.51562,358.88672,362.3047,372.0703,372.0703,378.90625,388.91602,387.20703
sample_9f89dbc0255a869e,410.15625,429.44336,430.17578,440.67383,458.98438,475.58594,491.45508,507.32422,536.6211,558.10547,586.4258,599.6094
sample_79114d2bd5413154,313.47656,323.9746,335.9375,344.72656,351.5625,347.16797,362.54883,359.86328,364.50195,367.1875,375.24414,372.31445
sample_6cd800e5947c90c0,419.4336,423.58398,431.88477,439.69727,428.71094,448.48633,460.20508,465.0879,479.73633,490.23438,486.08398,483.64258
sample_0cc5bfec378d1b53,382.56836,381.34766,378.17383,373.53516,374.26758,408.20312,399.41406,430.9082,449.95117,468.75,502.9297,518.0664
sample_4949fd4e77ebcd20,417.48047,417.96875,416.74805,406.49414,394.53125,417.23633,415.52734,419.67773,430.41992,441.40625,437.25586,447.50977
sample_368590951eab001e,344.72656,349.1211,358.1543,358.88672,343.75,352.29492,351.5625,357.91016,362.06055,368.65234,368.4082,366.45508
sample_d41da83daeaa3b22,427.73438,423.0957,409.9121,424.56055,410.4004,421.38672,433.3496,427.00195,443.35938,453.125,445.55664,458.4961
sample_103e817bfcb27a8a,396.72852,392.08984,399.90234,407.95898,395.9961,397.70508,407.4707,404.29688,403.56445,405.27344,401.12305,389.4043
sample_f18227eb5fe3a8a2,426.7578,412.8418,411.37695,400.14648,388.91602,413.57422,398.68164,421.38672,428.4668,437.01172,467.04102,473.14453
sample_8af66b34e7c8f108,420.41016,424.8047,436.03516,440.91797,441.89453,443.11523,452.39258,444.58008,453.61328,449.70703,450.6836,431.64062
sample_be7d45127f44ce5b,352.7832,361.32812,351.07422,352.29492,355.2246,360.5957,357.42188,369.14062,377.19727,378.90625,377.4414,381.83594
sample_384dc906f5fec0bf,360.83984,365.72266,373.53516,374.02344,373.04688,368.16406,375.73242,367.91992,373.53516,376.95312,372.80273,370.1172
sample_64d6cf25d35a78bc,445.80078,447.26562,456.7871,471.92383,453.125,453.125,468.99414,457.76367,453.61328,459.47266,443.60352,428.71094
sample_095896c7ec7c5fb4,396.97266,399.90234,399.41406,396.97266,395.5078,383.30078,387.45117,380.61523,381.34766,375.48828,377.68555,370.1172
sample_8b00910402f29d2a,359.375,361.08398,363.28125,350.83008,354.24805,352.7832,362.06055,366.45508,369.87305,375.97656,382.56836,382.32422
sample_7daa30346b5498dc,412.10938,412.8418,411.6211,421.14258,403.8086,400.39062,393.5547,388.91602,392.82227,387.6953,378.6621,376.70898
sample_4e17f5b58ab55bcf,361.8164,366.94336,374.26758,379.1504,376.95312,369.6289,376.70898,371.82617,379.1504,376.46484,382.32422,378.90625
sample_01497d9025643a21,476.07422,465.33203,449.70703,439.69727,414.30664,403.3203,401.61133,391.35742,384.52148,381.83594,376.95312,375.24414
sample_edb22022c13f4abf,334.47266,328.85742,335.9375,334.7168,327.39258,342.5293,342.04102,357.91016,358.88672,371.58203,375.97656,377.68555
sample_dc72f74ea9990f30,332.2754,336.42578,338.62305,342.5293,340.57617,337.40234,353.27148,354.73633,361.8164,369.6289,374.26758,371.09375
sample_2e36ceb53a15200f,430.17578,430.41992,424.56055,421.14258,412.59766,400.63477,399.90234,386.9629,389.16016,384.27734,378.17383,376.46484
sample_c30032e2fd158bbd,563.47656,568.84766,577.14844,578.6133,590.33203,566.40625,544.4336,551.7578,534.1797,508.78906,520.9961,522.9492
sample_befe56d208aacf42,326.17188,330.5664,342.5293,350.58594,359.375,371.3379,382.56836,391.11328,395.01953,402.34375,406.00586,415.2832
sample_38c38c818c3343c7,446.77734,439.9414,422.85156,425.5371,413.33008,409.66797,400.63477,399.6582,391.8457,390.13672,390.38086,382.8125
sample_7d093f2510288b58,336.91406,362.54883,369.87305,377.9297,369.14062,416.9922,423.0957,424.8047,477.53906,495.1172,500.48828,509.27734
sample_c4b8a8f2d72b4d65,309.32617,330.81055,344.72656,350.83008,334.47266,378.90625,384.52148,389.89258,438.47656,452.63672,460.44922,459.96094
sample_da82e3009fad3435,362.79297,373.53516,371.58203,376.95312,368.16406,370.8496,380.61523,380.12695,385.98633,388.67188,386.71875,388.1836
sample_0e8b3508b9da53fb,391.11328,380.61523,370.60547,358.1543,356.4453,353.75977,335.9375,355.7129,352.53906,348.14453,365.9668,369.14062
sample_e7c6f6ee70ae2f93,372.31445,365.9668,356.20117,362.06055,331.0547,350.58594,332.03125,356.68945,356.4453,360.35156,373.04688,364.99023
sample_53675429d7ea34ad,341.3086,349.85352,357.66602,361.08398,365.72266,360.10742,370.8496,366.45508,371.09375,373.04688,378.6621,375.24414
sample_514fb24a6f3a68d7,326.41602,328.61328,338.3789,345.70312,329.83398,342.77344,346.92383,354.24805,364.50195,375.0,374.51172,370.36133
sample_c26a68578e96bb4e,438.47656,435.54688,433.8379,433.3496,413.08594,410.4004,405.51758,402.5879,399.41406,400.8789,395.26367,376.46484
sample_53819814b69ab4e3,386.23047,393.0664,392.08984,376.95312,372.5586,398.4375,396.48438,414.30664,426.7578,445.80078,453.36914,445.80078
sample_866d3ab340811a66,347.9004,349.60938,352.7832,369.38477,350.58594,352.53906,354.73633,352.29492,360.10742,366.21094,356.68945,348.6328
sample_5b4bd3d95208a20f,417.96875,415.03906,417.48047,428.4668,414.55078,417.7246,426.51367,429.93164,432.1289,437.98828,428.22266,424.8047
sample_c0bb34a217f40088,414.30664,409.42383,413.33008,407.4707,396.48438,394.7754,406.00586,397.70508,395.26367,403.8086,385.98633,377.4414
sample_1b4028bc2cfe9e29,302.73438,312.5,327.88086,338.62305,344.23828,345.45898,359.375,361.08398,365.9668,370.1172,377.68555,376.95312
sample_cbdd2f4c98d2e033,382.08008,381.10352,379.63867,359.61914,364.50195,398.92578,391.11328,421.14258,436.76758,453.61328,485.83984,494.6289
sample_4fdb09cabe463585,381.10352,379.8828,380.61523,385.00977,376.46484,380.12695,389.16016,394.04297,403.07617,405.76172,419.18945,411.37695
sample_9812c50640029887,443.84766,441.40625,436.76758,427.00195,424.8047,412.8418,413.33008,398.4375,399.41406,393.0664,390.625,384.27734
sample_cc8f59f4abc6c6d0,371.09375,380.3711,373.53516,372.0703,358.1543,364.99023,375.0,374.75586,379.39453,384.27734,382.32422,386.4746
sample_4675a3185caa92bb,355.2246,361.08398,369.38477,373.7793,373.7793,369.38477,372.5586,369.87305,376.95312,374.51172,380.3711,376.46484
sample_9ff771201745b7cd,358.39844,371.3379,370.1172,375.0,370.60547,371.3379,384.76562,383.78906,386.23047,392.08984,387.45117,388.91602
sample_05aedc1e74346cca,384.76562,398.68164,409.1797,425.29297,435.30273,468.50586,474.85352,501.95312,501.95312,520.5078,521.4844,530.27344
sample_15bad926f7d7652b,371.58203,375.73242,382.8125,391.60156,381.34766,391.11328,417.23633,420.16602,423.82812,439.9414,436.52344,437.01172
sample_df2c52c3e8f9e389,490.23438,473.6328,455.07812,444.58008,423.33984,413.33008,394.7754,390.625,377.9297,371.09375,366.94336,366.45508
sample_c7ebc1dd0438efc3,361.57227,370.1172,371.09375,373.29102,367.67578,363.28125,375.97656,377.19727,375.73242,379.8828,381.34766,382.56836
sample_dcd6f46df9aafe3a,354.98047,362.3047,370.1172,371.82617,375.97656,368.16406,375.73242,370.1172,375.48828,375.0,379.63867,375.24414
sample_11fbf1aa3025466a,453.61328,466.06445,483.88672,485.5957,492.91992,485.10742,486.8164,484.86328,479.0039,478.02734,469.23828,447.26562
sample_d0ceb9dbfda93e3b,483.88672,473.14453,452.14844,445.3125,435.0586,428.4668,408.20312,404.29688,400.63477,394.53125,384.76562,384.27734
sample_50dbbc15fdb347c7,463.3789,462.64648,453.36914,457.03125,427.73438,441.1621,449.4629,442.8711,459.22852,470.21484,464.84375,462.1582
sample_a0bad5f0f49530ed,415.2832,404.05273,400.8789,390.38086,374.51172,390.38086,366.69922,378.41797,380.61523,381.83594,387.20703,375.24414
sample_1df949e7e0a76d21,350.83008,349.85352,355.46875,341.55273,347.65625,346.92383,358.1543,364.2578,367.91992,374.02344,383.30078,381.5918
sample_ebbc45a163d794e2,373.53516,364.2578,367.67578,371.3379,362.06055,354.73633,360.5957,363.76953,363.5254,365.23438,360.10742,357.42188
sample_ec6b4ccecb6671a8,535.15625,522.9492,499.26758,486.57227,474.60938,453.36914,441.1621,415.77148,410.4004,402.83203,387.45117,383.54492
sample_0c7196db711c558d,440.91797,462.89062,464.84375,497.80273,498.04688,506.83594,516.1133,533.6914,525.3906,543.45703,543.9453,527.83203
sample_b60c0bc9fbb94a44,531.7383,524.41406,499.75586,494.87305,493.65234,478.51562,467.28516,462.1582,455.81055,447.26562,436.2793,453.36914
sample_7cd140f3f33656a6,421.875,424.8047,416.9922,409.66797,408.93555,438.47656,424.3164,452.14844,461.91406,480.95703,496.3379,493.65234
sample_11944bcae07de6ff,389.4043,393.79883,395.75195,398.4375,398.92578,393.0664,403.07617,395.5078,400.39062,393.0664,400.63477,397.70508
sample_286b2e6a87db3156,328.61328,331.54297,338.13477,356.20117,352.53906,358.88672,366.94336,391.60156,383.78906,391.60156,416.25977,403.07617
sample_27b22a1428d14435,506.83594,501.46484,480.7129,473.38867,443.35938,435.30273,405.0293,413.81836,399.41406,403.3203,396.72852,380.85938
sample_97534e468152d7f0,515.1367,489.2578,468.75,446.04492,419.92188,416.5039,397.70508,395.01953,378.90625,375.97656,373.29102,375.0
sample_848c806d5b51010c,370.1172,384.27734,404.54102,447.26562,458.25195,486.08398,506.34766,529.78516,533.2031,557.6172,557.1289,555.1758
sample_323c87d0e69bbe02,312.98828,318.84766,323.48633,330.32227,338.13477,342.04102,348.6328,355.2246,353.27148,370.1172,366.45508,373.53516
sample_e891fd1eae36515d,400.14648,397.2168,388.91602,387.45117,368.89648,377.19727,357.66602,385.49805,373.7793,377.4414,397.46094,389.89258
sample_e5cbbf4aed2257da,392.08984,403.3203,415.03906,421.38672,436.03516,426.26953,436.2793,433.8379,437.01172,434.08203,434.08203,434.08203
sample_dca2a122595c2244,393.0664,412.59766,425.5371,452.88086,491.94336,515.625,535.64453,554.1992,573.2422,604.0039,604.0039,621.09375
sample_fc253cc925863782,401.3672,407.95898,418.2129,427.97852,422.11914,422.60742,431.64062,438.23242,431.39648,437.5,435.0586,428.71094
sample_e890c671f42ff821,446.77734,442.3828,432.6172,421.14258,404.54102,395.01953,397.70508,394.2871,380.61523,381.83594,371.58203,373.04688
sample_cb61b8d75fe6ef67,393.5547,405.27344,420.6543,429.93164,449.4629,442.8711,452.39258,454.3457,455.81055,455.5664,452.88086,458.74023
sample_72c567c744a6c144,538.5742,518.0664,500.48828,498.7793,461.18164,457.03125,419.67773,430.9082,414.79492,410.15625,405.27344,417.96875
sample_bb05939d5fb6ef26,472.65625,469.23828,443.11523,442.13867,438.47656,427.49023,405.0293,406.25,402.0996,397.94922,384.76562,375.24414
sample_6c11f749e0f48a70,379.63867,374.26758,399.90234,412.59766,423.82812,421.38672,438.96484,435.0586,434.5703,430.66406,443.60352,442.8711
sample_1f3863207a8a8c9f,389.4043,389.89258,389.64844,363.5254,371.3379,387.20703,379.8828,394.53125,388.91602,396.97266,404.05273,404.54102
sample_333e2aef5bbc8794,366.94336,370.60547,373.29102,375.24414,368.89648,367.67578,374.02344,372.0703,377.19727,377.9297,380.3711,383.05664
sample_8ab717efec0cd812,403.3203,410.4004,403.56445,408.6914,413.33008,413.33008,414.79492,418.45703,420.89844,426.26953,428.71094,440.18555
sample_7753f69cfadfd44a,368.65234,373.7793,381.10352,380.61523,383.54492,375.0,385.49805,377.68555,380.85938,379.8828,385.49805,379.63867
sample_6fa2abfe41baa524,614.7461,581.0547,542.48047,546.3867,492.67578,480.2246,447.7539,429.93164,418.2129,397.94922,385.49805,380.85938
sample_6ee16a480120391e,376.46484,399.6582,420.41016,431.39648,470.21484,484.375,513.6719,527.83203,550.78125,575.6836,599.1211,606.9336
sample_23578a88cbfed75a,452.63672,448.2422,438.23242,430.17578,416.9922,415.03906,407.71484,399.16992,396.24023,393.0664,395.01953,385.49805
sample_37186a3b276dc7cb,368.65234,382.56836,403.8086,421.38672,421.14258,423.33984,457.2754,452.63672,459.96094,473.6328,463.13477,445.06836
sample_e705e8cf916a1143,655.7617,653.3203,660.64453,659.1797,684.5703,668.9453,654.2969,671.3867,678.22266,677.2461,680.1758,678.22266
sample_8330aec2d76fad4c,416.9922,426.7578,437.01172,454.3457,442.8711,443.60352,445.3125,446.04492,442.13867,446.28906,436.03516,432.1289
sample_8e5ae3bd1f4a7681,326.41602,336.18164,334.96094,338.13477,338.62305,343.26172,364.50195,370.60547,377.19727,387.6953,388.1836,390.625
sample_77694d03b342fb1d,395.5078,400.8789,414.0625,418.2129,426.26953,436.2793,470.45898,468.26172,477.05078,483.39844,489.99023,468.99414
sample_8c6a5d7ed3cee9e3,419.18945,405.0293,398.19336,396.72852,381.5918,384.0332,376.2207,373.53516,370.1172,383.30078,366.69922,357.91016
sample_b1c444b0bc8aa0cf,305.17578,311.76758,316.6504,324.4629,331.0547,342.77344,347.4121,354.4922,356.9336,372.5586,371.09375,381.10352
sample_c539641296fe95ea,443.84766,443.84766,422.11914,422.36328,421.875,414.55078,395.26367,400.14648,399.90234,396.97266,386.4746,380.85938
sample_43403b3ed71dd625,352.29492,356.20117,352.7832,365.47852,349.1211,346.6797,345.70312,348.87695,350.09766,355.95703,343.50586,347.16797
sample_9048f454d7f5a4b9,381.5918,380.61523,376.70898,381.83594,374.02344,373.53516,377.19727,372.5586,371.3379,384.27734,369.38477,361.8164
sample_c6362c501077a968,332.76367,348.38867,343.99414,349.60938,357.66602,374.26758,385.00977,411.86523,414.55078,437.5,454.10156,446.28906
sample_dc98b23f5bc438ac,398.68164,421.63086,432.86133,485.10742,491.69922,505.3711,532.71484,546.875,551.26953,572.7539,572.2656,569.33594
sample_92d142bfc005677f,343.50586,354.98047,359.61914,359.13086,365.72266,364.2578,379.63867,391.11328,385.49805,395.9961,400.39062,396.48438
sample_a9e9668f4f8f3dc9,353.02734,348.14453,356.9336,342.28516,343.99414,352.7832,348.38867,354.0039,366.69922,366.69922,378.17383,371.3379
sample_e9977b96c0db5739,385.49805,397.70508,408.6914,419.92188,404.29688,421.14258,433.8379,430.9082,446.5332,451.66016,441.40625,439.45312
sample_1261f64ad94e38a1,475.09766,470.70312,450.43945,455.5664,421.63086,414.0625,403.3203,392.82227,387.93945,385.2539,357.66602,362.54883
sample_6d853fe5bd665c40,581.0547,589.35547,572.2656,562.5,548.8281,547.3633,513.1836,513.6719,500.48828,491.21094,474.36523,474.36523
sample_084e2601c292bb06,428.22266,418.70117,415.52734,409.66797,407.95898,397.70508,388.91602,386.9629,382.08008,382.32422,378.6621,376.95312
sample_5d1127c63b3867c4,356.4453,359.61914,383.54492,389.16016,396.72852,391.11328,411.86523,403.07617,406.49414,410.15625,405.76172,404.29688
sample_107be4888c2f5735,355.7129,360.83984,375.0,378.17383,374.02344,365.23438,375.24414,370.36133,374.26758,371.09375,376.2207,369.38477
sample_ab3df37e0c7d71ed,349.1211,344.23828,346.43555,344.23828,339.35547,332.51953,341.3086,347.65625,346.92383,353.02734,356.68945,348.87695
sample_e12f8be62f952a15,314.9414,330.07812,351.07422,368.4082,355.2246,370.8496,413.57422,408.93555,426.51367,448.73047,437.01172,433.8379
sample_850261c2482d1dc8,462.40234,459.96094,439.69727,437.74414,424.8047,418.2129,412.8418,413.08594,406.73828,410.15625,403.8086,416.74805
sample_5877fa94d038452d,330.32227,333.98438,343.01758,349.85352,337.64648,346.6797,349.1211,354.98047,364.50195,373.04688,372.80273,368.65234
sample_546c6e80338d7986,634.27734,644.53125,639.16016,616.21094,623.0469,642.08984,620.60547,638.1836,632.8125,643.0664,628.90625,607.91016
sample_98352079a59dc8d3,343.75,344.72656,357.66602,371.3379,374.51172,381.34766,388.91602,393.0664,395.01953,398.92578,405.76172,406.25
sample_b920d6a32456bc59,427.2461,418.45703,418.9453,417.23633,394.04297,385.2539,377.68555,371.3379,372.0703,362.79297,350.3418,354.98047
sample_404ad4d2a151ab3d,488.28125,477.05078,458.98438,451.17188,437.5,427.2461,412.35352,405.0293,398.19336,392.57812,384.52148,381.34766
sample_59b82f1dbc38f30c,539.5508,526.85547,507.8125,492.43164,477.53906,452.63672,445.3125,422.11914,414.55078,401.3672,394.04297,388.1836
sample_caea16c6df19d99f,419.18945,428.95508,430.41992,435.30273,418.9453,412.8418,421.38672,417.7246,406.73828,413.08594,397.70508,395.9961
sample_7ac51d2f994f9b8f,414.0625,411.37695,417.23633,408.93555,399.90234,395.5078,392.33398,390.38086,390.38086,388.67188,397.2168,375.97656
sample_7db8c88f4aaec16e,312.74414,313.47656,323.48633,336.18164,343.75,350.58594,355.7129,366.94336,367.43164,372.5586,384.76562,382.56836
sample_0bad3a1e9637ddcb,425.29297,433.59375,427.49023,439.20898,418.70117,423.33984,419.18945,418.9453,428.71094,426.26953,416.74805,412.10938
sample_55f35b9e719b0c6c,393.79883,399.90234,396.72852,393.0664,373.29102,387.20703,393.0664,389.4043,403.3203,411.6211,398.19336,400.8789
sample_8908cff9a5a8633d,407.4707,405.27344,406.98242,401.61133,401.3672,397.94922,388.42773,389.89258,392.08984,389.16016,384.76562,377.19727
sample_19f1b6b442cd10eb,370.60547,375.73242,379.1504,396.24023,409.1797,417.23633,418.2129,429.6875,435.30273,433.10547,442.8711,455.81055
sample_bcd4ff36014314d1,443.35938,438.47656,422.60742,410.64453,388.1836,408.6914,377.68555,389.89258,395.75195,396.48438,397.46094,385.98633
sample_e47531e184e1414a,506.83594,494.6289,505.3711,515.1367,521.4844,510.2539,497.5586,504.39453,500.97656,493.16406,486.32812,507.8125
sample_b26e4e8d8111272b,346.1914,359.86328,360.5957,370.36133,359.86328,379.1504,388.1836,404.54102,419.4336,439.9414,455.5664,450.1953
sample_2c21ed939621b5a0,376.46484,381.34766,385.98633,390.13672,391.60156,384.0332,392.08984,386.9629,389.89258,389.64844,392.08984,391.8457
sample_b84661b0dfd0098c,324.4629,333.74023,344.9707,351.31836,357.66602,356.20117,367.1875,364.01367,371.58203,373.53516,379.63867,377.9297
sample_3ead7d89d71ad5fd,462.40234,447.26562,438.47656,425.04883,404.78516,416.5039,399.90234,405.51758,404.78516,402.83203,410.15625,404.78516
sample_f4e89abadb8232b1,435.54688,446.5332,437.01172,428.71094,437.25586,471.43555,463.3789,495.8496,513.6719,543.45703,553.71094,566.40625
sample_f5868073728c18a2,356.4453,356.9336,358.39844,370.8496,354.98047,356.68945,360.10742,352.53906,364.2578,368.16406,355.7129,353.51562
sample_2a10f8be893edd9a,450.6836,471.1914,467.5293,481.68945,499.02344,509.76562,537.1094,527.34375,559.08203,584.47266,574.70703,578.125
sample_6f90f3754afde06c,373.04688,363.28125,362.3047,380.12695,355.95703,363.28125,370.36133,371.82617,366.69922,382.8125,374.26758,372.0703
sample_5ed14844cc701340,368.4082,375.24414,380.12695,382.56836,380.12695,373.53516,381.5918,375.73242,381.34766,377.4414,385.2539,381.5918
sample_2f83aa2fc2142416,415.52734,417.96875,434.5703,439.20898,447.99805,454.10156,482.66602,478.75977,489.7461,489.7461,497.31445,467.5293
sample_f25ae9688d616ff3,309.81445,316.40625,327.63672,322.02148,322.99805,348.6328,350.09766,369.38477,384.0332,393.0664,413.33008,400.8789
sample_50121cbdd7188575,396.48438,406.25,429.19922,447.50977,446.04492,455.5664,474.36523,479.4922,484.86328,491.69922,496.3379,487.79297
sample_57bf77544beb515a,380.3711,380.12695,383.78906,380.12695,359.13086,377.9297,372.5586,382.32422,382.8125,391.11328,393.0664,389.89258
sample_94216885b993979b,388.67188,395.26367,405.0293,427.97852,421.875,429.44336,466.55273,454.3457,478.27148,498.53516,489.2578,488.5254
sample_81002b38cb620e37,330.5664,341.3086,347.16797,354.4922,356.9336,353.27148,365.47852,364.50195,369.6289,371.58203,376.46484,374.26758
sample_6e7d1b719276f08d,367.1875,373.29102,374.02344,351.31836,349.36523,366.69922,353.27148,377.9297,379.39453,388.1836,406.49414,400.63477
sample_584b8435bd7fc36e,357.17773,343.01758,348.14453,336.66992,349.1211,379.39453,375.73242,410.4004,417.96875,432.6172,483.39844,486.8164
sample_559e7cb89b3b2dcc,323.9746,338.3789,348.14453,339.35547,343.75,368.4082,375.73242,394.53125,405.76172,422.85156,436.2793,427.73438
sample_aa6e37249116c6ef,573.2422,548.33984,522.46094,509.27734,472.16797,455.5664,449.4629,429.93164,410.64453,402.34375,386.71875,380.61523
sample_8e2f02aedf81cea9,402.83203,402.34375,409.9121,401.85547,394.7754,390.13672,390.625,389.4043,390.625,389.64844,400.14648,378.6621
sample_d7745912ed0d4271,406.98242,422.85156,439.20898,462.64648,499.26758,511.71875,536.1328,554.6875,569.33594,589.84375,608.39844,614.2578
sample_4d3288d6cc01322d,468.26172,450.43945,426.0254,412.35352,388.91602,400.63477,368.16406,388.91602,380.12695,380.85938,384.76562,383.30078
sample_33d1c742c461dfcc,416.01562,426.7578,431.39648,437.25586,421.14258,419.18945,428.4668,427.97852,416.5039,423.33984,406.25,407.71484
sample_7b0211f00a1b704b,359.375,365.23438,367.1875,383.30078,366.45508,369.6289,360.5957,366.69922,368.65234,378.41797,384.76562,392.82227
sample_bb67cbe03a1ceb04,413.57422,403.07617,404.05273,399.16992,370.8496,394.04297,392.33398,384.0332,410.64453,421.38672,403.07617,405.76172
sample_53f3ce847818e52c,631.34766,632.8125,631.34766,628.41797,622.0703,607.91016,606.9336,602.0508,580.5664,570.8008,550.29297,525.8789
sample_9d99323fc111533f,568.84766,548.8281,531.25,516.60156,498.29102,473.6328,459.22852,436.03516,428.4668,415.52734,400.14648,394.7754
sample_59db1f99febfc1ca,366.94336,380.61523,394.7754,410.64453,435.54688,470.21484,488.5254,505.85938,527.83203,566.89453,567.8711,586.91406
sample_5e3cb7d240869594,388.1836,389.89258,397.46094,414.79492,424.56055,429.6875,430.17578,439.20898,441.89453,438.47656,445.55664,455.32227
sample_9583823dcb12bd58,317.62695,324.70703,336.66992,346.6797,352.29492,352.05078,363.5254,361.08398,368.4082,369.6289,377.68555,377.19727
sample_48efa204efb8b0a9,384.76562,386.71875,389.4043,389.89258,385.2539,375.97656,385.7422,379.39453,377.19727,378.90625,390.625,375.73242
sample_f2cbf7a5454b16da,530.7617,521.4844,519.04297,531.7383,523.4375,529.78516,538.5742,535.15625,526.85547,530.7617,522.46094,518.5547
sample_dd3b3f6f589d4016,343.99414,346.92383,349.60938,371.3379,347.9004,354.24805,351.31836,348.87695,361.8164,368.16406,359.61914,350.58594
sample_a0d70a6af2561d53,504.39453,517.5781,513.6719,504.8828,528.8086,554.1992,523.9258,546.875,550.29297,534.1797,552.7344,576.66016
sample_bf1cadde1567205e,334.47266,344.48242,355.2246,363.5254,364.01367,357.42188,370.1172,365.9668,371.09375,372.5586,375.24414,372.5586
sample_ab57192cf4103140,386.9629,391.60156,389.16016,390.13672,374.02344,377.4414,377.68555,368.89648,385.2539,389.16016,377.19727,377.19727
sample_a4e89a8d866bed0c,389.89258,392.82227,399.41406,397.94922,392.08984,378.90625,378.6621,372.31445,376.46484,379.39453,371.82617,368.4082
sample_ee3c3ae393d56c45,328.36914,331.29883,328.36914,345.45898,323.9746,337.64648,336.91406,338.13477,349.60938,363.76953,348.87695,356.4453
sample_79c9d5616335ec4e,627.4414,617.1875,585.4492,572.2656,528.3203,515.1367,511.71875,490.72266,460.44922,461.42578,430.9082,418.2129
sample_b0c8589eab77d63f,425.04883,418.45703,439.69727,457.2754,446.5332,457.03125,458.74023,458.0078,475.58594,486.32812,458.74023,447.26562
sample_f417b352aafddf78,488.76953,475.58594,459.22852,461.18164,437.25586,429.19922,409.1797,412.8418,399.16992,395.9961,395.75195,399.16992
sample_f89dc6e808393bd1,373.53516,373.7793,378.41797,379.63867,376.70898,375.0,386.71875,382.8125,381.83594,390.625,376.46484,373.04688
sample_000025152c108f31,412.10938,417.48047,402.0996,401.3672,389.89258,381.10352,382.08008,381.5918,375.73242,378.41797,368.89648,374.75586
sample_e2858275506e8103,338.62305,347.65625,354.98047,375.24414,388.67188,391.35742,405.0293,405.51758,411.6211,411.6211,423.0957,425.78125
sample_1ffe72031ae9d429,381.83594,402.5879,406.00586,410.64453,402.34375,413.57422,409.9121,420.89844,419.92188,423.82812,417.7246,427.97852
sample_aab971006a828b90,386.9629,392.82227,405.27344,423.0957,443.60352,442.13867,449.95117,465.8203,465.8203,467.28516,473.87695,494.6289
sample_75147678152a2e0c,461.42578,458.0078,448.9746,438.23242,433.10547,419.92188,418.2129,402.83203,402.0996,395.01953,391.11328,386.4746
sample_7da5721f1b53f741,375.0,374.51172,380.3711,366.94336,366.21094,382.8125,383.54492,405.27344,404.54102,421.38672,434.5703,428.95508
sample_67dd6de232bce4c8,647.9492,647.9492,637.6953,628.41797,607.91016,601.5625,604.4922,594.2383,577.14844,578.6133,550.78125,535.64453
sample_0d209dc8bf9bbe86,334.47266,340.0879,355.46875,364.7461,364.7461,358.1543,371.58203,367.1875,372.31445,373.04688,378.41797,372.0703
sample_ca5fe93a5f3b0b20,362.3047,371.58203,381.5918,397.70508,403.8086,394.04297,405.76172,401.12305,405.76172,400.8789,408.44727,405.76172
sample_38bf13ebd374f3ff,454.10156,447.7539,440.91797,419.18945,407.95898,418.45703,403.8086,411.6211,410.15625,406.25,417.48047,416.01562
sample_75bf90ad141fe1d3,378.90625,385.49805,380.3711,389.89258,402.5879,405.27344,409.42383,418.70117,423.82812,429.19922,432.6172,446.77734
sample_c6f59951af22adf9,488.28125,496.58203,490.9668,498.7793,489.01367,491.21094,474.60938,471.92383,473.6328,470.70312,452.88086,455.32227
sample_19e021a01fc40618,343.26172,360.10742,352.05078,363.5254,351.31836,367.43164,375.0,389.89258,402.34375,416.01562,433.59375,427.49023
sample_597b0a0691bb8926,729.98047,713.3789,696.77734,707.51953,691.40625,666.5039,637.20703,642.08984,642.08984,621.09375,625.97656,606.4453
sample_ab8d89e538a659a4,326.9043,322.50977,334.47266,349.85352,336.91406,354.0039,357.42188,361.08398,369.6289,385.2539,372.31445,371.58203
sample_45eb54403c19139e,676.7578,677.7344,671.875,652.34375,644.04297,626.9531,634.7656,632.3242,605.46875,604.4922,586.4258,579.58984
sample_714adfc14cf89d90,336.42578,345.70312,354.73633,364.99023,371.82617,379.1504,390.38086,397.70508,409.42383,417.48047,428.71094,423.82812
sample_7ae3da267cb14fc0,338.8672,330.81055,333.25195,328.36914,313.96484,322.26562,315.67383,328.61328,329.3457,336.42578,336.18164,338.13477
sample_947f2264c1f0cd42,350.83008,354.98047,345.21484,349.85352,344.23828,351.07422,364.99023,367.91992,373.04688,389.64844,393.79883,398.19336
sample_4168ba8f8e3b139c,397.94922,398.92578,396.24023,395.26367,390.38086,388.42773,391.11328,384.0332,384.76562,384.76562,387.20703,378.90625
sample_2baff926a3490085,329.10156,331.7871,337.64648,350.3418,354.24805,366.21094,373.04688,393.5547,392.33398,397.94922,416.9922,429.44336
sample_2ae2f1140b6ee516,356.4453,363.0371,359.61914,375.97656,353.51562,364.01367,361.08398,356.4453,372.5586,378.41797,363.5254,363.28125
sample_e04dfd6ba15d693d,397.70508,416.9922,430.17578,434.08203,454.83398,482.91016,501.46484,512.6953,521.4844,541.5039,537.59766,541.9922
sample_74ab52e5a79994e0,365.23438,372.0703,377.68555,383.30078,380.3711,373.53516,380.12695,374.75586,381.83594,378.90625,384.0332,381.10352
sample_2d9ac60bf6dd11ed,322.26562,334.96094,342.5293,351.07422,356.68945,350.83008,362.06055,358.1543,365.72266,369.6289,372.80273,369.87305
sample_e3196926a8db2f67,399.90234,400.8789,405.51758,401.85547,386.23047,412.59766,413.57422,410.4004,436.03516,447.26562,435.54688,440.4297
sample_c4e67044a0c28aa6,423.58398,419.67773,418.45703,414.30664,402.83203,398.92578,406.98242,408.93555,406.00586,407.71484,414.55078,413.08594
sample_a4d39cd513b6cc30,355.95703,341.79688,347.16797,337.1582,353.27148,384.52148,384.27734,416.25977,426.26953,444.33594,492.43164,498.04688
sample_f841d2e0736b9135,310.54688,325.6836,337.1582,343.99414,353.02734,348.6328,361.32812,360.5957,366.21094,371.58203,373.7793,366.21094
sample_d1c1579245f696bf,408.44727,415.2832,417.23633,420.6543,420.89844,446.28906,442.13867,453.36914,453.36914,461.42578,457.76367,463.8672
sample_07e6839a5ad59f3e,362.3047,384.76562,407.95898,423.0957,440.67383,452.14844,460.69336,471.6797,479.4922,488.28125,488.0371,474.60938
sample_5e54ae7ba7f95389,391.8457,387.20703,393.0664,382.56836,375.24414,403.3203,397.46094,416.01562,424.56055,435.0586,449.95117,449.95117
sample_9360cc5d50b95593,640.625,629.39453,625.0,617.6758,579.10156,561.52344,552.7344,540.03906,504.39453,495.60547,476.31836,439.69727
sample_706e914595f01aab,412.59766,411.6211,415.52734,406.73828,405.51758,391.35742,393.79883,381.5918,386.23047,381.34766,379.1504,369.38477
sample_2daf4b890294b103,616.6992,604.98047,597.16797,580.5664,554.6875,553.22266,524.90234,523.4375,494.14062,495.1172,480.7129,458.0078
sample_d1ae583b6dad3730,385.00977,409.66797,424.3164,450.1953,453.85742,468.26172,486.08398,497.80273,500.0,517.5781,514.64844,507.8125
sample_3c3e5cd7f59afc9f,487.3047,479.98047,471.43555,457.51953,452.88086,430.17578,427.97852,407.22656,402.83203,392.08984,383.78906,374.02344
sample_5952b46b83dfd1e6,684.5703,676.7578,683.59375,671.3867,691.40625,652.83203,623.53516,625.4883,601.5625,569.8242,576.1719,580.5664
sample_54289f47c8d2d4c9,363.28125,366.69922,372.0703,378.41797,372.5586,368.65234,375.73242,371.58203,377.68555,377.4414,380.61523,382.32422
sample_4e85d72f03622a24,345.45898,348.6328,345.21484,356.20117,351.5625,353.75977,369.14062,374.26758,376.95312,382.8125,396.24023,397.46094
sample_782444d504f562c1,380.85938,390.625,404.54102,431.88477,433.59375,434.5703,474.36523,463.3789,483.88672,500.0,493.65234,484.61914
sample_138f49ff45fb48fb,404.05273,408.93555,408.44727,432.37305,426.7578,424.8047,444.0918,436.03516,454.58984,463.8672,462.1582,462.1582
sample_8acfaa1e2700f158,400.39062,399.41406,391.60156,370.8496,378.90625,388.1836,374.26758,389.89258,381.34766,383.30078,397.46094,400.39062
sample_acc8dff9de87af8f,511.23047,516.1133,531.25,530.7617,525.8789,509.27734,506.34766,492.1875,481.9336,463.8672,462.64648,457.03125
sample_9662444e189fe50e,379.8828,387.20703,389.16016,384.76562,384.76562,375.24414,381.5918,372.31445,376.2207,374.02344,373.53516,364.99023
sample_f6e2740d1cab318c,374.02344,370.8496,371.58203,366.69922,357.91016,354.98047,358.39844,356.4453,360.5957,367.1875,365.47852,364.01367
sample_81e2097242c2ef34,307.1289,322.7539,326.66016,327.88086,339.11133,339.35547,360.83984,369.6289,376.46484,388.67188,400.8789,393.31055
sample_937b6d0c1082f3a6,524.41406,528.3203,523.4375,498.29102,476.5625,481.9336,468.26172,470.70312,446.77734,443.35938,430.9082,430.9082
sample_bcc77053144b40ba,324.70703,332.76367,335.69336,344.72656,342.28516,336.42578,358.1543,362.79297,358.39844,371.58203,371.09375,369.14062
sample_d4d0e052ba442f5b,475.09766,456.7871,436.2793,418.2129,394.04297,392.82227,376.46484,378.17383,363.5254,364.7461,362.3047,367.67578
sample_e85f727841c15305,378.17383,381.5918,395.01953,413.33008,402.34375,410.15625,418.9453,422.60742,427.73438,433.10547,430.17578,416.01562
sample_4bfe473e5c35c178,457.03125,456.29883,478.02734,487.06055,484.375,481.68945,494.14062,489.99023,485.5957,477.53906,466.3086,459.7168
sample_61c5b421e8012137,329.83398,337.89062,349.60938,356.4453,358.39844,355.95703,366.94336,365.72266,371.3379,372.0703,378.41797,377.68555
sample_4b63eba56a42e54f,437.98828,418.70117,414.0625,409.1797,374.02344,397.46094,387.45117,375.24414,405.27344,406.73828,390.625,393.5547
sample_c2ce51e8eb3cca41,462.40234,457.76367,447.50977,437.25586,427.73438,416.25977,413.33008,398.92578,397.2168,393.0664,382.08008,382.08008
sample_dc81661bd17d9c58,423.33984,444.0918,462.1582,510.7422,513.1836,506.34766,533.2031,534.66797,541.5039,548.8281,548.8281,532.71484
sample_9649bb381cdcfe46,386.71875,386.9629,388.91602,385.98633,382.08008,375.0,379.1504,371.58203,375.97656,378.90625,374.75586,371.58203
sample_fc91886fbe9df999,465.8203,463.8672,459.96094,450.6836,437.74414,448.9746,456.29883,449.70703,458.0078,469.23828,459.7168,460.69336
sample_3c747f0143d9975f,417.96875,415.2832,420.16602,441.40625,440.91797,430.66406,434.5703,432.1289,431.64062,431.64062,429.93164,437.5
sample_52b3c6fc3ac4933f,522.46094,510.7422,499.26758,489.01367,471.1914,452.39258,439.20898,422.36328,410.64453,402.83203,393.0664,387.6953
sample_fa57f5866b05131e,401.61133,403.56445,410.4004,402.34375,395.9961,389.89258,394.2871,391.60156,394.53125,392.08984,404.78516,382.8125
sample_0b96704dfb004e11,450.1953,447.7539,441.1621,436.2793,417.48047,410.88867,400.63477,390.38086,381.5918,390.13672,375.24414,378.41797
sample_3e8a3147e93ec023,471.1914,460.69336,442.3828,423.0957,400.63477,420.89844,397.70508,412.8418,409.66797,419.4336,423.82812,422.60742
sample_51312cc2f76135f3,346.1914,353.51562,363.28125,366.94336,370.60547,364.7461,376.2207,370.1172,375.48828,375.97656,382.32422,379.39453
sample_607f8e6a39c0bea9,381.83594,392.33398,414.55078,433.10547,460.44922,494.38477,510.2539,527.83203,561.03516,588.8672,598.14453,623.0469
sample_6b495024367f4a9f,361.8164,367.91992,373.29102,371.58203,378.41797,373.7793,374.51172,370.8496,375.48828,377.9297,376.46484,371.58203
sample_d3b984965bd28c61,408.20312,405.51758,402.34375,408.44727,395.01953,393.79883,391.35742,382.08008,382.08008,383.30078,382.08008,372.0703
sample_5bbfe84a81e028d0,557.6172,542.48047,520.5078,501.95312,491.69922,465.0879,452.63672,423.82812,421.38672,403.8086,395.9961,383.05664
sample_750ef37312834034,378.90625,389.64844,411.86523,417.48047,453.125,491.94336,502.9297,524.41406,549.8047,577.6367,586.91406,606.4453
sample_3dc483367ea1c64b,413.57422,430.17578,448.48633,466.3086,505.3711,522.9492,551.26953,564.9414,588.8672,613.76953,619.1406,636.71875
sample_812f84253ad71c53,345.94727,346.6797,355.7129,337.40234,342.28516,374.02344,367.43164,398.19336,406.73828,425.29297,447.7539,447.7539
sample_c73ca9a6e3d06667,375.48828,368.16406,357.17773,362.3047,333.0078,351.07422,331.7871,358.39844,354.98047,358.39844,374.51172,367.1875
sample_3bd4e2a9dc3eb878,337.64648,337.1582,350.3418,355.7129,357.91016,355.7129,363.5254,363.76953,361.8164,364.2578,376.46484,362.54883
sample_26b47216cec630fa,333.98438,343.26172,344.23828,347.9004,357.17773,370.36133,380.85938,382.8125,391.11328,399.41406,401.85547,408.20312
sample_6e912f11b2a44500,441.89453,436.2793,413.81836,404.05273,392.82227,385.00977,388.1836,388.67188,381.34766,384.76562,394.04297,399.41406
sample_101492ae6c44a5e1,384.0332,371.3379,372.5586,380.12695,364.7461,373.7793,369.87305,367.43164,370.8496,386.23047,367.91992,359.375
sample_ae2f2274e605f8ed,326.66016,325.6836,332.51953,339.11133,324.70703,343.50586,340.33203,352.7832,364.7461,375.97656,377.9297,375.48828
sample_964febf537e4313f,308.59375,317.8711,314.9414,336.66992,312.5,327.39258,327.63672,331.0547,346.1914,361.32812,349.60938,355.2246
sample_3d016e039103dfeb,465.33203,452.14844,455.81055,448.9746,432.6172,423.33984,430.17578,417.48047,415.03906,412.10938,397.46094,384.76562
sample_e51396f123497d38,471.6797,479.4922,491.69922,514.16016,546.875,553.71094,575.6836,585.4492,595.7031,609.375,617.1875,618.65234
sample_ed446ed6f40626e3,325.1953,334.22852,347.4121,354.98047,361.08398,354.4922,369.38477,364.50195,373.04688,375.97656,379.8828,376.46484
sample_70f393e247e51e43,524.41406,503.41797,496.3379,490.9668,464.35547,451.66016,443.60352,431.39648,427.2461,415.52734,402.0996,400.39062
sample_38b64893076ec63f,448.73047,454.3457,435.79102,439.9414,436.03516,432.6172,422.85156,440.18555,425.29297,433.59375,441.1621,421.63086
sample_0871302d13f949d1,422.36328,422.11914,424.56055,415.2832,407.71484,394.2871,403.8086,391.35742,390.86914,386.71875,388.1836,371.09375
sample_a9fbc42fc3152299,605.95703,609.8633,608.39844,603.02734,620.1172,608.39844,573.2422,592.77344,570.8008,556.15234,565.4297,579.58984
sample_37ab36e40a247f8f,422.60742,431.39648,417.23633,425.29297,429.93164,428.71094,427.49023,444.82422,438.7207,449.21875,460.44922,442.13867
sample_7a7f97e2833a6f37,397.70508,398.4375,403.56445,414.79492,405.51758,408.44727,422.11914,424.56055,428.71094,433.10547,427.49023,424.8047
sample_ef502177bff28290,603.02734,615.72266,588.8672,562.9883,576.1719,583.0078,547.85156,563.47656,537.1094,533.6914,537.59766,554.6875
sample_3ace0b725d3e47f1,373.7793,378.41797,369.87305,363.28125,360.10742,368.4082,370.1172,374.26758,383.78906,387.6953,381.34766,392.33398
sample_d4143f40636330df,478.51562,479.4922,456.7871,456.7871,431.15234,430.66406,395.5078,421.38672,406.25,416.9922,418.70117,408.93555
sample_92856c976573fb13,559.5703,541.5039,520.5078,511.23047,485.35156,467.28516,444.82422,425.5371,416.01562,405.27344,395.26367,390.625
sample_7299ae23e67c4d8a,399.41406,408.20312,408.93555,413.33008,425.78125,444.33594,445.06836,465.0879,460.44922,475.58594,475.83008,488.76953
sample_3560a7e9b382f557,437.5,430.66406,411.6211,398.92578,382.8125,378.17383,373.29102,373.29102,369.6289,369.14062,375.97656,376.95312
sample_90f6e20ee5c8e6dd,321.5332,305.41992,320.80078,299.07227,295.16602,321.5332,319.33594,345.45898,350.3418,360.83984,388.91602,382.8125
sample_e6bf507d7d197f5e,687.9883,699.70703,660.64453,628.41797,625.97656,620.60547,575.1953,577.6367,547.85156,531.7383,518.0664,520.5078
sample_203884c3efecd9a0,543.45703,535.64453,539.5508,526.85547,500.48828,487.79297,474.60938,466.3086,440.91797,427.2461,417.7246,416.5039
sample_24638e409efc3293,376.70898,373.7793,370.1172,356.68945,345.70312,356.4453,358.88672,359.86328,368.4082,374.51172,384.52148,379.8828
sample_35837ad202661420,643.5547,635.2539,630.3711,625.4883,614.2578,596.6797,598.6328,576.66016,559.5703,549.8047,527.34375,520.9961
sample_f4d69c96872747cb,370.60547,376.46484,379.1504,375.0,376.2207,373.29102,372.0703,370.1172,377.68555,378.41797,375.73242,373.29102
sample_156c643fb88c9b43,307.6172,323.9746,335.9375,343.99414,352.29492,347.4121,360.5957,358.1543,364.50195,369.14062,373.29102,364.01367
sample_df3432caa1eab341,380.85938,392.33398,404.29688,406.49414,417.96875,455.5664,468.50586,500.48828,510.2539,536.1328,550.78125,566.89453
sample_cc3f7fb140b6bbeb,414.0625,424.8047,430.66406,448.9746,437.74414,445.3125,437.98828,432.37305,450.1953,448.73047,436.2793,438.96484
sample_dfc2aa25883e71a5,416.01562,405.27344,423.33984,439.20898,417.48047,421.875,438.7207,435.79102,430.66406,444.82422,428.4668,416.9922
sample_6e38c9dc378ebe6f,311.76758,309.5703,331.54297,351.31836,344.48242,341.3086,366.45508,357.17773,365.9668,375.48828,377.68555,355.95703
sample_bebcf9195357a092,494.6289,475.09766,460.69336,461.42578,439.45312,430.66406,415.52734,418.9453,404.29688,408.20312,397.46094,387.6953
sample_e1d38151ca312685,366.45508,365.23438,370.36133,377.19727,354.98047,369.14062,358.88672,367.43164,372.5586,379.8828,381.34766,374.02344
sample_8136baa8e6250d9f,369.14062,376.46484,378.90625,373.53516,375.24414,374.26758,370.8496,370.8496,377.4414,377.9297,376.70898,373.04688
sample_eeabe228f72bad00,390.38086,392.82227,395.75195,395.5078,390.86914,381.83594,389.64844,380.3711,381.5918,378.90625,381.5918,376.70898
sample_d368bcc490c8c4ee,379.39453,370.60547,360.5957,363.76953,334.47266,354.24805,332.2754,359.13086,356.20117,360.35156,371.58203,364.99023
sample_300813aa3b6b78ab,417.96875,406.98242,404.54102,402.5879,400.39062,391.11328,383.30078,384.27734,377.4414,378.90625,378.6621,379.1504
sample_8da8345618d972cf,323.48633,333.4961,338.13477,329.10156,337.89062,347.16797,347.9004,359.375,357.66602,360.35156,378.90625,379.39453
sample_ce6b0bfd9e6fc43e,435.0586,432.86133,433.10547,426.51367,420.41016,408.93555,406.49414,397.94922,397.94922,389.64844,391.8457,383.78906
sample_5466b07e5887a620,356.9336,360.83984,363.28125,367.43164,359.13086,354.98047,354.24805,349.85352,356.4453,358.88672,356.4453,347.4121
sample_641e9309eaec5a91,348.87695,349.60938,378.6621,390.625,399.6582,401.61133,420.41016,414.30664,418.9453,421.875,423.0957,421.38672
sample_b872110e5811f2cd,378.41797,384.52148,403.3203,427.73438,445.3125,447.02148,461.42578,480.95703,487.79297,497.0703,518.5547,535.15625
sample_2bd618f60ed6e4a8,360.35156,363.76953,367.43164,366.45508,362.79297,360.83984,361.57227,362.3047,355.46875,362.3047,366.69922,357.91016
sample_3565700a832ca7d7,515.1367,530.7617,523.9258,514.64844,537.59766,549.8047,526.85547,545.89844,536.1328,534.66797,531.7383,551.7578
sample_fdd5ee11112cb779,439.45312,431.39648,421.63086,429.44336,406.49414,416.01562,413.08594,416.5039,414.0625,420.89844,407.71484,409.1797
sample_d5c1126fd15ac3cf,438.47656,430.41992,409.42383,401.3672,391.60156,385.98633,385.00977,394.04297,383.30078,386.23047,402.5879,407.71484
sample_0b45e8704730cfa5,373.7793,376.2207,396.48438,395.26367,401.85547,397.2168,413.81836,406.98242,407.71484,410.64453,407.71484,406.73828
sample_4133988025523aef,317.3828,301.0254,316.40625,299.3164,293.70117,313.7207,312.98828,336.66992,338.62305,346.6797,367.43164,360.83984
sample_e7ef8c57b537df53,375.97656,374.02344,380.3711,389.64844,391.11328,392.08984,397.70508,400.63477,403.8086,401.85547,416.74805,414.0625
sample_af347758c4d3e04d,500.97656,490.72266,490.47852,501.46484,483.39844,482.66602,488.5254,479.73633,473.6328,471.1914,469.9707,458.4961
sample_ea0ad49b2f6ebfd9,371.58203,377.68555,381.5918,385.49805,381.10352,375.97656,382.56836,375.24414,379.39453,376.95312,381.34766,377.9297
sample_b0da3f99902245f1,386.71875,400.8789,414.79492,442.3828,436.76758,438.7207,447.02148,449.4629,447.26562,452.63672,445.55664,444.33594
sample_765721ffc14d9ff5,438.47656,432.6172,412.35352,425.5371,423.33984,427.00195,437.98828,428.71094,453.61328,459.96094,487.3047,504.39453
sample_2a1c7bf14eea1334,427.2461,417.96875,416.74805,436.52344,410.64453,435.54688,445.55664,435.30273,463.3789,476.07422,482.42188,490.47852
sample_4b5b17c1fa94176a,360.83984,357.17773,376.46484,386.4746,380.85938,382.8125,400.39062,396.72852,405.0293,408.20312,405.27344,392.57812
sample_c93bd68a22b80f43,342.28516,340.57617,353.02734,361.57227,350.58594,362.3047,366.45508,365.47852,376.46484,387.6953,375.73242,370.8496
sample_bb29535b0cb683f5,408.93555,423.33984,432.86133,444.0918,449.21875,437.98828,448.73047,440.4297,444.0918,435.0586,443.11523,426.7578
sample_3f4d46b0a84c8260,542.96875,562.9883,571.28906,574.70703,588.3789,571.28906,553.22266,546.3867,538.5742,519.04297,510.2539,500.97656
sample_47a4e55ef92e437a,464.35547,461.42578,451.9043,440.91797,436.03516,421.38672,419.18945,402.34375,404.78516,397.46094,393.79883,387.6953
sample_995c7d5b73db58e4,327.39258,352.53906,351.5625,366.21094,367.1875,375.48828,396.97266,396.72852,414.0625,433.10547,421.14258,424.8047
sample_b583d0b24f1525af,417.48047,410.15625,406.49414,413.08594,407.22656,412.10938,402.34375,414.30664,404.78516,402.34375,410.88867,414.79492
sample_0e7c81463fc92d85,350.3418,353.51562,353.51562,369.6289,349.60938,357.17773,354.98047,350.3418,364.50195,368.65234,357.42188,356.20117
sample_5909c1a068cec2b9,490.72266,474.1211,459.96094,457.51953,435.54688,426.7578,409.42383,411.37695,399.16992,404.29688,393.31055,380.85938
sample_a17f9fa44f6cf8f0,376.46484,390.86914,400.63477,438.7207,451.66016,466.06445,476.07422,495.36133,492.67578,501.46484,500.48828,503.90625
sample_3ccb0190af1886d8,413.81836,427.00195,446.04492,468.01758,468.99414,472.9004,511.71875,504.8828,516.1133,534.66797,515.625,499.51172
sample_2cfa8c0dcb858fef,411.6211,420.41016,416.5039,418.2129,406.25,395.5078,403.56445,400.63477,391.11328,395.01953,384.76562,386.4746
sample_8595fcc01c5ad825,316.89453,330.5664,333.4961,340.8203,348.87695,355.95703,369.6289,371.09375,379.39453,382.8125,388.42773,388.1836
sample_6a7cbc925da0910e,516.1133,500.0,506.83594,512.20703,484.61914,485.10742,468.50586,464.84375,467.5293,464.84375,443.60352,434.5703
sample_d4d8d17910a53712,346.1914,356.68945,358.88672,369.87305,354.4922,371.82617,383.54492,387.93945,405.0293,416.9922,405.0293,404.29688
sample_8cd836f0551153dc,367.91992,369.38477,378.17383,379.39453,379.1504,381.34766,382.56836,382.08008,389.89258,382.8125,396.24023,385.7422
sample_2d94481b0d4ddac3,464.35547,461.91406,458.4961,460.20508,449.95117,429.19922,429.6875,412.59766,407.71484,402.83203,392.08984,390.625
sample_c5b746ccd215c9ae,379.63867,387.93945,381.10352,376.70898,368.16406,366.69922,375.24414,373.29102,374.02344,378.90625,379.39453,382.32422
sample_da04265dc3a8048f,371.09375,373.04688,383.78906,384.76562,379.8828,368.65234,379.8828,373.29102,374.51172,374.02344,376.2207,369.38477
sample_c0c6acacddb71261,441.40625,425.04883,414.79492,425.04883,410.15625,429.19922,412.8418,445.55664,433.10547,446.77734,451.41602,474.36523
sample_f971e30e83a4a305,479.0039,467.28516,458.98438,457.2754,429.93164,423.58398,416.74805,406.73828,401.3672,398.92578,388.42773,391.11328
sample_21f4d22f1e1652f9,380.61523,394.04297,403.8086,425.78125,408.93555,427.73438,438.23242,437.74414,455.5664,458.4961,453.85742,449.95117
sample_a07673c5f263e326,657.22656,632.3242,599.1211,595.7031,547.85156,525.3906,506.34766,491.45508,456.29883,446.77734,425.04883,403.8086
sample_49602473e9c489e3,324.70703,338.62305,339.35547,348.38867,361.32812,359.13086,365.72266,372.80273,375.97656,379.39453,386.9629,383.05664
sample_d4c639af61bdf07c,538.5742,526.85547,510.2539,491.94336,477.05078,454.10156,445.55664,424.07227,416.01562,403.3203,393.79883,388.42773
sample_d9a94635c6104976,385.2539,387.45117,390.86914,383.05664,385.98633,382.8125,380.61523,377.19727,380.61523,377.9297,380.12695,370.60547
sample_b01704c4fe5f2b9a,502.4414,481.9336,466.3086,454.3457,431.15234,410.88867,387.45117,385.7422,369.38477,358.39844,363.0371,358.1543
sample_c4611ca79700dc77,357.42188,353.27148,349.85352,347.4121,329.58984,333.25195,327.39258,337.1582,332.2754,344.23828,338.62305,340.33203
sample_a86ba11295571ce7,394.04297,394.53125,397.2168,399.90234,389.16016,386.9629,388.67188,381.10352,381.10352,381.34766,381.10352,371.09375
sample_ba007c703a534695,595.7031,575.6836,571.28906,567.8711,540.52734,516.60156,509.27734,487.06055,465.8203,458.0078,439.45312,426.26953
sample_d6f80e26b1ba0efa,465.33203,475.09766,474.85352,493.89648,499.51172,502.4414,512.20703,510.2539,512.6953,517.08984,503.90625,512.6953
sample_fc9f7ba864db92ca,352.05078,344.23828,351.07422,353.27148,349.60938,341.3086,352.7832,357.17773,356.68945,358.88672,358.64258,352.29492
sample_d9905adccdd82699,395.9961,392.08984,386.4746,382.56836,371.09375,391.11328,391.11328,414.79492,415.52734,431.15234,445.06836,447.99805
sample_d759bdbb274e9a26,437.01172,433.10547,447.50977,463.13477,443.35938,455.81055,457.51953,453.61328,473.14453,481.4453,455.32227,447.26562
sample_05ad095f9b9e9c7d,354.98047,368.16406,367.1875,363.0371,371.3379,367.43164,368.65234,374.02344,381.5918,385.2539,379.63867,379.8828
sample_69330f21cd9f0661,306.15234,320.06836,326.9043,337.64648,333.0078,356.68945,369.38477,369.6289,404.54102,412.59766,418.45703,421.875
sample_8b5bcc04b9b33ddd,344.72656,360.10742,385.7422,410.88867,429.93164,458.4961,475.3418,497.0703,511.23047,537.1094,541.0156,542.48047
sample_a61d8168deb2a61a,320.55664,326.9043,329.3457,346.43555,326.66016,334.96094,336.91406,337.89062,346.43555,356.9336,354.0039,350.09766
sample_aa55d1005a185975,428.71094,424.56055,413.81836,409.42383,395.5078,397.46094,390.13672,390.625,387.45117,392.57812,387.20703,397.2168
sample_15efe560047d252a,312.01172,319.82422,328.61328,330.32227,333.74023,347.16797,344.23828,358.1543,357.66602,369.14062,377.4414,380.3711
sample_5e89b37df53074d9,393.79883,385.98633,387.45117,390.86914,368.16406,363.0371,358.39844,354.73633,355.2246,351.5625,337.1582,340.57617
sample_93e946c81b037c52,547.3633,524.90234,512.20703,513.1836,483.64258,470.21484,463.13477,449.70703,447.02148,435.0586,419.67773,414.30664
sample_3a146d6771c3fd9a,348.38867,349.1211,352.7832,354.0039,344.72656,346.1914,342.5293,343.50586,348.14453,351.07422,350.3418,340.33203
sample_766591bb2741c596,367.91992,373.29102,377.4414,375.24414,366.69922,374.51172,386.9629,387.45117,398.19336,405.27344,399.41406,393.5547
sample_d1d282c470b2a41b,330.81055,325.6836,334.96094,354.24805,348.14453,361.32812,358.1543,374.26758,377.68555,375.0,395.26367,406.98242
sample_ab6247d0e456b195,654.78516,656.25,646.97266,643.0664,627.4414,609.375,609.8633,605.95703,582.03125,572.7539,561.52344,548.33984
sample_aa864d4a7d6d8f0b,548.33984,556.6406,550.78125,547.85156,521.4844,519.53125,508.30078,507.32422,493.4082,487.3047,482.42188,463.13477
sample_15f4c4ffee4923fb,368.65234,366.45508,354.73633,367.43164,338.3789,363.76953,344.72656,374.02344,377.19727,384.76562,401.12305,394.04297
sample_5fcbd458d7916852,354.0039,360.35156,368.89648,376.95312,376.95312,370.8496,381.10352,375.97656,380.12695,381.83594,386.23047,384.76562
sample_7534127ad40ca252,301.7578,316.6504,317.8711,327.88086,316.89453,338.13477,347.4121,351.31836,381.34766,391.11328,396.24023,398.92578
sample_1f8086082466b381,393.0664,391.35742,392.33398,402.34375,388.67188,384.52148,382.32422,378.6621,384.27734,379.8828,372.5586,369.14062
sample_2789292afa37c60e,377.4414,392.08984,396.48438,419.4336,405.27344,424.8047,437.25586,439.20898,459.96094,477.53906,468.50586,468.50586
sample_1951f03b97f3a0e8,513.1836,518.5547,528.8086,535.64453,528.8086,508.78906,517.5781,500.48828,501.46484,474.1211,486.57227,477.29492
sample_b3d84d20c5d06aa9,348.6328,364.2578,389.16016,420.6543,437.98828,461.42578,482.17773,498.29102,512.6953,535.15625,537.59766,536.1328
sample_996623a97048b0c3,404.29688,381.83594,380.12695,379.8828,382.32422,380.85938,364.2578,380.85938,366.94336,372.0703,377.9297,393.79883
sample_9fcd2f9fed300ec4,314.9414,319.0918,329.58984,337.64648,338.13477,352.7832,362.54883,364.7461,380.12695,388.67188,385.7422,383.05664
sample_d8db8d8114f379b6,643.0664,642.08984,649.41406,645.9961,675.78125,664.0625,653.3203,669.4336,678.71094,680.1758,686.03516,683.10547
sample_4958a187ce96057a,385.7422,396.24023,415.77148,427.49023,442.8711,475.58594,500.48828,522.9492,530.7617,560.0586,563.47656,568.3594
sample_1b5483166af7b5d9,435.54688,429.19922,410.4004,414.79492,405.27344,402.0996,392.08984,392.08984,387.6953,384.76562,384.27734,381.5918
sample_2d6f129a3b49b471,413.08594,413.08594,429.19922,434.5703,440.67383,448.73047,473.14453,466.55273,473.38867,474.60938,477.05078,453.85742
sample_fa486d33422db536,372.5586,375.73242,384.52148,387.93945,381.83594,371.58203,383.54492,375.24414,378.41797,378.41797,378.41797,375.0
sample_cf41bde21f13a369,560.5469,555.1758,554.6875,541.5039,519.53125,521.4844,496.82617,498.7793,478.51562,479.4922,467.28516,451.17188
sample_f210b9b7bc7dc248,345.45898,343.99414,345.21484,340.33203,341.06445,359.61914,359.61914,391.35742,397.70508,401.3672,432.37305,435.54688
sample_e5e4b43cc3aebffe,363.28125,361.08398,370.60547,374.51172,378.6621,384.27734,383.78906,389.89258,392.57812,397.94922,401.85547,400.39062
sample_790d506e2f9d1edd,368.16406,366.94336,367.91992,361.57227,355.46875,352.05078,357.17773,356.20117,360.83984,368.16406,365.72266,364.2578
sample_99cd980e3a61b512,542.48047,543.9453,543.45703,541.0156,519.04297,507.32422,505.3711,497.80273,483.39844,478.02734,472.9004,456.29883
sample_e69a5a22e5590608,481.9336,462.1582,441.40625,421.14258,400.39062,404.05273,389.64844,403.07617,391.11328,394.53125,405.0293,412.10938
sample_d6e0fe7664157816,535.64453,542.48047,546.875,525.8789,532.22656,519.04297,513.1836,507.8125,485.35156,481.9336,479.24805,467.5293
sample_c7f896e154ea9ec7,341.06445,339.5996,354.24805,358.64258,365.23438,362.06055,368.65234,371.82617,370.60547,375.48828,378.90625,367.1875
sample_0180242f06dc7d33,406.73828,433.10547,439.9414,478.27148,490.23438,500.48828,515.1367,533.6914,534.1797,555.1758,555.1758,540.03906
sample_14edc7b3c87ddad6,389.4043,397.70508,412.35352,422.11914,406.49414,426.7578,446.04492,450.92773,467.28516,481.9336,480.2246,475.09766
sample_45d4c93d5d3b75d1,559.5703,562.9883,566.89453,553.22266,547.3633,542.48047,535.64453,529.78516,520.5078,518.0664,512.20703,487.3047
sample_e367736d39e5eabf,539.0625,516.1133,484.13086,465.33203,437.98828,426.26953,414.79492,399.90234,382.32422,377.4414,366.45508,366.45508
sample_5b253e2d2d8c9cf1,383.30078,395.01953,407.71484,439.20898,441.1621,436.03516,477.29492,464.35547,482.17773,495.60547,490.72266,478.51562
sample_df5484cd6272f5d6,308.59375,318.84766,322.50977,329.10156,336.91406,352.53906,362.54883,366.94336,375.0,386.71875,390.625,399.90234
sample_f755f74eee262c28,442.8711,445.06836,446.5332,440.18555,426.51367,417.7246,425.5371,415.03906,413.57422,409.66797,413.08594,404.78516
sample_5cd08dfd3de0e122,503.41797,497.0703,490.9668,480.2246,459.47266,444.58008,447.50977,438.23242,426.7578,420.89844,416.74805,411.86523
sample_fc06a256390ba12d,498.04688,490.72266,482.42188,476.31836,465.8203,444.0918,438.7207,424.56055,419.4336,408.20312,408.20312,403.8086
sample_e487111c61e5e6f1,361.32812,355.95703,360.83984,334.96094,337.89062,351.5625,352.29492,376.2207,374.75586,385.7422,405.0293,400.63477
sample_28970732d915917c,381.83594,386.71875,383.54492,389.64844,386.4746,392.33398,390.625,390.38086,396.72852,399.90234,397.2168,398.68164
sample_65fe4e19979f6315,420.41016,419.18945,399.41406,392.82227,381.10352,379.63867,367.43164,368.89648,369.87305,368.16406,364.7461,368.4082
sample_6ddeed9597671fa7,383.54492,387.20703,389.89258,382.32422,384.27734,382.32422,374.75586,376.2207,378.90625,377.4414,375.24414,369.14062
sample_220c9279db129184,404.54102,414.0625,406.98242,410.64453,415.52734,424.3164,433.59375,450.92773,472.65625,488.76953,530.7617,543.9453
sample_843cfaf902fe734c,472.16797,451.41602,444.0918,433.8379,411.1328,406.25,385.49805,398.68164,380.85938,383.30078,383.30078,375.24414
sample_a4b05ea8a8b14191,423.58398,418.2129,412.10938,414.0625,403.3203,398.92578,397.2168,391.8457,395.01953,397.46094,394.7754,390.625
sample_2ea5908e8c1e5f09,322.50977,325.92773,324.95117,312.01172,318.35938,330.5664,330.81055,354.24805,351.07422,360.83984,375.24414,366.45508
sample_c774eeccd46d9827,434.5703,436.52344,455.5664,464.11133,457.03125,453.85742,466.06445,461.66992,462.40234,455.5664,448.2422,439.9414
sample_9b8f10582b86f210,398.92578,406.49414,421.38672,434.32617,445.3125,450.1953,458.98438,457.76367,466.3086,456.54297,464.35547,459.22852
sample_8fdc80a3aeb68275,465.33203,455.5664,477.05078,492.43164,476.80664,494.14062,505.85938,496.82617,514.16016,528.3203,493.65234,476.80664
sample_265608f72f4ee52a,326.66016,332.51953,350.58594,359.13086,360.35156,354.24805,370.8496,365.72266,371.09375,373.53516,379.1504,375.97656
sample_fd6ff382a79e9865,366.21094,363.76953,365.9668,377.19727,367.67578,365.9668,363.76953,367.91992,370.36133,377.4414,372.0703,366.94336
sample_f2b15a2bf4fd39f5,370.36133,390.86914,404.78516,407.4707,428.71094,454.10156,454.3457,463.62305,473.6328,477.53906,468.26172,483.64258
sample_b13eeff5a2385b58,473.6328,470.70312,479.24805,486.08398,465.57617,464.5996,488.76953,469.72656,469.23828,475.58594,461.18164,440.4297
sample_fd79b24f029ee3d2,401.3672,402.83203,403.8086,399.6582,385.98633,380.3711,389.89258,384.0332,390.625,387.6953,392.33398,384.0332
sample_ea08855b2c04a629,359.375,360.5957,385.00977,388.42773,395.5078,392.57812,411.86523,403.8086,409.66797,413.57422,409.1797,405.76172
sample_551ef77823be216e,350.09766,350.3418,358.88672,370.8496,361.57227,360.83984,378.90625,376.2207,376.95312,388.1836,388.91602,372.80273
sample_7e041e2bf5273785,374.02344,373.04688,378.6621,384.76562,361.8164,378.41797,366.45508,375.73242,383.54492,390.13672,393.0664,383.05664
sample_162ba229903a7e64,337.40234,351.31836,361.08398,369.38477,385.49805,396.48438,407.95898,418.2129,431.64062,440.91797,450.43945,445.80078
sample_04385b85ef6cb292,382.8125,383.30078,388.1836,396.72852,385.7422,384.27734,398.68164,405.51758,392.82227,401.3672,408.6914,397.46094
sample_d65977e6bf696255,323.73047,333.4961,344.23828,350.83008,356.9336,354.98047,366.21094,363.76953,369.87305,371.09375,378.41797,377.19727
sample_e1b4b4295b357462,345.21484,352.7832,360.5957,359.375,360.35156,357.42188,367.43164,361.08398,367.43164,365.23438,368.89648,361.08398
sample_5296f52cbdf5dbc8,374.02344,371.58203,371.3379,366.45508,357.66602,347.65625,356.20117,351.07422,354.98047,358.39844,357.66602,354.24805
sample_1697b05153353710,516.1133,495.60547,490.47852,483.1543,456.7871,443.35938,437.98828,422.11914,411.1328,404.29688,394.04297,391.35742
sample_5240dbdba41f2822,324.70703,325.6836,330.81055,345.45898,332.51953,348.38867,355.2246,352.7832,367.67578,382.32422,374.26758,369.87305
sample_92c8b1355d4a8c1b,373.53516,373.29102,377.19727,355.46875,357.66602,375.24414,375.97656,399.16992,399.90234,413.57422,431.39648,427.2461
sample_d4785d3a95c44cd2,633.78906,633.3008,605.95703,614.7461,580.0781,570.8008,535.15625,548.33984,533.6914,534.66797,529.2969,502.4414
sample_6c610a9a09ef8015,472.16797,473.14453,468.01758,453.36914,445.3125,425.29297,430.66406,411.37695,405.27344,404.29688,386.71875,378.6621
sample_d10648ced83dc465,430.41992,442.3828,430.17578,419.18945,429.44336,460.9375,450.1953,480.2246,500.48828,526.85547,541.5039,550.29297
sample_ab6ff2d023a1cccd,363.76953,363.76953,355.2246,364.01367,359.375,358.39844,372.5586,379.63867,376.2207,384.27734,402.0996,406.49414
sample_decdeca7bf2cf5f3,540.03906,532.71484,522.46094,507.32422,482.91016,483.64258,482.91016,473.38867,463.3789,466.3086,454.83398,452.14844
sample_0c9dcfab719d457a,403.3203,388.42773,381.83594,382.08008,358.88672,374.26758,351.5625,375.73242,372.5586,373.04688,385.2539,376.95312
sample_b705a4390025b1c9,352.53906,377.4414,401.61133,407.95898,411.6211,420.16602,433.59375,442.62695,442.8711,448.73047,449.70703,441.40625
sample_216539d910306288,514.16016,513.6719,505.85938,502.9297,464.35547,461.42578,451.9043,440.4297,435.79102,433.10547,417.23633,402.83203
sample_c7b4326164496add,388.1836,389.89258,400.14648,415.2832,412.10938,406.49414,413.33008,408.93555,408.20312,407.22656,414.55078,410.15625
sample_f7bca37139f1b276,353.51562,362.06055,374.75586,390.13672,399.90234,390.625,403.07617,396.48438,405.0293,395.9961,407.4707,399.90234
sample_9be83d1a083787c7,441.89453,442.3828,438.23242,450.6836,434.08203,448.73047,453.36914,459.7168,471.43555,477.05078,478.75977,477.7832
sample_7fff4f672bd0ab24,420.89844,420.41016,424.56055,423.33984,405.27344,422.36328,428.95508,430.41992,445.3125,457.51953,461.91406,457.2754
sample_71433191ae305da2,333.74023,332.2754,350.58594,356.20117,361.8164,358.39844,366.69922,367.91992,369.38477,374.02344,377.9297,364.7461
sample_ead607759eb0763d,502.4414,500.97656,502.9297,500.0,513.6719,545.89844,507.32422,530.7617,541.5039,527.83203,540.03906,572.7539
sample_b8de54ddcfdb9300,398.4375,397.94922,410.15625,408.44727,404.78516,403.56445,400.14648,399.41406,411.1328,408.6914,401.61133,387.45117
sample_66991935212b364b,353.51562,356.68945,365.47852,375.24414,385.2539,388.1836,400.14648,408.44727,408.6914,410.64453,419.67773,427.97852
sample_5b9204db66801e0d,330.07812,331.54297,332.2754,348.6328,355.95703,356.9336,367.43164,384.52148,378.90625,389.16016,403.3203,416.9922
sample_9c22c890dd26f767,501.95312,494.14062,474.60938,466.06445,441.6504,431.64062,410.15625,410.64453,400.14648,402.83203,396.48438,380.85938
sample_b58a08c83706dcf3,429.44336,425.5371,422.85156,426.0254,414.55078,402.0996,401.3672,390.13672,391.8457,385.7422,385.49805,385.00977
sample_a8fc20bf1e78b811,339.84375,353.75977,357.66602,356.4453,365.72266,366.21094,382.08008,395.26367,389.4043,401.85547,407.22656,404.54102
sample_fbf18be631910370,412.10938,415.52734,416.5039,410.88867,407.71484,397.70508,402.0996,392.57812,398.19336,387.20703,396.48438,388.67188
sample_a04b1e6fb8c6babf,331.54297,341.3086,335.9375,348.38867,348.14453,350.3418,372.31445,376.2207,380.61523,396.48438,401.85547,404.78516
sample_d9431f6acf1eb8bf,340.57617,355.95703,354.98047,348.87695,361.08398,360.83984,363.0371,371.82617,382.08008,385.7422,381.5918,384.27734
sample_63fa0fd4e2db7a56,392.57812,394.2871,394.7754,394.7754,397.46094,397.46094,400.63477,396.97266,401.85547,401.85547,406.25,408.93555
sample_b563817dc966845d,351.31836,367.43164,373.29102,378.17383,394.04297,411.6211,426.26953,450.92773,464.5996,492.67578,510.7422,506.83594
sample_01ddf65479db8931,360.35156,371.82617,393.0664,392.33398,410.15625,417.23633,431.15234,425.5371,436.03516,438.96484,430.66406,431.88477
sample_11aabe3f3aff991c,336.18164,340.8203,354.0039,368.16406,376.2207,383.78906,393.31055,399.90234,402.83203,408.6914,413.33008,417.7246
sample_49a5b6d2577eafa9,350.3418,346.92383,350.83008,350.3418,346.1914,334.22852,345.94727,344.72656,348.14453,351.07422,353.51562,344.9707
sample_f9b98f95bcca1896,595.7031,591.7969,573.2422,596.1914,558.59375,536.6211,544.9219,527.83203,517.08984,517.5781,497.5586,476.07422
sample_d05b7f1dafbbf945,402.34375,402.5879,409.42383,411.37695,400.8789,388.91602,391.60156,381.10352,385.7422,379.8828,380.12695,375.73242
sample_3be4dfe463a05b62,493.16406,505.85938,513.6719,499.26758,512.6953,504.39453,500.97656,503.41797,491.45508,492.67578,495.1172,483.39844
sample_0ecefccf73746a1c,424.3164,439.20898,454.58984,465.57617,468.75,470.70312,482.66602,484.375,491.69922,475.58594,484.86328,494.6289
sample_3c4d65503cc6d78f,401.12305,411.1328,423.0957,426.0254,436.76758,478.51562,492.91992,510.7422,526.3672,561.52344,554.6875,573.2422
sample_74c44d10d8ce545b,382.32422,375.97656,371.58203,379.8828,356.20117,377.9297,364.2578,389.4043,389.16016,393.5547,412.10938,401.85547
sample_00b4f4146ec5a6fa,335.69336,341.3086,357.17773,367.43164,368.4082,360.35156,376.2207,369.6289,373.29102,375.48828,379.39453,375.97656
sample_0179644f5d89bff2,445.80078,441.40625,423.58398,411.6211,391.8457,412.35352,391.8457,412.59766,413.33008,422.85156,435.30273,433.3496
sample_47e893557fd13cc8,316.89453,317.8711,322.50977,335.20508,334.7168,330.81055,353.27148,358.64258,358.88672,368.16406,379.63867,375.48828
sample_649bf1fa6fce022e,356.68945,356.20117,385.49805,398.4375,406.73828,406.25,427.97852,419.92188,422.11914,424.8047,426.7578,426.0254
sample_fadde32f6475e169,328.36914,340.8203,347.9004,354.98047,359.13086,364.7461,385.2539,386.71875,398.4375,408.6914,416.25977,412.59766
sample_7c2f3108dbd1db66,324.70703,321.77734,331.54297,348.87695,345.94727,359.61914,364.50195,382.08008,384.52148,388.1836,405.76172,421.14258
sample_589b06059dba4097,537.59766,540.52734,533.6914,535.64453,537.1094,566.89453,541.9922,564.4531,585.4492,589.84375,597.65625,619.1406
sample_fa493bd2de74e2b5,364.50195,384.76562,408.44727,416.74805,426.0254,453.125,469.9707,481.9336,502.4414,521.4844,527.83203,523.9258
sample_609e4d9b24255122,556.6406,541.9922,517.08984,500.0,488.28125,463.8672,450.43945,424.8047,416.25977,403.8086,391.60156,382.08008
sample_5503c95edd34c590,387.6953,380.3711,376.95312,385.2539,358.39844,379.63867,361.8164,387.93945,387.45117,393.0664,405.0293,397.94922
sample_286c74d2778e3c30,371.3379,371.3379,378.90625,375.24414,374.02344,367.91992,373.7793,366.45508,372.5586,370.1172,371.82617,363.28125
sample_293894431e5ca692,389.4043,388.42773,383.78906,378.90625,363.28125,354.0039,359.13086,354.0039,353.51562,351.5625,352.29492,347.9004
sample_3184df7f7910745f,334.96094,347.16797,354.73633,361.08398,376.2207,390.38086,396.24023,411.6211,423.58398,434.08203,448.48633,447.26562
sample_359ba9f5c3a4cfbe,362.3047,358.88672,359.86328,370.60547,350.09766,355.7129,355.95703,352.7832,359.13086,366.21094,351.31836,351.5625
sample_5eaecbcf5c9bacc8,471.1914,464.84375,454.83398,441.6504,434.32617,416.74805,409.1797,392.33398,394.53125,385.2539,378.17383,370.1172
sample_d8050f1df15754e3,401.85547,404.29688,397.2168,418.9453,402.5879,412.59766,429.93164,425.29297,438.47656,450.1953,439.45312,451.41602
sample_89466a3935ad95dd,391.11328,385.7422,390.625,396.72852,386.23047,379.63867,381.34766,381.10352,382.56836,388.1836,379.1504,375.97656
sample_65bb5e878a0fe1bf,461.42578,459.22852,458.25195,453.85742,446.04492,440.91797,446.77734,438.47656,440.4297,432.6172,430.41992,415.03906
sample_bb6673ded190c7c2,387.20703,375.0,379.63867,399.41406,387.93945,390.625,384.76562,407.71484,406.00586,415.52734,418.45703,441.89453
sample_c02fab6a598140ad,422.85156,419.67773,419.67773,414.55078,403.56445,395.5078,403.56445,404.29688,396.97266,398.4375,400.39062,398.68164
sample_4efd8d3ec97023e2,477.05078,474.60938,463.8672,475.3418,453.36914,452.63672,456.0547,451.66016,449.70703,454.58984,444.58008,446.04492
sample_a1790b507494a624,328.125,338.13477,351.07422,359.86328,358.64258,352.53906,367.91992,363.28125,368.89648,373.04688,375.0,373.04688
sample_c8893916d5807e79,380.3711,371.58203,374.02344,395.26367,387.20703,388.42773,386.9629,409.1797,405.51758,416.01562,419.18945,440.67383
sample_5caa87d5d91d1caa,499.51172,511.71875,516.1133,521.4844,523.4375,543.45703,546.875,558.10547,548.8281,561.52344,545.41016,528.8086
sample_934b8a465f3b26f1,452.14844,447.7539,443.84766,431.15234,427.00195,409.66797,407.4707,391.8457,393.5547,385.2539,380.12695,370.1172
sample_883655e55f4702fe,333.4961,342.04102,339.84375,357.42188,340.57617,350.58594,357.66602,368.89648,374.75586,381.83594,401.3672,390.86914
sample_9e22233a68bcc2f0,341.3086,355.7129,358.64258,375.48828,374.26758,377.68555,393.31055,395.9961,408.20312,418.45703,422.60742,418.45703
sample_4845c66961c1566b,351.80664,358.1543,372.0703,386.9629,392.57812,405.27344,439.9414,442.13867,450.6836,461.91406,469.23828,452.63672
sample_f7083fb76a098e82,407.4707,428.71094,448.48633,453.125,468.26172,472.65625,482.17773,486.8164,498.04688,502.4414,511.71875,500.0
sample_7eca6dfd8268048b,435.54688,435.54688,441.89453,456.29883,435.30273,441.1621,452.63672,444.58008,441.89453,450.6836,435.79102,424.8047
sample_18d0773d782c615f,396.97266,385.00977,382.56836,387.45117,371.09375,377.4414,372.5586,369.38477,370.60547,387.20703,366.69922,357.91016
sample_2ff5bfa8bd01eefb,307.1289,310.54688,327.88086,339.5996,343.75,350.09766,352.7832,359.61914,368.16406,371.58203,377.68555,378.6621
sample_bde7594164ccb354,318.60352,329.10156,332.03125,334.22852,344.72656,350.09766,355.7129,364.99023,375.0,381.34766,387.20703,393.79883
sample_0a236ebfcf22d2f0,406.25,411.86523,414.55078,406.00586,397.94922,391.11328,395.01953,394.7754,394.04297,392.57812,403.56445,380.3711
sample_7702c0447c0f1e5c,561.03516,564.4531,567.3828,553.22266,535.15625,527.83203,522.46094,511.71875,487.79297,483.39844,470.45898,463.62305
sample_ea1dbe37847f104f,420.89844,415.77148,411.1328,392.33398,380.61523,404.78516,396.24023,409.9121,419.92188,433.10547,441.1621,432.86133
sample_051c73d314c33f08,545.41016,522.46094,514.64844,509.27734,476.31836,459.96094,442.62695,438.7207,419.18945,411.6211,396.48438,390.38086
sample_686df92913f5a3dc,354.98047,364.99023,365.23438,376.2207,363.76953,375.48828,388.42773,386.9629,402.34375,406.73828,409.66797,406.73828
sample_1cb4971087b1b9c1,478.51562,468.75,478.02734,489.01367,494.87305,487.79297,478.75977,493.89648,488.5254,489.2578,484.13086,513.1836
sample_1eeaaad087bba564,422.85156,407.71484,404.05273,406.73828,388.1836,373.04688,371.3379,367.43164,364.7461,359.375,351.07422,351.31836
sample_7134a9a8e44990a0,328.85742,339.35547,362.79297,385.7422,376.46484,388.1836,425.04883,422.11914,431.64062,447.7539,437.74414,426.26953
sample_1ce7c8abd84b0a69,561.52344,542.96875,519.04297,503.90625,474.36523,478.02734,448.48633,448.9746,453.61328,442.3828,446.04492,439.45312
sample_3198fa2e606e9f97,567.8711,560.5469,555.66406,550.78125,524.90234,519.04297,490.72266,478.27148,466.55273,448.73047,439.45312,431.39648
sample_8cde586767a247b3,421.38672,424.56055,438.47656,451.17188,432.1289,434.08203,422.36328,414.79492,425.29297,415.03906,406.25,401.61133
sample_1ae46745bc70396d,309.32617,320.3125,327.14844,346.92383,348.14453,366.21094,382.56836,388.91602,396.97266,416.5039,428.95508,421.875
sample_592b86361f4540ad,398.92578,402.0996,392.82227,390.13672,385.7422,386.23047,381.10352,378.41797,375.24414,377.4414,377.4414,367.91992
sample_5b8a515748f8173a,376.70898,381.34766,385.00977,386.71875,395.75195,414.0625,411.37695,429.44336,427.73438,439.9414,435.0586,450.92773
sample_50ddcee6c4ea96f1,348.6328,368.4082,375.0,372.31445,374.02344,410.4004,421.63086,424.56055,456.54297,471.6797,470.94727,477.05078
sample_55414231572590fe,354.24805,359.86328,364.01367,383.05664,380.61523,368.65234,395.01953,390.13672,395.5078,403.8086,399.41406,392.82227
sample_39e29a45ec2f6aa1,402.5879,400.63477,417.7246,418.70117,409.66797,414.55078,416.25977,416.5039,420.41016,420.41016,411.6211,412.8418
sample_d65a4e1f558d628f,372.31445,381.83594,382.32422,392.33398,389.4043,391.8457,400.63477,406.00586,412.10938,418.45703,425.78125,421.875
sample_def2555f167fc28e,328.36914,328.36914,329.10156,337.1582,335.20508,333.74023,356.20117,358.1543,361.08398,372.5586,381.10352,381.5918
sample_2573593e432c3e1a,454.58984,443.35938,421.38672,418.2129,389.64844,391.11328,378.17383,372.80273,375.97656,376.95312,364.50195,373.29102
sample_55fb006831c5bbfb,507.8125,496.58203,486.8164,480.2246,465.33203,454.10156,450.92773,434.32617,435.30273,428.22266,419.4336,395.01953
sample_de0288237ad12e68,359.375,357.91016,369.38477,373.7793,366.94336,367.67578,382.32422,383.30078,381.10352,389.64844,392.33398,374.26758
sample_81953ca2c40525b3,452.63672,445.06836,437.25586,441.1621,419.92188,428.4668,427.73438,421.14258,428.22266,430.17578,419.67773,413.08594
sample_9f95926706751ba2,395.01953,397.70508,395.75195,393.79883,371.82617,397.46094,388.91602,402.5879,410.4004,427.2461,423.58398,420.89844
sample_9d32c3f8308e2761,639.16016,631.34766,625.97656,606.9336,603.5156,580.5664,558.59375,555.66406,518.0664,496.58203,494.38477,482.91016
sample_584b0116b3667d14,394.04297,393.31055,390.38086,394.04297,389.64844,388.91602,397.46094,397.46094,402.83203,401.3672,416.01562,411.1328
sample_520e774f2f740080,352.29492,349.60938,355.7129,364.2578,346.6797,354.73633,350.3418,348.87695,356.9336,360.83984,345.70312,346.1914
sample_95ded46a08b2dbf9,543.45703,548.33984,551.26953,551.7578,541.9922,518.0664,523.9258,503.90625,499.51172,471.6797,480.46875,471.1914
sample_39efe3ee0dddc4cb,360.10742,365.47852,373.7793,366.94336,374.26758,371.58203,370.8496,368.16406,372.31445,377.9297,372.5586,366.94336
sample_d3cc67b23af2eacf,401.3672,397.46094,401.85547,409.1797,395.9961,398.4375,408.6914,403.8086,401.12305,403.3203,398.4375,391.11328
sample_3720d276056c698b,329.10156,330.81055,345.45898,351.80664,358.88672,355.7129,362.79297,363.5254,364.2578,365.23438,379.39453,364.99023
sample_5b348f7524cfbeb0,359.61914,348.87695,354.98047,333.98438,333.0078,345.21484,345.94727,368.4082,364.01367,371.58203,385.7422,382.8125
sample_7d29efa8c0964ed1,307.6172,318.35938,331.7871,334.47266,341.55273,345.70312,350.83008,354.0039,361.57227,368.65234,369.14062,365.9668
sample_8729f5c41418e0e0,399.41406,402.83203,399.90234,397.2168,388.67188,387.20703,387.45117,383.54492,380.61523,380.3711,381.10352,368.4082
sample_8b4196a3682af93d,446.77734,445.3125,438.7207,429.93164,422.11914,409.66797,408.6914,393.0664,394.7754,389.16016,384.52148,378.6621
sample_75d22c037dc4db17,430.17578,424.56055,408.6914,420.41016,393.5547,393.5547,385.98633,379.63867,381.34766,378.41797,358.88672,366.45508
sample_3a226e4be37f66a8,619.1406,616.21094,601.5625,588.3789,555.66406,551.7578,521.4844,522.9492,495.1172,485.83984,476.07422,463.8672
sample_3b1bdf2083e446c4,374.02344,381.5918,386.71875,390.86914,385.00977,374.51172,384.76562,376.46484,381.10352,382.32422,383.05664,381.10352
sample_f7b67417a6b1a3a4,457.51953,453.36914,444.58008,436.03516,426.7578,413.81836,410.64453,394.7754,397.2168,390.625,384.0332,380.3711
sample_4bc280cc70295da1,437.98828,435.54688,433.59375,444.58008,431.64062,437.01172,433.8379,432.6172,428.95508,435.0586,423.58398,427.2461
sample_ed141dba568f8575,419.18945,406.49414,398.92578,379.63867,372.31445,388.1836,363.5254,380.12695,381.10352,381.83594,393.5547,385.00977
sample_7ce22e308ba4bdef,435.0586,434.5703,438.23242,439.45312,434.81445,433.10547,441.89453,429.6875,438.96484,435.0586,434.81445,415.52734
sample_b95b1562ff5e6241,390.625,392.08984,403.56445,416.01562,404.78516,410.15625,414.55078,416.5039,424.8047,426.26953,425.04883,408.93555
sample_64166586ecdadc21,351.5625,356.4453,365.47852,362.54883,366.21094,366.21094,368.4082,367.43164,372.31445,372.5586,377.68555,367.91992
sample_5dbd77c5d0a5f0be,355.7129,355.46875,361.57227,367.67578,363.28125,366.21094,374.02344,372.80273,374.02344,384.76562,370.60547,368.16406
sample_39fba3862ddf32c0,392.33398,414.55078,427.00195,453.85742,461.91406,477.05078,497.80273,508.30078,512.6953,530.27344,530.27344,527.34375
sample_d6eda4a92598939a,683.59375,687.9883,653.8086,622.5586,614.7461,608.39844,566.40625,567.3828,533.2031,521.97266,504.8828,499.51172
sample_e3ad30e31119fc0d,402.0996,404.29688,403.8086,395.75195,396.24023,389.16016,379.63867,378.41797,379.39453,377.9297,373.53516,365.72266
sample_fcb9c6c454ca3e03,495.60547,493.16406,473.87695,473.87695,448.48633,461.42578,441.6504,460.69336,466.06445,481.9336,488.5254,492.43164
sample_951b5d364ef840c2,513.6719,524.41406,534.1797,549.8047,566.40625,553.22266,546.3867,555.66406,534.66797,527.83203,537.59766,552.2461
sample_e3f7c6c89588251f,362.06055,364.01367,364.99023,371.3379,360.10742,354.24805,360.83984,358.1543,358.88672,363.28125,355.95703,357.42188
sample_fe5a42d42d758eee,373.53516,378.17383,377.9297,386.9629,382.08008,388.1836,384.27734,386.4746,393.79883,392.57812,396.72852,397.46094
sample_0bf6bc9aaf25d49c,491.69922,485.83984,475.83008,470.45898,447.99805,454.10156,462.64648,449.95117,455.5664,463.8672,455.07812,456.0547
sample_2ca26f7cd6e98d94,353.27148,367.67578,392.82227,426.0254,439.9414,459.96094,481.68945,494.14062,507.32422,523.9258,528.3203,523.4375
sample_f92ae943c019ecc0,410.4004,407.95898,409.9121,411.1328,412.35352,408.93555,404.54102,401.85547,403.8086,406.73828,401.61133,403.07617
sample_a5b722e57b6f8d71,564.4531,551.26953,533.6914,524.41406,492.91992,487.54883,466.79688,460.20508,445.3125,439.9414,431.15234,419.4336
sample_4f4f385130e04316,403.3203,392.82227,391.60156,394.2871,376.70898,391.35742,390.13672,391.11328,400.39062,403.3203,402.0996,398.92578
sample_05ab77d564c39dff,327.39258,327.88086,332.51953,328.85742,318.35938,330.5664,340.57617,352.29492,356.20117,364.7461,377.19727,375.0
sample_a281acb679ad7925,405.76172,401.3672,387.20703,378.6621,362.3047,356.20117,361.08398,359.13086,353.51562,355.95703,355.7129,356.9336
sample_1a3b943f877769ac,367.67578,375.48828,399.41406,403.07617,412.59766,420.6543,430.41992,441.6504,448.2422,458.4961,463.62305,460.69336
sample_c682dfd2919f454d,379.8828,390.38086,406.49414,412.35352,427.2461,463.3789,480.95703,509.27734,519.53125,547.85156,558.10547,567.8711
sample_cebe6951b6def4d6,373.04688,377.9297,387.93945,401.3672,391.8457,398.19336,424.3164,425.78125,430.41992,445.3125,440.18555,436.52344
sample_07478efbc32bddde,449.70703,458.4961,473.38867,482.66602,476.07422,483.88672,505.3711,498.7793,498.7793,504.39453,489.01367,470.21484
sample_80ffa10ef749dd71,308.59375,315.91797,324.4629,321.04492,318.84766,334.96094,342.28516,354.73633,366.69922,375.48828,394.2871,384.76562
sample_3039e4a78a26e09e,411.6211,408.93555,409.1797,403.3203,394.2871,386.23047,394.53125,395.5078,389.64844,391.11328,395.26367,392.57812
sample_bd1ecd558e8d39f1,399.6582,397.70508,394.04297,397.2168,389.64844,384.76562,376.95312,373.53516,376.70898,379.8828,372.31445,366.94336
sample_63ac536179a39222,330.07812,334.22852,343.75,341.55273,349.60938,366.45508,358.64258,373.7793,374.26758,377.4414,390.38086,394.53125
sample_f4110a61ad7069c4,359.375,385.49805,406.49414,423.33984,443.11523,464.5996,482.66602,497.0703,512.6953,533.6914,535.64453,529.2969
sample_cf279dc9eb8b95cd,590.8203,587.8906,582.51953,585.9375,579.10156,557.6172,558.10547,539.5508,522.9492,503.41797,496.3379,486.8164
sample_37f9347bda25fabd,418.9453,419.18945,434.32617,438.23242,432.6172,427.97852,431.39648,424.07227,425.04883,419.92188,412.59766,406.25
sample_fb5ebc7a0cce729c,405.76172,407.22656,415.03906,430.41992,438.96484,441.1621,443.84766,448.9746,450.92773,447.26562,451.9043,460.44922
sample_ed71b02d6beeca5a,476.5625,464.84375,448.9746,433.8379,415.03906,412.59766,401.12305,395.26367,385.98633,394.53125,372.31445,361.32812
sample_8016c405d7bfb273,410.4004,418.45703,424.3164,426.0254,436.03516,457.2754,476.80664,482.66602,490.23438,497.5586,495.36133,487.3047
sample_a415d011363adf25,310.79102,319.0918,329.10156,329.3457,336.66992,349.85352,346.1914,362.06055,363.0371,372.0703,382.56836,385.2539
sample_a47db001a242154b,316.89453,326.41602,341.06445,354.73633,350.09766,350.3418,353.75977,355.2246,361.57227,372.0703,373.29102,375.24414
sample_38388ee0ea6e6d93,457.51953,463.8672,440.91797,441.1621,419.18945,419.67773,387.20703,412.8418,403.56445,412.59766,421.38672,414.79492
sample_df51f200b60a62c1,362.54883,370.8496,382.56836,400.14648,440.4297,437.74414,452.88086,454.3457,470.94727,488.28125,477.29492,500.48828
sample_1a0e913dc6e66065,486.32812,483.88672,455.5664,451.9043,447.99805,433.59375,412.35352,408.44727,405.76172,400.8789,386.71875,375.24414
sample_3734ac273f7fcee9,522.46094,509.27734,519.53125,530.7617,533.6914,519.04297,508.78906,507.32422,501.46484,489.7461,476.80664,497.0703
sample_c1ca7e35febbd9dc,360.83984,353.51562,358.64258,332.2754,333.4961,346.6797,347.16797,371.3379,367.91992,376.95312,394.2871,390.86914
sample_eebfb11fd828a089,534.66797,510.7422,506.83594,500.0,473.38867,457.2754,454.83398,437.98828,420.41016,412.10938,400.8789,397.2168
sample_e253f8f2f650441f,366.45508,364.99023,381.10352,399.90234,416.25977,424.3164,436.2793,442.62695,445.55664,443.84766,458.74023,461.42578
sample_2da58d2cbb5fc76a,398.92578,397.94922,398.19336,401.3672,391.11328,400.39062,398.92578,389.64844,407.22656,407.71484,408.44727,397.46094
sample_6014883b3ba6fbea,369.6289,377.19727,377.19727,378.17383,373.29102,369.6289,372.31445,371.3379,371.82617,378.90625,372.31445,371.3379
sample_26a7d80cbe235075,533.2031,547.3633,553.71094,556.6406,582.03125,564.9414,564.9414,575.6836,560.0586,554.1992,568.3594,558.59375
sample_2d72d79961f7ef99,336.42578,346.1914,350.83008,356.20117,369.14062,364.7461,374.51172,379.8828,382.8125,386.23047,392.82227,391.35742
sample_2f662b18a94d1bbb,518.5547,518.0664,517.5781,505.3711,488.5254,487.3047,465.0879,471.6797,460.69336,457.51953,456.54297,444.0918
sample_2e8eb4ac52f1dd09,391.11328,399.41406,398.4375,428.71094,433.3496,448.2422,451.9043,477.7832,493.16406,514.64844,544.9219,550.78125
sample_b51b61e2135e7378,349.1211,349.85352,350.09766,358.64258,346.1914,357.66602,349.60938,357.66602,363.0371,369.14062,370.1172,357.91016
sample_3e9c0e0a703167d3,320.80078,325.43945,333.25195,341.06445,329.10156,346.92383,339.84375,361.8164,362.06055,374.02344,389.64844,381.5918
sample_2d4d0fda0f974a8a,463.3789,449.21875,443.11523,440.18555,413.33008,405.27344,406.98242,393.5547,385.2539,393.0664,373.7793,357.91016
sample_7dfe28e621684a2e,352.05078,345.21484,346.43555,368.4082,350.09766,358.64258,353.75977,363.5254,364.50195,376.46484,379.1504,370.36133
sample_bfd89b88f32a5fed,385.7422,410.15625,423.0957,471.92383,491.21094,501.46484,519.04297,537.59766,548.8281,567.8711,568.84766,566.89453
sample_3f80bffc62035bc3,478.51562,472.16797,477.05078,490.9668,469.72656,483.39844,498.04688,488.0371,499.26758,511.71875,489.50195,476.80664
sample_c3d7b8c380921a8a,374.51172,378.17383,383.78906,390.38086,392.33398,384.27734,393.5547,386.4746,392.82227,392.08984,395.5078,394.7754
sample_6f524dd44a1704be,325.43945,321.5332,331.29883,318.60352,345.21484,372.5586,378.41797,411.37695,421.875,444.33594,486.57227,495.60547
sample_e3d696b669fff4bc,361.32812,363.0371,365.9668,368.89648,364.99023,364.7461,363.0371,365.47852,360.83984,367.1875,375.24414,364.7461
sample_9398a2a6a16af64b,363.28125,362.3047,370.1172,367.1875,372.5586,371.82617,370.36133,372.80273,373.7793,375.97656,380.12695,371.3379
sample_60d9f6807057e14a,521.97266,542.96875,551.7578,560.0586,567.8711,552.7344,536.6211,526.3672,527.34375,507.8125,497.5586,488.0371
sample_e77531b0712bcce2,398.19336,392.08984,397.46094,403.56445,392.82227,384.52148,381.34766,379.63867,382.32422,383.78906,375.73242,372.0703
sample_247ac003a597ce1e,361.32812,363.0371,369.87305,368.16406,349.85352,359.61914,352.53906,359.13086,364.2578,368.65234,366.69922,365.9668
sample_ce4f2777cb640d08,361.57227,381.34766,388.42773,399.90234,395.5078,407.71484,404.78516,415.77148,418.2129,415.03906,409.42383,420.41016
sample_31e7a82bea2d66c5,366.45508,367.43164,370.60547,376.95312,370.60547,368.4082,365.23438,363.76953,366.94336,375.0,365.23438,364.2578
sample_088ecd57c002a6d2,325.43945,332.2754,341.06445,342.5293,344.23828,358.39844,365.9668,367.91992,380.61523,390.625,386.4746,381.34766
sample_c0b5f79255f15b9a,370.60547,382.08008,408.6914,419.18945,431.15234,436.03516,448.73047,459.22852,464.35547,472.65625,476.07422,468.75
sample_c7390a5a5f6fbea6,360.5957,366.45508,367.91992,387.6953,372.5586,381.34766,371.09375,395.75195,395.5078,405.27344,423.0957,404.05273
sample_38c41d494969f1b7,462.89062,452.88086,448.73047,437.74414,426.7578,425.78125,423.58398,414.0625,413.57422,412.59766,411.6211,398.19336
sample_4df6609ce8f7e223,379.1504,381.83594,387.93945,385.49805,384.27734,386.71875,386.23047,385.98633,392.57812,384.76562,398.19336,388.42773
sample_ca9edabe81317f9c,505.3711,514.64844,527.34375,538.5742,546.875,548.8281,534.1797,532.22656,535.64453,513.6719,515.625,520.5078
sample_8923a242befbdcf8,358.39844,352.29492,356.20117,369.6289,361.32812,363.28125,366.94336,379.39453,371.3379,378.90625,389.16016,397.70508
sample_61aee30832e3ecbd,320.06836,330.32227,327.39258,345.21484,350.3418,352.05078,377.9297,382.08008,385.2539,401.3672,408.44727,412.8418
sample_bb0df1608fd9996a,657.71484,656.7383,659.66797,652.83203,678.71094,667.48047,658.2031,670.89844,679.6875,682.1289,689.4531,688.47656
sample_63e8a80739fbc3b2,395.01953,403.56445,417.23633,432.6172,443.84766,451.41602,459.96094,461.18164,471.92383,464.84375,472.16797,468.26172
sample_194876abba0460e7,338.62305,343.50586,354.24805,357.66602,357.17773,365.47852,373.29102,375.48828,380.12695,376.95312,392.82227,384.76562
sample_0d12d8e5d22e37aa,321.28906,331.54297,335.44922,339.11133,349.60938,362.54883,374.75586,377.68555,385.7422,394.53125,397.46094,405.27344
sample_bf39199c65bce4e8,440.4297,431.88477,423.0957,425.04883,405.76172,415.77148,409.42383,414.55078,411.1328,418.45703,405.27344,406.73828
sample_5730a034af44bac4,487.79297,492.67578,496.82617,498.7793,480.46875,478.27148,457.76367,449.21875,450.1953,437.01172,425.5371,419.92188
sample_7d3887a4d75905ce,463.3789,456.7871,450.43945,442.13867,429.44336,423.33984,414.30664,410.4004,404.54102,404.78516,399.41406,391.11328
sample_18d14c592d788c0f,494.6289,479.98047,478.51562,475.3418,448.2422,435.54688,431.39648,419.92188,419.67773,407.71484,399.90234,387.93945
sample_e8568dcf48a61672,402.34375,402.83203,403.8086,399.6582,394.53125,385.2539,392.33398,383.78906,382.32422,380.85938,391.35742,376.70898
sample_e21ece8800b6506e,369.14062,374.02344,380.3711,385.98633,383.54492,373.29102,382.56836,374.75586,382.32422,375.48828,381.83594,380.3711
sample_dadd2fec4e8eb683,621.09375,615.72266,619.1406,607.91016,594.2383,583.4961,562.9883,550.29297,537.1094,513.1836,509.76562,496.58203
sample_b0963902653010f3,428.22266,420.41016,437.01172,447.7539,431.15234,428.71094,444.82422,436.52344,437.25586,443.35938,435.79102,416.25977
sample_0b2211f9692a8a42,545.41016,546.875,543.45703,542.96875,557.6172,571.28906,538.5742,562.5,550.78125,541.5039,546.875,571.28906
sample_a5bad79b9e0492b7,480.46875,485.35156,497.31445,494.87305,489.2578,481.20117,472.9004,466.06445,457.2754,446.77734,440.4297,437.01172
sample_7ecaf5a68ca31e7e,387.20703,385.2539,378.41797,378.6621,360.5957,371.3379,352.53906,381.5918,373.04688,378.90625,400.8789,393.79883
sample_398971cbbd2dddb9,317.8711,321.5332,333.74023,330.07812,326.66016,319.33594,333.98438,332.76367,339.84375,341.79688,344.48242,336.42578
sample_22a4a10989d27512,373.53516,377.19727,384.76562,389.89258,385.98633,375.97656,385.00977,377.19727,382.8125,376.46484,380.61523,378.6621
sample_def1593c707df587,385.7422,400.63477,406.25,414.79492,406.73828,414.55078,415.2832,422.85156,420.6543,420.89844,411.6211,419.4336
sample_9dfe86193c93c72e,476.5625,471.1914,462.64648,486.57227,459.7168,462.64648,464.84375,453.85742,466.79688,473.14453,471.43555,454.58984
sample_6954a2ee3a530e0c,366.94336,362.3047,364.7461,376.70898,355.7129,359.61914,359.86328,354.98047,361.8164,369.14062,352.53906,350.3418
sample_c2e881f9ea06a300,431.88477,428.95508,413.33008,416.74805,409.42383,405.0293,399.6582,396.97266,392.82227,390.13672,392.33398,385.2539
sample_e24c78be700a59ee,295.89844,306.15234,305.9082,325.43945,304.19922,318.84766,322.99805,327.88086,346.1914,360.83984,353.75977,358.88672
sample_4b2005b2872dddfd,389.16016,396.48438,412.35352,432.37305,454.10156,451.41602,460.69336,471.43555,471.43555,470.21484,473.87695,491.45508
sample_b5eb8930f4e4767f,350.58594,351.5625,354.0039,374.51172,351.31836,355.7129,353.27148,351.07422,359.61914,364.7461,355.46875,348.14453
sample_d02aa28a72516a12,360.10742,363.76953,378.6621,385.7422,370.36133,385.2539,387.45117,389.89258,399.16992,407.71484,398.92578,383.05664
sample_5739d899257ebc50,362.3047,355.7129,355.46875,350.09766,347.16797,355.46875,352.05078,360.5957,364.7461,361.8164,376.70898,370.8496
sample_bd76ea1f7eabee01,411.6211,412.10938,412.59766,418.70117,410.4004,393.5547,397.94922,387.45117,390.38086,384.76562,383.78906,380.61523
sample_3ade44cde4583463,455.5664,464.35547,482.17773,507.32422,534.66797,549.8047,560.0586,574.70703,594.2383,604.4922,606.4453,612.3047
sample_e72d45f067e8efa6,489.2578,479.4922,467.28516,472.9004,442.3828,449.70703,452.88086,441.6504,454.3457,467.28516,455.5664,458.0078
sample_c325fa534be5ca81,364.2578,354.24805,355.7129,366.94336,355.95703,366.94336,363.76953,365.47852,368.89648,383.78906,370.60547,363.76953
sample_b1b6a3bffe3c04b8,307.86133,322.02148,327.39258,332.51953,340.8203,338.8672,359.86328,368.65234,374.02344,384.27734,400.39062,389.89258
sample_a6e7d2473da21122,454.58984,451.17188,445.80078,437.01172,428.22266,417.23633,416.25977,402.5879,402.83203,395.01953,393.0664,390.13672
sample_a28dc11ac34655a0,392.57812,404.78516,411.37695,434.81445,450.92773,479.0039,488.5254,512.6953,512.6953,534.1797,533.2031,544.9219
sample_f2d838b56a78bf50,450.6836,443.35938,444.82422,435.30273,423.0957,415.03906,424.8047,412.59766,409.1797,410.15625,393.5547,384.76562
sample_9fb6560197d64d85,420.41016,415.52734,414.79492,418.70117,405.27344,406.73828,409.66797,405.27344,401.3672,400.8789,397.70508,390.13672
sample_d5ed5d16eb051db3,442.8711,440.18555,437.01172,429.44336,423.33984,410.64453,409.9121,396.24023,400.63477,393.5547,390.625,385.7422
sample_dee272b4d9b6e7f6,411.1328,419.4336,401.61133,408.93555,407.22656,398.4375,395.26367,399.6582,404.05273,406.73828,404.78516,417.23633
sample_be6d5d84fd75cb5f,515.1367,520.5078,524.41406,517.08984,505.3711,496.58203,483.88672,477.53906,461.91406,448.73047,442.13867,438.7207
sample_86a11abbdac3a4fd,396.72852,396.97266,396.97266,389.89258,388.42773,385.49805,383.54492,380.12695,378.90625,378.41797,377.68555,369.87305
sample_ad67c2d30bbb79cb,337.64648,340.8203,350.09766,357.66602,359.13086,366.21094,374.26758,373.53516,381.5918,383.78906,387.20703,388.1836
sample_b9c99eeb78309b0b,450.6836,445.80078,446.28906,438.7207,430.66406,422.60742,418.2129,411.86523,408.20312,406.73828,400.39062,390.86914
sample_64e63a14f89f1822,678.22266,660.64453,656.7383,677.2461,664.0625,644.53125,632.8125,641.60156,639.16016,626.46484,633.78906,614.2578
sample_7bdb6312580a1772,464.35547,461.66992,451.9043,439.45312,435.54688,421.38672,419.67773,403.56445,403.3203,395.5078,393.31055,386.71875
sample_c76758afe769c314,648.4375,640.625,596.6797,600.58594,556.6406,553.71094,502.9297,516.1133,498.04688,501.95312,491.69922,473.6328
sample_87a518e543389d70,344.72656,341.79688,344.48242,336.66992,332.76367,328.61328,342.28516,341.55273,344.72656,354.0039,353.75977,349.60938
sample_4aafd7771b5626da,544.4336,516.60156,488.0371,468.99414,436.2793,434.08203,411.37695,410.4004,401.3672,395.5078,394.7754,399.6582
sample_34e62ce6407c3216,332.2754,341.3086,351.80664,353.75977,354.73633,369.87305,395.9961,404.54102,414.79492,426.26953,441.89453,446.77734
sample_602a952ffc76b1f9,432.86133,426.26953,436.2793,425.78125,409.42383,417.23633,420.16602,421.14258,423.82812,424.8047,420.6543,414.0625
sample_0f0021f0e9dbade4,364.01367,370.1172,381.10352,406.73828,421.38672,421.875,423.0957,448.48633,453.61328,462.89062,485.35156,497.0703
sample_502106b0ea218586,433.10547,439.9414,454.3457,464.11133,475.3418,498.53516,524.41406,541.5039,542.48047,564.4531,561.52344,564.4531
sample_43c42d653a087210,322.02148,331.54297,342.04102,349.1211,353.27148,348.87695,360.35156,357.17773,365.23438,369.14062,373.04688,372.0703
sample_23df036abcd6ffd2,329.10156,338.13477,341.55273,361.32812,360.35156,373.04688,383.78906,393.0664,399.90234,413.08594,416.9922,413.08594
sample_c32324e056c04586,359.375,365.23438,357.17773,361.8164,362.06055,357.91016,373.29102,371.58203,375.24414,385.7422,383.05664,385.49805
sample_a374ec0dfd91e4dd,395.26367,392.33398,392.33398,402.34375,383.78906,380.3711,381.5918,374.51172,379.63867,377.4414,363.76953,363.0371
sample_db06b69b127465ae,361.57227,384.27734,388.1836,384.0332,391.60156,427.73438,439.20898,442.3828,473.87695,490.72266,489.2578,494.14062
sample_a5b7033872f30114,313.96484,315.18555,323.9746,337.64648,333.4961,350.09766,359.61914,363.0371,377.68555,388.1836,384.52148,384.52148
sample_200674dacd7791b2,502.4414,490.72266,480.46875,467.5293,456.29883,434.5703,431.39648,412.59766,407.95898,396.97266,388.42773,384.0332
sample_1dbc98c7f7ac8616,378.6621,388.91602,381.10352,386.71875,387.20703,397.2168,405.27344,426.7578,445.06836,462.40234,503.41797,510.7422
sample_80aca2705af14aa9,330.07812,330.5664,339.11133,351.31836,354.98047,362.3047,364.7461,373.7793,375.24414,378.90625,389.16016,388.42773
sample_e7a90a20639cc6af,393.5547,405.51758,424.56055,442.8711,476.07422,504.8828,524.90234,542.48047,571.77734,597.16797,607.91016,630.3711
sample_2305f19115f72293,422.36328,417.96875,426.7578,430.41992,426.0254,413.81836,414.79492,402.0996,403.8086,395.5078,398.68164,393.79883
sample_708bd380478610e5,315.4297,329.58984,345.45898,339.5996,345.21484,370.60547,385.00977,404.54102,418.70117,438.47656,456.54297,450.1953
sample_718a425a7f32152d,668.45703,662.1094,671.3867,665.52734,686.03516,665.03906,643.5547,659.66797,657.22656,639.16016,651.3672,645.5078
sample_7034f269e20531c6,304.19922,316.89453,328.85742,337.1582,346.1914,343.99414,355.2246,355.46875,361.8164,368.16406,372.80273,371.82617
sample_dfa23604ffe4e871,324.70703,318.35938,333.25195,311.52344,310.0586,333.25195,329.3457,358.64258,356.4453,367.1875,395.9961,395.01953
sample_c57371b9cbb0b5eb,316.40625,330.81055,341.55273,335.69336,338.3789,365.9668,376.2207,396.24023,410.15625,428.22266,446.77734,440.4297
sample_a6ff4f7128129243,530.7617,531.7383,532.71484,536.1328,554.6875,576.1719,564.9414,591.3086,593.75,600.58594,603.5156,625.4883
sample_c66bf023db6fb236,582.51953,585.9375,588.3789,590.8203,608.8867,590.8203,563.47656,579.10156,558.59375,539.0625,551.26953,561.03516
sample_7d72f29d28a462eb,389.4043,386.23047,400.14648,411.6211,423.58398,434.08203,434.08203,446.28906,444.33594,451.66016,453.36914,458.4961
sample_e5d38682b9e3c759,362.79297,360.5957,365.9668,379.63867,370.1172,365.72266,364.7461,367.1875,369.87305,376.95312,371.82617,365.9668
sample_87edf5483f8e2644,367.1875,373.29102,369.87305,385.2539,363.5254,370.1172,368.16406,364.01367,380.85938,381.83594,374.26758,371.82617
sample_45b027b80ec145c0,410.4004,422.85156,437.74414,446.5332,458.74023,462.89062,478.02734,473.6328,484.13086,482.91016,481.20117,466.3086
sample_d694ab0aa6d155dd,324.4629,334.47266,331.7871,331.7871,330.07812,340.57617,342.28516,351.31836,366.45508,370.60547,369.14062,374.02344
sample_d6d9abdc330155b5,468.26172,460.44922,474.60938,472.4121,444.58008,429.19922,429.19922,420.41016,412.35352,396.97266,392.33398,389.89258
sample_adb910fbf1a11043,395.9961,401.3672,400.39062,401.61133,392.08984,382.32422,386.23047,379.39453,378.41797,381.83594,376.46484,374.26758
sample_4d7d7cbab0c075fe,379.39453,382.8125,382.32422,395.75195,373.29102,374.26758,366.94336,368.89648,367.43164,378.41797,381.10352,389.16016
sample_fdf6e82afea20072,724.6094,726.5625,713.3789,683.10547,713.8672,688.96484,668.9453,676.26953,679.1992,679.6875,685.5469,687.0117
sample_7c20fa52031240a1,333.4961,343.75,353.02734,359.13086,365.72266,362.3047,375.24414,371.09375,375.73242,376.95312,384.76562,382.08008
sample_ef774bda3503132c,432.86133,428.95508,410.88867,424.56055,410.15625,417.96875,427.73438,418.45703,437.5,443.84766,444.82422,455.32227
sample_5b0a60687c358002,437.01172,434.5703,432.1289,424.07227,418.9453,405.27344,407.4707,394.2871,395.26367,386.23047,389.4043,381.83594
sample_ce81b0d4f259d830,363.76953,368.4082,368.4082,370.8496,366.94336,358.1543,370.8496,371.3379,367.1875,366.69922,365.72266,366.45508
sample_56700f5fb7f5babe,384.0332,382.32422,369.6289,387.93945,381.5918,399.90234,394.2871,426.0254,423.82812,434.08203,451.17188,472.4121
sample_dd4aa21a823dc4b4,349.85352,356.68945,366.94336,373.29102,369.14062,360.83984,374.75586,368.65234,371.58203,375.0,375.0,372.0703
sample_ddc1f1ea5e6b0a7d,439.45312,433.8379,430.17578,421.38672,411.6211,413.08594,410.88867,406.00586,401.85547,404.29688,403.3203,391.60156
sample_c223e0d5fbfdc3b5,358.64258,357.91016,346.92383,347.65625,334.47266,359.375,344.48242,377.4414,382.56836,389.64844,422.85156,416.25977
sample_66967f158aec8750,405.27344,410.88867,419.18945,399.16992,405.27344,438.23242,431.15234,458.74023,453.85742,469.23828,476.80664,486.8164
sample_17c577d41bca1de0,686.03516,651.3672,647.46094,630.3711,587.8906,584.47266,565.91797,549.3164,533.6914,528.8086,494.38477,461.42578
sample_6fece599c3084123,345.21484,358.64258,364.50195,362.3047,371.09375,375.48828,384.52148,406.98242,396.24023,410.15625,415.52734,413.08594
sample_baf8b5227538eda2,366.69922,365.9668,361.57227,370.8496,369.87305,368.65234,362.54883,370.60547,371.58203,379.8828,372.80273,371.82617
sample_e654a62f88d26b1a,468.26172,461.18164,469.48242,485.10742,465.33203,483.39844,498.29102,489.50195,501.95312,517.08984,490.47852,478.02734
sample_3d8da33279907f82,400.63477,402.34375,401.85547,399.41406,397.2168,381.83594,378.6621,370.1172,374.51172,376.46484,367.1875,357.66602
sample_6e1e4dcba55153e6,419.67773,403.8086,401.85547,397.46094,364.2578,391.8457,384.52148,375.48828,404.78516,412.10938,393.79883,397.2168
sample_3601dc0b71150778,334.22852,339.5996,355.7129,363.5254,360.83984,376.70898,402.83203,410.88867,418.70117,436.03516,443.35938,444.33594
sample_b9907020802de2d4,407.22656,406.00586,405.76172,403.07617,404.78516,404.29688,402.5879,400.63477,405.51758,403.3203,409.1797,412.59766
sample_68a3bfb758091af6,320.3125,323.73047,328.36914,331.7871,329.3457,331.7871,338.13477,337.40234,348.6328,355.46875,352.05078,351.5625
sample_338e4046afb5ffb0,309.08203,322.50977,340.0879,350.83008,352.7832,348.14453,358.1543,355.2246,361.32812,366.69922,370.36133,364.01367
sample_2b00abc3642ecdf9,343.50586,353.75977,357.91016,358.64258,365.9668,363.76953,373.7793,377.19727,381.83594,384.27734,389.64844,390.13672
sample_70e291b1bd001d22,364.7461,369.87305,380.3711,374.26758,368.65234,402.0996,405.0293,426.0254,438.96484,458.0078,470.45898,467.77344
sample_258f733430c0090d,301.26953,308.8379,320.3125,330.32227,339.35547,344.9707,353.27148,361.32812,370.8496,373.04688,382.08008,385.2539
sample_123c825a6b630e9e,348.38867,357.66602,359.61914,367.43164,355.46875,367.43164,386.4746,384.0332,399.41406,411.1328,408.93555,411.1328
sample_ac797d4a3d55825e,422.85156,421.38672,423.0957,421.14258,410.4004,434.81445,432.37305,422.60742,446.28906,458.0078,438.23242,442.62695
sample_f366ebfe402e459f,371.3379,373.7793,367.1875,364.01367,359.86328,369.14062,369.87305,370.8496,381.10352,384.27734,378.90625,386.9629
sample_7892099e0f838c55,432.37305,426.0254,411.86523,416.25977,405.76172,400.14648,392.57812,391.60156,386.9629,387.20703,384.76562,377.19727
sample_9a6caef8a292d7ff,546.3867,553.71094,546.3867,532.71484,511.23047,502.4414,494.87305,482.17773,458.4961,450.1953,426.0254,419.18945
sample_a833807190d91de7,333.98438,345.45898,353.51562,359.13086,364.7461,360.10742,371.09375,367.43164,371.3379,375.0,377.4414,372.0703
sample_185e90e1b74d1d8e,437.5,429.93164,433.8379,429.44336,415.03906,431.88477,428.4668,437.74414,444.33594,448.73047,455.81055,452.14844
sample_95bef81cc759e0c4,397.2168,406.00586,408.6914,399.90234,388.42773,422.11914,416.25977,436.76758,456.29883,475.09766,486.08398,480.46875
sample_c1e85d760a5a250a,332.03125,342.04102,350.83008,356.68945,362.06055,356.20117,369.14062,364.7461,369.38477,371.09375,376.70898,374.02344
sample_be78d18cc91a3a9e,458.98438,453.85742,450.92773,447.26562,426.26953,420.89844,414.0625,410.15625,403.8086,403.8086,397.94922,379.8828
sample_3338b9101c9c74e3,470.70312,459.96094,452.39258,439.9414,434.5703,422.85156,414.55078,403.3203,403.56445,394.04297,403.07617,385.00977
sample_7bfe83a2cc70b36c,386.4746,391.35742,395.01953,397.94922,391.11328,379.39453,389.4043,380.12695,382.32422,382.8125,383.30078,380.12695
sample_d167348554f5471e,626.46484,619.1406,598.14453,611.8164,584.96094,572.2656,573.2422,562.0117,547.3633,552.2461,522.9492,512.20703
sample_577f4ae887d29168,691.89453,648.9258,621.09375,611.3281,560.0586,539.0625,514.64844,492.43164,458.4961,442.8711,427.2461,394.04297
sample_53017a19ad113099,348.6328,350.09766,361.57227,373.53516,376.46484,381.10352,387.93945,389.89258,394.2871,395.5078,402.5879,401.12305
sample_c1f1ca90ba44eb6a,585.4492,583.9844,590.8203,584.96094,577.14844,570.3125,551.26953,542.96875,533.2031,511.23047,506.83594,501.95312
sample_bcc7c5ccfc0148cc,326.66016,336.66992,330.81055,340.33203,340.0879,356.20117,361.08398,383.30078,388.67188,405.76172,419.18945,412.10938
sample_cbc5b2e481e2cbb8,385.00977,384.27734,383.54492,388.42773,381.83594,382.32422,377.68555,373.7793,378.6621,383.78906,375.48828,373.29102
sample_4f2ea21de5cc10e9,363.76953,361.08398,359.61914,374.26758,359.375,361.32812,365.72266,371.82617,370.60547,376.46484,366.45508,367.1875
sample_cc5eed2a4839bf80,419.92188,426.7578,418.70117,430.41992,408.6914,414.55078,415.03906,414.30664,424.3164,424.3164,413.08594,410.15625
sample_a9d015e738b93468,547.85156,557.6172,569.33594,594.2383,599.1211,577.14844,596.1914,595.21484,591.3086,584.47266,588.8672,572.7539
sample_4c04fe400abe409b,415.03906,400.63477,404.05273,395.5078,383.30078,414.55078,399.90234,424.3164,441.40625,450.6836,484.375,488.5254
sample_d2c85ad0c10e641c,498.53516,495.60547,471.43555,467.5293,449.70703,442.62695,409.42383,425.04883,406.73828,406.73828,408.6914,392.82227
sample_a703badef0896e21,471.6797,467.77344,457.2754,447.7539,437.01172,421.38672,421.14258,405.51758,399.6582,397.46094,386.9629,386.23047
sample_580c0c5cc02df7d3,370.36133,370.1172,366.69922,380.12695,369.87305,365.9668,370.36133,379.1504,374.51172,378.41797,374.75586,373.04688
sample_09463368b15d29df,307.1289,321.04492,326.41602,328.85742,337.1582,337.64648,359.375,367.91992,374.02344,385.7422,399.41406,390.625
sample_b7f8ee02ad176a07,367.67578,373.04688,361.08398,358.1543,350.83008,349.60938,346.43555,354.73633,351.80664,355.95703,354.4922,360.10742
sample_e086ccac3b42e242,417.96875,414.79492,420.6543,421.14258,407.71484,427.73438,427.49023,415.77148,437.01172,445.80078,429.6875,429.44336
sample_432062ee747b67b0,430.41992,427.73438,410.4004,419.67773,409.1797,413.57422,423.58398,418.70117,427.49023,438.96484,439.9414,447.99805
sample_e52491f5b7443a51,391.11328,392.33398,389.4043,380.85938,366.45508,362.3047,366.21094,361.57227,365.72266,364.7461,362.06055,358.88672
sample_aa0205170e5bc96a,460.9375,455.5664,449.95117,440.4297,432.1289,421.63086,421.38672,406.49414,407.71484,397.94922,397.94922,393.5547
sample_8f719fbbfb4eb4d9,397.2168,398.4375,394.2871,396.72852,390.625,386.71875,389.89258,383.54492,383.78906,382.8125,390.38086,381.34766
sample_7c04944737a22f65,345.70312,348.87695,347.9004,350.09766,346.6797,348.6328,359.86328,364.7461,371.82617,376.95312,381.10352,381.10352
sample_441985d03a421f6e,365.23438,366.69922,360.10742,378.6621,378.90625,393.0664,392.82227,420.6543,419.4336,423.82812,443.60352,465.33203
sample_f388ab5aea59ea4f,508.78906,482.91016,465.57617,461.91406,438.7207,443.35938,413.81836,438.96484,418.2129,416.9922,427.97852,440.91797
sample_952cf4fee3d13ea7,330.5664,354.0039,352.29492,372.5586,373.04688,379.1504,396.97266,395.9961,415.03906,432.1289,423.33984,423.0957
sample_552461cfa52bb154,601.5625,592.28516,587.8906,589.35547,574.70703,586.91406,572.2656,583.4961,598.6328,606.4453,607.91016,617.6758
sample_87a6ae36be10d748,542.96875,537.1094,503.41797,512.20703,488.5254,486.32812,483.64258,468.99414,477.53906,488.28125,476.31836,488.28125
sample_70fdd372dfb09700,358.88672,364.7461,382.32422,389.4043,385.00977,391.11328,393.0664,392.33398,408.20312,411.1328,399.90234,389.4043
sample_eba74674c70bc28e,320.80078,326.9043,331.54297,337.89062,354.4922,364.7461,379.1504,388.1836,395.01953,403.3203,417.23633,425.78125
sample_d7c0f7f9befcc3c5,426.26953,422.60742,422.85156,423.82812,404.29688,403.8086,398.68164,397.70508,395.5078,396.97266,391.8457,375.0
sample_5c72a5b97c3c72b6,400.39062,398.68164,406.98242,416.01562,424.56055,434.08203,435.54688,448.2422,443.35938,447.7539,456.0547,461.91406
sample_2a78b8d6db2c3bf9,553.71094,534.1797,518.0664,506.34766,484.61914,464.11133,445.3125,424.56055,416.01562,404.29688,397.2168,387.45117
sample_5409aef1334cbab4,368.16406,371.82617,375.97656,369.14062,360.5957,354.73633,367.43164,362.79297,367.43164,368.16406,367.67578,361.57227
sample_8f3fc6ae465db9f7,398.4375,413.81836,432.6172,484.61914,495.1172,512.20703,537.59766,548.33984,557.1289,576.1719,568.3594,561.52344
sample_3d143561647b56ea,406.00586,400.39062,390.625,389.89258,371.58203,383.30078,358.39844,388.1836,376.46484,380.3711,396.97266,389.89258
sample_6dd569fc00896435,459.47266,467.77344,464.11133,476.80664,487.06055,510.7422,503.41797,530.27344,550.78125,564.9414,575.6836,594.72656
sample_50d6a8b849bea319,332.2754,334.22852,348.6328,362.06055,369.87305,380.12695,389.4043,397.46094,400.14648,406.25,411.37695,418.2129
sample_e4b14390a631a02e,416.9922,433.10547,454.58984,462.64648,473.6328,469.9707,477.7832,477.53906,476.31836,477.53906,471.43555,452.63672
sample_b52e54daabfeffa9,438.96484,432.6172,448.2422,456.0547,439.9414,434.32617,447.99805,437.01172,440.91797,443.35938,437.01172,416.74805
sample_59f6dea3cba0ebc1,608.39844,594.72656,562.0117,548.33984,506.83594,492.91992,480.7129,462.40234,439.9414,438.96484,409.9121,401.3672
sample_317ff04b207aa53d,364.99023,364.2578,365.72266,372.80273,364.99023,365.72266,364.50195,367.43164,366.21094,371.09375,368.4082,366.45508
sample_e6fd39edff16a250,450.6836,452.39258,450.92773,443.11523,431.64062,417.23633,422.85156,412.35352,409.9121,402.83203,409.1797,397.70508
sample_1570f6066b5f8930,406.73828,408.93555,413.57422,410.64453,401.61133,390.625,394.04297,397.46094,385.49805,380.3711,390.625,380.12695
sample_0117adff8598e079,412.10938,411.86523,408.93555,400.14648,400.14648,393.0664,383.78906,382.08008,381.83594,379.39453,377.68555,369.87305
sample_ec9ca320e737e600,670.41016,677.2461,672.85156,647.9492,649.41406,660.64453,640.1367,652.83203,643.0664,651.3672,634.7656,604.98047
sample_bc925424b9053bd8,393.5547,411.86523,415.77148,414.30664,407.95898,422.36328,416.25977,429.19922,425.78125,432.6172,426.26953,438.23242
sample_b189a8d21b4d8992,341.79688,342.04102,351.31836,358.1543,363.76953,369.6289,372.0703,379.39453,382.8125,388.1836,396.24023,395.26367
sample_cbb02267494e2ebc,321.77734,333.0078,337.1582,348.87695,346.92383,341.55273,361.08398,362.3047,366.21094,376.46484,377.4414,374.51172
sample_805a2fa8ebc508e4,447.26562,444.82422,438.7207,438.47656,425.78125,422.11914,426.51367,418.70117,417.96875,412.59766,415.03906,406.73828
sample_f2fbe0537d9bdfb4,411.6211,411.37695,398.4375,398.19336,400.39062,396.97266,383.05664,391.35742,395.9961,391.60156,389.89258,384.76562
sample_657105f64fe32247,313.96484,321.28906,334.7168,345.21484,350.58594,350.83008,363.5254,361.8164,368.16406,369.6289,377.4414,377.19727
sample_837f7a5589ab32e0,543.45703,542.48047,544.4336,539.0625,517.08984,508.30078,506.34766,502.4414,485.83984,482.42188,477.53906,461.66992
sample_3d7ece1bbecb2b5f,317.13867,317.62695,322.26562,328.85742,326.9043,328.61328,346.92383,354.24805,354.73633,367.67578,377.19727,375.24414
sample_25223a5593072d0f,426.7578,436.52344,445.80078,452.63672,435.0586,435.79102,430.66406,427.00195,425.78125,424.3164,408.6914,410.64453
sample_62a5f3cab857cfe2,336.42578,343.99414,346.1914,348.38867,353.51562,354.4922,360.10742,363.76953,373.7793,378.41797,382.8125,387.45117
sample_eda562c01a689d20,394.2871,398.4375,395.26367,397.70508,400.14648,399.90234,404.29688,404.05273,407.71484,410.64453,414.0625,420.16602
sample_4dc8c963cb8606de,396.97266,388.91602,386.9629,378.41797,362.79297,367.67578,357.42188,361.08398,364.99023,364.7461,368.16406,367.43164
sample_6c15b0a20c23ea3b,327.14844,333.0078,341.3086,352.05078,354.0039,354.24805,362.79297,367.91992,370.60547,376.95312,384.76562,388.42773
sample_c19aba32c5f92358,448.73047,449.4629,430.17578,429.44336,421.38672,413.33008,409.66797,409.9121,408.93555,412.59766,405.0293,419.92188
sample_ab6be72e02c4ff50,483.39844,470.70312,455.81055,432.86133,407.4707,431.64062,406.73828,418.70117,416.01562,425.78125,421.38672,416.5039
sample_198309b96ea70c0f,494.14062,480.95703,468.26172,471.43555,431.39648,428.71094,407.4707,401.61133,397.2168,389.16016,374.75586,374.26758
sample_69013b5d956a398f,308.10547,327.63672,353.51562,383.05664,386.9629,396.24023,437.25586,437.98828,447.02148,471.1914,455.81055,448.9746
sample_4668b6eab182da1c,385.49805,389.16016,390.625,396.24023,398.68164,396.24023,404.54102,399.90234,406.25,399.90234,410.4004,408.6914
sample_573c9dfaf0497581,482.42188,466.79688,457.76367,451.41602,436.2793,436.03516,433.59375,425.5371,434.08203,437.5,456.29883,458.4961
sample_d8a723ac7e1a33f5,302.00195,308.3496,310.79102,327.14844,320.3125,339.35547,349.36523,359.61914,370.36133,386.71875,388.42773,382.08008
sample_d9359c4ce4bcaca3,380.12695,389.89258,378.41797,370.8496,372.5586,372.0703,374.75586,372.80273,388.1836,389.64844,379.8828,387.6953
sample_57ef4f4da1f27393,539.0625,525.3906,510.7422,498.29102,484.375,459.47266,448.9746,430.41992,422.85156,410.64453,400.14648,395.5078
sample_377daa56011fcf8a,471.1914,466.79688,470.45898,479.24805,453.125,455.07812,476.07422,456.54297,457.2754,463.3789,448.48633,431.39648
sample_725388546151d528,518.0664,496.09375,482.91016,482.17773,458.74023,446.28906,435.30273,436.52344,418.9453,422.36328,409.42383,396.48438
sample_2f1ffb2a8a5dc4f5,328.85742,339.5996,350.58594,354.98047,358.1543,352.53906,365.23438,360.10742,364.7461,368.65234,370.60547,365.47852
sample_37f005a83e22e760,477.05078,480.95703,491.94336,488.0371,483.64258,470.45898,472.9004,471.92383,462.89062,458.4961,458.74023,449.21875
sample_e984469e50095ddb,430.9082,433.8379,422.11914,436.2793,449.21875,459.22852,469.48242,465.0879,501.46484,517.08984,533.2031,554.1992
sample_4235aa7c3e3b2b8e,388.1836,384.52148,382.08008,364.50195,352.7832,357.91016,359.86328,357.66602,363.28125,365.72266,374.51172,370.1172
sample_5d7c603184898c81,341.55273,347.4121,345.94727,346.43555,346.43555,341.79688,349.60938,351.07422,351.5625,363.28125,359.375,354.4922
sample_e8acf05ee15f0457,363.0371,363.28125,379.63867,378.6621,406.73828,441.89453,448.9746,474.60938,493.4082,520.01953,542.48047,561.03516
sample_9e20cbb59cd91dc1,389.64844,404.05273,416.01562,426.0254,435.0586,470.45898,474.85352,500.48828,501.95312,520.5078,522.46094,529.78516
sample_8f128ebd2cb7c5dc,319.82422,326.41602,339.84375,352.7832,339.5996,372.0703,379.1504,401.85547,418.9453,437.01172,460.9375,455.32227
sample_be38829a55ee5698,369.14062,361.8164,358.64258,358.64258,347.65625,360.10742,352.53906,358.1543,369.6289,369.6289,371.58203,372.5586
sample_0c640fa1d7f7b9ff,411.37695,414.55078,427.97852,440.18555,421.63086,423.33984,413.57422,407.71484,417.23633,409.66797,399.16992,394.7754
sample_70c2fc7969f60f1b,407.71484,406.98242,391.8457,383.30078,373.29102,369.87305,362.3047,365.9668,362.3047,364.7461,359.375,362.79297
sample_a48c82d18415f6db,394.04297,416.25977,419.18945,411.6211,428.22266,459.47266,471.6797,480.46875,501.46484,518.5547,517.5781,516.60156
sample_11fb25fd2abf05d1,360.35156,366.94336,374.51172,380.12695,384.76562,379.8828,385.49805,381.5918,386.23047,388.1836,389.89258,391.35742
sample_db270e1ecfb524ea,526.85547,511.23047,496.82617,488.5254,480.46875,467.77344,460.69336,454.10156,446.77734,434.08203,435.79102,444.82422
sample_845d3768e5de10b4,415.52734,413.33008,410.64453,407.4707,399.16992,393.5547,389.4043,383.30078,382.8125,378.41797,382.56836,375.73242
sample_4bbe33875800b890,488.76953,479.0039,472.4121,468.26172,441.1621,434.81445,425.78125,419.4336,410.64453,411.6211,398.92578,381.10352
sample_e7c90875358de065,357.66602,359.13086,384.27734,387.93945,395.5078,392.08984,411.6211,403.8086,408.20312,412.59766,407.22656,405.27344
sample_706d58b8d5c5da47,388.1836,385.98633,391.11328,389.89258,365.9668,383.30078,372.80273,380.85938,384.76562,392.57812,391.60156,384.0332
sample_b744028a2d45869e,403.8086,407.4707,408.20312,434.32617,418.2129,411.1328,429.44336,421.63086,424.3164,433.10547,416.9922,414.55078
sample_ad389ea0deb521fe,458.0078,458.4961,479.73633,492.91992,490.9668,489.2578,497.80273,495.36133,492.67578,480.46875,471.6797,466.3086
sample_0d5d9d0beb541471,413.33008,416.01562,410.4004,406.98242,409.42383,391.60156,386.4746,379.39453,379.1504,380.3711,369.14062,358.1543
sample_c6516d6be3104972,331.7871,339.5996,345.45898,350.58594,355.95703,355.95703,361.57227,361.8164,369.38477,371.58203,379.1504,379.1504
sample_41d7ddeff130863a,470.21484,455.81055,461.66992,469.9707,451.66016,447.99805,452.14844,444.0918,437.98828,439.9414,433.59375,415.03906
sample_bbcffd8f6aba6d14,293.2129,304.6875,303.71094,322.26562,302.49023,318.11523,324.4629,329.83398,349.36523,363.28125,359.375,364.50195
sample_8c4442013ec4b4f3,364.2578,368.16406,361.57227,366.94336,364.2578,362.3047,375.73242,373.29102,377.9297,386.71875,384.52148,385.98633
sample_7cda695a0cca46fb,316.6504,323.9746,329.58984,336.42578,343.01758,342.77344,351.31836,355.7129,354.24805,370.1172,366.21094,373.04688
sample_958796981e4a123b,307.1289,317.62695,330.32227,342.77344,349.1211,346.92383,362.54883,359.61914,365.72266,368.65234,376.46484,375.48828
sample_260092eed1f4d1a5,550.78125,537.59766,514.64844,504.8828,498.53516,483.64258,469.48242,462.89062,458.98438,443.35938,443.84766,454.3457
sample_b76d9590a300c037,362.3047,368.16406,365.72266,368.65234,380.12695,389.89258,396.72852,398.68164,403.8086,409.66797,411.1328,412.59766
sample_f1673c7a29f4feec,400.14648,396.24023,396.48438,405.0293,386.4746,382.56836,382.56836,374.75586,380.85938,378.41797,365.9668,362.06055
sample_53b9f6f6279d7338,404.29688,406.49414,406.49414,404.05273,393.79883,395.01953,401.85547,402.0996,394.7754,398.4375,389.4043,391.35742
sample_ad5bef6675adf430,315.67383,311.76758,323.48633,317.8711,336.66992,360.35156,368.89648,402.0996,407.22656,427.73438,471.92383,478.02734
sample_1c3df7365a7c963f,318.84766,324.70703,323.2422,330.81055,328.125,340.8203,336.18164,361.57227,356.9336,368.16406,393.5547,393.0664
sample_df562b833fd8d257,476.5625,482.91016,477.29492,482.17773,478.02734,496.58203,486.08398,509.27734,526.3672,539.5508,551.7578,564.9414
sample_0915cc2019355842,315.18555,326.17188,344.23828,355.2246,353.51562,350.3418,357.66602,356.68945,361.08398,369.14062,371.09375,367.67578
sample_a69f22bced4eb9f0,372.0703,369.14062,361.8164,358.88672,346.1914,360.83984,344.9707,375.73242,368.89648,377.4414,406.73828,402.0996
sample_3ffe7b9a5244d865,469.72656,458.25195,476.80664,492.91992,475.83008,493.89648,506.83594,497.31445,512.6953,524.90234,494.14062,475.83008
sample_3fcfd2bbcabf2252,429.19922,445.06836,463.8672,486.57227,522.9492,531.25,562.0117,573.2422,593.75,614.2578,621.09375,632.8125
sample_b776f9d0560c0864,420.41016,419.67773,418.2129,412.10938,407.95898,396.72852,401.3672,389.89258,388.91602,383.30078,384.0332,378.17383
sample_d18cb40b8427b18e,510.2539,488.76953,474.1211,473.38867,449.70703,439.20898,425.04883,425.5371,410.64453,414.0625,402.83203,390.38086
sample_87f9f161f1ca74df,378.90625,378.17383,379.8828,383.78906,376.95312,378.17383,376.2207,372.31445,378.17383,383.30078,375.24414,375.24414
sample_f2ff8e78b4d826fa,396.48438,395.01953,395.26367,400.14648,403.3203,419.4336,419.18945,438.23242,427.73438,437.01172,443.11523,454.3457
sample_e9a4f6e73625ca78,307.86133,319.82422,332.03125,341.3086,347.65625,344.9707,356.20117,354.24805,363.28125,368.65234,371.82617,371.82617
sample_f89b0821e7bb2ba8,589.84375,573.73047,553.22266,560.0586,521.4844,503.90625,482.91016,464.84375,447.99805,429.6875,417.7246,405.27344
sample_8d75da0b19d1e658,314.9414,327.88086,325.1953,349.85352,353.02734,352.53906,381.10352,384.52148,387.6953,403.3203,410.15625,415.2832
sample_7665881123da6fbc,395.9961,395.26367,399.41406,397.2168,394.7754,391.11328,393.31055,391.8457,396.97266,389.16016,401.12305,388.67188
sample_2c0593a6e7a08855,388.67188,389.89258,380.61523,378.6621,363.76953,372.80273,367.43164,370.1172,373.53516,379.39453,372.31445,374.26758
sample_46a7d0f89db0e98a,539.0625,536.6211,525.8789,515.1367,492.67578,484.13086,468.01758,458.4961,442.13867,432.6172,417.23633,405.0293
sample_8f78daee4e0ae1e1,485.83984,493.16406,493.4082,511.23047,514.64844,511.71875,523.4375,514.64844,515.625,513.6719,501.46484,508.78906
sample_0151a39b492bf0f0,457.51953,447.99805,457.03125,474.36523,479.4922,476.5625,472.16797,489.2578,484.13086,490.72266,485.5957,513.6719
sample_620964a8815814a4,465.8203,463.8672,464.35547,460.9375,443.11523,433.10547,438.96484,429.19922,423.33984,413.08594,422.60742,416.01562
sample_36b24db32b8e8687,352.53906,361.8164,385.7422,387.45117,403.56445,402.0996,416.25977,409.66797,414.55078,415.03906,411.6211,412.59766
sample_768f937fbf9b6064,368.16406,369.14062,363.5254,361.57227,353.02734,346.43555,354.98047,352.53906,358.39844,359.375,359.86328,360.83984
sample_8328406585c29923,322.7539,324.4629,341.06445,346.43555,353.51562,353.02734,361.08398,362.54883,363.28125,364.2578,379.1504,366.21094
sample_b187541e962083c0,391.60156,386.9629,379.8828,391.11328,367.67578,384.76562,371.82617,399.41406,395.5078,399.41406,416.9922,410.4004
sample_e4abdee3cb23e13c,380.3711,379.39453,380.85938,387.93945,379.39453,377.68555,381.83594,379.39453,376.70898,376.95312,388.91602,378.17383
sample_78b755e12df700c9,439.45312,425.78125,414.79492,408.6914,392.57812,392.33398,384.76562,380.3711,375.0,386.23047,369.6289,358.88672
sample_3189bb42b1dc1a1e,362.79297,364.50195,362.3047,365.72266,363.76953,357.91016,368.65234,371.58203,366.21094,368.16406,365.72266,368.65234
sample_7c6224c88dd0ed70,351.80664,360.10742,367.43164,370.60547,375.48828,369.6289,381.10352,374.75586,378.6621,377.4414,384.52148,381.34766
sample_f3d4458bc0c78c7a,365.72266,362.3047,352.53906,357.66602,333.98438,361.32812,344.72656,374.75586,378.17383,385.2539,409.1797,401.12305
sample_9fd262ddb50ed4db,300.04883,311.76758,326.66016,336.91406,344.72656,344.23828,358.64258,359.61914,364.99023,368.65234,376.70898,375.97656
sample_f36f8440ec488272,390.13672,389.4043,375.97656,393.5547,378.90625,391.11328,390.38086,416.01562,408.20312,422.36328,436.76758,457.2754
sample_d6b21cf10569f6cd,400.39062,403.8086,396.97266,380.61523,367.67578,399.90234,386.23047,409.42383,424.8047,440.91797,454.3457,448.2422
sample_70349d47ebb89796,452.63672,457.51953,439.9414,434.5703,427.2461,411.6211,402.5879,393.0664,392.57812,390.625,377.4414,366.45508
sample_b4b344524898d8ea,430.66406,429.6875,425.78125,420.6543,410.88867,399.6582,398.68164,386.23047,387.6953,383.30078,377.68555,374.51172
sample_3f0a9aa8f093eda5,334.96094,335.44922,334.7168,340.8203,339.84375,336.18164,357.91016,358.1543,361.32812,371.58203,377.9297,378.90625
sample_70b4b25066b838a5,325.1953,335.20508,348.38867,355.95703,357.17773,351.5625,363.76953,361.32812,368.89648,368.16406,376.2207,374.02344
sample_1d3d677b388b32de,378.90625,378.17383,385.2539,390.625,389.16016,388.1836,389.16016,386.4746,391.8457,394.53125,393.31055,395.01953
sample_0a937fa947e2addb,491.21094,478.51562,461.18164,437.25586,413.81836,431.88477,409.1797,418.70117,410.15625,418.45703,413.08594,410.15625
sample_8a71935fbab64d21,466.3086,453.85742,442.13867,422.85156,405.27344,397.2168,389.4043,391.35742,374.51172,372.5586,367.91992,368.89648
sample_b9f3318720a496dc,355.7129,356.4453,363.76953,372.31445,363.5254,363.76953,379.1504,378.41797,376.46484,385.7422,388.91602,373.29102
sample_cb841937b7699d4f,373.29102,376.70898,377.4414,352.29492,350.3418,367.67578,350.83008,374.26758,376.95312,383.30078,400.14648,395.75195
sample_a3f7c7635cd34c3b,375.48828,365.23438,375.48828,381.5918,358.39844,386.71875,380.61523,373.7793,414.55078,417.48047,409.66797,409.9121
sample_bea3f3d8517c8aa0,380.85938,387.93945,388.67188,399.16992,390.38086,398.4375,423.0957,416.25977,427.49023,432.1289,430.66406,426.26953
sample_173d683a1bb1643e,416.5039,410.15625,415.2832,417.48047,399.6582,406.00586,413.57422,410.88867,416.9922,418.45703,410.88867,410.4004
sample_e740a0b9c961ff23,460.44922,463.62305,441.40625,437.25586,432.6172,418.2129,405.51758,398.92578,394.04297,393.0664,380.85938,367.91992
sample_3e5bd85fe66b6f24,599.1211,585.4492,583.0078,571.77734,534.1797,522.46094,502.9297,490.72266,461.91406,450.6836,426.0254,419.92188
sample_711166bdf5386b2d,371.58203,393.31055,415.2832,467.5293,486.32812,495.1172,514.64844,531.7383,542.96875,556.15234,559.5703,550.78125
sample_a221f312af6a2fe3,528.3203,506.34766,488.5254,472.4121,444.33594,426.51367,403.56445,398.19336,377.19727,368.65234,364.99023,360.5957
sample_bf23af59c6d28ace,344.72656,354.4922,359.61914,362.54883,368.16406,365.23438,374.26758,375.73242,379.1504,382.32422,385.00977,383.54492
sample_b925a028a4d14995,366.45508,369.38477,365.23438,360.35156,358.64258,350.3418,363.0371,359.13086,363.76953,369.14062,368.65234,368.65234
sample_a765f49e870ca370,438.96484,433.3496,421.38672,413.33008,389.16016,409.66797,380.12695,392.33398,398.4375,398.4375,397.94922,387.45117
sample_4c538e6cf1b2974e,403.07617,422.60742,434.32617,474.85352,497.5586,511.71875,527.83203,545.89844,556.15234,578.125,573.73047,575.6836
sample_aad310fc66b072e2,456.54297,464.5996,469.48242,468.50586,465.57617,476.07422,473.87695,477.29492,485.83984,469.23828,482.91016,489.50195
sample_9c72c12362d04847,365.72266,394.53125,414.0625,432.6172,438.47656,451.17188,471.92383,477.53906,480.7129,491.21094,484.375,478.51562
sample_3838e4feff2f1bf4,376.46484,385.7422,396.24023,396.48438,412.10938,405.27344,414.30664,407.4707,409.66797,410.15625,399.41406,411.37695
sample_3013232700a0503a,317.8711,322.50977,323.48633,339.11133,339.35547,333.74023,357.42188,362.54883,362.3047,375.0,383.54492,380.85938
sample_d15633811a15d3ec,426.26953,416.25977,412.59766,389.89258,387.6953,398.92578,385.00977,408.44727,401.3672,401.3672,430.66406,431.15234
sample_655a511c1d034921,458.0078,464.5996,477.29492,464.11133,464.35547,463.3789,461.66992,464.84375,445.80078,443.84766,441.40625,436.2793
sample_4234cafa1e6ea08c,402.0996,404.29688,420.16602,423.0957,419.4336,417.96875,430.41992,420.6543,430.41992,424.3164,426.51367,416.9922
sample_e9d7d09a0f1155b0,406.25,426.26953,447.02148,494.87305,500.48828,498.04688,523.4375,523.9258,532.22656,544.4336,538.08594,519.04297
sample_e8ba36a46aa9a12a,452.63672,452.63672,446.28906,439.45312,421.875,414.0625,414.30664,408.6914,399.90234,400.39062,399.16992,380.3711
sample_5b7471d51275bfea,449.21875,453.36914,450.43945,443.60352,443.35938,427.2461,429.6875,421.63086,416.25977,410.64453,405.27344,401.3672
sample_380036c2d6cf2e7f,637.6953,609.8633,575.6836,568.84766,518.5547,499.51172,477.29492,464.11133,430.66406,423.33984,404.29688,387.45117
sample_1a2482cdda1679ef,329.10156,338.13477,332.51953,331.29883,329.10156,343.75,346.43555,354.24805,369.14062,375.48828,373.29102,381.10352
sample_cce3b3bd5f45773d,358.64258,361.57227,365.47852,374.51172,377.4414,382.08008,383.78906,389.4043,393.5547,393.5547,401.61133,407.71484
sample_085c49697f78ee82,408.6914,393.79883,379.63867,376.70898,348.14453,361.57227,333.25195,355.2246,345.21484,348.6328,355.46875,355.2246
sample_a28a61f1af16684c,318.84766,322.02148,334.47266,333.4961,330.5664,322.26562,335.20508,335.20508,341.55273,344.23828,345.70312,337.89062
sample_f9e6da9a309edbda,355.46875,368.16406,379.8828,395.26367,435.54688,431.88477,448.73047,451.9043,469.72656,486.32812,475.83008,497.0703
sample_ebfe05d202c082a0,474.1211,462.1582,443.84766,435.30273,414.79492,407.71484,388.91602,386.23047,376.46484,370.60547,366.45508,368.16406
sample_ffd9a4ca180c8eb6,427.2461,424.8047,418.2129,423.0957,409.9121,409.1797,410.4004,403.8086,401.3672,397.46094,395.26367,388.67188
sample_7cc14d3101badb48,407.71484,406.00586,410.64453,417.23633,406.25,389.16016,385.2539,374.26758,380.3711,376.95312,372.31445,370.8496
sample_c91a66114fc87c1a,411.6211,409.66797,405.51758,406.25,393.31055,394.04297,395.26367,393.79883,391.11328,398.92578,389.4043,391.35742
sample_1a46d3213e28e4fa,319.33594,328.125,340.57617,344.9707,349.60938,349.60938,356.9336,357.42188,364.99023,369.6289,372.31445,368.65234
sample_d24bfd7c84dd764d,500.0,498.04688,503.41797,492.91992,478.02734,466.55273,464.84375,463.13477,449.95117,440.91797,446.28906,437.98828
sample_7362d520a9d06981,384.76562,389.16016,387.45117,393.31055,399.16992,397.2168,401.85547,403.07617,407.95898,409.1797,415.03906,420.41016
sample_db184ad53ecc678b,375.48828,383.05664,380.12695,389.64844,389.64844,381.34766,384.0332,384.52148,390.38086,389.64844,390.86914,396.97266
sample_a64acba9f58b69c6,465.33203,460.9375,458.25195,455.07812,447.50977,440.91797,445.06836,432.1289,437.98828,433.10547,429.19922,407.71484
sample_b31dcf5e37f5796f,491.69922,498.04688,513.6719,534.1797,549.8047,540.03906,536.1328,546.875,528.3203,522.9492,530.27344,547.85156
sample_ea3783e6710afa29,622.5586,623.0469,615.72266,614.7461,596.6797,580.5664,582.51953,571.77734,544.9219,537.1094,514.64844,490.9668
sample_9ca5bc2117591b35,537.1094,520.9961,520.9961,524.90234,510.2539,490.9668,486.8164,466.3086,467.28516,447.26562,440.18555,433.8379
sample_6bc059817194ec80,389.16016,393.79883,394.7754,369.38477,377.19727,392.08984,385.98633,399.6582,395.01953,401.85547,407.95898,407.4707
sample_c752bc2acb216891,303.22266,307.37305,312.25586,315.67383,305.9082,324.70703,331.7871,334.7168,342.77344,352.05078,350.83008,352.29492
sample_1f3517506abe10c2,326.66016,333.74023,341.3086,348.87695,346.43555,343.50586,359.13086,368.16406,366.45508,372.0703,384.0332,381.83594
sample_31a69baf898cfc88,333.98438,347.9004,352.53906,367.1875,353.02734,370.36133,396.72852,397.2168,415.77148,434.08203,420.89844,421.38672
sample_7671eb38abbb7793,549.3164,551.26953,556.15234,540.52734,525.3906,517.08984,507.32422,497.31445,469.72656,462.40234,448.9746,447.99805
sample_71b4a8fb835d5096,494.6289,475.09766,471.6797,477.7832,455.32227,449.21875,446.5332,444.58008,431.64062,434.08203,425.04883,408.93555
sample_a56e9a2aed17fd9e,369.87305,357.42188,363.76953,350.58594,347.65625,376.95312,362.3047,397.70508,400.8789,409.1797,459.7168,456.7871
sample_461c2ce8b4b005ab,330.5664,330.81055,331.7871,333.4961,319.58008,328.61328,332.03125,342.5293,348.38867,352.53906,364.01367,358.88672
sample_9844435d70d7333a,344.23828,365.72266,375.24414,385.7422,402.5879,422.11914,439.45312,462.1582,484.61914,511.23047,540.03906,541.0156
sample_3227d9bc3a8bb2fd,456.54297,450.6836,448.73047,446.77734,431.39648,413.57422,413.33008,398.19336,392.82227,392.57812,380.61523,378.41797
sample_928bbb26733ba875,403.07617,403.8086,405.0293,400.63477,398.68164,391.8457,391.35742,382.56836,385.49805,380.3711,379.1504,374.51172
sample_6b6d381fb6a6f3e3,368.89648,384.0332,399.41406,397.94922,420.41016,450.92773,446.04492,459.7168,470.70312,472.65625,469.72656,484.61914
sample_1903ca2e9fa709a7,553.71094,553.71094,555.66406,542.48047,527.34375,518.5547,506.83594,496.3379,473.14453,463.3789,456.0547,455.5664
sample_1857e900ff3da5b8,492.67578,508.78906,522.9492,532.71484,570.3125,557.6172,582.51953,591.7969,600.09766,604.0039,626.46484,619.6289
sample_9169f85750544583,353.02734,348.87695,347.16797,345.70312,338.8672,351.31836,349.85352,354.98047,369.14062,369.6289,373.29102,375.97656
sample_09d8169d778769ab,538.5742,517.08984,513.1836,506.34766,480.46875,467.77344,463.8672,446.77734,430.17578,422.85156,408.44727,406.73828
sample_3ab3e539bbe1175a,421.14258,425.29297,420.41016,417.48047,414.30664,408.6914,418.45703,405.51758,410.4004,403.3203,404.05273,399.6582
sample_c51413263be07a29,308.59375,317.3828,332.2754,342.5293,346.6797,347.16797,360.10742,361.32812,366.69922,369.14062,377.19727,376.46484
sample_8d0d85773875a94d,381.34766,398.68164,418.45703,414.55078,426.0254,434.08203,438.7207,447.99805,437.25586,443.35938,442.3828,442.62695
sample_95cb8688f5d1d059,419.4336,421.14258,423.82812,419.18945,419.18945,418.45703,423.33984,415.52734,422.85156,413.57422,421.63086,407.4707
sample_def1a091d4c7e2b7,363.0371,373.04688,389.4043,381.83594,385.7422,419.18945,419.92188,445.06836,457.03125,482.42188,488.5254,490.72266
sample_3aab0d036a79b624,370.8496,368.16406,362.79297,373.04688,360.35156,362.06055,364.50195,371.58203,369.14062,375.0,364.2578,368.65234
sample_89dcfae40cb3d522,600.09766,577.6367,571.77734,562.0117,541.9922,525.3906,522.46094,500.48828,479.0039,462.89062,450.92773,443.60352
sample_10f7ebfecbf3e194,340.33203,336.18164,341.55273,343.99414,337.64648,328.125,339.5996,342.5293,340.8203,347.65625,346.92383,340.33203
sample_193896d59af9b603,385.49805,408.20312,429.44336,436.2793,451.66016,464.35547,475.83008,481.9336,499.75586,510.2539,517.5781,507.8125
sample_3f14aad686acc4a9,332.03125,339.11133,360.83984,375.97656,374.51172,394.53125,427.2461,433.8379,445.06836,470.21484,464.5996,463.3789
sample_0679fb1c19bdef81,336.42578,341.79688,348.87695,341.55273,346.6797,341.06445,358.1543,363.5254,363.5254,369.6289,376.2207,371.3379
sample_a5ed4a123f22f191,322.26562,329.3457,338.62305,342.04102,345.21484,345.94727,357.42188,373.29102,371.09375,378.41797,393.79883,392.08984
sample_4b2c0f43622dd83c,329.10156,336.66992,345.21484,354.24805,357.91016,354.0039,366.69922,365.23438,367.43164,374.51172,377.19727,379.8828
sample_a473dfd97f74f575,682.1289,644.53125,625.97656,618.16406,570.3125,551.26953,531.7383,511.23047,477.05078,462.89062,445.3125,409.66797
sample_a051833ce7eddc55,557.1289,556.6406,550.78125,548.33984,567.8711,585.4492,578.125,603.02734,610.83984,610.83984,623.53516,642.5781
sample_3da21470c2cbbde8,435.54688,433.8379,424.56055,416.74805,413.08594,419.18945,418.2129,431.88477,427.00195,425.78125,449.70703,459.96094
sample_796147ea395ede45,391.11328,393.0664,396.24023,395.9961,390.625,382.32422,389.89258,381.34766,381.34766,378.90625,381.10352,376.46484
sample_8cd0ad843c806233,412.8418,409.1797,413.81836,420.6543,408.44727,391.11328,388.91602,375.97656,381.5918,376.95312,373.7793,371.3379
sample_465e79db90b45a35,385.2539,386.23047,378.6621,372.80273,361.57227,369.38477,364.01367,368.4082,370.36133,375.97656,368.65234,371.82617
sample_97381f6d0cdadffe,491.21094,507.32422,520.01953,533.2031,566.40625,558.10547,579.58984,590.33203,592.28516,598.14453,614.2578,607.4219
sample_e707d69fac1fbd5f,569.33594,540.52734,514.64844,500.48828,461.66992,452.39258,424.3164,421.875,399.6582,394.53125,384.76562,378.41797
sample_3dfb86a44edd39a1,492.67578,470.21484,466.3086,461.66992,433.8379,421.14258,400.39062,403.07617,390.625,387.6953,375.48828,369.38477
sample_e35b46b49e308c70,380.61523,383.78906,388.1836,392.08984,388.1836,379.8828,383.54492,377.19727,384.27734,380.85938,384.52148,380.85938
sample_1408a0c0b296fc9d,450.6836,436.52344,428.22266,422.11914,400.63477,401.85547,383.30078,399.16992,385.98633,393.5547,393.31055,384.27734
sample_b5d039bcd2d73f60,405.76172,406.73828,409.42383,406.98242,403.3203,390.86914,391.8457,383.05664,381.83594,378.41797,377.19727,371.82617
sample_78c9c75abc565475,499.02344,482.91016,496.82617,503.90625,484.375,486.32812,477.7832,472.9004,480.46875,482.42188,456.54297,441.40625
sample_910add95a5388d57,459.47266,447.7539,435.30273,433.8379,415.2832,423.0957,408.20312,412.8418,408.6914,413.08594,404.29688,402.0996
sample_e71830e221cc6167,368.16406,394.04297,417.23633,427.2461,445.06836,458.98438,476.07422,483.64258,503.41797,519.04297,524.90234,515.1367
sample_137dc1534cbb7748,484.86328,483.39844,469.9707,483.1543,460.20508,458.4961,464.5996,455.32227,456.0547,459.96094,447.7539,447.7539
sample_f827a734cdc27423,458.4961,458.4961,456.7871,446.28906,435.0586,421.875,415.2832,405.51758,406.25,396.48438,403.8086,381.5918
sample_e332c3b662a389e9,362.54883,361.32812,379.8828,390.625,381.34766,396.24023,394.7754,393.79883,411.6211,414.55078,397.70508,387.93945
sample_22d1bfd8ae5e48e5,388.91602,379.1504,379.39453,384.27734,364.50195,380.12695,381.34766,382.8125,394.53125,400.8789,400.14648,397.2168
sample_5ac56df5d9012946,479.98047,471.1914,451.17188,448.9746,433.3496,425.5371,416.5039,414.79492,406.25,406.73828,400.63477,410.88867
sample_63ae23f103a0fe7f,400.39062,400.63477,395.5078,402.5879,391.11328,392.33398,391.35742,384.52148,383.05664,387.20703,384.0332,377.68555
sample_a73234f5765d94f4,354.4922,361.57227,371.58203,377.68555,374.26758,366.21094,375.24414,369.87305,376.46484,375.0,380.12695,378.41797
sample_53185b8eb8d6226c,354.73633,353.75977,352.53906,364.01367,358.39844,361.32812,365.23438,369.38477,376.46484,386.23047,379.8828,385.49805
sample_d3f90285661283c4,555.1758,567.3828,568.3594,575.6836,587.40234,569.33594,560.0586,565.4297,536.6211,526.3672,533.2031,546.3867
sample_0d942b90b1586d1a,385.00977,390.86914,393.79883,392.82227,394.04297,385.7422,392.08984,384.0332,389.4043,383.78906,390.38086,386.9629
sample_7c55997f76efee18,381.83594,386.23047,388.42773,398.19336,380.85938,387.20703,414.0625,409.42383,417.7246,430.17578,425.29297,424.56055
sample_1a59a003b8ca302a,522.46094,499.02344,469.9707,449.4629,425.5371,425.78125,390.86914,403.8086,390.86914,388.1836,386.9629,386.9629
sample_91bf410338d45c03,393.0664,392.08984,384.52148,388.91602,378.6621,381.5918,380.85938,384.27734,385.00977,389.64844,392.57812,403.8086
sample_85320bb76f363255,511.71875,502.9297,492.43164,471.43555,472.4121,487.79297,461.18164,469.48242,461.18164,459.96094,454.83398,460.20508
sample_d5cc3055857b8f55,537.59766,548.8281,550.29297,553.22266,549.3164,560.0586,559.08203,567.3828,547.3633,556.6406,530.27344,513.6719
sample_c6aa8081f57b2836,317.3828,315.4297,318.35938,336.91406,332.76367,346.6797,348.38867,365.47852,369.87305,380.85938,394.53125,385.2539
sample_ea6dee8fd4b28f5c,427.97852,425.5371,421.14258,412.59766,406.98242,395.75195,394.2871,382.56836,383.30078,383.78906,372.31445,369.38477
sample_1a52b6513a80263f,335.44922,344.23828,350.3418,353.75977,358.39844,355.95703,363.0371,361.57227,367.91992,371.09375,374.75586,374.02344
sample_29933eeb8d45a320,440.91797,459.47266,467.28516,487.06055,505.85938,525.8789,552.2461,541.5039,573.2422,601.5625,595.7031,601.5625
sample_241d9f52ef008883,710.9375,716.7969,699.70703,672.85156,701.1719,678.71094,653.3203,660.64453,671.3867,667.96875,683.59375,686.52344
sample_56027c3303f4959b,327.63672,335.9375,343.26172,344.48242,347.65625,358.88672,367.43164,367.43164,380.61523,388.1836,386.4746,379.39453
sample_7d19aba6e2859580,429.6875,425.78125,409.42383,403.07617,383.30078,385.49805,381.34766,378.6621,379.63867,383.30078,380.85938,387.45117
sample_91164e5e20f50535,314.20898,315.67383,326.9043,316.6504,320.06836,320.3125,337.40234,341.55273,346.92383,355.95703,364.7461,359.13086
sample_4ff7e88cb90df2cc,377.9297,377.19727,373.29102,373.04688,367.1875,373.53516,370.60547,372.5586,379.39453,380.85938,378.17383,381.5918
sample_e2dccfad0a225fe8,520.01953,506.34766,482.91016,481.20117,452.63672,446.77734,419.67773,420.89844,405.0293,405.27344,395.75195,406.25
sample_74995f8cb50a1667,346.1914,349.36523,350.09766,372.31445,355.2246,383.05664,386.23047,413.81836,424.07227,440.91797,465.33203,462.64648
sample_1c5f5c5bad26e4ec,354.98047,369.14062,385.49805,405.27344,390.38086,409.1797,433.3496,439.20898,453.61328,473.14453,468.01758,463.3789
sample_996700b2acd4dd32,411.1328,417.48047,420.89844,427.49023,426.51367,445.80078,445.06836,448.48633,449.21875,456.0547,449.4629,456.54297
sample_21045a9cdc73808f,386.71875,399.6582,414.55078,416.74805,425.29297,448.73047,473.87695,477.7832,484.86328,498.04688,487.06055,479.24805
sample_e4608236585a166c,675.29297,667.48047,674.8047,669.4336,695.3125,673.8281,658.6914,674.8047,678.71094,672.85156,677.2461,672.3633
sample_2425293ddca59e72,391.60156,396.24023,393.5547,406.00586,405.0293,400.39062,410.64453,415.2832,419.4336,420.41016,435.79102,437.5
sample_a47bf240b54c092c,375.48828,375.0,374.02344,374.75586,369.14062,371.82617,369.87305,370.1172,378.17383,377.9297,375.97656,376.2207
sample_47fff3c4de17cd68,385.7422,392.57812,397.46094,398.92578,394.04297,382.8125,388.42773,379.39453,389.16016,387.6953,388.67188,384.76562
sample_0ee55f30e12c9379,357.42188,365.72266,366.21094,368.16406,375.0,376.95312,384.0332,390.38086,396.24023,396.97266,405.76172,413.81836
sample_4d48d9f3999ac85e,344.23828,355.7129,378.90625,383.30078,400.39062,403.3203,418.2129,412.8418,419.92188,421.38672,416.25977,417.96875
sample_9923e0b1f2331830,385.49805,382.8125,365.9668,366.21094,349.60938,358.88672,359.86328,364.99023,371.3379,379.8828,375.73242,384.27734
sample_111c6d688be50e00,461.42578,450.92773,439.69727,445.06836,420.41016,415.03906,397.94922,402.34375,391.60156,389.64844,393.79883,394.04297
sample_aee13e4d7c94d02e,471.1914,471.6797,465.0879,494.38477,471.1914,466.55273,473.6328,463.62305,472.16797,479.0039,477.53906,456.54297
sample_f5ffb735b98c8042,429.6875,424.3164,419.4336,417.7246,395.26367,410.15625,389.4043,396.48438,405.51758,402.83203,405.0293,390.38086
sample_1621a93317dde216,522.9492,527.34375,539.0625,556.6406,575.1953,580.0781,580.0781,590.33203,599.1211,603.02734,600.58594,601.0742
sample_37b62d62d38d7dbc,373.7793,394.04297,407.22656,405.27344,423.82812,441.1621,461.91406,471.6797,483.1543,495.60547,498.7793,491.45508
sample_477c0f49c9aef8f0,378.90625,381.83594,378.17383,378.90625,373.29102,367.43164,375.0,371.82617,373.04688,371.58203,370.8496,371.82617
sample_56e9d8fc308c5577,409.1797,412.8418,409.1797,405.0293,406.25,395.9961,399.16992,388.42773,390.86914,385.7422,388.67188,383.54492
sample_fe412dc0ed2df321,365.23438,359.61914,365.23438,376.46484,368.89648,368.65234,371.58203,378.90625,371.82617,376.46484,385.2539,389.4043
sample_93a7cca71eb256e3,326.17188,321.5332,334.96094,307.37305,313.47656,343.26172,341.3086,375.0,377.9297,398.92578,423.33984,423.33984
sample_fdb25a4548a192de,304.19922,312.5,314.9414,323.48633,330.81055,345.94727,351.5625,359.375,363.28125,378.41797,376.70898,388.1836
sample_5053e6d4f37117e7,372.5586,369.14062,376.70898,381.83594,385.00977,389.89258,388.42773,392.33398,395.01953,399.41406,401.85547,401.12305
sample_a06ce02c329fb5b1,447.7539,452.63672,439.20898,443.11523,419.18945,432.6172,427.00195,436.2793,438.7207,454.10156,453.85742,452.63672
sample_a13897a718ac5cb9,683.59375,685.0586,684.5703,659.1797,656.25,663.5742,644.04297,654.78516,643.5547,647.9492,629.8828,597.65625
sample_3b1977cd111a3f48,329.10156,327.63672,336.66992,325.43945,327.88086,331.7871,339.5996,343.01758,353.51562,358.88672,368.4082,364.2578
sample_a0d38fe20dee563a,405.51758,385.7422,381.10352,384.76562,388.42773,390.13672,372.0703,393.31055,381.5918,386.23047,391.60156,412.59766
sample_6a953fd76f03437d,381.10352,395.26367,406.98242,441.1621,456.0547,447.99805,456.29883,455.81055,458.4961,454.10156,457.2754,460.69336
sample_00a541ac5038ef2b,379.1504,371.3379,377.9297,362.54883,360.10742,382.32422,368.16406,394.7754,397.94922,398.4375,437.74414,435.30273
sample_476b2c2a73948b6b,419.92188,408.44727,403.3203,378.41797,377.9297,395.5078,379.63867,407.4707,403.3203,404.78516,437.98828,439.69727
sample_a9761e54390f8ec7,408.20312,398.68164,388.91602,375.97656,373.7793,362.3047,342.5293,355.95703,350.3418,343.75,359.375,363.28125
sample_2e75b79047229b05,475.09766,464.5996,454.3457,433.3496,432.6172,442.62695,412.10938,424.8047,413.08594,407.71484,414.0625,416.9922
sample_2470f642bdce155e,313.47656,323.2422,335.9375,342.28516,350.09766,347.16797,360.35156,358.64258,366.45508,372.0703,375.73242,374.02344
sample_8b6ded36d0e8b949,582.51953,594.72656,588.3789,586.91406,596.6797,583.0078,568.84766,575.6836,541.5039,533.2031,537.1094,552.7344
sample_1fe770aa03685d02,372.5586,379.63867,386.4746,379.8828,388.1836,413.81836,408.20312,426.51367,425.29297,434.5703,441.40625,445.3125
sample_f8aed315ec97c4d6,387.20703,389.64844,386.9629,389.16016,376.95312,374.51172,383.30078,381.34766,376.2207,378.41797,376.46484,377.9297
sample_1de507cc557a1faa,569.33594,548.33984,524.41406,506.83594,475.83008,477.05078,445.3125,447.26562,446.77734,436.52344,438.96484,430.66406
sample_9e19009bb08ee95b,566.40625,542.96875,541.5039,531.7383,511.23047,494.6289,492.43164,472.4121,456.29883,443.35938,432.86133,427.00195
sample_9b6b34fe5e0551b1,547.3633,554.6875,549.8047,527.34375,512.6953,506.34766,497.0703,489.01367,460.20508,455.07812,435.54688,429.6875
sample_986c3ae5060fa7cb,603.5156,586.4258,580.5664,583.4961,564.9414,567.3828,563.96484,554.6875,542.96875,540.03906,529.2969,519.53125
sample_9583b46e12314ad5,388.91602,374.51172,373.29102,376.2207,378.41797,373.7793,365.9668,375.73242,364.2578,370.60547,372.31445,382.56836
sample_728cf35bc4f67afd,410.15625,401.3672,394.7754,374.75586,369.38477,389.16016,363.76953,383.05664,389.16016,393.0664,406.73828,399.16992
sample_095e079cbef71c8e,449.21875,447.7539,445.3125,435.0586,430.66406,416.9922,414.55078,402.0996,406.00586,392.57812,395.9961,388.1836
sample_dfb4805e55b75fdb,336.91406,345.70312,355.7129,360.10742,365.23438,359.375,369.38477,365.9668,371.09375,373.53516,377.68555,374.51172
sample_ba7cb9e46fb119aa,489.7461,467.28516,447.02148,432.1289,402.0996,399.90234,376.70898,371.3379,360.83984,359.375,346.1914,346.1914
sample_2af0fa1228acc6cd,442.8711,439.9414,433.3496,447.50977,427.00195,437.98828,447.99805,439.9414,467.28516,473.14453,472.9004,473.87695
sample_5b62fb6a47bfba13,384.0332,384.52148,402.0996,405.51758,403.07617,411.6211,429.19922,427.2461,435.54688,432.6172,432.86133,428.22266
sample_fce401998c782fcb,379.63867,394.2871,401.12305,424.56055,448.73047,460.9375,480.46875,501.46484,518.0664,539.5508,573.2422,576.1719
sample_0aa24ac03b71baa9,363.76953,383.78906,407.71484,399.16992,413.57422,433.3496,446.77734,461.18164,464.5996,482.91016,486.32812,480.46875
sample_718e767817e23a88,489.7461,478.02734,459.47266,459.47266,430.41992,432.6172,412.8418,416.25977,400.39062,406.25,396.24023,410.15625
sample_0aede13853e72d3f,611.3281,595.7031,591.7969,587.40234,561.03516,537.59766,529.2969,505.85938,479.4922,471.1914,452.39258,441.1621
sample_909dd3b04824c288,560.0586,544.4336,514.64844,504.39453,464.35547,455.5664,436.03516,422.36328,407.95898,407.22656,380.3711,381.83594
sample_d137749aa821125d,310.54688,328.85742,347.65625,344.9707,354.98047,378.6621,394.53125,414.55078,427.73438,449.21875,463.3789,457.2754
sample_1a3394ae4a7931e4,439.9414,441.89453,435.79102,430.41992,416.01562,430.9082,438.23242,433.3496,442.8711,454.10156,445.80078,453.125
sample_d1dcf3d7fdb3b4f6,362.06055,364.2578,364.2578,373.7793,368.65234,375.48828,376.70898,382.08008,380.85938,390.13672,402.0996,389.64844
sample_512d763e81569ade,429.6875,429.44336,427.49023,422.60742,415.52734,402.0996,403.07617,393.79883,394.7754,386.23047,387.20703,386.23047
sample_06741388dc40b835,362.06055,370.60547,369.38477,382.08008,360.35156,375.0,379.1504,379.39453,397.46094,403.8086,390.625,388.42773
sample_18bde0582987f47e,379.8828,378.90625,385.7422,395.26367,377.4414,382.08008,373.7793,368.65234,380.61523,377.9297,364.7461,365.47852
sample_759a4e3c59015012,327.39258,343.01758,342.77344,346.43555,346.1914,357.42188,375.97656,380.12695,390.38086,406.25,406.25,409.66797
sample_2bc26bf5451894ca,346.43555,341.06445,344.23828,358.1543,345.45898,359.375,358.39844,358.1543,368.16406,381.83594,373.53516,368.65234
sample_7b4701872fe74915,409.1797,408.93555,407.22656,402.5879,397.2168,391.60156,387.93945,383.05664,381.83594,378.90625,382.8125,373.53516
sample_591fdaea39649bb9,381.10352,398.4375,423.82812,436.76758,451.41602,457.03125,465.57617,471.1914,476.07422,479.4922,479.98047,462.40234
sample_b37a71516b958742,352.05078,359.61914,358.88672,359.61914,350.58594,358.1543,375.48828,376.95312,385.49805,393.5547,398.19336,399.41406
sample_baddc89d55ee3a7e,373.53516,373.53516,360.83984,376.46484,367.43164,362.3047,376.2207,382.56836,375.0,381.83594,400.8789,404.78516
sample_0201579471330d0c,405.27344,403.07617,399.16992,389.89258,370.1172,398.19336,380.61523,399.6582,405.27344,416.9922,420.16602,419.18945
sample_f2824eca0dcddb19,579.10156,580.0781,569.33594,563.47656,532.71484,528.3203,513.1836,510.2539,489.7461,482.91016,473.38867,453.85742
sample_7df7d1e372906133,358.39844,380.85938,405.76172,418.70117,431.15234,454.10156,472.4121,483.39844,504.39453,524.41406,527.83203,521.97266
sample_6466e2bd98db31fa,385.7422,382.32422,387.45117,370.8496,368.16406,379.1504,365.23438,374.26758,384.27734,381.83594,390.625,382.08008
sample_51ec660031a2bcf0,637.20703,631.34766,614.7461,602.0508,569.8242,560.0586,528.3203,523.9258,492.67578,479.4922,471.6797,456.54297
sample_87f2ec64633f0201,577.6367,557.6172,533.2031,529.2969,521.4844,494.14062,483.1543,464.5996,456.7871,441.40625,430.9082,434.08203
sample_9b0a699b85eb5898,337.89062,349.36523,355.7129,360.10742,361.08398,355.2246,363.0371,359.61914,365.23438,369.14062,372.5586,368.4082
sample_941126c4e96db31d,504.39453,500.48828,500.97656,486.08398,468.01758,483.88672,473.87695,468.75,482.66602,479.4922,471.1914,476.80664
sample_4f6aa70271edbff9,531.7383,541.5039,544.9219,524.41406,534.66797,520.9961,512.6953,510.2539,487.79297,485.35156,484.375,471.92383
sample_a86856547337f366,446.77734,449.21875,461.66992,477.29492,461.42578,456.7871,477.29492,462.64648,460.20508,463.8672,450.1953,429.93164
sample_83753f189d9674b3,373.7793,378.6621,382.08008,387.45117,390.86914,389.4043,397.70508,394.7754,400.14648,398.92578,404.05273,406.98242
sample_10e20d0c40e498ce,464.84375,452.39258,462.40234,460.20508,434.08203,419.67773,414.30664,406.73828,401.12305,387.6953,380.61523,378.90625
sample_4856cbfec30661ef,327.88086,327.39258,331.0547,328.125,320.3125,333.98438,338.3789,340.57617,348.6328,352.53906,356.4453,355.7129
sample_b76c18c8782f4edc,352.29492,349.36523,348.87695,349.85352,339.35547,339.5996,344.23828,343.99414,354.24805,359.375,359.86328,360.5957
sample_1434cf582e19b7f5,365.23438,373.29102,376.70898,391.60156,402.83203,399.6582,405.76172,406.98242,414.30664,414.0625,418.2129,423.33984
sample_4df35c4fde959e2c,530.27344,544.4336,557.6172,554.1992,553.71094,536.1328,514.16016,518.5547,500.97656,484.375,480.95703,483.1543
sample_535b2282f89e7b1e,402.34375,405.0293,405.0293,420.41016,406.25,397.46094,410.4004,405.27344,404.78516,411.1328,398.19336,395.26367
sample_99edc661d43f8282,368.89648,372.80273,376.70898,381.10352,385.49805,386.71875,394.2871,393.0664,397.70508,397.94922,404.54102,406.49414
sample_4ba032addc7a41ed,459.47266,446.5332,453.36914,463.13477,443.11523,441.40625,448.48633,437.98828,436.52344,436.03516,431.15234,414.30664
sample_4729d5de3a7fa279,520.9961,516.60156,497.31445,491.94336,456.7871,451.41602,442.3828,429.44336,411.86523,408.6914,377.68555,379.1504
sample_ba662c44f6f315fa,329.10156,335.20508,344.48242,362.54883,346.1914,375.97656,383.05664,406.00586,421.38672,441.40625,463.62305,459.96094
sample_97a8711bd3c04844,439.9414,456.7871,472.16797,504.8828,538.08594,539.0625,568.3594,578.6133,593.75,608.8867,617.1875,620.60547
sample_1fecb4bf98487255,368.4082,391.8457,392.08984,404.29688,423.82812,435.79102,452.88086,475.3418,485.5957,512.20703,527.34375,520.9961
sample_be2b88c37a07fc14,322.7539,333.25195,342.28516,349.60938,357.42188,350.09766,362.3047,357.66602,364.01367,367.67578,372.5586,368.16406
sample_d9fee7076254550d,329.3457,334.96094,341.06445,344.9707,351.07422,347.4121,357.66602,359.13086,359.13086,369.6289,368.65234,372.31445
sample_c03ea20562182a72,416.5039,410.4004,397.2168,377.68555,372.0703,387.6953,386.23047,412.35352,404.78516,421.38672,437.74414,447.26562
sample_15837ae027843f9c,440.91797,434.08203,430.66406,442.13867,418.45703,424.3164,424.56055,427.00195,427.97852,436.03516,423.0957,419.18945
sample_9ebaa97b5ecc7272,390.13672,392.57812,398.68164,400.63477,391.35742,387.6953,400.63477,405.51758,394.7754,399.90234,408.44727,395.26367
sample_930d310297b3fb8e,368.16406,371.82617,375.97656,380.61523,385.2539,383.54492,389.4043,389.4043,395.5078,395.5078,400.14648,402.34375
sample_251a138f2ce155a7,439.9414,438.23242,434.5703,426.51367,420.89844,407.95898,407.95898,395.9961,394.2871,387.6953,388.1836,382.08008
sample_f232934d87ccb026,386.71875,387.20703,388.91602,381.83594,385.2539,382.08008,376.2207,377.19727,377.4414,377.9297,378.17383,370.8496
sample_cca4cbdf5ad63b7e,336.91406,343.01758,354.98047,361.8164,367.91992,365.23438,375.0,373.53516,379.39453,381.34766,387.93945,385.00977
sample_564f91329a62d8a0,552.7344,554.1992,571.28906,561.52344,560.0586,538.5742,537.1094,520.5078,499.02344,479.0039,475.58594,473.14453
sample_eda0732900755bfd,326.66016,335.20508,348.38867,355.2246,351.31836,354.98047,360.5957,362.06055,366.21094,368.65234,376.70898,367.1875
sample_7342778fa084b9c9,361.32812,369.6289,377.4414,395.5078,404.54102,399.41406,407.4707,406.25,411.86523,406.25,415.52734,417.23633
sample_ac2de89c0596256f,395.5078,387.6953,386.9629,378.6621,375.0,410.4004,396.24023,425.78125,448.73047,461.91406,498.29102,509.27734
sample_351b68b84c956c42,332.03125,344.48242,348.14453,354.4922,367.91992,363.28125,372.80273,377.4414,382.08008,384.27734,392.57812,388.42773
sample_15ab362c07e7c889,361.32812,357.42188,376.46484,389.64844,383.78906,388.91602,406.00586,405.27344,413.57422,416.01562,415.2832,404.29688
sample_c34be872135f673f,350.09766,359.13086,351.80664,350.83008,346.1914,342.04102,344.72656,352.53906,349.85352,354.98047,357.66602,360.83984
sample_fc80743162400608,516.1133,517.5781,517.08984,513.1836,533.6914,555.1758,548.8281,573.73047,590.8203,594.2383,609.375,629.8828
sample_948f4de06ef3ee63,608.8867,577.14844,546.3867,536.1328,491.21094,474.85352,448.9746,437.5,411.1328,399.90234,390.13672,379.1504
sample_046211953e7b430b,294.67773,308.10547,307.37305,323.73047,308.59375,321.28906,327.88086,333.0078,354.73633,364.2578,365.72266,368.65234
sample_95169e5a6417728c,343.75,354.4922,360.10742,365.47852,370.36133,364.99023,375.97656,372.0703,375.0,378.41797,379.63867,375.0
sample_1c3610d2f06ed130,373.7793,373.7793,368.16406,375.24414,354.98047,352.29492,349.60938,349.85352,349.36523,354.4922,339.5996,345.21484
sample_68b952dc9de739fa,420.6543,443.35938,459.7168,510.2539,520.01953,512.6953,543.45703,543.9453,550.78125,559.5703,559.08203,545.89844
sample_ec0a48d8945cc65b,337.64648,347.4121,356.4453,361.08398,363.76953,357.17773,368.4082,362.54883,367.43164,369.14062,372.31445,366.69922
sample_14132470b888b892,324.4629,334.47266,345.21484,349.85352,353.51562,353.02734,359.61914,359.61914,366.94336,371.09375,374.02344,370.36133
sample_1bb6087663b12fac,375.97656,371.82617,372.0703,366.45508,358.88672,358.39844,360.5957,358.1543,364.50195,371.09375,368.89648,367.43164
sample_5123576bbcf0e4b1,568.84766,569.8242,569.8242,551.26953,534.66797,537.59766,531.7383,529.2969,511.23047,512.20703,501.46484,495.60547
sample_831712702f0c882f,301.51367,312.98828,326.41602,338.3789,346.43555,343.75,360.35156,358.1543,364.01367,368.16406,374.75586,373.53516
sample_8c08c1c7291970eb,346.1914,354.24805,375.24414,377.19727,395.01953,408.44727,422.60742,419.4336,430.9082,435.0586,431.88477,432.86133
sample_f92006f0106c9159,366.21094,371.09375,366.21094,375.97656,370.36133,366.45508,377.68555,372.80273,377.68555,378.90625,376.46484,375.24414
sample_dd50b5b02583d8ed,400.39062,404.29688,395.75195,402.0996,391.60156,395.9961,394.7754,387.45117,392.33398,396.97266,394.2871,390.625
sample_091a120ddd55620f,366.69922,367.43164,371.82617,386.9629,384.27734,395.5078,391.35742,403.07617,402.34375,409.66797,412.35352,416.9922
sample_c34f01f8377daf07,457.03125,472.16797,478.02734,468.01758,491.45508,524.41406,526.3672,544.4336,556.6406,577.14844,565.4297,557.1289
sample_d2a7143e74663a6a,333.98438,342.04102,341.55273,352.05078,329.58984,359.86328,351.5625,380.12695,393.5547,409.1797,428.71094,417.23633
sample_2e374953c4ef467e,372.0703,376.2207,391.11328,402.34375,409.66797,422.36328,453.85742,455.81055,464.35547,473.6328,479.73633,462.40234
sample_1ad4df6fcf486de9,406.73828,403.56445,409.1797,415.2832,400.39062,407.71484,402.34375,405.27344,412.59766,410.64453,412.8418,395.9961
sample_b9eb6b282e189a93,375.97656,379.8828,385.98633,389.89258,393.31055,390.13672,390.86914,386.9629,391.60156,393.5547,393.0664,395.26367
sample_ac28a35715660b03,366.21094,372.31445,376.2207,376.46484,374.02344,367.1875,379.8828,375.73242,377.19727,381.34766,380.3711,380.85938
sample_93ca69b37c5492f9,325.6836,334.47266,357.66602,381.10352,369.38477,383.05664,416.74805,414.0625,425.5371,442.8711,432.1289,421.38672
sample_dbb896a8ebdf9da2,396.72852,404.05273,405.0293,397.70508,394.2871,388.42773,390.625,392.82227,392.33398,392.08984,402.83203,379.63867
sample_4e26622eeab6b9ab,594.72656,582.51953,574.70703,562.9883,535.15625,529.78516,504.39453,501.46484,478.02734,471.1914,460.20508,432.37305
sample_b1cc2d0e7d116a09,555.1758,536.1328,517.08984,509.27734,478.75977,462.40234,431.15234,421.875,408.93555,398.92578,396.48438,389.89258
sample_c9c876d219016b16,326.66016,332.03125,334.7168,328.36914,331.54297,333.98438,339.84375,350.58594,351.31836,360.35156,366.45508,356.20117
sample_200d98211db2578b,346.6797,355.95703,354.4922,372.31445,371.58203,360.83984,386.23047,386.23047,387.6953,396.97266,399.16992,393.79883
sample_2161d27a705ea761,313.23242,322.26562,336.42578,346.1914,352.53906,349.60938,364.7461,361.8164,368.16406,371.09375,377.19727,375.97656
sample_e7bfec9f8391b1fb,344.23828,367.43164,385.2539,402.5879,435.0586,433.59375,448.2422,459.22852,462.1582,464.84375,469.72656,477.7832
sample_653e9b35ae2d050f,437.01172,434.5703,427.49023,420.41016,401.12305,398.4375,394.7754,381.34766,389.89258,389.16016,378.90625,376.2207
sample_ba47593c515ea28b,356.9336,368.4082,380.61523,409.1797,398.92578,416.74805,431.88477,445.06836,453.61328,469.72656,470.45898,469.23828
sample_87fe297ef510ba97,378.6621,376.95312,382.32422,386.4746,379.39453,378.90625,372.0703,371.82617,375.97656,376.46484,381.10352,371.58203
sample_5bfe4043e4f35533,403.8086,416.9922,422.11914,426.0254,415.03906,421.875,422.60742,428.95508,424.8047,426.26953,413.81836,421.38672
sample_53f1d58b4e5de86b,457.03125,467.28516,479.4922,494.87305,489.99023,486.8164,526.3672,513.6719,520.01953,534.1797,514.64844,496.58203
sample_e479fa25f7882773,336.18164,342.04102,356.9336,364.01367,362.79297,356.20117,365.47852,363.0371,369.38477,365.72266,374.51172,368.65234
sample_1e7573e80c411294,407.22656,408.93555,407.4707,407.22656,404.78516,387.6953,383.30078,373.29102,377.68555,377.9297,367.91992,359.13086
sample_ac5e5867ea18c54f,390.13672,398.68164,388.42773,397.2168,397.46094,388.67188,388.1836,391.11328,397.46094,396.97266,397.70508,408.20312
sample_70cc65ff507796f3,327.39258,342.28516,363.28125,390.38086,392.08984,400.14648,425.5371,430.17578,434.5703,448.73047,443.84766,428.4668
sample_0e7505046e174d06,475.09766,465.8203,479.0039,477.29492,448.73047,433.3496,430.66406,422.11914,412.35352,398.4375,391.11328,389.16016
sample_0e4c20e975f1c261,350.58594,356.20117,348.87695,359.61914,345.45898,347.4121,345.70312,351.5625,352.53906,361.32812,352.05078,354.0039
sample_b706c8e96defb97b,407.95898,411.37695,410.64453,405.51758,407.71484,396.24023,400.63477,389.4043,393.79883,387.20703,392.82227,385.49805
sample_cc4f0ab6f18b4097,458.0078,438.23242,424.56055,434.81445,416.25977,430.66406,409.9121,440.18555,426.7578,437.01172,442.62695,460.44922
sample_6331bef3578e0675,384.76562,378.6621,380.12695,389.89258,370.1172,370.1172,367.43164,361.8164,365.72266,371.09375,354.73633,351.31836
sample_3ae8f8e42cf71912,337.64648,334.22852,336.66992,336.42578,326.41602,328.125,333.4961,333.74023,343.75,348.6328,353.51562,352.29492
sample_5b26b7a2164d0cb1,352.53906,365.23438,379.63867,389.16016,395.5078,405.51758,419.4336,434.08203,433.3496,444.82422,450.43945,444.0918
sample_8aeee906f71aa239,339.35547,348.6328,359.86328,364.2578,369.14062,362.3047,373.53516,366.94336,373.04688,373.53516,378.90625,372.80273
sample_70d246725b013aca,625.97656,628.41797,625.4883,620.60547,623.0469,610.35156,618.65234,602.0508,601.5625,590.33203,582.51953,569.33594
sample_e207a16e6cb91236,323.2422,317.62695,342.5293,356.9336,353.02734,352.53906,375.97656,369.87305,373.53516,386.23047,385.7422,360.83984
sample_d763657068110ad2,421.875,423.82812,435.30273,431.64062,427.00195,425.5371,430.41992,420.6543,426.7578,422.36328,422.85156,411.1328
sample_a7c5f608bf5bc500,377.9297,379.8828,384.0332,397.2168,391.8457,400.8789,395.9961,404.29688,404.78516,412.59766,412.59766,416.01562
sample_ae60fa23d89381e1,351.07422,356.9336,366.45508,368.16406,371.58203,365.72266,378.17383,371.3379,373.7793,375.97656,378.41797,376.70898
sample_846638c51b78c37d,406.00586,403.56445,404.05273,400.63477,390.38086,391.60156,390.86914,387.6953,392.57812,397.46094,394.53125,388.67188
sample_fe0f3158229b6806,411.6211,406.49414,424.3164,434.81445,412.10938,428.71094,426.26953,411.6211,442.13867,439.45312,428.95508,425.04883
sample_c2c0886f28038784,541.9922,545.89844,526.85547,507.32422,503.41797,475.58594,472.65625,448.73047,440.91797,427.2461,416.74805,403.8086
sample_b99539c9f6092fb5,553.22266,551.26953,528.8086,549.8047,520.01953,504.8828,507.8125,487.06055,494.38477,491.69922,483.64258,466.3086
sample_2f9e2f92590cab5c,586.4258,589.84375,591.7969,590.8203,610.35156,596.6797,565.91797,582.03125,562.0117,545.41016,558.59375,569.33594
sample_c6bd8633573d47c6,429.6875,418.2129,425.5371,444.0918,420.16602,421.875,433.8379,433.8379,423.33984,437.5,425.29297,414.55078
sample_ceaf7ebdc9bba4c8,346.43555,352.05078,365.47852,375.0,363.76953,387.45117,401.85547,407.95898,428.22266,443.84766,451.9043,448.9746
sample_b90e0beee48c6877,321.77734,334.96094,358.1543,375.97656,388.67188,407.22656,438.23242,439.45312,461.42578,472.65625,484.61914,468.50586
sample_bb2df402c2f7e14f,312.98828,324.70703,337.89062,344.23828,348.14453,343.99414,358.39844,354.24805,360.83984,366.21094,369.14062,364.50195
sample_4c1b52c340b61631,407.22656,405.27344,411.6211,420.6543,425.29297,434.32617,436.76758,448.73047,442.13867,446.77734,455.81055,460.69336
sample_f8967b750469307f,575.6836,554.1992,542.96875,540.52734,513.6719,490.9668,481.68945,461.18164,446.28906,437.98828,421.875,412.10938
sample_8247ec8b46e206a8,654.78516,637.6953,629.8828,623.53516,607.4219,578.6133,576.66016,546.3867,517.5781,503.41797,482.17773,476.07422
sample_ca6a5564662dd6d7,333.98438,340.57617,340.0879,344.72656,331.54297,343.26172,349.60938,346.43555,354.4922,362.3047,354.73633,354.98047
sample_09d110673ed80f2f,421.38672,419.92188,407.95898,397.94922,400.8789,409.9121,402.0996,412.10938,413.08594,416.5039,418.45703,429.93164
sample_0243d76c6a744f42,464.35547,455.81055,466.79688,483.1543,465.57617,484.13086,497.31445,489.7461,502.4414,514.16016,489.7461,477.29492
sample_f1061f0201130247,372.0703,375.73242,383.78906,383.05664,384.76562,375.97656,386.9629,378.17383,381.34766,379.39453,385.2539,379.39453
sample_2100610d3dd89668,681.15234,691.89453,654.2969,623.0469,619.6289,614.7461,573.73047,573.73047,542.48047,529.78516,511.71875,511.71875
sample_f6eccad76ce1944b,373.7793,390.625,411.6211,406.98242,419.18945,431.39648,438.47656,449.4629,442.13867,451.17188,452.39258,451.66016
sample_0d9a1b3737e0d86e,379.39453,372.80273,391.35742,399.16992,388.67188,388.67188,404.05273,397.70508,405.27344,407.71484,401.12305,388.67188
sample_b912017921550baa,360.83984,377.4414,367.43164,378.41797,386.71875,400.14648,395.26367,424.3164,435.0586,449.70703,476.07422,483.88672
sample_542ce158e20808ea,423.82812,423.82812,413.81836,407.71484,395.26367,388.1836,392.82227,395.26367,381.5918,384.76562,380.85938,381.10352
sample_e15e96a57a3ff9ff,503.41797,486.8164,491.45508,499.26758,471.43555,474.85352,456.54297,454.83398,458.0078,453.61328,438.47656,433.10547
sample_d32b04f694527985,386.23047,373.29102,375.24414,367.1875,364.2578,352.7832,348.6328,345.70312,348.87695,348.14453,350.3418,340.57617
sample_7a4a04deecd9088b,352.29492,355.95703,360.5957,366.94336,368.16406,371.09375,374.02344,377.19727,381.5918,384.27734,390.38086,395.9961
sample_747de5de33829521,312.98828,310.0586,333.74023,351.5625,346.1914,343.26172,368.16406,359.375,365.9668,377.4414,379.63867,356.4453
sample_d2d6e505d718248c,440.4297,438.7207,437.01172,427.97852,422.85156,410.4004,413.33008,398.68164,399.90234,389.16016,390.86914,384.27734
sample_a3a0af45281d1afa,551.7578,554.6875,557.1289,548.8281,539.0625,524.41406,514.16016,506.83594,487.06055,481.4453,468.99414,440.4297
sample_d20dfed4f5af6fbd,674.8047,677.2461,676.7578,659.1797,687.5,674.8047,663.08594,672.3633,684.08203,688.96484,695.8008,694.33594
sample_4ac69d944eca475b,516.1133,494.6289,487.54883,479.24805,454.83398,445.80078,437.5,426.51367,425.78125,416.01562,403.07617,401.61133
sample_a35efff938eaee6e,410.15625,414.55078,415.52734,431.39648,424.3164,431.64062,461.66992,450.43945,479.0039,496.58203,488.28125,491.45508
sample_2a2c170774d7ea24,382.8125,392.08984,393.79883,425.5371,435.79102,449.95117,457.03125,482.17773,496.3379,519.04297,548.33984,552.7344
sample_56f34e56e466aa68,515.625,492.1875,465.57617,450.92773,418.70117,412.35352,396.72852,385.49805,369.6289,365.23438,346.92383,351.31836
sample_6b1cb26d6ca3a6db,480.46875,496.09375,511.23047,543.45703,562.5,554.6875,579.10156,581.54297,590.8203,591.3086,600.58594,592.77344
sample_4f53e072a4510d9b,342.77344,353.27148,342.04102,348.87695,348.87695,363.28125,364.7461,395.01953,406.25,420.89844,468.01758,468.99414
sample_8fd0f91b8ced1086,357.17773,367.43164,376.2207,387.93945,369.38477,388.91602,387.93945,399.16992,416.9922,426.26953,428.95508,416.01562
sample_9eaccb571e5d7e17,435.0586,437.01172,439.69727,447.99805,434.08203,453.61328,458.74023,467.04102,479.0039,486.32812,485.83984,483.1543
sample_570d8c55aa265fcf,394.7754,388.67188,385.2539,366.69922,371.58203,390.38086,384.52148,414.55078,408.20312,416.9922,449.95117,454.3457
sample_db4dcc240c81758d,362.54883,357.91016,361.08398,356.9336,353.51562,354.0039,361.08398,359.86328,369.87305,374.02344,377.4414,373.7793
sample_93e265b8b764d18f,498.53516,477.05078,447.50977,431.64062,408.6914,415.52734,378.6621,395.75195,386.71875,385.7422,387.45117,386.9629
sample_0b7b3a297527c94c,363.5254,372.0703,377.9297,383.05664,381.10352,369.87305,381.10352,374.02344,381.10352,379.8828,382.56836,381.5918
sample_b5a4ee4cbb876664,447.7539,441.1621,430.41992,410.88867,414.55078,425.04883,399.16992,414.30664,404.78516,400.39062,412.35352,414.30664
sample_32fc479af7767d77,358.39844,364.2578,367.43164,372.0703,370.1172,365.72266,376.46484,373.04688,375.97656,378.41797,380.3711,378.17383
sample_4f53a0a1eaf66041,310.54688,321.04492,335.20508,344.48242,351.5625,349.60938,363.0371,362.54883,368.4082,370.1172,377.9297,376.2207
sample_9c857255e0ec2ee8,319.33594,327.63672,329.3457,348.6328,364.99023,364.2578,374.26758,386.9629,387.6953,393.0664,406.98242,410.88867
sample_ec41413b558becf3,423.82812,423.33984,421.63086,415.77148,411.1328,400.8789,401.61133,391.35742,391.11328,386.71875,388.67188,381.83594
sample_2ba569e15b1c6d63,400.8789,401.3672,392.82227,384.0332,371.09375,370.8496,368.16406,366.69922,368.65234,375.48828,364.7461,369.38477
sample_36a8812fdb656d7d,504.8828,497.0703,487.3047,473.87695,451.41602,441.40625,438.23242,428.95508,416.01562,415.03906,410.15625,387.20703
sample_6e67cd2a6960bcae,366.94336,365.47852,372.5586,385.00977,375.73242,368.16406,371.09375,370.60547,373.7793,379.39453,374.75586,369.38477
sample_0d67ffea7ad0fb8f,344.23828,355.46875,357.91016,358.1543,362.79297,360.35156,372.31445,375.24414,380.85938,387.6953,387.93945,391.8457
sample_71f841ba578d1bb4,331.7871,336.91406,338.8672,358.1543,336.91406,342.77344,342.77344,342.77344,352.05078,359.86328,353.51562,348.14453
sample_11968da05fc62b9a,584.47266,604.98047,589.35547,576.66016,590.8203,590.8203,554.1992,563.96484,549.3164,530.7617,526.85547,541.9922
sample_c6ef09f769356c6a,346.6797,336.42578,339.84375,356.20117,339.11133,354.73633,349.85352,351.31836,361.8164,374.51172,364.50195,361.32812
sample_734b3366359f6335,452.63672,450.6836,441.6504,458.0078,449.4629,463.3789,464.84375,470.45898,475.83008,485.35156,486.08398,490.72266
sample_19ab971d1a58002b,494.6289,499.51172,514.64844,513.1836,510.2539,497.5586,493.4082,483.64258,474.1211,460.44922,454.83398,449.21875
sample_7cb019eb8b417e69,431.39648,434.5703,429.19922,415.77148,416.74805,448.2422,434.81445,462.40234,475.58594,495.60547,509.76562,508.78906
sample_3456b12d2bd29126,372.80273,373.53516,374.75586,350.09766,360.35156,374.51172,369.38477,386.23047,385.2539,393.0664,407.71484,406.00586
sample_f481858ea68abb59,312.01172,324.70703,341.55273,352.7832,352.53906,348.6328,356.9336,354.73633,360.35156,366.21094,369.87305,364.50195
sample_05f46dd26f38855d,411.6211,407.4707,413.57422,414.30664,399.90234,416.01562,415.2832,402.83203,425.04883,429.6875,420.6543,414.55078
sample_c9e55cf550cda899,437.98828,435.0586,432.86133,425.29297,418.45703,406.25,402.34375,389.4043,393.5547,386.71875,383.54492,378.17383
sample_fa4800c035e3541b,328.61328,343.26172,357.66602,368.89648,383.54492,390.38086,411.37695,420.16602,428.22266,435.54688,441.89453,432.86133
sample_0980cbd484cbdf95,570.8008,562.5,555.66406,566.40625,544.9219,551.7578,558.10547,549.8047,544.9219,548.8281,530.7617,529.2969
sample_b575b422531319f6,354.98047,357.66602,380.85938,386.4746,394.2871,394.04297,413.57422,407.4707,414.0625,417.96875,414.30664,410.64453
sample_8314e162236c2a02,371.09375,374.75586,376.70898,376.2207,371.82617,373.53516,379.39453,383.54492,379.39453,385.2539,393.31055,376.46484
sample_de3bb2184a4cc155,329.10156,339.11133,346.1914,360.35156,361.8164,373.53516,381.10352,387.20703,393.31055,403.8086,405.27344,404.78516
sample_eeeb1af81a0ba24f,312.5,322.02148,334.22852,337.1582,342.04102,343.26172,355.46875,353.27148,361.08398,360.83984,367.67578,362.3047
sample_3998a36776af3ef0,476.07422,463.8672,441.89453,452.14844,421.38672,426.7578,406.25,417.23633,407.71484,410.64453,413.57422,427.00195
sample_2df4b60f9ada9aa4,393.79883,393.31055,382.08008,374.26758,362.3047,368.65234,366.21094,373.53516,376.46484,385.7422,388.67188,393.79883
sample_85c6a0c2443b2f8d,334.22852,326.66016,341.3086,313.96484,313.47656,344.23828,338.13477,372.31445,373.53516,388.67188,423.58398,422.36328
sample_621385ed989c8a70,303.22266,308.8379,314.20898,317.3828,309.08203,325.92773,334.7168,334.7168,346.6797,354.4922,355.95703,356.20117
sample_1019b876731b53aa,326.17188,332.51953,342.28516,332.76367,335.9375,358.1543,360.5957,378.41797,388.1836,398.4375,416.74805,406.25
sample_1974ccd8b3f46e20,382.32422,383.78906,401.12305,425.29297,431.15234,428.71094,441.6504,436.03516,438.96484,433.10547,443.11523,441.6504
sample_62dbb658d7f036d0,360.10742,361.08398,356.68945,368.65234,366.69922,365.9668,359.13086,369.38477,369.87305,378.41797,374.51172,373.53516
sample_2ec9cb1a0cc971f0,366.21094,367.1875,361.57227,377.68555,388.67188,396.72852,395.26367,423.58398,420.41016,422.85156,440.67383,465.0879
sample_d2a572105e24d27c,552.2461,536.1328,513.1836,504.39453,478.51562,463.62305,437.01172,422.85156,410.4004,402.83203,390.38086,389.4043
sample_56bf96d4fccfd420,400.14648,398.4375,406.98242,411.86523,403.07617,412.59766,423.0957,424.07227,431.15234,427.2461,430.66406,428.71094
sample_e9779db2b9cb1ba0,312.5,322.7539,324.21875,337.1582,337.40234,336.66992,363.5254,368.65234,372.0703,386.71875,386.23047,384.76562
sample_a0497dc262b62e13,369.6289,382.32422,403.3203,406.00586,413.57422,443.84766,450.92773,470.70312,483.88672,510.2539,509.27734,513.1836
sample_150727db5a7bf26a,598.6328,592.77344,591.7969,572.7539,560.0586,555.66406,538.08594,532.71484,515.1367,510.2539,504.8828,477.29492
sample_b8c87d1e3d09ce72,346.43555,356.68945,364.01367,367.43164,370.1172,362.06055,372.80273,365.72266,370.8496,371.58203,375.24414,368.89648
sample_df108332752e7c09,473.14453,470.70312,460.44922,453.125,454.58984,451.17188,448.48633,448.9746,441.40625,445.80078,428.71094,446.28906
sample_84a64d4af0f8b5dd,416.01562,427.2461,430.41992,451.41602,468.75,477.7832,505.85938,495.36133,530.27344,553.71094,556.6406,570.8008
sample_0b910d5817053af3,377.4414,379.8828,374.26758,389.4043,376.95312,396.72852,382.56836,409.66797,412.10938,423.82812,443.35938,431.15234
sample_1e135f30a2373c10,587.40234,585.4492,578.6133,585.9375,559.5703,543.9453,533.2031,519.53125,497.31445,478.02734,473.6328,455.32227
sample_b640d96a202fd590,324.70703,323.2422,325.6836,318.11523,318.11523,323.2422,326.9043,338.13477,340.8203,347.65625,359.61914,356.9336
sample_b9402a372faf88fc,323.73047,325.1953,325.6836,329.83398,314.45312,324.21875,331.0547,339.11133,345.94727,350.58594,360.83984,356.9336
sample_06afafd18fdacc0f,381.83594,372.31445,362.54883,358.88672,344.23828,351.5625,341.3086,350.83008,351.5625,353.51562,360.35156,359.86328
sample_0279f3f1d44023d0,449.70703,445.06836,438.23242,427.49023,419.67773,406.25,401.12305,387.93945,388.67188,385.7422,374.26758,370.36133
sample_ac33ddca8822d6f3,370.60547,384.52148,389.64844,383.54492,387.93945,409.9121,413.57422,426.7578,447.50977,464.35547,471.92383,462.1582
sample_6253548d200ddba1,343.75,351.07422,360.10742,366.94336,366.45508,361.8164,369.87305,367.67578,373.7793,373.04688,379.39453,377.4414
sample_ced4cc9d21eff55a,368.65234,375.97656,378.17383,386.4746,390.13672,387.6953,392.57812,391.35742,395.9961,396.97266,402.0996,404.29688
sample_197c330b16a28d3f,358.39844,363.28125,368.4082,384.0332,419.92188,422.60742,429.19922,436.2793,451.66016,467.77344,463.13477,485.5957
sample_30ad68cdc7619d59,327.88086,344.72656,363.76953,382.08008,389.4043,399.41406,422.60742,427.97852,434.32617,446.77734,441.1621,431.39648
sample_2278bd6884ae5d17,592.28516,589.35547,578.6133,546.3867,526.3672,521.4844,499.75586,499.02344,460.9375,454.10156,447.50977,439.20898
sample_ffa8f2af12633766,289.0625,302.49023,315.18555,343.50586,345.94727,368.65234,393.0664,399.16992,415.03906,436.52344,447.02148,441.89453
sample_804448b765ab7342,343.75,344.9707,351.80664,331.7871,337.89062,354.24805,357.17773,371.3379,376.2207,382.8125,403.3203,397.94922
sample_b189453e21607e02,377.9297,401.85547,414.79492,409.1797,421.14258,457.76367,464.11133,487.06055,510.2539,530.7617,536.6211,539.5508
sample_d1ba57a6fd2514a0,311.76758,315.67383,324.70703,342.04102,338.13477,347.65625,349.1211,358.1543,361.57227,372.5586,378.6621,388.1836
sample_a58c3ef16b6bfcb8,437.01172,456.0547,471.43555,470.94727,487.54883,485.83984,491.45508,495.60547,498.04688,501.46484,506.83594,495.1172
sample_15cd0730725c79fb,401.3672,404.29688,400.39062,396.24023,393.31055,382.08008,383.54492,378.6621,376.70898,377.4414,370.8496,366.45508
sample_334391597dd65a0f,469.23828,473.14453,491.21094,516.1133,532.22656,527.34375,522.46094,536.6211,524.41406,518.0664,528.8086,548.8281
sample_251e4472a5ac11a0,355.2246,368.89648,382.56836,411.37695,415.2832,404.78516,416.9922,410.88867,414.30664,411.1328,416.25977,411.37695
sample_84e77298cad3cb83,299.8047,310.79102,324.21875,335.9375,343.01758,341.55273,353.27148,352.53906,361.32812,367.67578,370.60547,371.09375
sample_e8e1acb3aab29759,334.47266,343.75,350.09766,357.66602,358.39844,355.46875,367.91992,366.69922,371.09375,372.5586,377.4414,376.2207
sample_60220e96eeb58dd8,574.21875,557.6172,552.2461,555.1758,541.0156,544.9219,544.9219,539.0625,523.4375,524.90234,515.625,508.30078
sample_6bf7c18c5c5891c6,367.1875,370.60547,359.375,364.01367,349.85352,364.50195,350.83008,356.68945,365.23438,372.0703,364.7461,365.23438
sample_91eac42d4094fae9,388.67188,397.94922,414.0625,431.39648,451.66016,446.28906,455.32227,460.20508,461.66992,461.42578,460.69336,472.65625
sample_6bfb8220ef73a96b,409.9121,410.4004,407.95898,399.6582,398.92578,391.8457,382.08008,381.10352,380.12695,378.90625,375.73242,367.67578
sample_0f2d313be17c7615,358.1543,368.65234,364.2578,364.01367,350.58594,358.39844,369.87305,369.38477,374.51172,380.85938,378.17383,381.83594
sample_911e74d27a0cf7bc,303.4668,312.74414,320.80078,326.41602,337.40234,345.94727,352.53906,359.13086,366.21094,371.58203,380.61523,383.30078
sample_bfc81ce3c4c07bf8,723.14453,706.54297,686.03516,693.84766,669.4336,653.3203,627.9297,627.9297,633.3008,623.53516,613.76953,608.39844
sample_7ef7f9663bf41ab8,343.99414,344.48242,346.1914,346.43555,343.99414,341.3086,354.24805,354.24805,361.8164,367.67578,371.82617,368.65234
sample_f130c8746b7f77c9,415.77148,418.70117,434.5703,438.23242,448.48633,454.3457,482.91016,477.53906,487.06055,487.3047,493.4082,466.3086
sample_7882b101ad622b76,339.84375,349.36523,357.66602,375.24414,376.2207,388.1836,419.67773,422.60742,430.9082,444.82422,450.43945,440.4297
sample_d1458b85f457d0a6,448.2422,442.3828,453.36914,468.99414,444.33594,458.0078,456.29883,450.92773,471.43555,479.0039,451.66016,444.33594
sample_e13c5f6597b6b5f7,338.8672,346.6797,355.46875,361.08398,365.72266,361.32812,372.5586,367.91992,372.80273,374.02344,380.12695,378.17383
sample_61dccea706c2e674,363.76953,350.83008,357.66602,343.75,343.99414,375.0,363.76953,399.90234,404.05273,414.55078,466.3086,465.57617
sample_859e5734fb3e4fe8,315.4297,318.60352,335.69336,346.43555,350.09766,354.24805,358.88672,363.76953,371.09375,374.02344,379.39453,378.90625
sample_c54e969f773d4ea5,444.82422,450.43945,441.1621,441.6504,412.8418,414.0625,405.51758,397.70508,406.98242,410.64453,393.5547,387.45117
sample_03cd9251d1cc2afd,630.8594,599.6094,577.14844,572.2656,518.0664,513.6719,483.64258,472.9004,458.4961,452.63672,432.86133,429.19922
sample_eaa4cdb9bdfd5803,470.21484,474.1211,448.9746,444.0918,441.40625,423.33984,407.22656,401.85547,397.94922,394.53125,384.52148,369.6289
sample_a4ec2d60803a0ac4,432.86133,435.30273,425.78125,421.14258,413.08594,412.59766,415.03906,410.15625,405.51758,406.25,406.00586,402.83203
sample_9826113cd571b986,342.5293,355.95703,365.47852,366.21094,373.53516,386.9629,400.63477,415.77148,417.96875,428.71094,439.20898,437.74414
sample_9453a95778aa29ed,551.26953,529.78516,512.6953,498.7793,461.91406,446.28906,423.82812,413.57422,392.82227,386.23047,374.26758,364.50195
sample_dc4300f0cb3c2e75,412.10938,409.1797,411.6211,405.0293,402.34375,396.48438,403.3203,396.97266,391.11328,394.53125,387.45117,391.35742
sample_109e8c2c7f1d5cae,444.82422,466.3086,470.94727,488.5254,509.27734,519.53125,551.7578,540.52734,572.2656,600.09766,586.91406,587.8906
sample_18bf80f6230f4bb1,383.78906,380.3711,375.97656,362.54883,350.58594,357.66602,361.57227,360.10742,367.43164,371.09375,378.90625,376.2207
sample_2a9374eab0d0cc99,304.19922,315.18555,329.83398,341.55273,348.6328,346.1914,361.08398,358.64258,364.50195,367.1875,375.0,373.29102
sample_a06c4e99f33f21f7,431.64062,423.33984,417.23633,396.72852,383.54492,405.76172,393.0664,407.95898,414.0625,421.38672,430.66406,425.29297
sample_c51939035f260156,431.64062,433.8379,436.03516,440.67383,417.23633,437.01172,444.82422,444.33594,440.91797,458.98438,443.60352,437.98828
sample_9c5352b85a8539e7,401.3672,404.78516,412.10938,408.20312,400.63477,391.60156,399.16992,402.5879,391.60156,391.11328,399.6582,387.20703
sample_4d0e69f1ab5d24e3,420.89844,412.8418,418.9453,415.03906,404.54102,400.63477,400.39062,396.72852,394.2871,392.08984,397.2168,381.5918
sample_8b6f360ca56958aa,377.68555,381.34766,399.16992,405.51758,402.83203,410.15625,425.78125,420.89844,425.78125,428.71094,425.78125,415.2832
sample_6869f897aa9809bb,395.26367,414.79492,429.93164,443.60352,458.98438,482.42188,505.85938,512.6953,520.01953,539.0625,530.7617,533.2031
sample_be3bb454231fa5ee,559.5703,559.08203,556.6406,551.26953,570.8008,583.4961,575.1953,599.6094,611.3281,607.91016,627.9297,640.625
sample_797cd1af237cceae,430.66406,421.38672,426.7578,428.4668,407.71484,408.6914,414.55078,407.71484,414.79492,413.08594,406.00586,401.61133
sample_9c906d803710808f,588.8672,555.1758,527.34375,511.71875,468.50586,457.76367,430.9082,422.36328,399.16992,390.13672,379.63867,374.75586
sample_c7b70c3db65366a6,326.17188,334.7168,341.06445,350.83008,351.80664,350.83008,362.06055,373.7793,374.26758,379.39453,393.31055,390.86914
sample_a133f80806c2a724,307.1289,318.11523,332.03125,339.11133,343.75,341.06445,355.7129,352.7832,358.88672,364.2578,368.89648,364.50195
sample_c4dfd823d5064503,325.92773,356.68945,377.4414,401.3672,422.11914,452.88086,470.21484,492.1875,512.6953,539.0625,541.5039,543.9453
sample_d66ceda0092f6774,318.84766,324.95117,328.36914,319.58008,326.66016,328.61328,342.5293,352.29492,354.0039,361.32812,373.7793,368.65234
sample_4affffe4eea1824c,453.61328,442.62695,444.82422,443.35938,420.89844,418.45703,425.04883,415.2832,421.38672,416.5039,410.88867,406.00586
sample_dbf93c8a5d6da83c,354.4922,364.50195,384.27734,390.38086,404.29688,414.0625,426.51367,420.89844,432.37305,434.5703,425.5371,429.19922
sample_b5a022ab6be942f1,371.09375,369.6289,363.76953,369.14062,372.0703,370.1172,364.50195,372.31445,371.82617,378.90625,372.5586,372.80273
sample_27618fc5a40b7606,384.27734,383.78906,389.16016,388.42773,383.54492,381.5918,393.79883,389.16016,386.71875,394.53125,380.85938,376.2207
sample_dbcf0185e889ba21,465.33203,483.88672,492.91992,505.85938,529.78516,550.78125,566.89453,562.9883,591.7969,618.16406,612.79297,617.6758
sample_b6bf9e0340198802,413.08594,420.89844,443.35938,427.97852,433.3496,458.0078,470.45898,485.35156,492.1875,502.9297,520.9961,525.3906
sample_bb65436d178777b5,364.01367,387.45117,411.86523,421.38672,420.89844,437.25586,449.95117,459.7168,462.64648,472.16797,468.75,461.91406
sample_239a5fadd96bbe71,416.5039,408.44727,426.0254,441.6504,425.5371,420.89844,441.89453,433.59375,433.8379,440.91797,432.86133,415.52734
sample_390c86a33bee1738,505.3711,521.97266,531.25,541.9922,578.125,563.47656,585.9375,595.7031,604.98047,612.79297,632.3242,627.9297
sample_47d34b297cccedba,400.14648,402.83203,424.3164,432.6172,424.56055,426.26953,441.6504,437.74414,442.3828,441.40625,434.08203,425.78125
sample_f3ccd3a6150fa80a,673.33984,674.3164,661.1328,652.34375,638.6719,621.09375,624.5117,622.5586,594.2383,586.4258,572.2656,564.4531
sample_9110492f595dfeba,694.8242,686.52344,684.08203,658.6914,634.7656,635.2539,623.0469,622.5586,588.8672,580.0781,568.3594,527.83203
sample_664b714b1a605bb7,388.67188,407.95898,426.51367,445.06836,456.0547,477.05078,503.90625,508.78906,512.6953,532.71484,521.4844,522.46094
sample_3d22922eafa42546,446.28906,451.9043,465.8203,466.3086,465.8203,456.54297,463.13477,466.55273,458.4961,458.0078,459.47266,452.63672
sample_bc77dbab4de353e7,382.8125,389.16016,381.83594,382.56836,375.0,367.43164,371.3379,374.02344,366.69922,373.53516,366.69922,370.60547
sample_ef3b6aca293eb28e,584.47266,591.7969,598.6328,598.14453,604.98047,604.4922,613.76953,607.4219,606.4453,612.3047,595.7031,584.47266
sample_798cfb538576ce38,359.86328,386.71875,400.8789,403.56445,419.4336,456.54297,464.11133,488.5254,513.1836,534.66797,540.03906,544.9219
sample_c4cd2ced92f7f90e,512.20703,498.53516,480.7129,457.03125,433.59375,446.28906,422.85156,426.51367,419.67773,421.875,413.08594,406.98242
sample_e7106f18e5c11df1,352.29492,343.99414,348.87695,344.23828,338.8672,332.51953,338.13477,335.9375,341.79688,345.21484,346.1914,337.40234
sample_7ef224526bf518c5,401.3672,408.44727,399.90234,405.51758,381.83594,387.45117,382.08008,378.17383,391.8457,397.94922,382.32422,381.34766
sample_18b02b74477118a3,495.60547,483.88672,468.01758,454.83398,446.5332,438.47656,426.0254,417.7246,412.35352,406.73828,404.78516,393.79883
sample_7c8839861d4e4cc8,682.6172,666.5039,638.1836,635.2539,601.5625,568.84766,558.59375,543.45703,499.26758,482.42188,471.6797,440.67383
sample_478bbff230ccf4fa,393.5547,384.76562,372.80273,365.9668,344.9707,351.80664,346.43555,355.2246,353.27148,356.4453,363.76953,365.47852
sample_789d3c6b2392a95e,571.77734,567.3828,532.71484,526.3672,489.2578,497.5586,459.96094,476.5625,462.40234,479.4922,465.0879,463.62305
sample_d2f1288a8122ea78,354.4922,364.7461,367.91992,368.89648,354.98047,360.10742,371.82617,370.36133,378.17383,381.83594,377.19727,378.17383
sample_b8d86a2080b16be4,445.80078,443.35938,433.3496,439.20898,417.96875,424.3164,441.6504,431.88477,435.30273,451.17188,438.7207,444.33594
sample_b87214d7e8a22189,382.56836,382.08008,373.7793,372.0703,362.54883,354.73633,361.8164,356.4453,362.79297,358.39844,363.0371,363.76953
sample_1c080fe168a0e4e8,354.4922,354.4922,354.24805,359.61914,347.65625,355.95703,348.87695,355.7129,358.88672,364.2578,366.21094,352.7832
sample_4db9fdbdb7bf0120,327.14844,333.74023,344.72656,341.79688,345.21484,342.28516,353.27148,350.58594,363.5254,366.21094,373.04688,361.57227
sample_d3882f5ed3c7a380,342.28516,352.7832,370.36133,376.70898,394.04297,400.63477,410.64453,406.98242,415.52734,415.52734,411.6211,416.74805
sample_5c7a74e8423d1a7b,679.1992,678.22266,680.1758,655.7617,647.9492,655.27344,639.16016,648.4375,628.90625,626.9531,609.375,575.1953
sample_9a438276ea212f12,413.33008,411.1328,401.61133,394.7754,383.54492,377.9297,375.24414,372.80273,372.0703,373.53516,364.2578,366.94336
sample_c6d69ffc1dc2d77d,398.92578,383.05664,385.2539,403.07617,390.13672,393.79883,382.08008,407.22656,403.07617,406.73828,413.57422,442.13867
sample_9fee11827162ea97,388.1836,377.4414,381.83594,364.99023,354.24805,366.21094,350.58594,364.7461,367.1875,365.72266,376.46484,374.75586
sample_a8a1fef0424c48fc,401.85547,401.61133,403.3203,396.24023,392.57812,387.93945,385.98633,381.34766,379.63867,377.9297,381.10352,370.60547
sample_335fb43d71d10ee0,357.17773,365.23438,373.53516,377.19727,380.3711,374.26758,384.52148,378.17383,383.54492,383.30078,388.42773,387.45117
sample_ceeb589807241a31,414.55078,425.29297,430.9082,437.01172,422.60742,422.85156,429.19922,430.17578,421.14258,425.29297,409.9121,413.08594
sample_45943cf610962fb8,372.80273,398.19336,417.96875,438.47656,441.89453,455.32227,480.46875,482.17773,485.83984,496.09375,488.28125,483.39844
sample_fbf3e3174f68e8bf,334.96094,328.36914,340.33203,321.77734,318.11523,336.66992,333.98438,355.46875,354.24805,361.32812,384.52148,384.0332
sample_7b74aea2c91a0e09,630.3711,630.8594,630.8594,623.53516,613.28125,603.5156,610.35156,599.6094,587.40234,584.47266,565.4297,547.85156
sample_43ee15f465b26dc5,355.95703,361.57227,376.46484,381.83594,368.65234,387.6953,388.91602,402.83203,404.29688,413.08594,418.9453,410.15625
sample_f28303fac78e4c06,315.91797,325.6836,339.11133,346.6797,353.51562,348.6328,363.28125,359.86328,367.91992,372.5586,377.4414,373.7793
sample_8d7517fca51b1f97,380.12695,377.19727,376.70898,381.83594,370.60547,374.26758,374.75586,374.75586,379.39453,383.30078,381.83594,387.93945
sample_164f01adb806cecc,341.3086,350.58594,360.10742,365.9668,367.1875,389.4043,398.92578,422.36328,437.98828,460.44922,484.375,480.46875
sample_e032c7598227ac7a,439.9414,431.64062,416.25977,429.44336,418.2129,416.5039,424.3164,413.81836,431.15234,434.5703,459.96094,469.72656
sample_5e0c36e3da4808c0,365.9668,371.3379,378.6621,383.05664,379.8828,372.0703,379.1504,373.29102,379.39453,377.9297,379.63867,378.17383
sample_040df60b19cb2272,667.48047,681.6406,649.90234,618.65234,613.76953,612.79297,566.40625,571.77734,541.5039,525.8789,512.6953,518.5547
sample_ba96af62ea1e7db1,333.4961,335.9375,353.27148,360.5957,361.8164,357.91016,373.04688,370.1172,375.0,376.46484,385.49805,381.10352
sample_79d6c727047ce1fa,363.5254,368.89648,375.24414,364.7461,375.0,400.8789,391.60156,412.8418,410.15625,416.01562,427.97852,433.8379
sample_dba7ec681cd3fabb,345.21484,368.89648,390.38086,402.0996,403.8086,414.30664,424.3164,438.7207,436.52344,443.35938,447.50977,440.4297
sample_907748dfb1f69475,604.4922,625.4883,606.4453,583.9844,594.2383,593.75,556.15234,564.9414,544.4336,529.2969,520.5078,533.2031
sample_ef7df879292c0268,469.23828,458.4961,453.125,455.81055,430.17578,434.08203,425.78125,421.63086,412.59766,421.875,406.73828,396.24023
sample_56269458394107ae,386.4746,386.71875,387.93945,391.8457,385.00977,383.78906,380.61523,381.5918,381.5918,382.8125,387.45117,391.35742
sample_69884dc7765284e0,413.81836,416.9922,413.33008,416.9922,412.8418,418.9453,422.85156,426.7578,445.06836,443.35938,456.0547,458.0078
sample_a5f69a3162d33da7,334.96094,337.1582,343.26172,338.62305,333.4961,325.92773,339.35547,336.18164,342.28516,342.77344,348.38867,339.5996
sample_7178f73027a476a5,400.8789,401.85547,419.67773,421.38672,416.01562,416.5039,438.96484,427.49023,435.54688,431.64062,427.49023,419.92188
sample_06ada1f28ece4e45,400.14648,410.64453,426.51367,413.33008,425.04883,461.42578,461.42578,487.54883,487.06055,504.8828,507.8125,521.4844
sample_76de7bda5cade58c,571.28906,543.45703,527.83203,527.34375,497.31445,475.83008,463.3789,445.80078,433.10547,420.89844,406.49414,401.12305
sample_d6e37be6ab34ebfd,451.17188,458.98438,469.9707,484.13086,476.80664,466.06445,490.9668,477.05078,473.6328,476.07422,465.57617,441.40625
sample_5d87e0b44fa40a3a,290.52734,308.3496,313.7207,321.28906,310.30273,344.48242,345.21484,360.5957,389.89258,407.22656,417.23633,418.45703
sample_7393a2e29850a8eb,367.67578,357.91016,363.28125,346.92383,339.84375,351.31836,346.43555,360.35156,362.79297,363.76953,373.53516,372.5586
sample_67d199ebb06db76a,319.33594,316.6504,325.92773,326.66016,337.40234,357.91016,364.7461,396.72852,397.2168,410.64453,457.76367,463.8672
sample_2111f59993005dda,443.84766,437.01172,416.5039,403.56445,391.11328,384.27734,380.12695,383.54492,375.0,375.0,385.2539,388.42773
sample_6195dbc8f619a2b2,382.32422,370.8496,374.75586,359.13086,347.4121,359.375,349.60938,358.88672,362.79297,361.8164,368.16406,367.67578
sample_7e8e5b411991862d,535.15625,518.5547,505.85938,497.80273,468.50586,450.43945,427.97852,416.74805,402.83203,395.01953,390.38086,381.83594
sample_f3ce75e9b512a913,416.5039,422.36328,440.18555,447.7539,454.83398,452.14844,458.4961,451.41602,458.0078,451.66016,442.3828,439.9414
sample_e81ea58e84ba69a8,562.5,562.9883,566.40625,577.6367,598.14453,591.7969,605.46875,613.28125,607.91016,614.2578,614.2578,611.3281
sample_1393fb08b90bee8d,574.21875,556.15234,531.25,526.85547,518.5547,493.16406,480.2246,461.66992,452.14844,438.47656,425.29297,428.22266
sample_c385f1af4b396510,416.01562,418.2129,416.9922,412.8418,404.54102,394.04297,401.85547,390.86914,391.8457,386.23047,390.86914,375.0
sample_35e58fbe4fcafe85,378.41797,407.22656,416.25977,424.3164,448.2422,467.77344,468.50586,474.36523,484.375,490.23438,473.38867,485.10742
sample_0df5487b2985509e,484.86328,472.16797,466.06445,477.29492,447.50977,456.7871,463.3789,446.77734,460.9375,468.26172,466.55273,465.8203
sample_a4142e573c4ac413,356.68945,365.72266,376.46484,354.24805,362.79297,387.20703,397.70508,412.8418,426.51367,439.9414,455.5664,446.77734
sample_796f982d383b1273,430.41992,418.45703,407.95898,397.70508,388.42773,374.75586,351.31836,360.35156,352.05078,344.23828,355.46875,358.1543
sample_49bc6a92268fec3e,362.79297,385.00977,411.37695,415.77148,416.5039,430.17578,443.84766,453.36914,454.58984,460.9375,459.47266,451.9043
sample_d78603a8beadfb2a,316.1621,339.84375,340.33203,349.85352,349.60938,369.87305,387.93945,411.86523,432.6172,458.0078,490.9668,484.13086
sample_0e56778c1736d9d1,380.12695,379.1504,378.41797,384.52148,375.0,377.9297,377.68555,374.26758,380.3711,385.7422,380.12695,383.78906
sample_e2511529f3bd3fbf,379.63867,380.61523,381.5918,373.7793,373.7793,384.52148,379.1504,396.97266,397.70508,401.3672,423.58398,424.07227
sample_76137ee4433e07ed,378.6621,380.85938,389.16016,390.13672,384.76562,378.90625,382.8125,380.12695,382.08008,383.30078,382.32422,377.9297
sample_95e86b1a6925005f,334.22852,335.20508,339.11133,361.32812,351.07422,360.83984,352.29492,367.1875,370.8496,374.51172,388.42773,400.8789
sample_d0fdbfc6fa7b131e,503.90625,497.0703,479.73633,474.36523,474.1211,464.84375,459.7168,458.25195,449.70703,447.7539,433.59375,450.6836
sample_e48f82532dddbaf4,503.90625,500.97656,485.10742,471.92383,466.3086,442.62695,437.25586,417.7246,413.33008,403.3203,393.79883,386.4746
sample_f24a17fa18bbd970,410.88867,416.01562,420.6543,419.67773,430.17578,454.83398,470.21484,475.3418,488.76953,493.65234,494.38477,489.2578
sample_3610bfe90d518518,371.58203,376.70898,389.89258,396.97266,399.16992,400.8789,402.83203,402.0996,406.00586,408.6914,409.1797,408.93555
sample_c29a9c4838f43cee,356.20117,366.45508,367.67578,369.6289,352.7832,360.83984,373.29102,371.82617,379.8828,385.2539,378.90625,379.8828
sample_b602a8863c9de440,458.4961,454.58984,444.0918,437.01172,421.38672,418.9453,408.44727,403.56445,394.53125,392.57812,392.08984,384.27734
sample_f1aa033fe9f4db22,317.8711,320.3125,330.32227,341.3086,347.65625,354.0039,358.1543,369.38477,369.38477,375.0,385.98633,384.76562
sample_89f821191d3f8777,329.3457,334.22852,336.18164,349.36523,344.9707,349.36523,356.20117,364.01367,368.4082,380.3711,375.0,381.10352
sample_a0dcddb46a8ab3d0,377.4414,372.0703,401.61133,415.77148,426.7578,421.63086,443.60352,435.79102,435.79102,432.6172,444.0918,441.40625
sample_16ec975184435802,552.7344,535.64453,516.1133,497.80273,471.1914,472.65625,437.74414,444.33594,441.1621,432.1289,434.32617,424.8047
sample_206036d867dd7668,325.6836,324.4629,324.70703,321.04492,321.04492,323.2422,332.51953,334.96094,340.57617,348.6328,350.09766,352.53906
sample_901ed63440167c20,358.1543,367.43164,377.4414,385.00977,406.73828,446.5332,458.0078,479.73633,503.90625,542.96875,550.29297,568.84766
sample_f9bd2104a14f0db5,447.7539,446.77734,441.1621,432.86133,423.58398,410.4004,411.86523,397.94922,394.7754,395.01953,385.49805,385.7422
sample_85949315e92a8357,343.01758,361.08398,374.75586,405.0293,392.82227,412.8418,435.30273,444.82422,456.0547,478.51562,473.14453,472.16797
sample_5fd57a54d50fe42c,350.83008,355.46875,358.64258,364.2578,360.35156,365.9668,364.01367,367.1875,370.1172,375.97656,378.41797,372.5586
sample_38a51616a33990ca,295.41016,303.22266,311.03516,319.0918,315.4297,336.66992,344.23828,357.66602,376.46484,384.76562,400.63477,385.49805
sample_2941a94dff1f08f0,502.4414,518.5547,521.4844,530.7617,524.41406,514.64844,510.2539,512.20703,495.8496,498.04688,484.61914,466.79688
sample_3fba16b055fc79d8,389.16016,391.60156,395.26367,393.5547,378.17383,371.3379,384.0332,376.70898,378.90625,378.41797,375.97656,374.02344
sample_8cf6f7d2469bb423,348.6328,343.26172,346.1914,344.9707,334.7168,348.38867,343.99414,348.87695,359.375,357.91016,366.69922,362.3047
sample_dad6d9038b8434d0,379.39453,385.00977,380.61523,389.16016,384.52148,389.64844,388.42773,387.45117,394.7754,397.94922,396.72852,397.2168
sample_6056acafb9e2d546,336.42578,331.54297,339.84375,342.28516,334.22852,325.6836,336.42578,338.62305,339.11133,345.70312,343.26172,336.18164
sample_06b9d04738ce86d6,431.39648,432.1289,425.78125,419.67773,417.96875,406.00586,407.22656,395.01953,393.79883,388.67188,385.7422,381.5918
sample_58f2c44b12c95724,458.4961,457.2754,453.85742,446.5332,430.9082,444.0918,449.4629,449.4629,457.03125,469.23828,467.77344,466.06445
sample_1f75a4246986e2b0,506.83594,496.58203,485.83984,492.91992,477.05078,475.3418,467.04102,458.98438,454.10156,451.66016,441.6504,439.45312
sample_a7474810972b292a,397.2168,390.13672,392.57812,398.68164,383.30078,382.32422,378.17383,373.7793,374.75586,375.48828,362.06055,360.5957
sample_40358917c031d78c,326.17188,334.22852,342.5293,342.5293,345.94727,341.3086,354.0039,353.02734,364.7461,368.65234,376.46484,365.72266
sample_344562d9bc139854,559.5703,568.84766,561.03516,559.5703,574.21875,582.51953,543.9453,564.4531,551.7578,534.1797,539.5508,559.5703
sample_3f921280464ea420,406.49414,411.1328,427.49023,430.66406,442.3828,451.41602,481.9336,479.0039,493.65234,495.60547,503.90625,478.27148
sample_0a4a9ff61e70fca8,329.3457,338.3789,350.3418,356.68945,364.50195,360.83984,373.53516,370.8496,375.48828,377.9297,385.00977,381.34766
sample_f14ec8905e1d7d40,530.7617,536.1328,551.7578,547.85156,543.9453,523.9258,521.97266,506.34766,490.23438,470.70312,470.45898,463.8672
sample_90967b6553be6910,312.25586,315.4297,323.73047,333.74023,333.25195,349.85352,360.5957,364.2578,379.63867,390.625,386.23047,386.23047
sample_e8d613692118ee54,521.4844,514.16016,500.97656,495.8496,464.11133,460.44922,456.7871,447.26562,439.9414,441.40625,433.8379,409.66797
sample_0dcba66bb8b4a77d,459.47266,458.0078,440.4297,423.58398,421.63086,420.89844,411.1328,411.1328,409.9121,411.1328,404.05273,410.88867
sample_3284bdf65ea4ce70,454.58984,452.88086,449.70703,439.20898,433.59375,420.16602,415.03906,403.56445,406.49414,393.5547,395.26367,387.93945
sample_a56136f49e8b4926,475.09766,482.91016,496.82617,500.48828,494.6289,498.53516,514.64844,507.8125,503.41797,506.34766,491.94336,470.45898
sample_b0801858322fa788,372.80273,377.9297,382.32422,377.68555,376.95312,370.36133,377.19727,368.4082,374.02344,369.6289,372.80273,362.3047
sample_127de26d8a32790b,330.5664,327.14844,335.69336,349.85352,350.3418,365.47852,368.89648,392.33398,393.5547,399.41406,421.14258,432.6172
sample_8cb9bc9aa401d760,497.0703,497.0703,473.14453,469.48242,437.25586,433.59375,395.26367,416.9922,399.6582,406.73828,400.8789,387.45117
sample_c33b11b258af1e65,576.66016,579.10156,584.47266,586.4258,602.53906,584.47266,558.59375,571.28906,551.7578,530.7617,542.96875,552.7344
sample_f0d28634a513b048,400.39062,398.92578,403.3203,400.14648,393.0664,388.67188,384.27734,380.61523,386.23047,385.7422,387.20703,378.17383
sample_d6a66da031d3dc11,349.60938,355.46875,355.46875,367.91992,363.28125,372.80273,379.1504,384.0332,387.45117,397.94922,410.64453,401.12305
sample_68edd25dcbb7d88e,446.77734,443.84766,438.23242,430.9082,424.3164,412.35352,410.15625,395.9961,398.68164,390.625,390.13672,384.52148
sample_948e66e740fb7581,292.7246,306.88477,323.48633,336.18164,344.9707,342.28516,360.10742,357.91016,364.50195,369.14062,376.46484,374.26758
sample_e5c5f883a45c1fa4,382.56836,379.8828,399.16992,412.8418,423.33984,428.95508,430.41992,435.30273,434.81445,434.5703,437.98828,441.40625
sample_592605e903584228,433.10547,415.77148,407.4707,416.9922,385.2539,388.67188,385.98633,378.6621,370.36133,382.8125,364.99023,359.86328
sample_ce3b7994d8701035,592.77344,577.14844,555.1758,541.0156,508.78906,496.09375,467.04102,456.54297,429.19922,423.82812,405.0293,386.4746
sample_518620c3bfb3fc9a,353.02734,360.5957,361.57227,362.06055,350.58594,362.79297,380.12695,381.5918,391.11328,401.3672,400.63477,403.8086
sample_e8034b5004519d37,365.9668,365.23438,354.4922,365.9668,388.42773,393.0664,388.91602,408.20312,413.81836,435.54688,437.74414,457.51953
sample_3f99922165ef0665,321.77734,306.88477,316.6504,306.39648,295.16602,312.74414,305.9082,324.95117,327.88086,331.54297,346.43555,343.01758
sample_e0a41c42399b671d,507.8125,499.02344,485.10742,484.61914,479.0039,459.47266,455.07812,438.23242,429.44336,421.875,411.37695,410.64453
sample_f383fd2ca4adb621,314.45312,318.84766,328.125,339.35547,331.7871,337.64648,340.8203,339.84375,353.51562,361.8164,353.02734,347.4121
sample_e6c5243d2357c17f,349.85352,357.66602,364.99023,377.4414,361.32812,373.7793,391.35742,386.9629,404.54102,413.08594,409.42383,407.71484
sample_661853fdccd90d55,375.0,379.8828,384.76562,387.20703,384.76562,377.19727,381.34766,374.51172,380.61523,378.41797,382.8125,378.41797
sample_760c8a95794ca02f,325.92773,337.1582,343.99414,352.05078,355.95703,351.07422,363.28125,361.57227,367.43164,372.0703,375.48828,373.53516
sample_443061a7041e42cd,352.53906,354.24805,364.99023,367.43164,367.1875,373.04688,377.4414,379.39453,385.00977,380.85938,394.2871,384.76562
sample_5e8a3a318c4c45aa,426.7578,421.14258,422.11914,427.00195,417.96875,407.95898,403.56445,394.2871,395.75195,390.625,391.11328,393.31055
sample_0164bee47feb6cfa,349.1211,347.65625,346.92383,343.75,340.8203,355.46875,354.4922,380.12695,386.9629,387.6953,414.30664,420.16602
sample_41385c934388af24,326.17188,332.2754,346.1914,354.98047,353.51562,352.05078,358.88672,362.79297,368.65234,374.02344,378.41797,374.26758
sample_67c3b6a8f1c62f31,398.68164,420.6543,437.74414,464.84375,494.6289,505.85938,527.83203,545.89844,553.71094,580.5664,576.1719,572.7539
sample_d281fda1a2725cdd,542.48047,548.8281,551.26953,532.71484,533.2031,522.46094,513.1836,507.8125,484.61914,481.9336,474.60938,463.3789
sample_d658c5d02b1daace,405.76172,421.63086,420.16602,431.64062,443.35938,460.9375,471.92383,486.8164,519.04297,538.08594,569.33594,582.03125
sample_98dd79537c85da77,399.41406,401.61133,406.98242,406.98242,399.41406,407.22656,399.41406,404.29688,403.56445,404.78516,409.9121,415.2832
sample_1a89fb5e51a000de,317.8711,324.4629,334.7168,341.3086,349.85352,362.3047,373.29102,382.08008,387.20703,395.01953,399.90234,409.66797
sample_f7eac1aaffe01d53,426.7578,425.29297,432.6172,446.5332,429.19922,436.52344,446.5332,448.9746,454.83398,458.98438,463.13477,453.61328
sample_6ec2583d00e4bb51,519.04297,506.83594,489.01367,474.85352,447.7539,446.28906,431.88477,422.11914,414.79492,416.5039,396.72852,394.7754
sample_4faded68d796d7be,516.60156,505.85938,501.95312,506.34766,490.72266,484.375,483.1543,469.72656,468.75,466.3086,455.81055,446.77734
sample_c7b7694a3d1c1cb2,417.96875,417.23633,415.77148,413.81836,405.27344,406.00586,403.3203,394.7754,405.27344,401.3672,402.0996,387.93945
sample_0f77408a06000fb4,388.42773,386.9629,380.3711,391.35742,373.04688,374.51172,373.7793,374.51172,376.46484,380.85938,364.2578,368.89648
sample_d5ae905de9178492,351.5625,357.42188,362.54883,364.01367,361.32812,362.3047,370.8496,372.31445,376.2207,379.8828,382.08008,385.7422
sample_10dcd5f922cee913,312.98828,322.02148,333.4961,338.13477,337.40234,342.04102,347.9004,345.70312,360.83984,367.67578,362.3047,355.46875
sample_6eefbcc9d292c001,406.73828,414.55078,394.7754,407.95898,392.82227,398.4375,382.08008,405.27344,405.27344,416.5039,434.08203,433.59375
sample_476e97579e7b90b9,428.22266,428.95508,427.00195,439.20898,422.11914,426.26953,434.32617,434.81445,433.8379,439.9414,435.79102,438.23242
sample_c092d92544c3b5d1,406.00586,413.33008,415.03906,406.49414,400.63477,393.5547,396.97266,395.75195,396.72852,394.53125,405.76172,382.08008
sample_6f44df8685a7d5a8,370.36133,373.53516,378.90625,373.29102,370.8496,373.53516,376.95312,377.19727,372.0703,383.30078,379.63867,384.0332
sample_ed11cd80ac0261ab,404.29688,426.26953,441.40625,473.38867,500.0,510.2539,530.27344,548.33984,554.6875,579.58984,575.1953,567.3828
sample_c403344ae17d0c2e,433.10547,445.3125,444.33594,452.88086,432.1289,436.76758,429.19922,431.88477,437.98828,435.54688,427.2461,421.38672
sample_6ca8d2d802b198b9,348.87695,342.77344,343.26172,356.20117,341.3086,356.68945,354.0039,355.2246,363.76953,377.4414,368.65234,366.21094
sample_95ae141fe5e84fab,393.79883,402.5879,396.48438,413.81836,418.9453,442.3828,462.64648,459.7168,497.31445,515.1367,523.4375,533.6914
sample_9056b009e493eaa9,329.10156,338.13477,343.01758,360.10742,357.91016,369.38477,383.54492,386.9629,389.89258,405.76172,418.45703,406.25
sample_57a299819c5beb94,317.62695,326.17188,338.13477,339.35547,345.70312,350.09766,354.98047,357.66602,363.28125,368.65234,371.82617,365.9668
sample_ab07f87db797395c,581.54297,586.91406,574.21875,566.89453,569.8242,576.1719,542.48047,559.08203,529.78516,523.9258,529.78516,548.8281
sample_5e1937e123fe2a87,360.83984,361.32812,363.5254,370.36133,363.28125,366.69922,366.21094,369.14062,369.14062,373.53516,373.7793,371.09375
sample_1c07cf06c1f934f2,346.43555,359.61914,350.83008,365.72266,350.58594,362.79297,371.09375,384.76562,391.35742,401.3672,420.41016,411.37695
sample_d6bec87a9b32c50e,389.64844,392.57812,387.20703,398.92578,388.1836,405.76172,395.9961,421.38672,424.56055,436.03516,456.54297,447.26562
sample_2847a37970e94c7b,607.4219,590.33203,582.03125,576.66016,558.59375,540.03906,537.1094,517.08984,493.16406,474.1211,466.3086,459.22852
sample_c8bf7bfa6b2f8e5b,352.05078,359.61914,361.57227,366.94336,361.8164,364.99023,366.69922,367.67578,371.82617,376.95312,377.4414,372.0703
sample_140112825df155ec,369.87305,376.46484,379.8828,381.83594,380.3711,373.53516,381.5918,375.73242,380.12695,375.97656,384.52148,379.8828
sample_273534274ada9773,447.7539,431.15234,416.5039,406.98242,383.30078,394.04297,365.9668,385.7422,380.85938,380.3711,385.2539,379.63867
sample_f8b0913562a05a16,357.17773,358.39844,357.66602,359.61914,356.68945,352.05078,364.99023,368.65234,363.76953,366.69922,366.69922,368.16406
sample_bdff20399287ae2f,499.02344,491.69922,488.76953,486.57227,462.89062,449.95117,444.58008,433.8379,439.20898,427.2461,421.875,409.66797
sample_477f110b1e9de71a,427.2461,425.78125,424.8047,425.5371,413.33008,403.07617,403.07617,392.08984,392.33398,389.16016,381.10352,381.10352
sample_644c324c691b4a22,351.31836,345.70312,353.75977,325.6836,328.125,362.3047,351.5625,387.93945,393.0664,408.20312,444.82422,446.28906
sample_49556c0dbf038406,508.30078,507.32422,490.9668,477.29492,472.65625,447.7539,441.40625,423.58398,420.89844,408.20312,401.61133,393.31055
sample_48483ea4521fc330,383.30078,405.76172,418.70117,422.60742,441.6504,459.22852,481.20117,486.57227,500.0,510.2539,509.27734,505.85938
sample_945745efc025a492,420.41016,418.2129,441.40625,447.02148,443.35938,445.80078,449.95117,442.62695,452.14844,441.89453,437.01172,438.23242
sample_7d7ff02b71ecd3d1,350.3418,353.51562,368.89648,369.14062,371.82617,386.4746,397.94922,394.7754,403.8086,408.20312,407.4707,403.8086
sample_7227350b3383d200,419.92188,430.17578,425.04883,444.0918,459.96094,471.43555,489.99023,482.17773,521.4844,542.48047,551.7578,570.3125
sample_ec33f7b2d209b96b,455.07812,461.42578,462.64648,458.25195,449.95117,433.10547,434.5703,422.36328,422.11914,411.6211,417.48047,395.01953
sample_3977e0feaf8f4f4a,313.47656,324.21875,335.69336,343.50586,349.85352,347.4121,357.66602,356.4453,364.2578,369.6289,372.80273,372.31445
sample_adc99cf779b61767,547.3633,530.7617,507.32422,501.46484,471.92383,459.47266,426.26953,420.16602,406.73828,398.4375,393.31055,394.7754
sample_f7e220211dc86790,385.7422,377.4414,379.1504,385.00977,360.83984,358.39844,353.27148,351.31836,352.53906,353.51562,335.9375,340.0879
sample_dfe30d29f27de944,470.21484,464.35547,460.44922,461.66992,451.17188,441.40625,427.49023,420.16602,419.4336,409.66797,402.0996,397.2168
sample_d0febf4bf4ce968d,365.72266,375.73242,398.92578,399.90234,416.01562,424.3164,438.23242,431.39648,443.60352,445.3125,436.76758,437.74414
sample_eb1ebf539e7bb58f,464.35547,474.60938,470.45898,479.24805,497.5586,523.4375,517.08984,544.4336,565.91797,577.14844,591.7969,613.28125
sample_7c979400d3ea29d9,566.89453,568.3594,569.33594,548.8281,535.64453,540.52734,532.71484,534.66797,520.5078,523.4375,516.60156,511.23047
sample_f60d1be09f61cf08,448.73047,436.52344,456.54297,471.43555,458.74023,466.3086,464.35547,459.96094,476.5625,481.9336,458.0078,444.0918
sample_1736c4e3acbea6b4,489.2578,466.06445,449.4629,453.125,429.6875,438.96484,412.35352,441.40625,422.36328,428.22266,434.32617,450.6836
sample_cd398c89daa56120,475.09766,468.26172,459.96094,445.3125,440.18555,420.41016,415.2832,396.97266,398.19336,388.1836,381.83594,371.58203
sample_6733dea93b3b5cd2,349.36523,343.50586,353.02734,340.8203,333.25195,346.43555,343.75,358.1543,356.4453,360.83984,375.0,374.02344
sample_5f66ee2eb7bba81b,394.2871,392.33398,400.63477,409.66797,396.48438,397.46094,407.22656,404.05273,402.83203,403.8086,401.3672,390.13672
sample_16df4ad1afe44393,505.3711,495.60547,469.9707,481.68945,455.07812,457.03125,449.70703,438.23242,454.58984,456.0547,455.5664,463.8672
sample_457ed66a8ca0c6cc,337.40234,334.7168,344.9707,321.04492,326.41602,355.46875,351.31836,384.0332,386.9629,406.25,431.15234,430.17578
sample_bdd9208cea7c188c,397.94922,399.90234,400.63477,406.49414,414.30664,410.4004,416.25977,415.77148,415.77148,417.48047,420.41016,421.875
sample_85d2e4d4aa180744,339.84375,344.72656,355.95703,357.17773,358.39844,355.46875,363.5254,361.08398,367.43164,369.6289,371.09375,365.9668
sample_633d0b448721504b,324.21875,327.63672,329.10156,347.65625,358.88672,357.42188,368.65234,381.5918,379.8828,387.6953,398.92578,408.6914
sample_47828c4bc58bd981,362.79297,353.75977,355.95703,355.95703,350.09766,346.92383,352.29492,358.39844,357.66602,360.35156,358.64258,355.7129
sample_af08e61059c3ad67,394.04297,406.73828,423.58398,429.6875,435.0586,456.7871,481.4453,483.1543,489.99023,502.9297,487.79297,478.51562
sample_e69fbef0aafd943c,323.73047,330.32227,337.40234,357.91016,353.02734,358.39844,364.7461,390.38086,382.8125,391.60156,414.79492,399.41406
sample_fd30ee4c694f2e6f,475.09766,470.21484,466.79688,459.22852,443.60352,451.17188,459.7168,451.41602,457.2754,466.3086,458.74023,456.0547
sample_e75fb077ad7604d8,547.3633,565.91797,556.6406,542.96875,563.47656,578.125,552.7344,568.84766,557.6172,546.3867,550.78125,572.2656
sample_441dde2357f9dfb6,395.5078,404.29688,398.68164,399.90234,391.60156,382.8125,388.91602,387.6953,381.10352,386.23047,378.17383,380.12695
sample_b17325b2be6ff9a6,437.01172,437.98828,429.93164,428.4668,418.9453,415.03906,419.67773,413.08594,411.6211,409.66797,410.15625,403.8086
sample_744b9d2bf917c7f6,351.07422,358.1543,361.57227,363.0371,369.87305,373.04688,380.85938,385.49805,391.8457,395.9961,402.34375,409.1797
sample_b239f71f67685bc9,373.7793,375.97656,385.00977,386.23047,380.61523,370.1172,381.34766,375.73242,374.02344,375.48828,376.46484,371.82617
sample_ac23c0783f35e860,429.6875,410.64453,406.98242,412.8418,413.33008,413.08594,400.63477,416.25977,408.6914,411.6211,412.35352,431.15234
sample_bc1f10b496b10184,428.71094,427.73438,427.49023,433.59375,427.97852,435.0586,440.91797,444.82422,463.8672,464.84375,474.60938,474.85352
sample_a686db54f0ce55a2,467.28516,460.9375,474.85352,474.85352,448.2422,432.37305,432.37305,424.07227,416.01562,401.85547,395.5078,393.5547
sample_ef4d469fdde5cf59,586.91406,581.0547,546.3867,551.7578,522.46094,517.08984,508.30078,493.4082,490.72266,500.48828,484.13086,484.375
sample_658f58568a62fcb3,397.46094,393.31055,390.13672,383.05664,370.60547,369.87305,366.45508,365.9668,368.16406,371.58203,366.45508,367.67578
sample_0651b8cd66f4aa1d,417.23633,401.85547,392.33398,393.79883,366.21094,366.21094,356.9336,359.13086,355.2246,348.6328,349.85352,354.0039
sample_48ce87465168f68b,468.26172,468.75,472.4121,492.91992,489.7461,504.39453,517.5781,521.97266,521.4844,528.8086,532.22656,527.34375
sample_11ac3461b7f1ce0d,564.9414,553.71094,555.1758,558.59375,535.15625,523.4375,521.97266,509.76562,488.0371,480.95703,464.11133,435.0586
sample_31312a4cd19de752,326.17188,316.89453,330.81055,302.00195,304.6875,333.4961,330.32227,362.54883,363.76953,381.83594,407.71484,406.49414
sample_082f05492d91ef69,380.85938,378.90625,374.02344,370.1172,355.2246,346.43555,353.27148,349.1211,349.36523,347.65625,351.31836,347.9004
sample_3c514bfffd63f820,405.27344,405.0293,407.71484,400.14648,398.4375,391.60156,391.8457,383.05664,384.76562,380.85938,379.63867,373.29102
sample_a83c2f1e5015ce57,365.9668,372.31445,367.67578,371.82617,382.8125,395.5078,402.0996,405.51758,409.42383,417.96875,415.2832,415.77148
sample_6aadca2d093e6b1b,352.7832,360.10742,367.43164,369.6289,371.82617,367.67578,374.02344,369.14062,371.58203,373.04688,376.95312,373.53516
sample_ac02c5e51920b4bf,546.3867,542.96875,542.96875,537.1094,497.0703,495.60547,483.1543,473.14453,461.66992,458.0078,441.89453,420.6543
sample_1fb9e9ad80e8fd20,517.5781,501.46484,479.73633,473.38867,451.66016,442.8711,425.78125,426.0254,410.4004,407.22656,402.0996,407.95898
sample_1b0c5ce5763f831e,401.85547,402.0996,403.8086,417.48047,408.20312,414.55078,414.79492,416.5039,416.25977,424.3164,418.2129,420.89844
sample_79ab7d08d72841a4,326.66016,338.62305,343.50586,342.28516,347.16797,368.4082,390.625,406.49414,423.58398,434.08203,455.07812,466.3086
sample_44e39992c98fbb7f,349.60938,355.95703,357.66602,375.24414,376.95312,364.7461,391.8457,388.42773,392.82227,399.90234,403.56445,397.2168
sample_e3bfa4eacf797bed,353.27148,344.23828,351.31836,338.62305,335.20508,343.01758,347.9004,363.76953,362.79297,367.67578,379.63867,374.02344
sample_4a4cbbebedd5b6e7,560.0586,553.71094,518.5547,525.8789,499.26758,497.0703,490.47852,475.83008,481.9336,491.21094,478.51562,485.83984
sample_465b3d65212c1944,398.4375,400.14648,399.90234,390.625,391.60156,389.16016,386.4746,382.32422,381.83594,379.8828,380.85938,372.5586
sample_5e37a187de4ea6a4,366.45508,376.70898,376.46484,369.38477,358.39844,370.60547,375.24414,379.63867,389.64844,399.90234,395.75195,396.97266
sample_f1c12d4005a2dbb3,395.75195,398.4375,400.39062,399.16992,394.7754,387.20703,390.38086,381.83594,383.78906,381.83594,384.52148,379.39453
sample_ba883f386ebe18f0,333.74023,337.64648,344.48242,366.45508,348.14453,372.31445,376.46484,383.05664,394.53125,405.27344,395.01953,388.42773
sample_5c1e68fb1a98d156,647.9492,635.2539,649.90234,633.3008,633.78906,604.0039,592.28516,573.73047,540.03906,510.7422,507.32422,512.20703
sample_24d6fa403a1fbc49,396.72852,396.72852,398.68164,409.42383,394.7754,387.20703,395.01953,389.4043,388.67188,393.5547,378.6621,375.97656
sample_e8dcccb33a3315d4,380.12695,378.41797,379.39453,370.60547,360.35156,357.91016,365.72266,363.28125,365.23438,364.7461,365.72266,361.8164
sample_fa169c002316f24a,386.23047,384.52148,368.89648,381.34766,376.70898,370.36133,381.10352,392.08984,381.34766,388.67188,411.1328,417.23633
sample_a1e8a6cb85bd9174,555.1758,525.8789,496.82617,480.2246,445.80078,441.40625,408.20312,410.88867,395.5078,389.64844,383.78906,382.8125
sample_881b36d74df341d3,407.22656,401.3672,400.8789,394.04297,381.83594,401.85547,401.85547,414.55078,419.4336,429.19922,449.95117,453.85742
sample_b0fed452a2b487a1,333.25195,336.42578,341.55273,359.13086,342.28516,365.72266,361.57227,371.09375,380.85938,390.625,385.2539,377.19727
sample_85e4bd9b5c2e38c4,473.6328,476.07422,479.24805,484.61914,464.35547,461.91406,456.7871,455.07812,446.5332,448.2422,434.81445,426.26953
sample_dcb432f816a14e06,363.76953,372.0703,396.48438,400.39062,417.23633,447.26562,462.40234,486.32812,490.23438,512.6953,526.3672,535.15625
sample_8c0443e88785d1f0,383.30078,386.71875,376.2207,377.68555,380.3711,381.34766,372.0703,382.32422,390.625,389.64844,386.4746,386.71875
sample_ec430834084c1119,302.73438,313.96484,327.88086,336.66992,341.3086,339.5996,353.75977,351.31836,357.91016,362.79297,368.65234,365.23438
sample_28408913776be56f,495.60547,507.32422,516.1133,524.90234,540.52734,543.9453,531.25,535.15625,533.2031,513.6719,519.04297,526.3672
sample_f2f3b8990beab323,603.5156,607.4219,589.35547,575.6836,577.6367,583.4961,545.41016,562.9883,529.78516,524.41406,528.3203,546.3867
sample_24631fb4f1a89a21,349.1211,351.07422,354.0039,356.20117,348.87695,348.6328,346.6797,345.94727,351.31836,354.0039,351.80664,343.01758
sample_5d9b08eb34c9c587,539.5508,552.2461,539.5508,523.9258,544.9219,557.1289,532.22656,550.78125,536.1328,535.64453,532.22656,554.1992
sample_73a99713a0b1dd1d,371.09375,369.38477,369.6289,357.17773,355.46875,354.0039,359.61914,364.2578,368.16406,369.14062,376.70898,377.68555
sample_f2849a20ce728ccd,399.90234,403.3203,391.11328,390.13672,388.1836,387.6953,380.12695,380.61523,375.97656,377.9297,377.19727,369.38477
sample_4c2c02fd608314ce,593.2617,575.1953,570.8008,565.4297,524.41406,512.20703,497.31445,486.57227,461.91406,452.63672,434.08203,413.81836
sample_94fd7f19c90a9fb3,317.8711,326.17188,327.39258,345.70312,358.39844,357.91016,370.8496,383.05664,382.32422,390.625,400.8789,408.6914
sample_50f8b9a484291d79,586.4258,574.21875,548.8281,550.29297,505.85938,493.4082,478.75977,462.40234,439.45312,434.08203,408.20312,401.61133
sample_6a7e7fb247a00189,333.0078,339.35547,346.1914,356.20117,354.73633,354.4922,364.2578,374.75586,375.97656,381.34766,393.31055,390.625
sample_69eaaf5ebbdc14d7,378.41797,375.0,371.3379,368.4082,361.57227,363.28125,366.45508,364.01367,371.09375,377.4414,376.2207,375.97656
sample_6f8ebedf529650c1,377.68555,379.63867,382.32422,384.0332,375.24414,379.63867,382.32422,382.32422,388.42773,395.5078,392.33398,390.86914
sample_d469f4ab64df3b38,355.46875,354.24805,353.51562,368.16406,345.45898,353.75977,352.7832,350.58594,358.88672,369.14062,351.80664,353.75977
sample_fcdb8bf5c8896611,375.24414,378.90625,372.80273,377.19727,373.53516,364.99023,374.26758,376.46484,370.1172,371.09375,369.38477,371.58203
sample_8379c16c0ee18251,577.6367,582.51953,584.96094,597.16797,612.3047,606.4453,603.02734,606.9336,610.83984,607.91016,601.5625,599.6094
sample_cda8f1b16a3abbf1,393.31055,391.60156,394.04297,397.70508,396.97266,395.5078,394.2871,391.11328,396.24023,397.46094,397.70508,398.92578
sample_2e489e168c6c4e52,455.5664,467.77344,475.3418,511.23047,529.2969,559.08203,564.4531,596.6797,601.5625,632.8125,627.9297,642.5781
sample_4379938acd95738d,338.8672,340.57617,351.07422,356.68945,342.28516,352.29492,349.36523,355.2246,364.7461,371.09375,373.53516,367.67578
sample_6cebb51b274c0f2e,329.3457,332.51953,346.92383,358.64258,365.72266,376.2207,386.23047,393.31055,396.48438,402.34375,407.71484,414.0625
sample_13349a9c541d5f5f,358.1543,365.72266,363.5254,365.9668,376.46484,386.23047,394.7754,396.48438,401.61133,408.20312,408.20312,410.64453
sample_98b5cff173db1517,618.65234,599.1211,583.9844,593.75,566.89453,571.28906,561.52344,550.29297,538.08594,535.64453,521.4844,515.625
sample_023618e29570fd33,350.58594,356.4453,367.67578,361.8164,355.95703,346.43555,358.64258,354.98047,359.13086,360.35156,357.42188,353.27148
sample_cb9288e2881a7a81,350.58594,349.85352,352.7832,344.48242,337.1582,331.0547,341.55273,337.89062,342.77344,341.79688,347.16797,340.33203
sample_d47391f583eff54f,361.08398,364.2578,371.82617,375.73242,389.4043,423.82812,432.1289,458.74023,483.88672,513.1836,533.6914,555.66406
sample_a559afc7e0875413,354.4922,354.73633,365.23438,374.75586,365.9668,362.54883,370.36133,367.43164,369.87305,372.5586,376.70898,375.24414
sample_59c5339caadddf8b,299.07227,309.08203,314.9414,324.4629,312.98828,335.9375,336.66992,352.05078,365.72266,375.48828,390.625,378.90625
sample_273d14b13f6887ba,304.44336,310.79102,317.8711,332.2754,318.11523,343.01758,343.99414,356.9336,369.6289,383.78906,389.4043,379.39453
sample_84e4c56583df04b9,391.35742,392.33398,391.35742,394.2871,387.6953,397.46094,394.7754,388.91602,403.3203,403.8086,405.51758,393.79883
sample_845f60c919d3b7eb,302.73438,312.74414,318.35938,325.92773,315.67383,336.42578,338.62305,352.29492,366.21094,375.0,390.625,379.39453
sample_5230a6d7de4ae486,411.6211,416.25977,434.81445,444.0918,450.6836,450.43945,456.54297,449.4629,457.2754,452.63672,441.6504,441.40625
sample_39c30337ba28714b,357.66602,359.375,367.91992,365.72266,364.7461,361.08398,366.94336,362.54883,368.16406,366.21094,368.89648,362.3047
sample_f8f413b7ce0065b0,483.39844,471.1914,492.43164,502.4414,486.08398,497.0703,502.9297,494.6289,509.27734,520.5078,485.83984,467.04102
sample_96e4f1caf1b9609a,332.51953,341.06445,350.58594,356.4453,358.39844,353.27148,364.50195,358.88672,367.1875,371.09375,374.51172,371.58203
sample_c929983834d2fcca,394.7754,394.04297,382.08008,386.4746,387.20703,386.71875,377.68555,381.5918,377.9297,379.8828,378.41797,373.53516
sample_e75f8b578083ac40,475.09766,474.1211,463.13477,452.63672,447.50977,426.7578,427.00195,409.42383,405.27344,399.41406,387.93945,381.34766
sample_36be80cee7fad7d9,394.04297,395.75195,386.4746,382.56836,367.91992,373.29102,368.16406,370.36133,371.82617,377.4414,364.99023,369.87305
sample_1628ccf93af06100,470.70312,460.20508,473.38867,469.9707,443.35938,429.6875,425.5371,417.23633,410.15625,395.9961,390.38086,388.91602
sample_7b2d03524718e87f,319.0918,333.98438,333.74023,343.50586,330.32227,357.17773,364.50195,388.91602,405.27344,426.7578,453.36914,445.3125
sample_7b9ec3bca9d5af19,336.66992,346.6797,353.02734,357.17773,360.35156,355.2246,363.0371,360.10742,367.1875,370.60547,375.24414,372.5586
sample_749047c81894b994,409.42383,396.97266,401.12305,391.60156,371.3379,398.4375,396.48438,385.2539,424.07227,428.71094,417.96875,417.7246
sample_b9f0e36bf8b65c72,312.25586,309.32617,326.17188,346.1914,339.84375,342.5293,360.83984,356.20117,367.43164,377.4414,377.68555,360.35156
sample_fb4d3763986c3bce,532.71484,543.45703,550.78125,562.9883,578.125,561.52344,553.71094,561.52344,535.15625,526.85547,535.64453,549.8047
sample_f9f2af6c325321ed,482.91016,484.375,484.375,469.48242,458.0078,478.27148,469.48242,470.94727,484.61914,478.51562,480.95703,488.28125
sample_11bcf7f60f09dcc7,439.9414,429.93164,427.97852,428.95508,420.41016,415.52734,405.27344,398.92578,401.61133,396.48438,395.9961,401.85547
sample_f87080118ff253ca,366.21094,384.0332,407.4707,418.2129,447.50977,467.5293,489.7461,506.34766,529.2969,556.15234,578.6133,586.4258
sample_535e63c3c66f8dc2,326.17188,348.87695,360.10742,366.21094,353.27148,399.41406,406.25,408.44727,458.98438,474.60938,481.9336,485.83984
sample_75b9266b9c18fd12,488.28125,501.95312,510.7422,524.90234,520.01953,514.64844,501.95312,488.76953,499.02344,481.4453,469.9707,461.42578
sample_486436cb5d758a0e,355.95703,361.32812,369.38477,368.4082,374.51172,368.4082,366.94336,363.5254,371.58203,373.53516,371.82617,368.65234
sample_392be734cdf2baa9,386.23047,390.13672,395.26367,393.79883,395.26367,383.30078,389.64844,379.63867,382.32422,378.90625,380.61523,373.04688
sample_d35ed983136c9215,396.48438,404.78516,396.72852,394.53125,402.83203,388.67188,382.8125,383.54492,386.23047,387.20703,378.17383,372.80273
sample_6c82dc5488ef0876,364.50195,376.95312,401.85547,431.15234,441.1621,452.14844,474.36523,482.42188,491.69922,502.4414,508.78906,504.39453
sample_035a29eba2098557,327.39258,337.89062,350.3418,357.91016,359.375,354.24805,366.94336,364.99023,371.58203,373.04688,379.1504,378.41797
sample_9cebc85f740acf3d,397.70508,397.2168,390.625,395.9961,388.42773,386.23047,378.6621,375.24414,378.41797,382.8125,374.26758,371.3379
sample_45cb01a337990a05,359.375,362.06055,373.29102,377.4414,372.80273,368.16406,374.51172,373.7793,376.95312,380.85938,381.5918,375.73242
sample_be69e26376bf9122,448.2422,444.58008,438.23242,437.5,425.78125,411.37695,408.20312,396.24023,396.72852,390.13672,386.71875,386.71875
sample_558e25b33198de52,316.6504,325.1953,338.62305,352.29492,347.65625,350.09766,352.7832,357.17773,361.08398,372.5586,373.53516,378.41797
sample_53c6e2f4ef810354,394.53125,383.54492,382.08008,383.54492,370.36133,357.66602,359.13086,358.64258,358.1543,357.91016,350.3418,348.6328
sample_9734f9ef13dd1a6d,405.27344,414.0625,406.00586,414.79492,420.89844,420.6543,428.4668,444.82422,443.84766,456.0547,468.75,451.41602
sample_90a12fa9f5a01f1e,406.49414,409.42383,425.04883,424.3164,419.4336,419.92188,428.22266,418.9453,425.29297,420.89844,420.41016,410.88867
sample_21fa076dd4782e84,347.65625,347.4121,358.88672,363.28125,364.2578,360.35156,369.38477,367.67578,366.45508,368.65234,381.83594,366.69922
sample_f55c34ced42c5971,565.4297,570.8008,580.5664,577.6367,583.0078,560.5469,537.59766,545.41016,524.41406,500.48828,508.30078,512.20703
sample_059c038ab3b49f9c,435.54688,425.04883,429.93164,445.55664,442.8711,440.91797,436.76758,445.3125,439.69727,446.77734,438.96484,458.25195
sample_b177fb9800adb2a6,368.4082,393.79883,411.37695,465.33203,482.91016,494.87305,512.6953,530.7617,545.89844,562.5,564.4531,561.03516
sample_c9523590822680e7,337.89062,349.36523,357.17773,357.91016,360.35156,356.4453,367.91992,362.3047,365.72266,371.58203,368.89648,364.7461
sample_2ac76544e0d17c4d,503.41797,489.2578,492.67578,502.4414,491.21094,479.0039,474.85352,458.74023,461.42578,442.8711,439.69727,437.01172
sample_381d1c97dd42bcd9,315.91797,327.39258,331.54297,339.5996,347.16797,356.9336,367.91992,371.82617,379.63867,384.27734,388.91602,388.91602
sample_3e74de15145407bb,389.16016,390.38086,386.23047,377.19727,363.76953,360.5957,364.2578,361.57227,363.0371,365.72266,359.61914,358.88672
sample_3ed01bb9071ca82d,496.58203,493.65234,476.80664,482.66602,449.21875,458.25195,449.70703,455.5664,455.5664,460.44922,455.81055,454.10156
sample_c295e24dc09c5f58,364.2578,368.65234,375.73242,380.3711,374.26758,372.5586,378.6621,372.5586,377.4414,378.41797,380.12695,371.3379
sample_9788ccf98419251e,386.4746,394.7754,406.98242,416.01562,422.85156,440.67383,449.21875,450.43945,468.75,469.72656,467.5293,473.6328
sample_ed1a0f8e01a16be2,449.21875,447.50977,442.62695,445.06836,435.30273,416.9922,415.52734,402.34375,403.8086,394.04297,393.79883,391.35742
sample_19d13cdc064fde21,542.96875,554.6875,561.52344,565.4297,582.03125,579.58984,596.1914,587.8906,598.6328,609.8633,601.5625,592.77344
sample_e16585d531743ad5,397.94922,419.4336,432.37305,419.18945,426.7578,461.18164,464.84375,485.5957,506.83594,526.3672,531.7383,531.25
sample_90ea5073a72bde55,372.31445,371.3379,370.1172,374.26758,366.94336,371.09375,367.1875,367.67578,376.2207,377.9297,375.73242,374.02344
sample_b3b11f671c60ced5,374.26758,373.53516,371.58203,377.19727,369.14062,370.8496,373.29102,371.09375,380.12695,385.2539,380.85938,384.0332
sample_845bdda5f3ab0df8,369.38477,368.65234,375.0,382.08008,381.34766,384.52148,385.98633,384.76562,389.89258,395.5078,394.04297,397.46094
sample_f9542835f5eab3e7,477.05078,464.84375,450.92773,437.74414,419.18945,415.52734,403.8086,395.26367,389.64844,394.53125,375.0,362.54883
sample_68cf41e9121450a8,413.81836,416.01562,414.0625,416.74805,406.73828,401.61133,404.54102,413.81836,398.68164,403.3203,400.39062,397.70508
sample_73313bd9e8280ab0,455.5664,435.79102,426.51367,425.29297,389.4043,406.25,388.91602,376.2207,407.22656,402.34375,387.45117,388.42773
sample_2e05dfa4f0da896c,347.9004,345.45898,346.92383,360.83984,355.7129,360.5957,367.43164,386.9629,377.4414,389.64844,401.61133,415.77148
sample_b1202384d9bda4b1,390.86914,398.68164,413.08594,431.64062,450.6836,448.2422,458.0078,469.23828,469.48242,471.1914,474.85352,493.16406
sample_59daf4f83929d2d7,389.64844,395.26367,388.91602,397.46094,389.89258,409.42383,398.4375,423.58398,429.6875,441.89453,463.8672,453.125
sample_a81e4601cdc563e5,370.1172,372.5586,365.9668,364.99023,356.4453,358.88672,367.1875,369.6289,375.97656,382.8125,385.98633,388.1836
sample_44ab84dd5af050d5,709.96094,670.89844,659.66797,644.04297,593.2617,589.84375,565.4297,547.3633,530.27344,521.97266,490.72266,460.44922
sample_eb57e135eef6d880,297.36328,308.3496,322.50977,334.47266,341.06445,340.33203,351.80664,351.80664,359.86328,365.23438,370.1172,370.60547
sample_1373c566f19b30fe,370.1172,373.04688,390.625,401.85547,407.4707,408.20312,415.2832,415.77148,417.7246,422.85156,421.14258,423.58398
sample_c495cbe53dab86ae,461.91406,451.66016,436.2793,433.59375,422.60742,418.2129,402.34375,398.68164,395.9961,391.60156,384.0332,379.63867
sample_30b0352e36aa9cae,459.96094,457.03125,447.99805,438.23242,433.3496,418.9453,417.23633,401.3672,403.56445,395.01953,394.2871,388.1836
sample_2a99a7fb37856af8,469.23828,461.66992,467.28516,483.1543,471.1914,475.09766,487.54883,479.98047,479.98047,476.07422,483.88672,471.6797
sample_ad1f38e9c28165a9,523.4375,520.01953,524.41406,515.625,489.7461,479.98047,466.79688,458.25195,440.4297,426.26953,415.52734,413.81836
sample_ff87e7071fb59f3d,314.9414,324.21875,337.64648,345.94727,349.60938,349.60938,361.57227,362.3047,367.67578,369.6289,377.68555,376.46484
sample_9f3e595bddbfe638,357.17773,378.6621,384.76562,396.24023,390.86914,403.8086,400.39062,411.86523,417.23633,414.55078,412.59766,421.875
sample_bbad2aae141d12b0,351.80664,357.91016,361.08398,358.64258,352.7832,355.46875,367.91992,368.4082,375.0,376.46484,379.1504,380.12695
sample_ff6d35da5c7f4f40,377.68555,395.01953,416.74805,421.875,426.51367,455.5664,468.26172,480.2246,500.48828,519.04297,523.9258,520.9961
sample_3472a7565457924f,403.3203,398.92578,383.05664,402.34375,388.67188,401.61133,391.8457,418.45703,414.55078,423.33984,436.52344,455.81055
sample_c725d6687d1c9277,410.64453,407.71484,404.54102,405.51758,406.98242,420.41016,415.03906,433.3496,421.875,426.7578,436.52344,446.77734
sample_b9a43be7631c4b22,588.3789,576.1719,549.8047,569.33594,528.8086,513.6719,515.1367,493.4082,494.14062,492.67578,478.51562,456.29883
sample_3ca5e979d651349c,355.2246,361.08398,370.36133,365.47852,372.80273,369.14062,367.43164,364.50195,371.82617,375.0,373.04688,366.45508
sample_55b4e1b2b1501808,412.35352,414.0625,411.86523,409.42383,402.34375,391.11328,393.79883,381.83594,384.27734,382.32422,376.70898,373.04688
sample_66bf35708e73c5fc,333.4961,334.7168,335.9375,349.85352,354.98047,355.95703,365.23438,384.27734,376.2207,388.67188,401.85547,415.52734
sample_66a3d6252321425d,335.44922,344.9707,344.48242,348.14453,350.09766,341.79688,360.10742,358.64258,362.79297,371.58203,372.5586,370.60547
sample_877d5887ddbd37b7,470.21484,459.22852,472.4121,490.47852,471.92383,489.2578,501.46484,491.94336,506.83594,517.08984,488.76953,474.60938
sample_43d828da0cdea957,637.20703,625.4883,616.6992,612.79297,598.14453,568.3594,566.89453,537.59766,512.6953,499.02344,479.73633,471.1914
sample_97642b206f7e6ae1,385.00977,399.16992,423.0957,448.2422,452.88086,462.89062,497.80273,496.82617,513.1836,532.71484,515.625,501.95312
sample_5009e3710dbbe0c3,367.91992,373.7793,377.68555,371.58203,375.0,374.75586,370.36133,372.31445,378.6621,377.9297,376.95312,373.29102
sample_d3e2642b627d9b0c,670.89844,669.4336,640.625,616.6992,597.65625,594.72656,554.6875,551.26953,520.9961,509.27734,491.21094,487.3047
sample_5ae06034419c5b18,346.92383,354.24805,359.13086,365.23438,364.99023,361.08398,372.31445,369.87305,374.51172,375.48828,381.10352,378.6621
sample_6d2543dd4b2bb916,318.84766,325.43945,321.77734,340.0879,316.40625,330.81055,330.32227,333.4961,345.21484,360.83984,347.4121,354.73633
sample_88a558c0baaa41cd,406.49414,405.27344,404.54102,413.57422,387.93945,385.49805,379.63867,372.80273,369.87305,380.3711,377.68555,381.83594
sample_872e46b6258c89e9,378.41797,372.31445,393.79883,408.93555,415.03906,413.08594,427.73438,424.56055,424.56055,420.89844,433.8379,431.64062
sample_0e74ac3d876ebbb6,392.57812,393.0664,396.24023,390.13672,387.20703,384.76562,391.11328,387.20703,381.10352,387.6953,381.10352,385.7422
sample_0404a86e7f607c67,653.3203,658.6914,649.90234,637.6953,652.34375,638.6719,612.3047,630.3711,622.0703,611.8164,619.1406,624.5117
sample_4fc21df0fb63561a,312.74414,323.48633,336.42578,343.75,350.3418,346.43555,360.35156,358.1543,365.47852,370.60547,374.75586,372.31445
sample_f83d8b1783e7b2cd,546.3867,532.71484,511.23047,499.75586,469.23828,463.13477,445.80078,437.25586,424.07227,420.89844,408.6914,403.3203
sample_af141dc2aeb8ebba,368.4082,386.4746,409.1797,405.0293,416.01562,433.8379,441.89453,455.5664,449.21875,461.91406,462.89062,461.91406
sample_4827977dbb8914d8,382.8125,386.4746,402.0996,407.4707,415.03906,412.10938,425.29297,421.14258,420.16602,421.875,417.96875,419.92188
sample_70c964e110701fac,451.66016,442.8711,423.0957,438.23242,410.15625,418.2129,402.34375,418.70117,409.1797,415.52734,422.60742,436.76758
sample_e9aee730c123d5c1,341.79688,356.9336,362.79297,359.13086,349.60938,363.76953,370.8496,379.8828,392.33398,406.73828,407.4707,402.83203
sample_bc4c597c92473108,356.4453,358.88672,375.73242,375.24414,378.6621,387.20703,400.63477,396.48438,404.78516,406.25,408.6914,403.8086
sample_262c736adc6c5019,336.91406,329.83398,330.32227,316.1621,318.35938,327.63672,324.21875,340.0879,340.57617,344.72656,354.73633,345.94727
sample_e025211f2fe1bba9,384.27734,380.3711,381.5918,390.38086,374.51172,372.0703,372.31445,366.21094,370.1172,373.04688,359.86328,357.17773
sample_1ceb8c8fe3c7ca4a,455.5664,451.17188,443.84766,436.2793,425.29297,411.37695,407.22656,391.8457,394.2871,384.27734,381.10352,376.46484
sample_9ee88231525d142e,382.8125,385.7422,388.67188,392.08984,384.76562,377.19727,383.05664,377.9297,379.63867,376.46484,378.6621,379.63867
sample_40b986f7b4427a7f,418.9453,423.58398,439.69727,449.95117,455.5664,455.32227,459.7168,453.85742,462.40234,455.07812,445.3125,447.99805
sample_151cc436690464d7,397.46094,398.92578,386.71875,389.16016,388.91602,387.93945,379.8828,382.32422,377.68555,379.8828,379.63867,372.5586
sample_ee0d7b26993cb674,337.64648,352.53906,364.50195,373.53516,389.16016,396.72852,410.88867,419.92188,432.1289,439.9414,448.2422,441.40625
sample_84bed29fbc57ab27,544.4336,556.15234,564.9414,556.15234,552.7344,536.6211,515.1367,518.0664,498.53516,483.39844,476.07422,479.4922
sample_8413ee6579848760,431.64062,428.22266,428.71094,422.11914,409.66797,435.30273,429.44336,419.18945,446.28906,456.54297,436.76758,440.91797
sample_d4ca851de150a95d,349.1211,355.46875,368.65234,346.1914,355.46875,376.95312,385.49805,400.63477,417.96875,427.2461,447.7539,437.98828
sample_92b85bdd8100654e,520.5078,511.71875,502.4414,488.0371,466.55273,466.3086,439.20898,447.02148,439.69727,435.0586,435.30273,424.3164
sample_b5bb7212b4c2d8e5,368.16406,367.43164,358.88672,356.68945,348.6328,363.0371,350.3418,382.56836,377.9297,387.6953,421.14258,418.9453
sample_8f0f48364afeac73,352.29492,355.7129,361.08398,350.3418,360.5957,386.71875,373.7793,397.2168,394.04297,398.4375,413.08594,420.89844
sample_31ed00ea7b071c9b,479.4922,470.21484,461.66992,458.25195,435.30273,435.0586,423.58398,420.41016,408.20312,413.57422,402.34375,389.64844
sample_b3f5239c1b9c786c,371.3379,389.16016,398.68164,423.82812,407.22656,426.7578,439.9414,438.47656,460.69336,468.75,461.66992,458.4961
sample_aed63f97fe1b4092,683.10547,632.3242,596.6797,587.40234,533.2031,516.60156,485.10742,464.11133,431.64062,423.33984,401.12305,373.53516
sample_a94260b52063949c,310.0586,315.4297,319.33594,334.7168,322.7539,345.21484,348.87695,358.1543,367.91992,385.2539,382.8125,375.24414
sample_2140a087dbe1daae,333.98438,333.74023,341.55273,353.75977,357.91016,368.89648,376.46484,397.70508,395.9961,401.85547,421.63086,434.32617
sample_c374bcd814e10126,343.50586,352.53906,352.05078,354.73633,365.23438,376.70898,387.93945,388.42773,397.2168,404.29688,406.49414,410.64453
sample_c55e1051ac31ba74,356.68945,354.4922,361.32812,365.9668,345.70312,360.83984,348.6328,361.08398,363.76953,372.0703,378.41797,369.6289
sample_71cb05b161000a41,469.23828,454.58984,461.91406,463.3789,435.0586,417.23633,411.6211,405.0293,396.97266,385.7422,375.24414,372.5586
sample_c4c8d6191a9b2849,457.03125,454.58984,450.6836,447.99805,435.79102,430.9082,435.30273,428.4668,427.00195,419.92188,419.92188,409.66797
sample_deb122c4449c1edf,422.85156,420.89844,420.6543,419.92188,411.6211,419.92188,414.30664,419.92188,420.16602,420.89844,428.4668,430.17578
sample_395eb28e4451d70c,556.6406,560.5469,557.1289,556.15234,567.3828,577.6367,544.9219,564.9414,551.26953,536.6211,543.45703,564.9414
sample_8995c361f2cb5b1b,320.06836,324.21875,330.81055,320.80078,325.43945,324.70703,338.3789,345.70312,349.1211,355.46875,366.69922,360.10742
sample_871c80a90b7db5b4,398.4375,398.4375,398.68164,390.86914,392.08984,387.20703,379.63867,379.1504,379.1504,378.41797,378.17383,369.87305
sample_434617555473c444,396.72852,391.35742,388.91602,392.33398,381.34766,379.39453,370.36133,370.36133,373.7793,374.51172,371.09375,361.08398
sample_d531edcf4472fac3,305.17578,310.79102,327.39258,338.62305,343.26172,348.14453,351.80664,359.13086,367.67578,372.0703,378.90625,378.90625
sample_356d468a9c821030,485.83984,482.42188,462.1582,468.26172,459.47266,472.65625,467.28516,473.38867,479.4922,487.79297,490.72266,492.67578
sample_5f1d94887e27b5cd,337.89062,355.2246,356.4453,378.6621,374.75586,379.63867,395.5078,393.31055,411.86523,422.36328,420.6543,418.2129
sample_2c077c37c522d246,308.3496,328.125,352.05078,378.6621,378.17383,387.6953,433.59375,430.66406,441.1621,465.8203,451.41602,446.5332
sample_77d1b01b4f2a5b81,424.8047,401.61133,398.68164,414.0625,397.2168,403.56445,384.76562,412.35352,403.07617,399.41406,414.55078,437.74414
sample_eefda8df6f8a10fe,370.60547,366.21094,367.43164,343.99414,344.23828,376.95312,366.45508,400.63477,408.93555,423.33984,461.66992,465.33203
sample_e67de06055d7142d,420.16602,423.33984,423.58398,424.8047,415.2832,414.0625,416.5039,419.4336,412.59766,412.10938,412.8418,410.15625
sample_09da8e5d12370b79,360.83984,367.43164,377.9297,395.5078,402.34375,394.04297,404.29688,399.90234,406.25,400.39062,409.1797,406.98242
sample_7c9d8bb716109e60,398.19336,395.5078,399.6582,398.92578,390.13672,386.71875,381.10352,378.6621,382.8125,382.8125,382.56836,375.73242
sample_6eecddc74f34d453,317.62695,300.29297,314.45312,298.82812,289.55078,311.52344,306.64062,329.58984,331.0547,336.91406,354.73633,351.31836
sample_60da699797673f53,637.6953,633.3008,626.9531,607.4219,615.2344,587.40234,564.4531,565.91797,526.3672,506.34766,508.78906,499.02344
sample_2e21d3b9357cebb8,399.41406,402.34375,401.85547,402.0996,393.79883,383.78906,387.93945,378.41797,380.12695,379.39453,374.75586,372.31445
sample_e4f2b4aa18a1b8ab,350.58594,354.73633,353.27148,345.70312,342.28516,350.83008,360.35156,363.5254,366.69922,378.41797,379.63867,384.27734
sample_bbaa438c3c562673,395.5078,393.31055,392.33398,397.2168,379.8828,379.1504,381.5918,372.5586,378.6621,379.39453,366.69922,364.99023
sample_07aa6839c4513f46,362.3047,380.12695,393.79883,393.31055,410.15625,434.5703,459.47266,469.48242,484.86328,504.8828,509.27734,511.71875
sample_1945d48433ecec6b,391.8457,390.86914,386.4746,390.86914,385.2539,383.78906,377.9297,374.26758,376.95312,381.34766,374.75586,370.8496
sample_76c778cc89ef6ff0,480.95703,472.16797,466.06445,461.91406,445.80078,426.26953,424.07227,405.76172,399.90234,396.48438,385.98633,382.08008
sample_01de77a50fd2a4bd,374.02344,383.30078,397.2168,397.94922,413.08594,402.83203,415.52734,407.95898,408.6914,410.64453,398.4375,409.9121
sample_c7e3085ebf746204,333.98438,341.79688,353.75977,361.08398,368.16406,364.2578,375.73242,373.7793,378.41797,380.85938,388.1836,385.2539
sample_816a421f23fc0b14,405.51758,409.66797,408.20312,410.4004,398.4375,386.71875,392.33398,382.08008,382.32422,384.27734,378.17383,376.2207
sample_678afd458091b004,380.12695,380.3711,380.12695,354.73633,363.76953,378.90625,372.80273,388.1836,386.4746,394.04297,407.4707,406.00586
sample_51c22220998ac5af,386.9629,380.85938,383.54492,403.56445,395.5078,394.53125,394.7754,412.8418,409.42383,415.03906,420.41016,438.47656
sample_88c8fcfaa8d62dbd,385.98633,387.20703,379.1504,381.5918,375.97656,383.05664,379.63867,388.42773,389.16016,395.01953,399.16992,412.35352
sample_50a5832da282a3b9,401.85547,403.07617,400.39062,426.0254,417.48047,435.54688,436.52344,461.66992,473.87695,494.6289,519.04297,523.4375
sample_1d5609021aa4ad02,412.10938,414.0625,436.2793,442.13867,440.91797,437.98828,442.8711,434.32617,439.9414,433.10547,426.26953,419.92188
sample_a1b492ad5f15e8c5,379.8828,382.08008,381.83594,396.72852,391.35742,394.53125,406.00586,415.77148,418.9453,425.29297,442.62695,444.82422
sample_a2443b0d68d35cbe,374.02344,366.69922,363.76953,348.14453,341.79688,356.4453,354.4922,365.47852,371.82617,383.30078,400.39062,397.70508
sample_2c0c274b58f2e90e,623.53516,609.8633,582.51953,594.72656,558.59375,546.3867,545.89844,530.7617,514.64844,521.4844,494.14062,485.5957
sample_247b0323ef6df665,334.96094,344.23828,354.98047,363.0371,363.76953,357.66602,370.60547,363.76953,370.60547,373.04688,375.48828,371.82617
sample_34ace74be81fb1d4,408.20312,400.63477,401.85547,404.05273,380.3711,373.04688,366.45508,362.06055,362.79297,356.9336,342.28516,345.45898
sample_a1af915e85e09bb8,440.4297,429.93164,430.41992,446.04492,442.8711,454.83398,449.4629,477.53906,470.21484,484.86328,485.10742,514.64844
sample_6b5a967fa3278e28,373.29102,373.7793,393.79883,407.4707,417.7246,419.4336,427.00195,428.4668,429.19922,431.64062,432.37305,437.5
sample_1a0fba64f69ca0c2,438.47656,423.82812,416.5039,422.11914,393.5547,392.33398,391.35742,381.5918,376.2207,388.1836,369.6289,358.88672
sample_db44b9a04b7248c5,373.29102,378.90625,377.4414,385.98633,383.05664,387.93945,388.1836,388.42773,394.2871,399.41406,396.72852,395.9961
sample_bc1ec06a692c5ac9,357.42188,362.06055,354.4922,371.82617,353.02734,383.05664,379.8828,410.4004,419.4336,435.54688,456.29883,457.2754
sample_e32638c0637fc6c5,335.9375,339.84375,345.94727,339.11133,341.79688,338.3789,356.4453,361.08398,359.61914,367.1875,371.58203,367.91992
sample_7988926eee839aca,394.2871,395.9961,397.2168,396.48438,393.0664,384.27734,391.60156,382.08008,383.78906,381.83594,381.34766,377.19727
sample_aa9b42f745d445ea,418.45703,415.2832,415.77148,428.4668,417.7246,423.0957,423.0957,421.38672,421.63086,428.22266,421.63086,423.33984
sample_f97245142f93c3c2,324.95117,340.8203,338.8672,345.94727,342.77344,354.0039,374.75586,377.9297,389.16016,406.25,403.07617,407.4707
sample_180a9803103a6895,468.26172,455.07812,439.45312,423.0957,407.71484,404.54102,392.33398,387.45117,378.17383,385.7422,368.65234,358.88672
sample_c555935c2f73f79b,462.89062,445.3125,429.44336,416.01562,385.2539,383.05664,364.99023,358.1543,351.5625,350.58594,336.42578,339.35547
sample_9f1d4bbc234524db,406.73828,404.54102,402.83203,424.56055,406.25,431.64062,444.58008,437.5,470.45898,484.86328,493.89648,504.39453
sample_abb7a56e24389c96,409.9121,399.6582,395.01953,399.90234,381.83594,383.30078,372.0703,372.0703,374.26758,378.90625,369.14062,362.06055
sample_3732236bbab0d830,449.70703,445.80078,454.10156,451.41602,446.04492,432.6172,439.9414,437.5,423.33984,422.85156,416.5039,400.39062
sample_29d36bbdaa58d4b7,354.24805,360.35156,361.57227,370.36133,359.13086,369.14062,385.00977,385.00977,399.90234,407.71484,404.29688,404.78516
sample_7aceed137faba57c,503.90625,506.34766,505.85938,506.83594,513.1836,548.8281,520.01953,546.3867,566.40625,562.9883,573.73047,603.02734
sample_b67f588123d328ba,530.27344,532.22656,536.6211,526.3672,511.71875,502.9297,491.94336,483.64258,465.0879,454.10156,446.28906,444.0918
sample_a12106d4461047dc,342.5293,357.66602,356.68945,362.06055,374.26758,385.98633,396.97266,423.82812,424.8047,445.3125,461.66992,453.125
sample_0be45381339e8ba3,363.28125,369.6289,373.29102,376.2207,373.29102,368.4082,378.6621,373.29102,375.48828,377.4414,377.68555,376.2207
sample_2a3aa19025e9b33f,688.47656,674.8047,661.6211,668.45703,643.0664,636.71875,617.6758,619.1406,625.4883,623.0469,612.79297,612.3047
sample_47a1551aba399a9e,341.3086,334.7168,336.66992,355.46875,338.8672,354.0039,350.3418,350.83008,361.57227,376.46484,364.01367,360.35156
sample_22dc4abdf1b834e8,674.8047,666.5039,664.0625,643.0664,610.35156,600.58594,586.91406,580.5664,544.9219,535.15625,520.5078,477.53906
sample_a91913d81a21ac0b,561.03516,551.7578,527.34375,543.45703,505.3711,500.48828,498.53516,482.66602,484.61914,488.76953,473.14453,459.7168
sample_73a368567e7780f3,436.03516,423.0957,416.5039,429.44336,420.41016,437.5,427.49023,460.20508,448.73047,464.35547,465.8203,493.65234
sample_333f0aad6865e2f8,411.1328,398.68164,394.2871,396.48438,381.34766,383.54492,368.4082,369.38477,371.09375,372.0703,366.69922,357.66602
sample_727772a6f0825aa9,449.70703,438.23242,447.99805,457.76367,441.1621,437.01172,448.9746,437.25586,438.23242,438.96484,435.30273,416.5039
sample_00d798f472a23517,438.47656,441.1621,454.3457,467.04102,444.82422,446.28906,431.64062,422.60742,432.1289,420.41016,410.15625,403.3203
sample_6470ccdbf813a11f,423.0957,441.1621,448.48633,438.23242,461.42578,495.1172,503.90625,518.0664,535.64453,554.6875,547.3633,544.4336
sample_50453794fc0ad68c,612.3047,620.1172,615.72266,644.53125,623.53516,590.8203,596.6797,586.91406,571.77734,563.96484,552.7344,528.3203
sample_0cc527cf836d01fb,372.0703,374.02344,376.2207,379.39453,372.0703,365.47852,360.5957,354.98047,361.8164,364.7461,359.86328,350.09766
sample_a6c2664c9f5425f7,343.26172,341.3086,344.48242,356.68945,353.27148,355.95703,365.23438,385.2539,374.51172,387.20703,401.61133,413.57422
sample_bb35d85856e1beb4,408.6914,401.3672,395.26367,396.97266,387.45117,392.33398,382.08008,384.52148,377.68555,378.41797,383.05664,379.63867
sample_3631f1f348ac1108,360.5957,365.47852,370.36133,373.04688,369.87305,370.36133,370.36133,369.6289,375.73242,378.41797,381.34766,372.5586
sample_1a04caae62699127,344.23828,355.7129,359.86328,365.47852,354.4922,368.89648,390.86914,388.1836,403.3203,416.9922,410.4004,413.33008
sample_960fa1caef385678,574.21875,589.84375,587.40234,574.70703,591.7969,618.65234,601.0742,616.6992,626.9531,641.60156,634.27734,613.28125
sample_cc7603d896bdd9ff,369.38477,370.60547,380.3711,387.6953,387.6953,388.67188,391.11328,388.42773,392.57812,397.94922,396.24023,398.19336
sample_886bb8cf909a268f,458.0078,459.7168,447.26562,447.50977,420.41016,434.32617,420.6543,431.88477,433.59375,447.7539,446.77734,441.89453
sample_1d5146b4bb32d83e,328.125,342.04102,354.24805,364.7461,350.3418,371.09375,373.04688,388.67188,405.76172,420.41016,424.8047,412.8418
sample_40871573ff6cc7ac,302.2461,314.9414,327.63672,338.3789,346.1914,343.75,360.83984,357.66602,363.76953,367.67578,375.48828,374.02344
sample_57ec0beb7ffab72c,637.20703,633.3008,630.8594,629.8828,607.91016,592.28516,588.3789,580.5664,553.22266,545.41016,525.3906,490.23438
sample_57ee8a4877ee9e22,588.3789,561.03516,535.15625,523.4375,485.83984,469.23828,462.40234,441.6504,418.9453,411.6211,393.5547,384.52148
sample_84253c16b1516624,367.67578,372.0703,369.87305,370.1172,380.61523,385.2539,390.13672,392.82227,394.7754,398.4375,405.51758,409.66797
sample_8f4010148b12fab2,415.77148,415.77148,405.51758,424.56055,410.4004,420.89844,434.81445,428.71094,443.35938,455.07812,444.33594,453.125
sample_177e76450ceb8451,435.54688,426.26953,423.33984,424.3164,418.2129,422.85156,410.64453,420.6543,413.08594,408.6914,419.18945,422.60742
sample_d9fea069c7602f78,445.80078,436.2793,448.73047,458.25195,442.3828,436.52344,451.41602,439.45312,440.67383,441.89453,436.76758,416.9922
sample_a44665b8c792a57c,492.1875,499.51172,510.7422,522.46094,517.5781,501.95312,512.20703,499.75586,503.90625,479.98047,488.0371,485.10742
sample_8e2952dc6dd1f137,403.56445,405.51758,427.00195,431.88477,423.58398,422.85156,436.76758,429.93164,436.2793,433.10547,426.26953,417.48047
sample_55bca5d7fe5f89b6,369.38477,371.3379,372.5586,377.9297,371.58203,369.6289,365.23438,364.01367,368.16406,375.48828,365.72266,363.76953
sample_11147555db6c6456,324.21875,333.98438,336.91406,340.0879,343.99414,338.8672,363.0371,367.91992,364.01367,377.9297,377.19727,376.46484
sample_fb22010ae4ee0a9c,526.3672,512.6953,501.95312,483.64258,469.9707,448.2422,442.13867,421.38672,415.2832,403.3203,393.5547,387.93945
sample_87f6964f287cf2b5,488.28125,491.21094,501.46484,508.78906,503.90625,508.78906,513.6719,510.2539,504.8828,492.67578,495.36133,496.09375
sample_769051c6a33446ff,480.46875,480.95703,470.21484,471.43555,453.85742,468.75,451.66016,473.38867,485.5957,499.51172,511.23047,514.64844
sample_ee08597caf2fd5f5,655.7617,637.6953,635.7422,615.72266,585.4492,583.9844,555.1758,539.5508,527.34375,503.90625,496.58203,483.1543
sample_397444acb95e4be1,550.29297,552.2461,542.48047,514.16016,493.65234,497.5586,479.24805,481.20117,452.39258,448.73047,436.03516,434.08203
sample_aacd025006b6978a,454.10156,443.84766,438.7207,429.93164,424.8047,412.10938,406.49414,398.68164,394.2871,387.6953,393.79883,377.68555
sample_5d8404a0125ed0e6,348.6328,347.4121,347.16797,349.1211,337.1582,337.40234,341.79688,342.28516,352.29492,358.88672,357.91016,358.64258
sample_9a4b2f2e9c371df2,374.26758,396.24023,401.3672,393.31055,408.6914,444.82422,454.10156,460.20508,491.69922,507.32422,511.23047,514.64844
sample_9efe55142e8b4c3b,379.63867,383.05664,390.13672,391.11328,385.7422,374.51172,372.80273,368.4082,372.0703,376.95312,367.67578,364.7461
sample_66fa5d7abc5c14cd,349.1211,350.3418,348.6328,358.39844,333.0078,364.2578,353.27148,379.8828,390.625,404.29688,421.14258,409.42383
sample_4e31a0e6a6542489,391.60156,389.64844,401.85547,412.35352,423.58398,433.59375,433.59375,446.04492,443.35938,448.2422,454.10156,459.47266
sample_794c3ea171999d10,371.09375,365.23438,369.6289,379.8828,370.60547,370.1172,371.82617,381.10352,373.04688,376.95312,385.98633,390.86914
sample_9664120b601a9c9a,495.1172,475.58594,473.14453,471.92383,441.40625,443.84766,418.70117,431.39648,419.92188,415.52734,410.64453,418.9453
sample_eb1a3852057518db,404.54102,424.3164,446.28906,456.7871,470.94727,482.42188,499.26758,505.3711,517.08984,530.7617,531.25,517.5781
sample_6d68a4e4ac46d954,324.70703,342.5293,347.9004,354.73633,350.09766,366.94336,383.30078,385.98633,399.41406,410.15625,409.9121,411.6211
sample_0b3b4e03e46680a6,384.0332,383.05664,394.2871,406.49414,396.97266,403.07617,417.7246,420.16602,424.8047,429.6875,424.8047,419.92188
sample_7fa6a4bd3937cd87,424.3164,440.4297,447.50977,471.43555,487.54883,501.95312,532.71484,520.5078,559.08203,589.84375,580.0781,591.7969
sample_53547fcaf157013a,296.38672,310.0586,318.60352,342.5293,344.72656,364.7461,384.52148,392.08984,403.8086,424.3164,436.03516,430.41992
sample_2e174e4ecbb64efd,380.61523,383.78906,378.6621,378.41797,364.99023,356.68945,364.50195,361.57227,361.08398,363.28125,357.91016,356.9336
sample_c04885ec33d4e337,399.90234,398.92578,416.74805,419.67773,421.14258,417.48047,428.95508,422.11914,421.14258,418.9453,412.59766,411.86523
sample_186050ee50f707b2,444.82422,447.7539,447.7539,445.06836,428.71094,419.67773,428.4668,418.70117,415.03906,410.15625,413.81836,408.44727
sample_b0bb72ec14fa033b,423.0957,413.81836,410.4004,415.52734,397.46094,409.66797,406.98242,403.56445,415.52734,414.0625,411.1328,403.8086
sample_5fe9aaf6a9de93d7,449.21875,465.33203,473.38867,487.54883,516.60156,533.6914,545.41016,556.15234,589.84375,608.39844,629.8828,646.97266
sample_dfb67f69b8951cb4,339.11133,356.4453,371.09375,388.67188,426.26953,425.5371,442.62695,451.9043,464.84375,480.95703,475.58594,495.1172
sample_95cae728bdd54795,415.03906,417.96875,416.25977,416.01562,406.25,407.95898,413.57422,417.7246,408.6914,413.57422,406.73828,405.51758
sample_0471243239601ebe,368.16406,380.3711,401.61133,437.25586,453.61328,484.61914,502.9297,529.2969,532.22656,557.6172,554.6875,558.59375
sample_14470bed2d6e528e,318.11523,329.3457,338.13477,342.28516,348.6328,340.33203,358.64258,359.375,368.89648,373.53516,384.76562,372.5586
sample_0d5087989f85f253,454.58984,440.18555,427.49023,407.95898,395.01953,408.6914,389.64844,404.05273,400.8789,400.8789,412.35352,408.20312
sample_233464ba77ab3069,410.4004,393.31055,386.4746,392.82227,396.97266,401.12305,388.42773,410.15625,400.39062,407.71484,407.4707,432.86133
sample_6d8c3441a17bc19d,336.18164,344.72656,356.4453,364.99023,362.3047,355.46875,370.60547,365.72266,369.87305,374.51172,375.48828,373.04688
sample_097782154d2d9477,387.6953,390.13672,389.89258,391.11328,386.4746,374.51172,370.36133,363.5254,369.14062,372.0703,364.2578,355.46875
sample_7fe9d2764f778345,539.0625,526.85547,508.30078,507.32422,502.9297,479.73633,470.94727,453.85742,443.11523,432.6172,419.92188,419.4336
sample_7f49a1d8fa3a4c60,325.6836,327.63672,327.63672,345.94727,330.5664,348.87695,352.7832,355.2246,365.47852,386.23047,373.29102,375.0
sample_d2e27838244acead,417.23633,411.1328,434.32617,436.03516,430.17578,437.74414,436.76758,435.79102,440.91797,434.5703,430.41992,430.17578
sample_180991e574b1647a,417.23633,420.41016,414.30664,421.875,394.53125,408.20312,401.12305,414.30664,415.52734,433.10547,435.54688,428.22266
sample_2414388268b84d93,733.8867,714.35547,694.8242,705.0781,680.66406,661.1328,630.8594,631.83594,633.78906,618.16406,615.2344,605.95703
sample_8aff832439cbf2e9,357.17773,358.39844,355.7129,363.0371,397.70508,404.05273,404.54102,420.16602,434.5703,452.14844,454.10156,480.46875
sample_4cea8feb7e5a0d9e,500.48828,487.3047,488.28125,500.48828,490.72266,480.2246,474.1211,460.44922,462.40234,445.80078,445.55664,443.11523
sample_7097d20dd2776517,365.72266,374.51172,371.09375,385.7422,363.76953,371.58203,371.58203,365.9668,385.7422,385.2539,381.34766,377.68555
sample_737866a2260502ef,339.35547,343.26172,349.1211,358.64258,373.04688,380.3711,396.24023,402.5879,405.76172,410.15625,429.19922,432.86133
sample_a0df5450472696d8,426.7578,415.2832,401.12305,392.08984,365.72266,367.43164,352.05078,351.31836,343.75,348.6328,337.89062,341.55273
sample_5bf4a6cd65a67cd3,380.3711,385.98633,409.42383,409.66797,444.33594,480.95703,489.99023,512.6953,534.1797,562.5,573.73047,595.7031
sample_4d17eb8b5e7e54bc,297.11914,307.6172,322.99805,334.7168,342.28516,343.75,358.1543,360.10742,365.47852,370.60547,378.41797,378.6621
sample_c05a584102ebbce7,352.53906,357.91016,363.76953,365.9668,369.6289,370.60547,377.68555,378.90625,384.76562,386.23047,393.79883,398.68164
sample_7dedf0729fca60c0,337.89062,338.8672,346.43555,354.73633,359.61914,365.72266,368.16406,377.19727,378.17383,383.78906,393.31055,392.57812
sample_a3bb69daa5b5d8f2,305.41992,314.20898,326.9043,333.25195,332.03125,335.9375,342.04102,340.33203,355.2246,362.3047,358.1543,350.3418
sample_9d2d10630c917b2e,524.41406,520.5078,502.4414,502.4414,468.01758,474.60938,459.96094,463.8672,458.4961,460.44922,450.92773,447.99805
sample_fbbb3d0f831965b6,317.13867,327.14844,340.33203,344.48242,346.6797,350.3418,364.50195,365.23438,368.65234,372.0703,384.76562,375.97656
sample_1d8d98bfce959123,339.84375,343.75,372.31445,383.30078,393.5547,396.48438,414.79492,409.42383,416.01562,418.9453,419.92188,416.5039
sample_4b227ee9e37d4f53,302.2461,316.6504,340.0879,358.1543,373.04688,394.53125,424.8047,428.4668,450.92773,464.84375,479.24805,466.79688
sample_6a46e202b9c757f6,414.0625,416.74805,399.90234,397.46094,386.71875,381.5918,377.68555,382.56836,375.73242,378.90625,373.7793,378.41797
sample_adcec815b1e7c9af,585.9375,583.0078,568.3594,556.6406,524.90234,525.8789,502.9297,503.41797,482.66602,478.02734,465.8203,459.7168
sample_f956b0bdedf9b355,391.11328,391.11328,402.34375,406.98242,400.14648,409.66797,424.07227,423.0957,431.39648,427.2461,430.41992,428.95508
sample_8e005f602b15e588,393.5547,395.26367,408.6914,410.88867,388.91602,408.44727,406.25,411.86523,419.67773,425.29297,416.74805,413.33008
sample_2df57721a14becae,465.33203,463.8672,460.20508,454.83398,447.99805,438.23242,443.35938,432.6172,436.76758,425.78125,426.7578,413.08594
sample_92250cbbd618d1be,314.9414,309.81445,333.98438,351.31836,345.70312,345.21484,368.16406,360.5957,366.69922,378.90625,378.6621,356.9336
sample_1eec85403971237b,367.43164,371.58203,378.41797,376.2207,373.04688,386.9629,389.89258,410.15625,410.88867,428.71094,438.96484,433.3496
sample_2c58baca1f728374,447.7539,435.54688,427.73438,429.44336,408.20312,419.4336,409.1797,414.55078,408.6914,417.96875,400.8789,398.92578
sample_ca62f65430348db5,499.02344,491.69922,469.9707,468.99414,458.25195,465.0879,454.58984,454.58984,463.62305,462.89062,468.99414,468.75
sample_6660235a8416a88e,361.8164,374.51172,382.32422,392.08984,386.71875,390.38086,404.78516,404.05273,417.48047,420.41016,416.74805,412.8418
sample_da0b33727f193d2e,342.28516,355.7129,376.70898,385.00977,377.4414,397.70508,402.34375,418.45703,419.67773,430.17578,431.88477,425.5371
sample_feb639bdf7962371,439.9414,441.6504,423.33984,442.3828,425.29297,424.3164,436.03516,427.00195,442.62695,448.73047,450.1953,457.2754
sample_626e2fd75181776c,330.07812,341.3086,348.38867,360.35156,364.50195,374.02344,381.5918,390.13672,393.31055,403.8086,405.27344,404.54102
sample_e2386a9ddf2b4b50,547.85156,546.875,553.71094,526.85547,518.5547,526.3672,521.97266,525.8789,516.60156,518.0664,520.9961,517.08984
sample_bfa8315b931742f6,433.10547,429.19922,435.79102,430.9082,427.97852,420.89844,429.93164,419.4336,416.9922,415.03906,406.49414,405.51758
sample_406abab22f3fe053,377.19727,376.46484,376.95312,380.85938,373.7793,373.29102,376.46484,373.53516,380.12695,383.30078,381.5918,385.2539
sample_ed21ba858634a254,398.68164,398.68164,402.0996,395.01953,393.31055,386.4746,388.42773,379.63867,380.61523,377.9297,377.68555,370.8496
sample_5d5a65875a4e54da,396.97266,382.32422,375.97656,374.26758,349.60938,355.7129,347.65625,354.73633,349.85352,349.1211,351.07422,353.51562
sample_5eeaf8c3f5c0a98f,396.97266,404.78516,412.10938,411.86523,408.93555,432.37305,435.79102,436.76758,458.0078,467.77344,458.74023,464.84375
sample_9149b33f72fdf001,504.39453,491.69922,475.3418,467.04102,447.99805,442.3828,433.8379,418.9453,419.18945,416.01562,402.34375,384.0332
sample_e98549fba04e0169,400.39062,411.37695,431.64062,448.2422,446.77734,442.62695,472.9004,465.57617,470.94727,479.98047,471.43555,446.77734
sample_91ddd7826c0861cb,452.63672,440.4297,441.1621,427.00195,406.25,428.22266,420.6543,404.29688,439.20898,442.8711,427.73438,423.0957
sample_688b5c06266077dd,409.42383,404.78516,419.4336,412.35352,393.79883,407.95898,405.76172,412.35352,416.25977,419.4336,414.79492,408.93555
sample_7e999989b1899ecd,359.86328,344.9707,351.80664,339.5996,344.48242,374.51172,368.16406,403.07617,406.73828,421.38672,471.6797,472.16797
sample_d85b8a1684c467a7,509.27734,519.04297,520.9961,500.48828,493.16406,491.21094,482.17773,479.73633,458.74023,454.58984,442.62695,437.98828
sample_7a415b6d21d9aea1,408.6914,398.92578,394.04297,395.9961,379.39453,381.34766,371.58203,371.3379,374.51172,380.3711,369.6289,363.28125
sample_c34e7ee093ff8020,369.38477,389.4043,411.1328,428.4668,446.77734,473.38867,485.10742,504.8828,512.20703,538.5742,533.2031,534.1797
sample_5c22d9c07e82ba55,380.85938,383.30078,390.86914,394.2871,388.91602,379.39453,388.42773,379.63867,384.0332,378.41797,380.61523,379.1504
sample_71e79ec20acfe6bb,579.10156,598.6328,599.1211,599.6094,617.6758,604.98047,584.96094,584.47266,564.4531,548.33984,541.9922,546.3867
sample_532b9399d31808d1,460.44922,462.64648,479.24805,459.22852,462.1582,479.0039,489.99023,499.26758,500.0,509.27734,520.9961,523.9258
sample_c7030e9a344b8591,395.9961,399.90234,396.24023,386.71875,381.83594,402.0996,393.5547,401.61133,410.88867,416.9922,417.96875,429.44336
sample_e92ffdec33367a48,446.77734,438.23242,437.74414,426.26953,409.1797,433.3496,425.04883,411.37695,442.8711,448.2422,432.86133,431.64062
sample_39949397a21ed688,435.0586,430.9082,434.81445,426.7578,423.33984,416.25977,422.11914,414.0625,409.66797,408.6914,399.90234,401.12305
sample_c8c0c3a4f8ad1f2e,440.4297,436.76758,428.95508,431.39648,416.01562,415.2832,409.42383,406.00586,401.3672,395.5078,394.7754,385.7422
sample_9556d4354352ff49,402.5879,402.83203,401.85547,400.14648,403.07617,401.85547,402.34375,399.41406,403.8086,402.83203,408.20312,410.88867
sample_e13132c68584e4b9,389.64844,397.2168,409.66797,423.58398,434.32617,449.21875,456.29883,459.47266,475.58594,472.65625,475.09766,478.27148
sample_73512a64fa422759,584.47266,564.9414,544.9219,533.2031,491.94336,482.91016,452.63672,441.1621,419.92188,415.52734,395.26367,376.95312
sample_915ba8437c65ba3c,320.3125,321.5332,327.14844,330.5664,325.6836,330.32227,338.3789,337.1582,350.09766,356.9336,354.73633,352.7832
sample_7c08ef482923dfb4,610.83984,616.6992,592.77344,572.7539,579.58984,586.91406,546.875,563.47656,535.64453,529.78516,534.66797,553.22266
sample_ef60d8a22f826076,399.41406,402.34375,403.8086,400.63477,399.41406,396.48438,402.83203,396.48438,402.34375,393.0664,405.76172,397.70508
sample_262cf2867a449c0f,431.88477,433.59375,429.44336,424.07227,418.45703,405.76172,408.20312,394.2871,395.9961,389.16016,388.67188,383.78906
sample_1bc88549413a8f81,325.43945,324.70703,334.47266,342.77344,327.39258,340.0879,340.0879,348.87695,360.5957,370.60547,370.8496,365.72266
sample_7c0e525cc14dfe67,323.73047,330.32227,334.7168,345.45898,348.6328,352.05078,366.94336,379.8828,381.5918,391.11328,407.4707,404.78516
sample_d2541875785c8d03,356.4453,355.46875,364.01367,356.68945,343.01758,352.7832,347.65625,357.91016,356.9336,360.35156,364.99023,364.7461
sample_98ab92a5e34c3d65,326.41602,332.03125,339.5996,344.48242,350.58594,347.16797,356.9336,358.88672,357.17773,368.16406,368.16406,371.3379
sample_d99898e14a54f6e0,344.23828,347.4121,355.2246,366.94336,384.0332,392.57812,406.49414,415.2832,417.96875,420.89844,439.20898,443.60352
sample_b132dfd2a6941e25,355.95703,356.9336,350.58594,353.02734,350.83008,347.9004,364.50195,362.54883,364.99023,373.53516,379.39453,383.30078
sample_64e9f7ddd3b1e6bd,435.0586,423.82812,425.5371,442.13867,439.45312,438.23242,429.93164,443.60352,437.5,445.80078,439.20898,458.98438
sample_e72410bfd80e52de,647.9492,613.76953,591.3086,585.4492,530.7617,529.78516,499.75586,487.06055,468.99414,464.84375,438.96484,434.81445
sample_776b78a26b85c64f,309.5703,324.4629,333.4961,342.04102,352.7832,348.6328,360.5957,362.3047,367.67578,373.53516,376.70898,369.87305
sample_9c7f594a238b2b83,539.5508,528.3203,508.78906,517.5781,488.0371,483.39844,490.23438,467.5293,472.65625,476.5625,466.55273,464.5996
sample_2c50a618e6d2d34c,324.70703,328.85742,337.64648,334.22852,330.5664,323.73047,337.89062,335.44922,343.01758,344.23828,347.9004,339.35547
sample_fe4b61cb5ac4704f,459.96094,454.58984,447.7539,458.74023,444.33594,448.2422,454.58984,452.88086,462.40234,463.8672,463.8672,465.0879
sample_b4d26cb643c95114,352.05078,362.54883,365.23438,378.17383,368.4082,376.46484,394.53125,393.31055,409.9121,416.9922,414.30664,411.1328
sample_0192d9231d54c3d0,427.49023,412.59766,404.54102,399.41406,374.02344,389.4043,362.79297,384.76562,382.08008,382.8125,388.1836,379.63867
sample_9950d560042fea14,359.61914,365.9668,368.89648,371.3379,377.4414,377.4414,385.00977,387.93945,396.97266,396.48438,406.00586,410.88867
sample_c9dc36d51024553c,315.91797,329.58984,334.7168,350.3418,367.1875,362.79297,375.0,382.32422,386.23047,391.60156,400.8789,401.3672
sample_e20604aaba04aa81,406.25,405.51758,406.73828,411.37695,400.8789,389.64844,392.33398,383.78906,385.7422,382.32422,381.83594,382.56836
sample_f4c796a8d7934f4f,375.97656,373.53516,378.41797,364.99023,358.39844,379.63867,369.87305,388.91602,395.01953,396.48438,419.18945,414.0625
sample_a2bfa60f42682727,337.64648,347.4121,370.8496,393.31055,391.60156,415.77148,450.92773,455.81055,471.1914,501.46484,484.61914,480.95703
sample_6ccf6ff076cea761,390.86914,405.27344,424.3164,447.02148,482.17773,518.0664,528.8086,549.3164,577.14844,602.0508,604.98047,621.58203
sample_43622b1ab89dc487,396.48438,404.05273,401.61133,398.92578,381.5918,389.89258,400.8789,393.31055,405.51758,410.64453,399.6582,397.70508
sample_3e0ca855ee405c48,353.02734,358.88672,358.1543,356.68945,366.69922,373.29102,376.2207,381.83594,386.23047,388.1836,397.2168,400.14648
sample_eaf69f611357452d,485.83984,493.16406,490.9668,471.43555,455.07812,464.11133,454.10156,458.98438,442.62695,443.35938,430.9082,434.81445
sample_f856e3c3be9274de,325.1953,312.74414,329.83398,304.93164,302.2461,327.88086,325.6836,354.0039,357.17773,370.60547,398.92578,392.08984
sample_f6c14a21c6ad281f,489.7461,481.9336,470.45898,457.76367,432.86133,433.3496,422.11914,412.59766,411.86523,415.03906,394.53125,392.08984
sample_55562bcbd613da91,415.2832,433.10547,445.80078,483.1543,497.5586,513.1836,529.2969,544.4336,556.15234,581.54297,573.73047,577.14844
sample_faf86bc4e902c9a5,376.2207,399.41406,403.07617,418.45703,440.4297,452.88086,469.48242,493.16406,503.41797,528.8086,541.0156,535.64453
sample_20bf16f97908ce62,384.0332,380.12695,387.45117,394.7754,385.00977,376.70898,381.10352,378.6621,381.5918,388.67188,379.1504,375.97656
sample_9f219059bf5de76d,425.78125,437.98828,444.0918,449.4629,449.21875,435.54688,442.62695,433.10547,434.08203,424.8047,432.37305,412.35352
sample_5aa66ffb5c291b2a,340.57617,338.62305,340.57617,354.4922,341.06445,355.46875,357.66602,356.9336,367.91992,382.8125,374.26758,370.1172
sample_a0f95b237cd56afb,298.58398,311.2793,327.39258,339.5996,347.4121,344.23828,361.57227,357.91016,364.7461,368.65234,375.73242,372.80273
sample_d55708a69209aa77,299.3164,307.1289,322.50977,335.20508,340.57617,343.01758,354.73633,358.1543,364.50195,372.5586,376.46484,379.63867
sample_fc6f1357749359be,374.02344,378.41797,384.27734,381.34766,371.82617,362.79297,375.24414,369.87305,370.60547,370.60547,369.87305,367.43164
sample_16d5a7f81d91bb16,515.1367,513.6719,494.87305,480.7129,474.60938,449.21875,441.6504,423.33984,417.96875,406.25,397.2168,388.91602
sample_0d65c21713925ab1,341.79688,350.09766,353.27148,369.14062,383.05664,386.71875,399.6582,401.12305,406.25,410.15625,418.9453,424.8047
sample_b92a5747175a4fe8,297.85156,307.86133,323.48633,335.9375,341.79688,341.3086,354.73633,355.2246,362.54883,370.1172,373.7793,375.24414
sample_190258be90958f7a,366.69922,366.45508,364.7461,371.3379,364.99023,366.45508,371.82617,371.3379,380.85938,387.20703,382.8125,387.45117
sample_7e318186d97b0185,475.09766,470.70312,453.85742,436.2793,431.88477,423.82812,415.52734,407.95898,409.9121,405.76172,400.39062,403.3203
sample_9a5773aff7265c8e,598.14453,602.53906,601.5625,602.0508,590.8203,585.9375,581.54297,581.54297,556.15234,558.10547,530.7617,505.3711
sample_f4f08c602a44a07c,346.6797,355.95703,373.04688,379.39453,368.16406,386.23047,389.16016,404.54102,405.76172,416.5039,419.18945,411.6211
sample_86a7758c23e522ce,411.6211,414.55078,409.42383,404.54102,411.37695,394.7754,385.98633,383.30078,383.30078,385.7422,371.3379,363.28125
sample_37a482ac0f9fd6c2,649.90234,622.5586,613.28125,607.4219,566.40625,549.8047,538.5742,518.5547,488.76953,478.02734,457.76367,422.11914
sample_e0299dd1e03ce535,338.62305,350.09766,365.23438,360.10742,367.91992,392.57812,395.01953,425.04883,434.08203,446.77734,476.31836,481.20117
sample_483c9466f29fa3d2,375.48828,386.23047,380.85938,389.89258,367.43164,380.12695,378.17383,376.95312,395.26367,401.85547,387.6953,385.2539
sample_d74c111861134a1c,332.51953,339.5996,363.0371,366.94336,384.52148,388.67188,406.49414,403.56445,408.6914,411.1328,413.08594,416.01562
sample_bca766551d00436d,532.71484,516.60156,533.2031,536.6211,515.1367,520.5078,524.90234,510.7422,519.04297,528.8086,488.5254,464.84375
sample_5f5290dee25a0925,316.40625,325.6836,329.83398,338.13477,344.9707,357.66602,366.69922,372.80273,381.34766,387.20703,391.60156,393.5547
sample_ddfc6ea6a2069cdd,323.9746,329.83398,346.1914,354.98047,356.9336,352.05078,368.4082,364.50195,369.14062,371.58203,378.6621,376.46484
sample_e09b3beba12b3852,478.51562,476.07422,484.13086,509.76562,502.4414,516.1133,532.22656,532.71484,533.6914,544.4336,541.0156,530.27344
sample_b2b9502842964750,371.09375,384.52148,397.70508,413.81836,398.68164,417.23633,442.62695,445.55664,460.69336,478.02734,473.6328,470.45898
sample_b754f51ccf229ea9,359.13086,364.99023,371.3379,366.94336,374.02344,371.82617,371.82617,369.14062,372.5586,377.4414,372.80273,368.65234
sample_ddac8c3fee9b8eeb,461.91406,447.99805,444.58008,461.66992,430.9082,447.26562,454.3457,439.9414,463.62305,471.6797,472.9004,474.1211
sample_b78c84b2dac759d4,499.51172,513.6719,526.3672,533.6914,569.33594,562.0117,577.14844,589.35547,590.33203,593.2617,610.35156,604.4922
sample_053428706fbd3a9c,398.68164,406.98242,418.9453,427.00195,415.2832,437.01172,453.85742,458.98438,476.5625,490.23438,486.08398,482.66602
sample_3ed271ff95588f90,395.9961,394.7754,395.75195,396.72852,383.54492,383.30078,375.73242,377.4414,374.51172,377.4414,375.24414,364.50195
sample_f3985543fc596605,468.26172,452.88086,441.40625,438.47656,422.60742,428.22266,422.60742,419.4336,432.6172,435.54688,463.3789,470.70312
sample_84fe38efd575e936,363.5254,365.47852,383.05664,390.625,384.0332,395.75195,393.0664,393.79883,407.4707,410.15625,397.70508,389.89258
sample_be8e1731de1020be,352.29492,359.86328,364.50195,368.89648,368.4082,362.79297,372.31445,369.38477,372.80273,372.5586,374.26758,370.8496
sample_5211044bdee52ed5,414.79492,425.29297,431.88477,436.03516,422.11914,423.82812,427.2461,429.93164,423.0957,424.8047,414.0625,415.77148
sample_1f0ea31e9eb045c5,452.63672,447.26562,439.20898,449.4629,422.85156,437.25586,445.06836,436.2793,459.96094,469.72656,464.5996,466.79688
sample_325a956cd6df22dc,351.07422,361.8164,387.45117,403.56445,424.8047,454.10156,470.70312,493.89648,503.90625,526.3672,538.08594,544.4336
sample_a0ef527622b97041,658.2031,645.9961,631.34766,610.83984,582.51953,567.8711,535.64453,529.78516,494.14062,476.5625,475.83008,457.03125
sample_4e0bee521992db09,367.1875,374.02344,379.8828,381.5918,384.27734,374.26758,380.61523,373.7793,377.9297,376.46484,380.12695,375.0
sample_a8958c25e8d68f1a,346.92383,346.6797,357.91016,369.38477,362.06055,361.8164,379.1504,377.68555,379.63867,390.625,391.8457,373.7793
sample_4b07c88807ea31fa,479.0039,490.72266,485.35156,525.8789,507.32422,491.45508,511.23047,494.6289,505.85938,506.83594,503.90625,479.4922
sample_c247ce7ece49503c,416.9922,420.89844,442.13867,447.50977,448.48633,446.5332,449.4629,441.1621,447.02148,438.96484,431.88477,426.0254
sample_464220687157a8d2,380.12695,382.56836,397.94922,420.41016,427.2461,420.89844,434.08203,426.0254,430.17578,422.85156,433.3496,429.6875
sample_ddc9b027a0ed8fa9,522.46094,513.6719,485.10742,493.4082,468.75,468.50586,463.13477,450.92773,461.42578,467.77344,463.3789,473.38867
sample_db069d5cba6b7e6a,345.21484,333.98438,339.84375,356.68945,340.33203,355.7129,350.3418,352.7832,361.32812,373.04688,362.3047,358.64258
sample_fd290f666192e984,327.63672,326.66016,330.5664,339.5996,323.48633,341.3086,342.5293,354.24805,361.32812,373.53516,374.26758,373.53516
sample_d8ce58cd69237648,354.24805,360.83984,359.375,355.2246,358.39844,370.36133,364.99023,378.17383,381.5918,387.6953,387.45117,391.8457
sample_39d259ff33c10233,606.9336,597.65625,567.3828,573.73047,539.0625,534.1797,527.83203,513.6719,504.39453,515.1367,491.94336,487.3047
sample_3149fa22772963e9,369.38477,371.82617,360.10742,373.04688,387.93945,394.2871,394.7754,416.9922,422.11914,445.80078,452.39258,472.65625
sample_ba5c66a36e6078a8,405.0293,411.1328,401.85547,420.41016,414.0625,414.55078,430.41992,426.26953,441.89453,453.61328,455.5664,460.69336
sample_4ec0619c55ec93fb,386.71875,396.24023,389.16016,386.4746,396.24023,384.52148,381.5918,385.00977,387.93945,389.64844,381.34766,378.17383
sample_51ef6bdafae8b44a,352.53906,353.75977,355.7129,373.7793,352.05078,354.98047,354.4922,352.05078,360.10742,364.2578,355.2246,347.65625
sample_f510286631ba1fde,322.7539,333.74023,333.74023,342.28516,343.99414,343.26172,370.1172,374.51172,379.39453,392.08984,391.11328,390.13672
sample_8e918402212b44cf,527.83203,504.39453,476.31836,457.2754,428.71094,420.41016,404.05273,392.33398,376.46484,371.09375,358.1543,359.13086
sample_c468abd5d5de77b8,341.79688,343.01758,356.20117,367.1875,360.35156,360.35156,378.17383,378.17383,378.90625,391.60156,392.57812,374.51172
sample_ec3fdd9c7377399c,361.8164,357.66602,361.57227,336.66992,337.40234,350.58594,350.3418,373.7793,371.3379,381.83594,398.68164,394.2871
sample_024d90b2f33b09f8,611.8164,592.77344,590.8203,589.35547,554.6875,542.48047,535.64453,520.5078,491.69922,483.88672,463.3789,427.49023
sample_3639800ea3374fc2,450.1953,439.69727,445.80078,463.13477,461.91406,466.79688,461.18164,483.1543,478.02734,488.76953,483.39844,512.20703
sample_6cb9ef5437f221ec,396.72852,400.63477,398.19336,412.8418,399.41406,391.11328,403.3203,397.94922,398.19336,403.8086,389.64844,392.08984
sample_673cff63fa819411,377.9297,371.3379,380.12695,362.54883,357.42188,380.3711,366.69922,391.35742,394.2871,394.53125,425.5371,421.63086
sample_3a2f974f551d3966,308.8379,313.23242,330.81055,341.55273,343.50586,348.6328,351.80664,359.375,367.43164,372.5586,377.9297,377.19727
sample_057b88ef1b2908fb,493.16406,500.0,506.83594,514.64844,500.97656,490.72266,519.53125,502.9297,500.0,509.76562,489.01367,465.0879
sample_2b8cf10087b3b49c,430.66406,427.97852,428.95508,419.67773,410.15625,402.34375,397.94922,393.0664,392.82227,388.1836,396.48438,376.95312
sample_2c9f312e81825a21,466.3086,474.1211,473.87695,484.13086,489.7461,496.09375,502.4414,501.46484,502.9297,509.27734,493.4082,503.41797
sample_8a4cc9a6ac7a430a,458.98438,470.70312,475.83008,504.8828,518.5547,547.85156,556.6406,581.0547,589.35547,619.1406,621.09375,633.78906
sample_834dfcff614ad36f,527.83203,541.0156,544.4336,544.9219,539.0625,520.9961,553.71094,534.66797,534.66797,542.48047,525.3906,496.58203
sample_3ab606a5ce3bfd72,306.64062,319.58008,329.58984,339.11133,347.16797,343.75,357.17773,355.2246,361.57227,366.69922,371.58203,369.14062
sample_a59f48b041317ba5,485.83984,485.83984,455.5664,451.9043,450.1953,435.54688,411.1328,408.20312,405.76172,399.90234,390.38086,375.73242
sample_17cad294086c3b38,450.6836,449.95117,447.50977,435.30273,424.07227,410.15625,411.6211,402.34375,397.70508,394.04297,397.2168,375.0
sample_6cae9593eafb2b19,331.7871,337.89062,338.13477,331.7871,331.7871,343.75,356.20117,362.3047,366.21094,379.39453,384.0332,388.67188
sample_9c9530e5a2808d62,410.64453,414.0625,411.37695,409.1797,405.0293,395.01953,398.68164,387.45117,388.91602,385.7422,384.0332,381.34766
sample_75a8c395dc825fff,339.84375,349.1211,342.5293,360.5957,343.26172,354.98047,361.08398,374.02344,379.39453,387.6953,405.0293,395.5078
sample_51a7cee141b79c48,341.79688,341.3086,348.38867,358.39844,359.61914,367.1875,368.4082,376.46484,377.4414,381.34766,387.6953,388.67188
sample_2a57cbcd17ce2be9,372.80273,383.54492,408.6914,422.60742,431.39648,432.86133,444.82422,455.32227,455.07812,461.42578,466.79688,460.44922
sample_adf0588e9eb9c475,414.55078,407.95898,411.86523,411.86523,405.76172,397.70508,397.70508,394.2871,397.70508,389.64844,401.3672,383.54492
sample_2beb33f39ae44ec9,325.6836,343.01758,350.83008,354.73633,356.68945,371.58203,384.0332,395.5078,401.85547,413.57422,421.38672,420.89844
sample_6b13b089e59c70cf,316.89453,319.58008,330.07812,321.04492,324.4629,323.2422,338.62305,342.77344,348.87695,356.4453,364.99023,357.91016
sample_355c559ea2f9fdb6,518.0664,492.67578,468.01758,450.92773,421.63086,419.4336,400.63477,404.05273,393.0664,389.64844,393.5547,397.2168
sample_6625184422a42f15,321.5332,326.41602,333.74023,349.36523,357.17773,368.89648,377.68555,398.19336,397.2168,406.25,420.89844,436.03516
sample_1a32ddadc39ac9e3,406.00586,402.34375,406.00586,385.00977,376.2207,391.11328,369.87305,382.56836,391.11328,388.67188,397.70508,387.20703
sample_dcb2a7f6feb1514d,541.5039,551.26953,562.0117,549.3164,544.4336,529.78516,516.60156,511.71875,492.91992,478.02734,472.4121,474.1211
sample_0e244d86a3a90a3a,523.9258,537.59766,546.3867,550.78125,580.0781,568.3594,572.7539,584.96094,576.66016,573.2422,588.8672,578.125
sample_a180e37e4b969dbc,480.95703,465.57617,465.57617,473.38867,454.83398,449.70703,451.41602,446.5332,437.01172,439.45312,431.88477,413.57422
sample_dde1b106bca7da5b,579.58984,576.1719,564.9414,533.6914,510.7422,511.23047,491.21094,495.36133,456.0547,454.10156,443.35938,439.45312
sample_80c8c13256dbac9f,353.51562,380.12695,403.8086,416.5039,433.59375,452.39258,470.94727,480.2246,502.4414,521.97266,526.3672,520.01953
sample_48f361218cd236d2,356.68945,362.54883,366.45508,378.6621,380.85938,371.09375,383.78906,380.12695,385.7422,383.78906,388.91602,390.13672
sample_e17ce5b8a41633d5,326.17188,325.1953,322.7539,304.44336,312.25586,328.125,325.43945,349.85352,348.14453,355.95703,372.0703,364.7461
sample_e181b156986ad40e,580.5664,570.3125,548.33984,535.64453,504.8828,493.65234,466.06445,454.3457,431.64062,424.3164,405.0293,391.35742
sample_2a8c6c68a0f2b5d6,321.77734,340.0879,346.92383,353.51562,353.75977,363.76953,381.5918,386.4746,395.5078,405.27344,411.37695,409.1797
sample_0f60a898d717647b,345.21484,340.33203,342.5293,341.06445,334.96094,329.10156,336.66992,343.99414,341.55273,348.6328,351.5625,345.45898
sample_f86ffe556c41e27a,386.71875,413.08594,426.0254,451.9043,462.64648,474.36523,482.91016,499.75586,496.82617,515.1367,505.3711,499.02344
sample_80f7725153a94cc3,346.92383,354.73633,359.61914,359.375,369.38477,374.51172,382.56836,389.4043,393.31055,398.4375,405.0293,411.6211
sample_6a44f896c147c19c,310.54688,323.9746,329.3457,331.7871,338.13477,337.40234,357.66602,363.5254,369.14062,379.39453,387.6953,380.85938
sample_1ef06e5fac29c8f4,593.2617,596.6797,597.65625,592.77344,596.1914,591.7969,604.98047,596.6797,595.21484,591.3086,583.9844,573.2422
sample_106b25cf85416de9,356.9336,360.5957,360.35156,353.51562,341.06445,354.4922,362.79297,373.29102,376.46484,384.27734,390.86914,392.33398
sample_7c4cff2f60e09300,356.4453,363.0371,371.09375,372.5586,376.46484,369.87305,380.61523,373.29102,377.4414,377.9297,383.05664,378.90625
sample_980fc88cdd719a96,312.98828,323.48633,319.0918,335.20508,316.6504,331.0547,330.81055,337.64648,350.3418,363.76953,368.4082,363.5254
sample_610bec573d0a2bbb,341.3086,334.22852,341.55273,333.98438,334.47266,331.0547,334.47266,335.20508,340.0879,340.8203,342.77344,331.54297
sample_4928d4aec92587ee,492.67578,479.4922,464.5996,459.47266,438.47656,427.73438,409.9121,409.1797,399.6582,401.85547,395.26367,379.39453
sample_7d89bae9830506a9,494.6289,508.30078,511.71875,509.27734,523.4375,550.78125,545.41016,565.91797,565.4297,580.5664,568.3594,554.1992
sample_0701d6d3791ddf4c,370.8496,397.2168,404.54102,412.8418,410.64453,454.10156,467.28516,462.64648,507.8125,528.3203,528.3203,537.59766
sample_905c753e9d288446,457.51953,447.26562,432.6172,421.63086,398.92578,395.01953,390.625,382.56836,380.61523,379.39453,376.2207,378.6621
sample_ebfd8367709aa78d,385.98633,413.08594,428.22266,442.8711,448.48633,453.61328,462.1582,460.69336,462.1582,462.89062,446.77734,446.28906
sample_0487ac25dfc07464,320.80078,333.25195,344.23828,336.42578,337.64648,365.9668,373.29102,391.35742,407.4707,423.33984,439.69727,431.88477
sample_2e1f57cae83a861f,504.8828,483.88672,480.2246,484.13086,460.69336,452.14844,446.77734,445.55664,431.15234,432.1289,421.875,403.3203
sample_387acb80a0fac971,323.48633,322.26562,324.95117,337.1582,335.9375,333.4961,355.2246,359.13086,362.06055,372.0703,383.30078,381.5918
sample_d0b8861e8d596e10,349.1211,359.13086,371.3379,375.48828,377.4414,383.78906,394.53125,398.19336,403.8086,411.6211,411.1328,411.1328
sample_72b9edce783a8f95,687.5,699.21875,662.59766,629.39453,625.0,621.09375,574.21875,576.66016,545.89844,528.8086,516.1133,519.53125
sample_2c0ad7178894e6fe,691.89453,645.01953,611.8164,604.98047,551.7578,530.27344,502.9297,479.98047,447.26562,434.08203,415.77148,384.0332
sample_6db8483233784627,410.64453,410.15625,393.0664,387.45117,375.97656,376.2207,364.2578,367.67578,366.69922,367.1875,361.8164,366.69922
sample_c0f8e3e375c2e641,323.73047,325.92773,341.79688,348.14453,354.98047,352.53906,361.57227,362.06055,363.0371,364.2578,378.90625,365.23438
sample_138bb9258563d8ad,476.07422,479.4922,470.21484,468.50586,434.32617,433.8379,425.29297,414.79492,418.45703,418.45703,401.3672,392.08984
sample_006150d41f82d9a6,324.21875,314.9414,333.98438,306.64062,307.6172,335.44922,333.74023,364.01367,364.01367,376.46484,407.71484,407.22656
sample_fa5c44cb76ab27b6,680.1758,686.52344,674.8047,649.41406,681.6406,660.15625,645.01953,647.9492,665.03906,664.5508,682.6172,685.0586
sample_dae086ac862e4c40,375.24414,382.32422,386.4746,387.45117,389.4043,381.34766,389.64844,382.08008,387.45117,383.30078,391.11328,387.45117
sample_601e73d719bf0a61,433.10547,423.33984,424.8047,423.82812,403.3203,413.08594,406.73828,407.71484,406.25,410.15625,407.4707,402.0996
sample_7cfd906bf379cd09,538.5742,503.90625,476.31836,464.35547,424.3164,427.73438,389.16016,392.82227,376.95312,376.95312,367.43164,364.2578
sample_a52d052a86112cc5,323.2422,319.58008,330.81055,344.9707,333.74023,352.7832,355.95703,359.86328,370.8496,385.7422,374.75586,376.2207
sample_2b1bb45a304e77dd,352.53906,363.5254,373.29102,389.89258,393.5547,382.56836,395.5078,390.13672,395.01953,392.57812,398.4375,392.33398
sample_86a202f1bb562994,410.88867,414.30664,408.6914,416.5039,396.72852,402.0996,414.30664,414.79492,421.38672,430.17578,421.875,421.14258
sample_9b99ef83f613ab6c,402.5879,409.1797,411.6211,432.37305,426.0254,431.15234,465.0879,452.88086,478.51562,497.5586,488.5254,489.50195
sample_bf5375d325366e88,317.8711,325.43945,326.9043,345.45898,360.35156,360.5957,372.0703,385.7422,385.7422,393.5547,404.54102,413.33008
sample_1814765fa8415fbd,398.4375,387.20703,385.00977,384.0332,368.4082,374.51172,367.67578,365.9668,375.48828,376.46484,370.60547,367.91992
sample_167e36dca452de77,398.92578,395.26367,390.625,386.9629,369.38477,370.8496,362.54883,363.28125,366.21094,367.67578,366.45508,366.45508
sample_c253abba089b864c,634.7656,640.1367,633.78906,629.39453,623.53516,619.1406,614.7461,611.8164,597.16797,597.65625,572.2656,561.03516
sample_a14aff43cf4458bf,402.0996,402.34375,400.63477,399.90234,393.79883,387.93945,392.82227,385.49805,385.2539,384.76562,392.82227,380.3711
sample_3ad835bb22a1b36b,465.8203,454.58984,448.73047,459.22852,449.70703,437.25586,435.79102,438.7207,429.6875,424.8047,424.56055,436.2793
sample_cce7ffbc2ccd7b28,341.79688,338.62305,345.45898,347.4121,346.1914,338.8672,351.31836,355.46875,356.9336,363.28125,362.06055,354.98047
sample_b15f890e66f95fdf,360.10742,364.01367,364.50195,372.31445,364.2578,367.67578,366.94336,369.6289,370.60547,375.48828,376.46484,371.3379
sample_ceaf7725c5ca4c30,338.13477,347.65625,348.6328,354.0039,342.5293,359.13086,367.43164,369.87305,385.7422,391.60156,386.71875,384.27734
sample_bd8a3663305d6be4,626.46484,600.09766,591.3086,563.47656,522.46094,539.5508,505.85938,494.87305,495.36133,486.8164,467.5293,464.35547
sample_ca61f234310eb7be,352.05078,354.24805,378.41797,383.78906,392.57812,390.13672,409.42383,402.34375,406.25,411.1328,405.76172,405.76172
sample_c40f794353a39c8b,514.64844,509.27734,484.61914,487.54883,455.81055,462.89062,442.62695,456.7871,454.3457,470.70312,472.9004,471.1914
sample_aa94404623b7f81f,314.69727,308.59375,321.5332,342.28516,333.74023,343.75,352.7832,357.17773,366.94336,377.4414,383.54492,370.1172
sample_432d76cde8e5238b,349.60938,356.9336,360.83984,343.01758,341.3086,363.76953,353.51562,381.83594,389.89258,400.8789,427.73438,422.36328
sample_97c7d92990651cc9,521.4844,525.8789,528.8086,530.27344,547.3633,569.8242,549.3164,575.1953,571.28906,572.2656,575.6836,601.5625
sample_19aeb329e6c258af,399.90234,412.35352,423.33984,435.79102,446.5332,445.06836,455.81055,451.66016,456.7871,445.80078,454.83398,446.28906
sample_de0f6dbf948d9a51,404.29688,411.6211,407.4707,404.05273,406.25,409.1797,415.03906,408.93555,413.57422,410.64453,411.6211,406.49414
sample_21364fa408a7bffa,369.14062,372.0703,375.48828,382.08008,383.78906,386.9629,389.16016,393.79883,395.9961,397.46094,401.3672,408.20312
sample_238a8360aae40773,323.48633,329.3457,342.77344,346.92383,348.38867,357.66602,367.67578,369.38477,376.95312,374.02344,392.57812,383.30078
sample_e8f5c2ed867d2a23,423.33984,424.8047,428.71094,405.0293,402.5879,429.44336,417.7246,442.13867,435.54688,446.28906,454.3457,459.96094
sample_b9f45edde8cae036,417.96875,403.3203,399.6582,387.45117,378.90625,365.47852,356.20117,355.2246,350.58594,352.05078,348.6328,342.5293
sample_9f44935ddce09d73,318.35938,329.83398,342.5293,347.65625,352.05078,347.65625,360.83984,356.20117,362.79297,367.67578,370.60547,365.23438
sample_f169e5455b321944,558.10547,554.1992,535.15625,528.8086,495.60547,498.04688,476.5625,479.24805,467.28516,465.8203,453.61328,448.9746
sample_4fa363d0327820a0,407.22656,399.90234,417.7246,435.79102,417.96875,419.18945,437.25586,432.6172,433.10547,444.82422,432.6172,418.9453
sample_5f8449481531719b,331.7871,331.7871,334.22852,341.55273,330.5664,328.61328,337.1582,338.13477,341.79688,349.60938,348.6328,347.4121
sample_5a069e838bd64566,374.26758,372.5586,373.04688,379.1504,372.80273,378.90625,388.42773,397.94922,405.76172,410.64453,425.29297,421.38672
sample_91ac5ae1d521e8d7,407.22656,402.0996,410.88867,414.55078,402.0996,410.88867,419.4336,417.7246,426.51367,422.85156,424.8047,419.67773
sample_d775ae96351089ab,347.9004,343.75,347.9004,347.65625,338.62305,347.4121,349.85352,361.32812,360.35156,370.1172,373.29102,373.04688
sample_2a9e660bfe2081e3,419.92188,407.71484,422.11914,426.0254,409.66797,406.73828,417.7246,408.20312,413.81836,412.59766,401.85547,387.45117
sample_c347227857bffe62,339.35547,347.16797,357.17773,363.5254,364.50195,360.35156,369.38477,367.91992,373.29102,373.04688,379.39453,377.9297
sample_6cbea264abb5992a,399.41406,408.93555,429.44336,476.31836,478.51562,499.02344,521.97266,532.22656,538.5742,556.6406,557.6172,545.89844
sample_140455841adddabe,373.04688,382.8125,395.9961,405.51758,399.90234,407.22656,417.7246,427.2461,424.8047,433.59375,434.32617,427.73438
sample_3a089351b1094025,404.29688,406.25,408.44727,408.44727,400.8789,388.1836,396.97266,384.0332,386.23047,385.7422,383.78906,378.6621
sample_5490da08da79dd70,382.32422,397.2168,404.29688,426.26953,439.20898,470.70312,476.31836,505.3711,503.41797,522.9492,521.4844,531.7383
sample_6c943e256f50e3c7,395.9961,400.14648,397.2168,416.74805,413.08594,435.0586,453.125,448.48633,484.61914,499.51172,508.78906,518.5547
sample_9e2cdc941fb1efe8,449.70703,441.89453,446.04492,451.17188,429.44336,422.60742,433.59375,433.10547,418.9453,428.22266,424.3164,407.95898
sample_972c29ef5844746f,436.03516,439.20898,428.95508,431.88477,412.35352,426.26953,427.00195,436.52344,436.76758,452.63672,454.83398,455.32227
sample_f23cd37de0d6bc88,382.56836,379.63867,384.76562,391.60156,386.71875,388.42773,393.79883,398.4375,399.6582,398.4375,415.77148,411.1328
sample_838b8a7043220679,397.2168,393.5547,395.26367,394.7754,370.60547,386.71875,373.29102,382.56836,385.2539,392.08984,390.625,384.0332
sample_411879697ac2cf69,328.61328,339.35547,344.23828,352.29492,351.5625,358.1543,374.75586,377.19727,388.67188,396.97266,407.95898,405.51758
sample_d49cebb3df761e85,515.625,500.48828,495.8496,510.7422,500.97656,496.09375,485.10742,478.02734,479.4922,467.28516,467.77344,470.45898
sample_8dc0aee597caa5f1,372.5586,372.5586,382.56836,395.26367,402.34375,405.27344,412.8418,417.7246,419.18945,417.48047,432.37305,430.41992
sample_3e8f9d2376e12973,388.91602,394.7754,403.3203,398.92578,407.22656,444.58008,453.61328,475.3418,491.21094,519.53125,527.83203,542.96875
sample_59e82f87cf8a9ce7,396.48438,404.54102,415.03906,418.70117,398.92578,415.77148,417.23633,418.2129,429.93164,436.03516,425.04883,421.14258
sample_97b6f461b910aa0f,418.70117,430.17578,441.1621,435.0586,436.03516,467.77344,469.48242,487.06055,501.95312,521.4844,527.34375,528.3203
sample_109c5b51e664ef20,394.2871,393.79883,396.48438,399.16992,383.54492,385.2539,382.56836,385.00977,381.5918,389.64844,385.2539,371.58203
sample_9e7d4f3e33f30661,335.69336,335.69336,352.29492,362.54883,358.64258,359.375,376.95312,377.68555,378.41797,391.11328,393.0664,371.82617
sample_301ff4407fa726b4,323.2422,322.99805,330.81055,345.94727,349.1211,357.91016,359.61914,369.87305,368.65234,375.0,383.54492,382.32422
sample_2c518b70331eb159,382.08008,386.71875,397.94922,395.75195,393.5547,395.9961,402.34375,400.63477,408.6914,411.1328,410.88867,407.71484
sample_87b97d8b96281848,605.95703,571.28906,533.6914,531.7383,481.68945,470.70312,444.33594,428.22266,415.03906,400.39062,384.76562,381.5918
sample_4c6bef5546e7e2ba,546.3867,535.15625,515.625,503.41797,485.83984,462.64648,451.17188,428.22266,423.33984,411.6211,398.68164,394.53125
sample_4efdff0ce346b4ea,385.00977,381.5918,387.20703,391.60156,393.79883,396.48438,393.5547,395.75195,398.68164,400.39062,403.56445,402.34375
sample_740acd6fff6ce7bc,391.8457,393.5547,409.9121,411.37695,409.1797,414.55078,435.54688,430.66406,437.5,433.59375,433.3496,429.93164
sample_34328f98af596413,363.5254,379.1504,369.38477,379.63867,379.39453,395.01953,386.71875,416.74805,423.82812,440.91797,460.20508,469.72656
sample_9e3f72523fcbc460,375.97656,391.11328,404.54102,439.9414,441.40625,443.84766,452.88086,459.22852,458.25195,463.3789,457.76367,458.0078
sample_d3b1a9c04ea5007a,396.97266,398.92578,419.67773,415.77148,414.30664,410.64453,430.66406,417.7246,421.38672,419.92188,415.03906,409.42383
sample_750781d675673104,605.95703,587.8906,578.6133,580.5664,572.2656,537.1094,526.3672,501.46484,492.67578,475.58594,457.2754,456.29883
sample_aba9c9351c0b7284,328.61328,329.58984,334.47266,354.4922,345.21484,358.64258,351.31836,367.1875,370.8496,370.60547,389.89258,404.05273
sample_60f77d0892f88082,364.01367,363.28125,378.41797,389.89258,379.63867,395.9961,393.0664,393.79883,409.66797,412.59766,395.75195,385.7422
sample_6c3ba0f380d39cab,488.28125,484.86328,470.94727,482.17773,461.42578,460.44922,470.21484,461.91406,462.40234,469.23828,456.7871,460.20508
sample_635191c771332919,377.68555,375.48828,390.86914,406.00586,413.33008,412.59766,423.58398,422.11914,425.5371,420.89844,433.59375,432.37305
sample_20d30a4b8fde04ba,382.32422,377.4414,395.26367,409.1797,421.875,434.5703,433.8379,444.0918,443.60352,446.28906,448.9746,454.83398
sample_bf10397e772154b6,549.3164,542.48047,546.875,532.71484,509.27734,497.0703,484.13086,473.87695,449.70703,437.01172,425.29297,424.8047
sample_0d2dd8bbb70258a2,479.0039,466.3086,458.0078,452.63672,440.91797,440.4297,426.51367,422.11914,424.8047,420.41016,417.23633,421.875
sample_1e8fd242c06cb271,382.32422,377.68555,397.46094,413.33008,423.82812,433.10547,433.59375,440.91797,441.40625,442.3828,445.06836,449.4629
sample_9856b2d4f60bcbdf,358.64258,359.86328,360.10742,370.36133,354.4922,356.9336,358.1543,349.36523,360.5957,365.23438,353.75977,353.02734
sample_a0862d37cc1f5d93,320.80078,335.69336,343.99414,333.74023,336.91406,362.54883,368.16406,384.76562,400.39062,414.55078,428.71094,421.38672
sample_00175aa9e4ab085c,668.45703,652.83203,666.0156,652.34375,651.85547,613.76953,604.0039,582.51953,550.78125,518.0664,517.5781,522.46094
sample_52cd3c7a936dedcd,423.0957,416.01562,400.8789,392.08984,374.51172,367.1875,368.16406,362.3047,361.32812,359.86328,363.0371,362.3047
sample_512598150a3cdb58,354.73633,366.69922,366.21094,378.17383,368.89648,378.41797,391.8457,390.38086,405.76172,408.20312,415.2832,410.4004
sample_2a477bb7e5c2b647,405.27344,407.95898,417.23633,435.30273,418.70117,427.49023,419.18945,412.59766,434.32617,431.15234,418.45703,418.70117
sample_e256425136a93729,534.66797,520.9961,497.31445,490.9668,464.84375,454.10156,426.26953,416.74805,405.76172,401.85547,387.45117,392.33398
sample_e5a5459d1cd5b807,395.5078,402.34375,406.49414,383.54492,388.67188,402.0996,398.68164,410.15625,401.61133,408.20312,411.37695,412.10938
sample_3f8ff6b60a446a59,325.43945,325.6836,333.25195,348.87695,344.48242,353.27148,353.02734,362.79297,364.50195,375.97656,378.90625,389.64844
sample_a86dd350c2e56bb6,372.0703,378.90625,375.73242,389.4043,402.34375,407.22656,410.64453,421.38672,427.2461,428.22266,437.01172,450.1953
sample_503507c5f85ccc95,427.97852,427.00195,425.04883,420.16602,415.52734,403.07617,404.29688,392.08984,397.94922,393.0664,391.11328,386.23047
sample_7bf43c34e5e861f1,339.84375,341.3086,341.06445,352.53906,340.0879,353.27148,358.88672,359.61914,366.45508,385.7422,370.60547,371.09375
sample_131b96b9b0e8678d,381.34766,395.9961,402.5879,431.15234,446.28906,471.1914,478.75977,505.3711,503.41797,520.9961,520.5078,529.2969
sample_e4c8bcf01721bd11,487.79297,496.09375,503.41797,500.0,484.13086,480.2246,469.48242,462.89062,451.9043,441.89453,430.66406,431.39648
sample_8067d7ef333d9e34,323.2422,328.85742,331.54297,338.13477,334.96094,331.0547,352.29492,357.66602,355.7129,368.65234,371.82617,369.14062
sample_d6e3389b87414450,423.0957,416.9922,412.10938,413.33008,410.88867,421.875,410.64453,427.00195,415.77148,416.9922,427.73438,435.54688
sample_8145721ec909d03a,504.8828,519.53125,516.60156,512.20703,532.22656,542.96875,523.9258,535.64453,528.8086,523.4375,521.4844,536.1328
sample_6563c8db71a6bfca,438.96484,436.2793,438.7207,427.00195,418.70117,400.39062,408.44727,394.7754,393.5547,387.20703,392.33398,370.36133
sample_07c3e2f527bbb2a9,385.98633,383.54492,382.32422,395.01953,389.64844,395.01953,404.54102,415.52734,419.67773,423.33984,443.60352,443.60352
sample_1accdc36183947f1,590.33203,583.4961,599.6094,588.3789,585.9375,561.52344,555.1758,536.1328,510.2539,486.8164,484.375,481.4453
sample_60abd637c7d585ef,346.1914,341.79688,350.58594,337.40234,339.5996,344.23828,345.45898,349.1211,359.13086,360.35156,370.8496,365.23438
sample_48209b16b2538ff2,617.1875,597.65625,587.40234,593.2617,571.77734,575.6836,566.40625,555.66406,543.9453,540.03906,528.3203,519.53125
sample_cbd12f355713143e,508.78906,511.23047,509.27734,502.4414,522.46094,551.26953,513.1836,538.5742,543.9453,526.85547,540.52734,574.70703
sample_767dffe6cfdd40fd,332.2754,337.89062,343.50586,352.7832,355.7129,366.69922,372.31445,375.24414,382.56836,386.23047,388.67188,390.625
sample_0ab6cc9a73db066b,334.22852,347.9004,358.88672,363.5254,350.58594,370.36133,366.69922,385.2539,400.39062,414.0625,420.89844,409.9121
sample_b38edb33a1f0bba5,334.22852,339.5996,365.72266,373.04688,387.93945,389.64844,406.00586,402.5879,407.95898,408.20312,412.10938,411.86523
sample_120269091eda1dff,335.9375,345.21484,359.61914,370.1172,377.68555,369.38477,384.27734,377.19727,387.20703,384.27734,390.38086,386.23047
sample_7c252b27597100a5,477.05078,479.0039,488.28125,494.87305,477.05078,473.6328,500.48828,483.1543,480.7129,490.72266,470.45898,449.4629
sample_5b220b28a1cd89b5,303.22266,309.08203,322.26562,316.89453,318.35938,345.21484,349.60938,368.65234,385.49805,395.5078,414.55078,401.85547
sample_36a1f3582c57ae8c,380.12695,385.2539,389.4043,388.42773,391.60156,382.8125,391.60156,383.54492,386.23047,382.8125,388.67188,383.30078
sample_4113f8d032f705ba,362.79297,359.13086,361.57227,351.31836,350.58594,362.79297,362.79297,373.29102,379.8828,381.83594,395.26367,387.45117
sample_9ef006b7fb4750d3,353.02734,357.91016,350.3418,355.7129,344.48242,349.36523,344.23828,350.83008,356.20117,363.28125,362.3047,364.01367
sample_d0fa99ecbd5ade04,428.95508,433.8379,414.30664,419.18945,414.0625,405.27344,402.5879,405.0293,406.25,411.6211,405.51758,418.70117
sample_0145e429c1aafaa6,489.2578,486.32812,471.6797,477.29492,448.73047,456.54297,453.61328,459.7168,460.44922,466.79688,466.3086,462.40234
sample_a3989dfc8a33d02e,352.05078,354.98047,368.4082,376.70898,368.65234,366.21094,372.0703,369.87305,375.0,376.46484,379.63867,378.17383
sample_1630a12c8eb6a4bd,374.51172,380.12695,373.7793,379.63867,373.7793,368.16406,377.68555,374.26758,376.2207,376.95312,373.7793,374.26758
sample_d44a561cd0f20116,479.4922,473.6328,465.8203,467.28516,458.98438,440.91797,440.91797,423.82812,417.23633,412.59766,403.3203,403.07617
sample_d4d5345c7c3d517d,360.35156,363.28125,367.1875,380.3711,378.41797,392.57812,387.20703,401.61133,400.8789,407.22656,413.81836,419.92188
sample_eb545283a2d53339,316.1621,322.7539,324.21875,326.9043,317.8711,330.81055,338.13477,337.1582,345.94727,354.0039,352.53906,353.51562
sample_bb8f9c5698f857d1,371.09375,380.3711,400.14648,401.12305,416.5039,424.56055,437.01172,431.39648,442.13867,446.28906,437.98828,435.54688
sample_38011d2755f346d7,329.83398,335.69336,341.55273,350.83008,354.0039,364.50195,371.3379,374.26758,382.08008,384.76562,389.4043,390.13672
sample_7da89e4305a8bd85,342.28516,351.31836,358.64258,362.06055,366.69922,362.06055,371.3379,365.9668,370.60547,372.0703,376.70898,373.29102
sample_4de8f68719aa8695,414.30664,432.6172,445.06836,481.68945,514.64844,528.3203,547.3633,565.91797,580.0781,602.53906,601.5625,611.8164
sample_335ee27af82e9e31,357.66602,362.54883,362.54883,365.9668,376.95312,382.08008,388.67188,391.8457,393.31055,398.4375,404.54102,408.6914
sample_6ae43d0e2f42223e,365.23438,364.99023,367.67578,373.29102,365.23438,365.72266,363.76953,367.67578,365.9668,369.14062,366.94336,366.45508
sample_989839b44079ae29,349.60938,350.58594,346.1914,355.7129,352.53906,352.29492,364.99023,376.46484,373.53516,380.85938,399.90234,398.92578
sample_b6b57ad66c560d0e,407.4707,409.1797,408.44727,396.72852,398.68164,395.5078,392.33398,386.4746,387.45117,384.27734,385.2539,375.97656
sample_cdfe3240d847b232,404.78516,408.20312,402.5879,405.0293,394.04297,395.9961,396.97266,387.20703,391.8457,397.46094,390.86914,386.23047
sample_fcf760c74e122057,396.48438,393.5547,402.34375,412.35352,397.70508,406.00586,404.54102,406.98242,415.52734,416.01562,416.74805,399.41406
sample_d0faeadf3f1bf746,409.1797,410.64453,414.30664,410.15625,411.6211,410.15625,416.74805,410.4004,416.5039,409.1797,417.48047,404.54102
sample_05d797ebc14c2dfd,500.0,488.28125,463.8672,457.2754,422.85156,419.92188,398.92578,389.16016,387.45117,385.7422,366.94336,375.0
sample_5d463f8fa320fa43,404.78516,405.76172,423.0957,428.4668,439.69727,449.70703,471.92383,468.01758,477.05078,478.51562,481.20117,461.42578
sample_ae90bbedd895d282,395.9961,392.82227,394.7754,393.79883,390.13672,383.78906,384.27734,381.10352,378.17383,377.4414,385.98633,372.0703
sample_9bd90b61474ed034,443.84766,437.5,430.41992,418.9453,408.44727,407.71484,402.83203,395.75195,387.45117,388.67188,385.49805,375.73242
sample_463fa22c62e7c1d4,341.79688,343.26172,343.26172,352.7832,347.65625,350.09766,366.45508,368.4082,374.02344,376.46484,387.93945,389.4043
sample_8c4cfe9e2a70a7d7,371.58203,377.19727,376.46484,376.46484,379.8828,389.89258,386.4746,394.7754,399.41406,405.27344,401.61133,402.5879
sample_9d552e2319e9d5d4,441.89453,443.11523,432.1289,427.49023,416.74805,413.81836,416.74805,408.20312,405.76172,403.8086,403.8086,399.41406
sample_be62b2f3cb180320,339.84375,341.3086,356.4453,361.08398,361.08398,357.17773,367.43164,364.7461,369.38477,370.1172,374.75586,367.43164
sample_2a7111f647bacbee,587.40234,562.9883,542.96875,538.5742,491.69922,487.3047,451.9043,451.17188,438.96484,432.1289,419.18945,423.0957
sample_9620886a808351b0,352.29492,353.27148,352.7832,348.6328,344.72656,342.77344,354.4922,353.51562,358.39844,365.72266,368.65234,368.16406
sample_8799aa2c0ba2fc26,381.10352,390.38086,377.4414,389.89258,383.05664,392.08984,380.85938,406.98242,412.59766,425.29297,443.84766,448.73047
sample_07d8aa6acbff0ba0,389.4043,386.23047,383.54492,366.94336,356.4453,355.7129,355.2246,353.27148,356.20117,355.46875,360.35156,355.46875
sample_5c5f6c30d945f94c,375.48828,382.8125,379.39453,370.36133,362.3047,362.79297,367.91992,369.38477,368.89648,374.02344,376.46484,378.41797
sample_4488fe3def72a5c6,449.70703,444.58008,447.26562,434.08203,424.56055,405.76172,409.42383,396.24023,394.53125,384.76562,394.53125,370.1172
sample_90abda5a4c18c872,363.28125,377.9297,391.35742,421.875,430.17578,419.18945,432.37305,426.0254,428.95508,423.33984,429.93164,425.5371
sample_6e1b1f11ada6855e,369.14062,369.6289,363.5254,376.46484,365.9668,370.8496,363.5254,367.67578,370.8496,377.9297,372.5586,370.1172
sample_f9260c80e1380570,326.41602,346.92383,357.17773,358.64258,356.9336,389.64844,403.56445,405.0293,438.96484,450.1953,450.92773,455.32227
sample_2df388bc0459a86e,386.71875,390.38086,406.00586,413.57422,420.89844,432.37305,448.2422,445.3125,454.3457,455.07812,462.64648,448.48633
sample_98253e5d855ef85f,336.18164,351.07422,359.61914,364.50195,369.38477,382.08008,392.82227,408.6914,410.15625,423.82812,431.39648,429.19922
sample_abd132d5d5f21003,426.26953,424.07227,425.29297,421.875,414.55078,400.63477,402.0996,390.13672,395.9961,385.7422,389.4043,385.49805
sample_a4c0090ee7de8010,394.7754,416.01562,429.93164,479.73633,486.08398,503.41797,529.78516,544.4336,549.3164,572.7539,568.84766,561.52344
sample_94ca88ae1ceb865d,462.40234,443.35938,437.5,428.95508,404.78516,398.4375,380.85938,391.8457,375.24414,378.41797,378.17383,370.60547
sample_000c67133c77da57,323.73047,327.88086,334.7168,337.1582,334.47266,336.42578,348.87695,352.05078,359.86328,369.6289,375.48828,372.80273
sample_fa155354b2ec7423,293.9453,307.1289,323.2422,336.18164,344.9707,342.5293,359.86328,357.91016,363.76953,368.16406,375.73242,373.29102
sample_a58985a4fcedf311,449.70703,436.03516,425.78125,428.22266,414.0625,421.63086,417.7246,417.23633,431.88477,436.52344,466.79688,476.80664
sample_42f71726a354e621,425.04883,428.22266,425.78125,424.07227,414.30664,411.6211,413.81836,419.18945,406.25,408.20312,405.0293,403.8086
sample_da6e107b7dc86189,347.4121,358.39844,361.08398,364.99023,372.0703,369.38477,378.17383,380.61523,384.52148,388.67188,389.16016,390.86914
sample_9406b08fdae9a953,437.01172,438.7207,440.4297,442.62695,417.96875,435.54688,442.13867,441.1621,434.5703,452.63672,434.5703,427.73438
sample_809280b0a9b8de31,428.95508,420.6543,419.67773,409.42383,407.4707,399.90234,389.64844,388.1836,384.0332,384.27734,378.6621,376.2207
sample_f9601acd3b68e929,473.6328,469.23828,472.9004,484.61914,462.64648,475.83008,491.21094,481.4453,489.99023,500.48828,486.8164,473.14453
sample_1cd342f670b49303,493.65234,494.6289,509.76562,486.08398,484.86328,498.04688,503.90625,509.76562,507.32422,514.64844,523.4375,522.9492
sample_673a6cf4730ab60f,597.16797,607.91016,611.3281,630.8594,628.41797,596.6797,608.39844,601.5625,594.2383,581.54297,583.4961,561.03516
sample_931ed3745bd71e67,391.8457,398.19336,408.20312,415.77148,394.04297,411.1328,408.93555,411.37695,421.875,426.26953,417.7246,413.08594
sample_96b9983e46592722,369.14062,367.1875,360.5957,353.75977,338.13477,345.70312,347.65625,356.4453,356.4453,360.35156,369.6289,370.36133
sample_fb419ace0379f32a,353.51562,356.4453,366.45508,367.43164,366.45508,362.79297,369.38477,365.9668,371.09375,371.09375,375.24414,367.1875
sample_d573821d42bc8ac7,350.3418,355.7129,357.66602,376.2207,363.5254,365.47852,358.1543,367.67578,371.09375,376.46484,385.49805,396.97266
sample_f727cf2795c9509e,368.89648,380.3711,371.09375,364.50195,367.67578,367.67578,367.43164,370.36133,383.30078,385.7422,377.19727,383.54492
sample_3db980bcf29b2673,459.96094,459.96094,439.45312,457.76367,440.4297,440.4297,451.41602,440.91797,456.29883,464.35547,460.44922,468.75
sample_f13d4bcf2af616b3,466.79688,480.95703,480.95703,503.41797,516.60156,542.96875,551.26953,576.1719,583.9844,615.72266,615.72266,627.9297
sample_1529cfcba486f3d8,364.50195,385.7422,401.61133,417.96875,448.2422,442.8711,456.54297,461.42578,465.33203,463.8672,466.79688,471.43555
sample_8efface64348ef04,570.8008,583.4961,562.5,540.52734,561.52344,568.3594,538.5742,556.6406,535.64453,533.2031,534.1797,553.22266
sample_c6edd7a79b0b820c,337.1582,347.9004,356.20117,369.6289,356.20117,372.31445,387.45117,385.2539,403.8086,411.1328,410.4004,408.6914
sample_f4631c0f7244ed21,445.80078,442.8711,436.03516,428.4668,418.45703,407.4707,403.56445,390.38086,392.08984,385.2539,380.61523,376.70898
sample_0b255c3e97d8af99,362.3047,368.16406,365.23438,381.5918,359.86328,368.4082,364.99023,361.32812,379.39453,381.83594,372.5586,369.87305
sample_04afcba7523258c4,411.6211,424.56055,421.63086,434.5703,440.91797,453.125,464.84375,478.75977,508.78906,527.34375,561.03516,568.3594
sample_b1ac813cf6be3a24,363.5254,373.04688,372.5586,381.83594,373.53516,370.8496,384.52148,381.34766,387.20703,388.67188,387.20703,386.71875
sample_03a476e3fc777e0b,498.04688,498.04688,473.38867,467.04102,436.76758,432.6172,394.7754,414.30664,399.90234,405.76172,401.3672,386.71875
sample_2f2693c39d9bb0c6,429.44336,422.85156,421.875,412.59766,410.15625,402.0996,392.33398,390.13672,387.93945,388.1836,379.39453,374.26758
sample_6d3d21897de539bb,408.20312,412.10938,407.4707,435.30273,431.15234,446.77734,448.48633,471.1914,485.83984,506.34766,532.71484,537.1094
sample_d05d689248b262b5,395.5078,384.27734,373.29102,368.16406,346.1914,353.02734,344.9707,356.68945,350.09766,352.53906,356.9336,360.83984
sample_ad319c451660326c,411.86523,426.0254,442.62695,470.94727,506.34766,532.71484,544.9219,562.9883,587.40234,607.4219,608.39844,621.09375
sample_21514694c556fa47,367.43164,367.91992,391.11328,393.5547,401.12305,394.04297,412.10938,403.56445,406.73828,408.6914,405.76172,403.07617
sample_22778f9d02fa9083,490.72266,472.65625,459.7168,459.7168,437.98828,429.19922,411.86523,416.25977,402.34375,407.22656,394.04297,383.05664
sample_1c5e062a2751041d,416.9922,424.8047,418.2129,414.55078,415.52734,414.0625,420.89844,410.88867,416.01562,411.6211,410.88867,404.29688
sample_cbb8ea5740735914,349.60938,363.28125,365.9668,370.8496,370.60547,370.1172,386.23047,386.71875,386.71875,395.01953,391.35742,391.35742
sample_56155ef6642d9aaa,399.41406,398.68164,393.31055,386.4746,386.23047,375.97656,381.10352,376.2207,370.60547,380.85938,368.16406,360.35156
sample_0b65c2e07df23774,492.1875,490.72266,500.48828,491.94336,474.36523,463.8672,454.58984,447.50977,436.03516,421.875,413.08594,413.57422
sample_f02ffa8842304dc5,429.19922,423.0957,407.71484,389.89258,372.80273,396.24023,366.94336,385.98633,387.6953,389.64844,399.41406,392.08984
sample_b0ede85fbcd769a3,409.1797,395.5078,392.57812,383.30078,377.68555,362.54883,356.4453,353.27148,352.53906,354.0039,351.31836,344.23828
sample_6b41b7734ea60c98,458.98438,435.30273,425.78125,432.86133,408.20312,414.0625,385.2539,412.59766,394.04297,394.04297,402.5879,429.19922
sample_fe768ef94e657eec,310.0586,308.3496,329.10156,348.38867,342.77344,341.3086,364.7461,356.20117,367.1875,375.48828,379.1504,357.91016
sample_3a7db4d22f77e915,458.4961,463.3789,470.94727,478.75977,460.69336,461.18164,442.62695,433.8379,441.40625,426.7578,417.7246,414.30664
sample_1099448f0650dc86,589.84375,584.96094,578.6133,580.0781,570.8008,585.9375,564.4531,579.10156,598.6328,604.0039,606.4453,621.09375
sample_28c4a12ada920b1b,393.5547,389.16016,383.05664,383.78906,378.17383,373.04688,373.7793,368.89648,366.69922,376.95312,364.50195,356.4453
sample_324d637a09f39e00,325.6836,342.04102,350.3418,365.9668,352.05078,368.89648,403.07617,400.63477,419.4336,439.45312,425.78125,427.2461
sample_9c24ab628efea2c6,462.40234,473.14453,483.1543,481.68945,468.75,467.28516,456.7871,452.88086,446.28906,439.9414,427.73438,428.71094
sample_e4b7c5cf535eab93,379.8828,383.54492,371.82617,373.7793,358.88672,371.3379,357.66602,361.57227,370.60547,376.46484,367.43164,368.65234
sample_ecd66319b56a0563,619.6289,623.0469,617.1875,599.1211,617.1875,591.3086,569.8242,578.125,539.0625,526.3672,528.8086,526.3672
sample_b939e8aaf77d0f7e,472.65625,467.77344,459.96094,476.31836,467.28516,476.5625,475.83008,479.4922,484.61914,487.79297,489.7461,492.67578
sample_33411ecceb5f39c3,514.64844,503.90625,487.79297,475.83008,462.64648,440.4297,436.03516,414.79492,408.6914,398.92578,389.89258,387.20703
sample_bdf7d0eb3ae885d7,331.54297,330.07812,350.09766,360.83984,356.20117,355.95703,375.48828,374.75586,376.2207,387.6953,389.89258,366.45508
sample_0c597872cc196b00,331.54297,334.22852,347.4121,340.33203,344.9707,346.43555,352.29492,352.05078,363.5254,365.72266,371.82617,361.08398
sample_ef29440c1bb48328,533.6914,536.1328,521.4844,513.1836,483.1543,476.07422,468.26172,454.83398,435.0586,428.22266,400.8789,397.70508
sample_dabd7d5c7169ab37,369.14062,379.8828,386.4746,391.11328,381.34766,389.16016,414.30664,410.88867,422.60742,437.5,427.00195,415.52734
sample_c6e5f1c7552980e2,304.19922,311.2793,313.23242,322.99805,328.36914,343.75,346.6797,355.2246,357.91016,374.51172,372.80273,384.76562
sample_9b66c43b40e14881,350.09766,363.0371,389.4043,412.10938,429.6875,459.96094,477.29492,499.75586,510.7422,536.1328,542.96875,543.45703
sample_4b4aed52576e68a7,556.15234,556.6406,559.08203,555.66406,544.9219,519.53125,522.9492,502.4414,495.36133,470.21484,474.1211,464.84375
sample_db6f08ada19b475f,318.11523,329.58984,338.13477,345.94727,355.7129,348.38867,361.8164,357.42188,364.01367,368.16406,373.29102,367.1875
sample_afd64f03e8b87042,371.58203,393.0664,398.4375,406.49414,398.68164,410.15625,405.76172,415.77148,418.70117,419.92188,414.79492,424.3164
sample_1d4360c32b3781b3,369.38477,372.80273,374.75586,374.51172,371.58203,366.69922,372.5586,367.91992,373.7793,376.95312,377.19727,375.73242
sample_2fe476e43f376055,455.5664,442.8711,439.20898,434.32617,408.20312,403.56445,402.5879,392.82227,385.49805,390.13672,376.2207,359.86328
sample_756f793454b5f99d,341.06445,344.9707,353.27148,346.6797,354.98047,375.0,364.50195,383.05664,381.34766,384.76562,398.92578,404.29688
sample_0a1f69574827dd37,311.76758,317.3828,327.63672,333.98438,330.07812,334.22852,338.13477,336.91406,350.3418,356.9336,350.58594,345.45898
sample_90ed70403df21555,324.70703,334.7168,347.4121,356.20117,357.66602,352.05078,366.45508,362.3047,369.14062,371.58203,376.2207,373.29102
sample_7b65426c519a90c3,329.58984,339.5996,341.06445,353.27148,349.60938,355.2246,369.87305,373.29102,383.78906,393.5547,397.70508,396.24023
sample_a7b5f8c958fccd8a,410.64453,411.86523,410.88867,409.9121,402.34375,411.1328,402.5879,411.37695,409.66797,413.08594,418.2129,422.60742
sample_22c54731c4ce5a99,340.33203,335.20508,339.35547,329.83398,329.58984,327.88086,331.0547,333.0078,337.40234,339.84375,343.75,334.22852
sample_e1add3c8e4cf1008,334.96094,339.11133,354.73633,361.8164,361.8164,356.4453,368.89648,365.23438,370.1172,372.0703,375.97656,369.6289
sample_7192d503e37a8b3c,348.38867,359.375,385.7422,410.4004,414.79492,435.0586,470.70312,475.83008,490.23438,518.0664,501.46484,495.1172
sample_497f3c3cfb0da01d,624.02344,588.3789,551.7578,556.15234,503.41797,489.2578,455.81055,435.30273,420.6543,401.3672,385.98633,378.90625
sample_7c4c3d686d11b9b7,405.0293,412.35352,410.15625,421.63086,409.9121,417.7246,431.64062,427.00195,452.14844,459.47266,461.18164,461.42578
sample_7360e49ae9736ee3,363.76953,365.72266,355.46875,362.06055,352.53906,367.1875,357.66602,390.625,386.4746,398.92578,434.08203,438.7207
sample_bd63b4e76b793ae5,377.19727,380.12695,383.05664,384.0332,387.45117,388.91602,394.04297,391.8457,395.9961,397.46094,401.12305,405.0293
sample_07d6526d36f2b744,366.69922,363.5254,359.61914,367.43164,342.28516,368.16406,359.375,384.0332,388.1836,397.94922,414.79492,406.00586
sample_a341a152890dc1f5,347.16797,344.48242,356.9336,364.50195,356.20117,365.72266,371.09375,371.3379,376.95312,388.1836,374.75586,368.89648
sample_e2092f8cc17ad5b7,395.01953,402.83203,426.0254,458.25195,475.09766,480.2246,493.65234,510.7422,519.04297,522.9492,544.9219,562.9883
sample_1d4c409519fabf1f,391.60156,390.13672,386.71875,379.63867,380.12695,369.6289,375.0,369.87305,367.1875,375.97656,365.9668,358.39844
sample_0dbfc03fec463143,512.20703,502.9297,493.89648,499.75586,483.39844,480.7129,473.87695,466.3086,460.9375,460.9375,448.48633,443.11523
sample_d77413f941232bd5,535.15625,544.4336,534.66797,534.66797,523.4375,520.01953,498.04688,493.89648,489.99023,480.95703,465.8203,464.11133
sample_3daf83a405a1cffb,340.8203,346.92383,353.02734,348.87695,355.95703,365.9668,370.36133,372.80273,376.46484,380.3711,385.7422,385.00977
sample_eef3cd35d5c19b67,446.28906,460.20508,469.23828,514.64844,500.0,490.47852,505.85938,499.51172,511.23047,518.5547,516.60156,491.21094
sample_7cc8ef15939531fd,429.6875,439.45312,415.77148,421.14258,400.14648,407.22656,379.8828,409.42383,401.3672,413.57422,425.5371,424.8047
sample_c71358926ef4fbfe,406.49414,408.44727,405.51758,394.2871,387.20703,408.44727,403.56445,410.15625,418.70117,428.22266,425.5371,436.52344
sample_295f10ed97563e6c,510.2539,500.0,479.4922,472.4121,442.8711,456.54297,445.3125,441.40625,452.63672,451.17188,442.3828,445.3125
sample_b5a1d81f98282301,599.1211,559.08203,522.46094,516.1133,470.21484,460.69336,435.0586,421.14258,409.1797,394.53125,383.30078,385.7422
sample_d6507250ded80bae,380.3711,397.94922,422.11914,472.4121,481.68945,489.7461,508.78906,520.5078,530.7617,544.4336,544.4336,529.78516
sample_b5a87c1060c235fa,388.91602,392.33398,396.97266,385.7422,390.86914,423.82812,426.0254,451.17188,467.5293,489.2578,510.7422,517.5781
sample_9a96ed6c4a4210de,364.2578,368.89648,371.3379,371.82617,381.83594,383.78906,391.8457,395.75195,399.90234,402.83203,411.1328,414.79492
sample_e10d35fdf0fbb22f,397.2168,399.16992,400.14648,398.4375,397.94922,389.16016,388.91602,378.90625,386.23047,381.83594,381.10352,376.46484
sample_33eb19f84d1859cd,420.41016,423.33984,434.08203,429.93164,422.85156,420.41016,426.51367,416.5039,422.36328,419.4336,419.18945,408.93555
sample_5be3e322cf9766dd,300.78125,310.79102,318.60352,326.17188,338.3789,346.6797,353.27148,363.5254,375.24414,380.3711,387.6953,394.53125
sample_16178464001d5f10,342.28516,345.21484,356.68945,373.7793,359.86328,381.83594,385.00977,389.16016,402.5879,410.64453,398.4375,390.38086
sample_e903631cc0b28436,366.94336,370.8496,376.95312,372.31445,375.48828,374.02344,374.26758,372.80273,376.2207,375.0,379.8828,369.38477
sample_b496477b65018c88,436.03516,446.77734,464.84375,487.06055,523.9258,536.1328,561.52344,572.7539,588.8672,607.4219,616.21094,623.0469
sample_c3e299abfe58be1e,384.76562,390.38086,393.31055,392.33398,393.79883,385.2539,391.60156,383.78906,388.67188,383.78906,389.16016,385.7422
sample_a2bdbbb39d5707d3,506.34766,492.1875,490.23438,506.34766,497.0703,488.0371,480.7129,469.48242,469.72656,455.5664,455.81055,455.07812
sample_a2cb229a63e2cb06,637.6953,625.4883,616.6992,588.8672,571.28906,560.0586,532.71484,528.3203,493.65234,480.95703,482.42188,461.42578
sample_a2d96e44b3bd84bf,302.49023,313.47656,317.62695,327.63672,312.98828,336.66992,335.9375,351.31836,365.23438,375.97656,388.1836,378.90625
sample_a6319e05c5d46c78,590.33203,586.4258,575.6836,564.9414,529.2969,527.34375,509.76562,505.85938,481.68945,476.5625,463.13477,443.60352
sample_fbc28dd746f19561,434.5703,428.22266,431.88477,444.82422,424.07227,422.85156,434.32617,436.03516,424.8047,437.5,429.44336,418.45703
sample_d535b1da8f291d4e,340.8203,351.5625,343.01758,342.77344,336.66992,336.18164,338.62305,350.09766,345.70312,352.53906,353.51562,358.39844
sample_b268e77ff101f9de,489.7461,482.91016,465.8203,458.74023,442.3828,427.73438,414.55078,404.29688,396.97266,392.08984,384.0332,387.6953
sample_c8d225bb6ce50823,368.65234,374.51172,370.1172,363.0371,355.46875,358.39844,366.94336,368.4082,367.91992,377.4414,375.97656,380.3711
sample_cf39d45233e541b4,441.89453,435.30273,415.2832,428.4668,423.82812,423.82812,435.30273,426.0254,446.28906,452.63672,477.7832,493.16406
sample_b67114d28185e620,499.02344,486.32812,464.5996,460.20508,442.8711,434.32617,422.60742,420.6543,411.1328,407.71484,403.8086,412.35352
sample_4c5d1662165419d2,475.09766,469.72656,484.61914,489.50195,487.3047,494.6289,493.89648,497.31445,488.28125,474.1211,477.05078,479.0039
sample_8717b52820b320d0,479.0039,475.58594,462.64648,469.9707,445.3125,452.63672,454.3457,456.29883,461.66992,467.28516,467.28516,463.3789
sample_7f85c8d85b38e38f,517.08984,508.78906,491.69922,484.61914,468.75,444.82422,438.47656,418.45703,409.1797,401.85547,389.4043,386.23047
sample_11be10f6d7bab91e,377.19727,385.7422,410.88867,401.3672,416.5039,442.3828,452.14844,474.36523,484.61914,496.58203,521.97266,528.8086
sample_ed462dff4a31def3,383.05664,388.67188,390.13672,390.625,388.67188,377.68555,383.30078,374.75586,380.3711,374.51172,378.17383,370.1172
sample_bacd21983a551e04,303.95508,315.67383,326.66016,323.48633,325.6836,344.72656,362.3047,381.5918,389.89258,404.78516,423.0957,422.60742
sample_3b65d0dd2a60d491,409.66797,415.2832,439.20898,477.29492,493.89648,498.04688,504.39453,522.46094,527.83203,527.34375,546.3867,562.9883
sample_a68bc5135a5451b2,368.4082,367.1875,368.4082,367.91992,375.97656,411.37695,410.4004,438.23242,463.8672,488.76953,515.625,534.66797
sample_ec6bf97e2b77f4c7,402.5879,404.54102,402.5879,420.6543,414.0625,408.20312,419.92188,418.70117,426.51367,425.29297,439.69727,439.9414
sample_4adec665eed70114,459.96094,443.11523,436.52344,436.2793,408.44727,401.3672,402.34375,388.67188,382.8125,392.08984,373.04688,358.1543
sample_f96367f220061b17,400.63477,406.25,398.68164,428.4668,413.08594,413.57422,437.25586,430.17578,437.25586,450.6836,434.5703,446.28906
sample_caf4021378db9e62,370.60547,382.08008,401.3672,402.0996,417.96875,426.7578,441.89453,434.81445,445.80078,451.17188,440.91797,440.18555
sample_62eb47ea69d00d99,437.98828,420.16602,401.3672,397.2168,367.43164,373.04688,342.04102,358.64258,347.16797,350.09766,353.27148,354.0039
sample_a79677cf53c5378f,404.78516,408.6914,416.9922,435.30273,439.45312,436.76758,443.35938,441.40625,444.58008,441.40625,444.58008,449.21875
sample_4f9ed1fcfe97e865,309.5703,320.80078,324.95117,330.81055,341.3086,355.95703,367.67578,372.0703,380.12695,390.625,394.04297,402.83203
sample_2cf96f43d079dabb,379.1504,384.27734,381.83594,406.98242,399.90234,418.45703,422.60742,449.95117,461.91406,482.42188,508.78906,514.16016
sample_8c022faf3fe1f126,452.14844,452.63672,447.02148,442.3828,429.19922,440.18555,449.95117,442.62695,448.9746,459.47266,448.9746,452.14844
sample_e1f3bb69a997217a,444.82422,435.0586,433.10547,443.60352,415.03906,424.8047,422.11914,423.82812,423.82812,431.64062,416.5039,412.59766
sample_af57a3baf702bc8c,417.96875,412.35352,419.67773,415.03906,402.5879,425.04883,421.875,433.59375,443.84766,453.125,460.44922,455.81055
sample_9e37716ec69721aa,420.41016,425.5371,419.4336,416.9922,415.03906,412.10938,421.63086,408.44727,414.55078,408.20312,409.42383,402.5879
sample_47ff65de2bb20a05,356.4453,359.375,364.99023,372.5586,370.8496,367.1875,380.12695,378.17383,375.97656,380.3711,390.625,381.10352
sample_d687856425f066dc,366.21094,369.38477,369.87305,373.29102,366.69922,366.94336,366.21094,368.65234,367.91992,370.60547,369.38477,367.67578
sample_2d1e76c9e0e9d68d,413.08594,417.96875,428.22266,420.16602,413.08594,443.35938,445.55664,463.13477,475.09766,494.6289,499.51172,498.04688
sample_a6776959308ec6b9,369.6289,372.31445,374.02344,373.29102,380.85938,394.04297,389.89258,406.00586,404.29688,412.10938,412.59766,425.78125
sample_e4992f6744e74925,493.16406,498.53516,501.95312,543.45703,549.8047,569.33594,575.1953,603.02734,601.5625,621.58203,625.0,625.0
sample_74f18ff1f4292b5e,479.0039,494.6289,509.76562,520.9961,557.6172,546.875,571.28906,578.6133,597.16797,605.46875,627.9297,625.0
sample_d29a55151f850b82,446.28906,443.84766,437.98828,430.17578,416.5039,405.76172,407.4707,400.8789,392.33398,392.57812,390.38086,369.14062
sample_664648f19c3c3ccd,336.91406,334.96094,336.91406,325.6836,324.4629,324.95117,334.96094,340.57617,341.79688,353.51562,356.9336,352.29492
sample_eb6bdcb1f45136d0,348.6328,379.39453,393.79883,403.07617,423.0957,458.98438,468.50586,494.87305,518.5547,542.48047,546.875,554.1992
sample_e64e92f3270dc8e3,400.14648,405.0293,403.56445,427.73438,421.14258,419.4336,433.3496,433.59375,446.28906,451.66016,459.7168,459.47266
sample_ae630b349e9c4659,363.0371,369.14062,375.73242,379.39453,378.41797,372.31445,376.2207,370.8496,378.6621,375.97656,381.5918,377.4414
sample_36bb2b7fc0dbc7a5,407.4707,407.95898,409.9121,406.00586,402.34375,392.08984,395.75195,387.45117,389.64844,381.34766,387.6953,381.10352
sample_26a64e1a574a768f,400.63477,408.6914,417.48047,417.23633,423.33984,412.59766,421.38672,417.48047,417.7246,414.55078,413.81836,411.86523
sample_0ad1691874d06842,550.29297,541.5039,515.625,509.27734,507.32422,489.01367,474.1211,468.50586,463.13477,448.2422,444.0918,455.81055
sample_de1dd493ab858862,352.7832,356.4453,343.75,345.70312,336.91406,359.61914,349.1211,381.83594,388.91602,399.41406,437.01172,432.37305
sample_673731f1eaac47f0,472.16797,459.22852,457.2754,457.51953,429.6875,427.00195,429.19922,418.9453,424.56055,419.4336,410.15625,406.00586
sample_638aec18759818d8,293.9453,314.20898,324.70703,332.2754,319.58008,361.32812,364.7461,375.73242,416.25977,433.10547,442.13867,442.62695
sample_c27696cccd07518e,401.12305,419.4336,432.1289,443.60352,467.04102,455.81055,468.75,466.06445,467.77344,461.42578,462.1582,460.9375
sample_894bec9b10541efa,331.54297,338.13477,333.74023,336.18164,332.76367,344.9707,357.66602,364.50195,369.87305,384.76562,387.20703,392.82227
sample_2d837ea29cf03905,355.2246,378.17383,399.6582,413.57422,429.93164,449.70703,456.0547,470.45898,487.3047,501.46484,499.51172,489.2578
sample_295080834a3b5591,475.09766,466.79688,450.43945,444.82422,427.73438,418.45703,407.4707,399.6582,394.2871,392.08984,384.0332,390.86914
sample_13f343e1be725868,433.10547,429.93164,431.88477,436.2793,433.10547,421.38672,422.11914,412.35352,410.88867,405.27344,407.22656,402.0996
sample_fd44a50e26b36d62,513.1836,513.6719,520.9961,499.75586,495.60547,488.76953,480.7129,481.68945,454.10156,447.7539,447.02148,437.01172
sample_cca0aca4d68c78da,374.26758,363.76953,370.8496,356.20117,353.02734,378.6621,364.01367,394.7754,398.68164,402.83203,447.50977,443.84766
sample_fdd310d01fe38464,544.4336,530.27344,503.90625,492.91992,461.91406,469.9707,447.99805,447.26562,453.36914,445.80078,442.62695,444.0918
sample_9bd843d7b3419917,404.78516,406.25,407.4707,412.35352,403.56445,389.89258,393.31055,383.30078,387.20703,382.32422,382.32422,378.41797
sample_2828b78d4566b2fc,412.10938,423.82812,414.55078,422.60742,427.97852,434.08203,445.06836,459.22852,483.1543,498.53516,539.5508,551.7578
sample_7b5fa43dd86dfb7b,321.77734,328.125,331.54297,346.6797,346.6797,350.58594,369.6289,379.63867,382.32422,391.60156,406.49414,403.8086
sample_48bd13791d590235,343.99414,342.04102,340.0879,362.54883,345.94727,354.0039,348.87695,360.10742,363.5254,371.58203,382.08008,373.29102
sample_ad276ba82ef6f516,370.36133,373.04688,393.31055,406.25,414.79492,414.55078,425.04883,424.8047,426.0254,431.64062,427.97852,433.10547
sample_f8957f65679125af,628.41797,615.72266,608.39844,588.3789,566.40625,562.5,535.15625,531.7383,500.48828,499.02344,486.32812,461.18164
sample_767f2a7538d90fa3,312.5,314.20898,325.1953,337.64648,343.01758,351.5625,355.2246,367.43164,366.21094,373.04688,384.52148,381.34766
sample_3f829d4bed4db2e0,347.16797,348.14453,357.91016,357.17773,364.7461,365.9668,367.43164,372.31445,372.0703,375.97656,381.83594,373.7793
sample_2fe779a4788ee848,445.3125,465.0879,481.4453,493.89648,533.2031,528.3203,557.1289,563.96484,586.91406,598.6328,623.0469,621.58203
sample_aeb337616a70f9c8,361.57227,371.09375,381.10352,395.26367,398.68164,385.7422,399.41406,391.60156,397.46094,394.04297,399.6582,394.04297
sample_b3713c89926bc4a8,394.2871,384.27734,375.24414,370.36133,350.58594,356.9336,346.92383,352.7832,351.31836,354.98047,356.9336,359.86328
sample_f10a163fe8503ab2,295.89844,301.26953,308.10547,321.77734,315.4297,334.22852,343.01758,354.24805,370.36133,382.32422,391.35742,380.3711
sample_f04305d2922dbc37,485.83984,476.07422,461.91406,448.9746,424.8047,412.59766,414.79492,403.56445,394.2871,392.57812,382.8125,382.56836
sample_c05e56351d201561,517.08984,505.85938,505.85938,511.23047,492.67578,487.79297,489.50195,477.29492,473.6328,471.1914,464.11133,452.63672
sample_7873455f9268567a,321.28906,347.16797,347.4121,358.1543,364.7461,384.0332,402.5879,425.5371,449.4629,477.05078,506.83594,504.8828
sample_a0c7e02f9f9e860b,319.33594,312.98828,338.3789,354.0039,348.6328,348.14453,372.0703,364.50195,368.89648,381.34766,380.85938,357.91016
sample_066c5a22276e3511,431.15234,431.39648,424.07227,414.55078,407.4707,396.72852,394.2871,385.49805,387.20703,383.30078,381.83594,375.0
sample_8811526c3b59e7ae,389.16016,410.15625,427.73438,448.48633,452.88086,471.1914,495.36133,500.0,500.48828,517.5781,505.85938,503.90625
sample_096a509ade4dc0d4,441.40625,434.5703,432.86133,451.9043,421.14258,436.03516,428.95508,425.29297,432.1289,440.91797,424.8047,423.82812
sample_1f4224ac4141080d,635.7422,627.4414,621.09375,603.02734,598.14453,575.1953,554.6875,546.875,514.64844,493.16406,488.28125,476.5625
sample_489bd7bc5e73cc9d,444.82422,443.60352,427.00195,411.1328,413.08594,417.96875,407.4707,413.08594,414.0625,416.5039,416.01562,425.5371
sample_68eb9c8fb82be7ca,347.65625,346.92383,343.01758,349.36523,344.9707,341.3086,359.13086,357.66602,360.35156,367.67578,374.26758,375.97656
sample_d4b4978393b04209,367.1875,360.35156,355.2246,344.9707,342.04102,349.36523,332.76367,361.57227,358.39844,357.42188,381.34766,383.78906
sample_1e7da629c8cb986e,387.45117,390.625,397.70508,398.68164,384.76562,405.51758,416.9922,419.67773,437.25586,451.17188,454.3457,453.36914
sample_a2ec7fa119e36bc4,396.48438,384.27734,380.61523,384.27734,357.17773,374.75586,355.2246,378.6621,377.4414,379.39453,392.33398,383.54492
sample_81cbbd11fc479d2f,314.69727,326.41602,334.22852,338.62305,344.23828,339.11133,358.88672,362.06055,370.1172,377.9297,390.13672,378.17383
sample_e7c5342d0e86a52e,443.35938,442.62695,445.06836,452.14844,428.22266,446.28906,456.7871,454.10156,454.3457,469.72656,457.51953,448.73047
sample_f612c88bd90c36b4,462.40234,453.85742,444.0918,421.38672,410.64453,420.41016,402.34375,412.8418,405.76172,402.83203,414.30664,414.79492
sample_f580b91fd470732c,516.1133,520.01953,527.83203,536.6211,526.85547,528.3203,534.1797,528.8086,522.46094,509.27734,512.20703,510.2539
sample_0534a8b83647fb15,384.76562,383.54492,384.27734,390.86914,372.5586,373.53516,376.2207,366.94336,375.24414,379.39453,363.28125,361.8164
sample_926a13a9467b51ab,325.1953,320.06836,327.39258,346.43555,339.35547,357.91016,349.36523,366.45508,370.1172,367.1875,387.20703,401.85547
sample_358d2a03d53d424d,392.57812,393.0664,396.72852,400.63477,391.35742,383.30078,387.45117,380.3711,383.05664,382.32422,380.61523,382.32422
sample_0ba550006d6a3851,427.2461,423.0957,421.38672,415.2832,404.54102,400.14648,396.48438,392.82227,390.625,393.5547,385.2539,379.8828
sample_8cdd79b801a9d801,359.13086,377.19727,391.35742,390.13672,405.51758,429.93164,436.2793,452.14844,474.85352,491.21094,496.09375,489.2578
sample_b146a6381d04ee5d,346.6797,350.3418,355.46875,362.3047,365.23438,367.1875,373.53516,377.19727,382.8125,385.7422,393.79883,398.68164
sample_08d621943afe6e9d,442.8711,436.76758,432.1289,449.4629,418.45703,431.39648,427.49023,424.07227,425.78125,437.01172,420.6543,418.45703
sample_792fc11ec1a53ceb,362.54883,365.47852,361.57227,359.375,357.66602,351.80664,356.4453,354.98047,353.75977,363.76953,356.68945,353.02734
sample_24c934195db96a20,385.00977,375.73242,374.02344,374.51172,360.5957,368.16406,361.08398,362.79297,373.53516,373.04688,372.31445,370.60547
sample_a31427c8151f5923,323.9746,322.7539,326.9043,326.17188,322.7539,328.36914,335.44922,335.20508,345.94727,353.51562,352.05078,353.51562
sample_bb64cdbcc51ea771,365.72266,369.87305,365.23438,370.60547,375.48828,385.7422,383.54492,396.48438,399.90234,402.34375,413.33008,424.56055
sample_36ce55e225a328e3,319.82422,326.66016,337.1582,336.66992,346.6797,360.10742,356.4453,370.1172,371.09375,375.48828,387.45117,391.35742
sample_cfc68f42fcf3722e,375.0,372.80273,389.89258,401.61133,393.31055,399.16992,413.08594,416.25977,420.16602,424.3164,420.41016,412.10938
sample_cfbab6f03f703288,430.41992,416.5039,414.0625,426.0254,425.78125,428.4668,417.7246,433.3496,430.17578,438.47656,434.5703,453.36914
sample_4da1b9cef7f3c28e,527.83203,528.8086,527.83203,540.52734,537.1094,527.83203,532.71484,520.9961,513.1836,504.8828,490.9668,492.67578
sample_3bcafe95801dcd65,569.8242,572.2656,564.9414,546.3867,524.41406,516.1133,506.34766,494.6289,463.3789,456.0547,429.6875,422.36328
sample_35af6633c86c708a,613.76953,588.8672,580.0781,552.2461,513.1836,530.27344,499.26758,489.2578,494.14062,487.79297,468.50586,467.28516
sample_9828d3eb71753a82,351.07422,367.91992,391.11328,382.08008,392.57812,413.08594,427.97852,442.62695,451.17188,467.28516,475.3418,468.01758
sample_c4e7506826102ae7,375.97656,388.1836,398.68164,428.95508,442.8711,438.47656,445.3125,449.4629,450.43945,451.17188,451.9043,457.2754
sample_af8100a241fadaad,587.40234,611.8164,599.1211,582.51953,605.95703,606.4453,581.0547,591.3086,568.3594,556.15234,551.7578,567.8711
sample_9c9796ec38500d4d,412.35352,409.1797,397.46094,398.4375,379.1504,389.89258,367.91992,394.53125,384.0332,389.64844,402.0996,395.75195
sample_7a5291e5a88ac466,363.76953,385.00977,386.71875,394.7754,415.03906,426.7578,444.0918,467.28516,477.05078,503.90625,520.9961,516.1133
sample_5ae91582f0cd3e6e,352.53906,360.35156,369.14062,374.26758,379.1504,373.7793,383.05664,377.68555,383.54492,384.76562,388.91602,389.16016
sample_35741a5551462abc,341.3086,350.3418,357.91016,361.57227,365.9668,361.08398,371.58203,366.45508,371.09375,372.0703,377.68555,374.51172
sample_35d2cae9b37bb1e5,358.88672,364.7461,374.51172,376.2207,380.85938,372.31445,379.39453,374.26758,379.63867,377.4414,382.32422,376.46484
sample_0a13ca03eb6ccdf1,425.04883,420.6543,416.74805,424.56055,401.3672,400.8789,398.68164,395.5078,396.72852,392.08984,389.89258,389.64844
sample_5fe7941bd696b993,372.31445,376.95312,377.19727,376.70898,370.8496,368.65234,370.1172,370.1172,368.16406,372.5586,368.65234,368.16406
sample_903f858bd3a84dd2,303.95508,316.40625,313.23242,328.85742,310.0586,329.10156,328.61328,337.64648,354.4922,368.65234,376.2207,371.3379
sample_93257564b0c5d44e,331.0547,331.0547,347.16797,353.02734,359.86328,356.9336,363.5254,364.2578,365.23438,367.1875,377.9297,364.7461
sample_4a3f89a3171077ee,316.40625,324.21875,337.89062,343.01758,350.58594,347.65625,359.375,357.91016,366.21094,370.60547,374.75586,371.82617
sample_ae253f625a312e89,405.27344,410.64453,408.44727,416.9922,425.29297,420.89844,425.78125,425.5371,423.82812,425.78125,427.97852,431.15234
sample_8c203a1ae62fffb7,381.5918,395.9961,407.22656,425.29297,409.1797,427.73438,439.69727,437.5,456.29883,460.44922,453.125,448.2422
sample_fbba29fc9f93afb2,362.54883,369.87305,367.1875,366.45508,370.1172,380.3711,376.46484,387.93945,393.0664,398.92578,396.24023,402.0996
sample_d7044c2847cbb7ca,452.14844,446.5332,443.35938,455.07812,449.70703,432.86133,433.3496,424.3164,423.33984,416.9922,415.2832,416.01562
sample_e9c5e7b60c4642e8,392.08984,391.35742,394.04297,394.2871,380.61523,380.12695,390.86914,387.45117,397.70508,397.94922,400.8789,391.8457
sample_a0cdde9bcec8d32b,372.80273,376.95312,381.5918,386.23047,380.12695,374.75586,375.73242,370.36133,373.29102,376.46484,375.73242,375.48828
sample_c3199912b3ff4df8,325.92773,327.63672,330.07812,327.88086,315.91797,327.39258,334.7168,347.9004,351.07422,358.39844,374.02344,371.82617
sample_76818792c67c795d,417.48047,418.45703,417.48047,442.62695,421.875,418.9453,437.74414,428.71094,429.44336,437.5,421.63086,424.3164
sample_fa12e960c3788790,337.40234,359.86328,377.9297,395.75195,428.22266,427.73438,441.6504,456.7871,458.98438,462.40234,469.72656,480.95703
sample_ce5869f56a9b281c,354.98047,369.6289,371.58203,389.4043,387.6953,389.64844,402.5879,406.73828,416.74805,427.73438,430.9082,425.29297
sample_f6d104569e503ce6,689.4531,682.1289,679.6875,654.2969,628.41797,623.0469,610.35156,605.95703,571.77734,562.0117,547.85156,506.83594
sample_3758900b4cb88d15,416.01562,418.2129,418.2129,413.33008,402.34375,395.9961,396.72852,392.57812,386.9629,385.2539,388.42773,370.8496
sample_adca702317b4ca73,335.44922,348.38867,362.06055,372.31445,384.76562,393.0664,412.35352,419.92188,429.19922,438.47656,443.11523,434.81445
sample_28ff2b0cac264234,397.46094,403.3203,413.81836,423.82812,418.9453,426.7578,428.22266,423.58398,425.78125,430.66406,423.33984,425.5371
sample_f0c72af2ed7ffa28,391.60156,421.875,432.1289,444.33594,451.9043,493.4082,511.23047,504.8828,548.33984,572.7539,568.3594,569.8242
sample_7ea1ea98e4fc3948,322.26562,327.14844,327.88086,339.5996,341.55273,353.75977,359.13086,385.7422,383.30078,393.5547,430.41992,437.01172
sample_30215207bebd9b78,327.63672,341.06445,348.87695,359.86328,347.9004,366.69922,382.08008,382.08008,399.90234,409.1797,406.00586,406.49414
sample_e7dc2f7966640d85,495.60547,489.7461,469.9707,469.23828,433.59375,425.04883,413.81836,402.34375,393.0664,390.625,361.08398,365.47852
sample_046b0c7e6d87d04c,390.13672,397.94922,406.73828,401.12305,391.8457,426.26953,426.0254,445.06836,464.11133,483.39844,494.6289,490.23438
sample_b12a3d75f6bb1cba,375.97656,370.1172,362.79297,358.39844,335.69336,339.84375,325.92773,334.22852,329.10156,337.89062,333.74023,335.44922
sample_41c003acdcaac005,459.47266,443.35938,430.9082,415.2832,396.97266,410.64453,390.13672,403.56445,398.19336,397.46094,407.4707,404.78516
sample_798ec5ba1f89b0f0,545.89844,545.41016,545.41016,540.52734,558.59375,573.2422,568.84766,589.35547,604.0039,604.98047,622.0703,633.78906
sample_3d91e39d784ae1e6,348.14453,337.89062,339.84375,333.25195,332.2754,332.51953,329.58984,338.8672,338.13477,341.3086,345.21484,337.89062
sample_df26e7789d5d7644,403.8086,401.3672,403.3203,406.98242,388.42773,391.60156,387.20703,388.67188,387.45117,391.60156,387.45117,373.04688
sample_104f9f78f01bed22,516.1133,510.2539,495.8496,498.29102,492.91992,466.3086,460.44922,441.6504,433.10547,425.29297,410.15625,408.44727
sample_9576bc5f3c045801,444.82422,443.35938,440.67383,446.28906,435.0586,413.81836,415.77148,402.0996,399.90234,389.64844,391.60156,385.2539
sample_10b3d65b3a9302ad,372.0703,366.94336,355.2246,358.88672,342.77344,353.27148,356.9336,362.06055,369.6289,375.48828,375.0,382.08008
sample_ebb9617dfd764857,355.46875,359.375,357.17773,355.95703,354.73633,347.65625,360.5957,357.66602,362.54883,368.65234,368.4082,367.43164
sample_cd7d96c4274c5ee6,330.5664,339.84375,334.96094,336.18164,337.89062,344.9707,345.45898,357.66602,366.45508,370.60547,370.60547,374.02344
sample_bb57fbbe20855315,345.70312,337.64648,341.55273,332.2754,334.96094,333.74023,333.4961,342.04102,342.04102,346.6797,349.36523,340.57617
sample_49f89367ef597992,353.27148,356.20117,367.91992,376.70898,367.91992,364.2578,372.5586,368.65234,373.04688,374.51172,376.70898,377.9297
sample_31abf37cb898b4c5,334.7168,343.50586,350.09766,360.10742,360.83984,353.75977,372.5586,372.5586,375.73242,385.2539,385.00977,379.39453
sample_da90c77eed48e6fd,388.42773,395.26367,405.51758,425.5371,424.56055,426.0254,444.33594,446.77734,448.73047,456.54297,453.85742,442.3828
sample_e4e44cde4e871af3,400.8789,404.54102,399.6582,415.77148,411.86523,403.8086,415.77148,414.79492,421.38672,418.45703,434.08203,435.54688
sample_688e2386b9a45c88,352.05078,362.79297,370.1172,389.64844,401.85547,395.01953,409.66797,405.27344,412.35352,405.27344,419.18945,414.0625
sample_b962553a6f9b045f,520.9961,511.23047,499.75586,489.01367,462.1582,453.125,448.9746,437.98828,428.71094,427.2461,423.33984,397.94922
sample_d46e981f14b137ad,423.58398,444.33594,461.91406,473.38867,510.2539,512.20703,541.0156,551.26953,570.8008,589.35547,610.35156,613.28125
sample_a6a8ef9c852550f5,354.0039,362.06055,363.76953,342.77344,340.8203,359.61914,348.38867,375.0,378.90625,391.11328,413.81836,406.73828
sample_b92b88a27c3cece3,553.71094,551.26953,544.9219,556.15234,537.1094,541.9922,552.2461,545.41016,541.0156,543.9453,531.7383,528.8086
sample_ae55ae0b9a8009e3,479.0039,474.60938,492.43164,497.31445,496.09375,500.97656,498.29102,500.0,496.09375,478.02734,481.9336,480.2246
sample_01d013ab2939d446,319.58008,317.62695,327.39258,324.4629,338.13477,358.1543,369.14062,400.14648,402.5879,420.41016,465.57617,472.16797
sample_cadc2b21fa8d3bcc,384.76562,387.20703,401.12305,402.83203,397.46094,399.16992,398.4375,398.19336,409.42383,409.1797,399.90234,388.1836
sample_4f7210f3881813ce,498.53516,475.09766,462.1582,467.5293,435.79102,433.8379,401.3672,418.45703,400.39062,397.94922,397.94922,417.48047
sample_50e131cae783c633,497.5586,487.3047,479.73633,476.31836,447.7539,441.40625,433.3496,425.29297,418.9453,419.4336,407.95898,388.42773
sample_665b5ef10abdccb1,340.8203,344.72656,349.1211,347.4121,368.16406,396.48438,407.95898,433.8379,451.66016,478.51562,510.7422,523.9258
sample_6219e0573ce98423,371.82617,389.16016,414.0625,432.1289,444.33594,468.99414,479.98047,500.0,505.3711,531.25,527.83203,527.34375
sample_9c6ed4bbfb73719a,357.91016,370.60547,367.67578,379.8828,360.35156,372.0703,378.6621,376.70898,392.08984,395.5078,394.53125,392.82227
sample_2adc723943226fa4,398.4375,396.97266,397.94922,399.41406,399.6582,398.92578,396.48438,394.04297,400.8789,399.90234,404.05273,406.00586
sample_4e5e59e16bf44378,336.42578,343.75,349.36523,369.38477,353.75977,382.56836,389.64844,412.8418,425.78125,447.26562,467.28516,464.84375
sample_d048306211dc4a00,319.58008,324.70703,327.63672,343.50586,338.62305,345.94727,354.24805,363.5254,369.38477,382.8125,377.9297,385.49805
sample_335da5f7264c6c07,354.4922,365.72266,389.4043,404.78516,419.4336,446.28906,463.62305,485.5957,491.94336,513.6719,527.83203,535.15625
sample_3b600179e319d7c6,422.85156,421.875,419.92188,414.55078,410.15625,398.19336,402.0996,389.89258,390.13672,383.78906,384.0332,378.41797
sample_0b98d6f07e5e568f,296.875,308.10547,323.48633,334.47266,341.06445,343.01758,357.17773,359.61914,364.2578,369.6289,376.95312,377.19727
sample_c6a09cabb528a8be,354.0039,355.95703,364.50195,366.21094,349.60938,358.88672,354.73633,359.13086,365.23438,370.60547,368.16406,367.1875
sample_98a2edb01cd9c22f,345.45898,355.95703,362.3047,362.06055,364.99023,359.86328,370.1172,363.76953,368.4082,372.5586,370.8496,364.99023
sample_d8e1199dfc6cbcf5,463.8672,450.6836,455.81055,449.95117,433.10547,422.11914,429.44336,415.77148,414.79492,408.6914,397.70508,383.54492
sample_dcf87d17ee3de1a0,485.83984,485.83984,464.5996,465.8203,453.61328,443.60352,417.96875,433.3496,415.77148,416.9922,418.70117,400.14648
sample_329178fb9a52a8e5,376.2207,377.9297,395.5078,418.9453,429.6875,431.15234,443.60352,442.13867,445.3125,440.91797,452.14844,453.125
sample_bca109ac2cab2131,378.90625,381.10352,399.41406,408.44727,409.42383,417.48047,435.79102,430.66406,437.25586,437.98828,442.62695,429.6875
sample_672b07ab9fc5709c,347.16797,355.2246,366.45508,372.80273,372.0703,363.0371,374.26758,370.36133,376.70898,376.46484,381.34766,378.90625
sample_cb6ffa02bba9e86a,470.70312,484.375,496.3379,486.08398,500.97656,497.0703,495.36133,500.97656,492.67578,495.1172,499.75586,488.28125
sample_effadd624ddf8df1,343.26172,351.5625,355.46875,369.87305,368.16406,357.91016,378.41797,375.73242,378.6621,386.23047,385.00977,379.63867
sample_a5699d864d459944,456.0547,452.39258,444.58008,446.04492,436.2793,420.16602,414.55078,402.0996,403.56445,389.64844,390.38086,388.1836
sample_7a10f979b444f551,440.91797,431.39648,411.86523,424.56055,413.57422,416.5039,423.0957,414.79492,432.37305,437.98828,463.8672,478.27148
sample_e97bdfa1e3a6c80d,366.69922,374.02344,379.1504,384.0332,378.17383,371.09375,379.39453,373.7793,376.46484,375.48828,380.61523,380.3711
sample_a4f558c221e3f4f4,381.34766,383.30078,404.78516,401.12305,405.27344,402.34375,420.6543,412.10938,414.0625,416.01562,412.10938,409.42383
sample_c337b1026b9c53df,362.54883,368.16406,376.70898,377.68555,377.68555,371.58203,376.70898,371.09375,373.04688,374.02344,377.68555,372.5586
sample_fdeac9e312952423,724.6094,729.0039,709.96094,682.1289,708.4961,687.5,660.15625,667.96875,672.85156,669.4336,683.10547,686.03516
sample_d085a77acd9b8018,314.20898,322.99805,336.66992,343.26172,344.23828,347.4121,359.61914,360.10742,367.43164,369.14062,383.30078,372.31445
sample_8841997ff19c4252,366.45508,372.0703,372.5586,381.83594,385.2539,377.68555,385.00977,385.49805,392.82227,390.625,395.5078,400.39062
sample_7959037a130c68ab,536.6211,524.90234,528.8086,528.8086,493.16406,472.16797,461.18164,452.14844,431.15234,413.57422,404.54102,397.70508
sample_47e5a51b8ae26e51,647.46094,628.90625,625.4883,605.46875,568.3594,574.21875,545.41016,528.8086,519.53125,500.97656,486.32812,479.0039
sample_7d907ae1870f6da0,517.5781,528.3203,529.2969,532.71484,520.5078,502.9297,536.1328,517.5781,511.71875,520.5078,501.95312,475.3418
sample_b433714127d253aa,440.4297,437.5,432.86133,434.81445,424.8047,412.35352,407.95898,396.24023,399.16992,388.1836,387.45117,385.98633
sample_2efa57daf47f758c,321.77734,332.51953,343.75,350.58594,356.9336,352.05078,366.45508,363.0371,367.1875,369.14062,376.95312,373.53516
sample_8eb3d36008b21be9,331.29883,335.44922,341.06445,339.35547,336.18164,332.03125,348.6328,345.94727,350.83008,358.39844,360.83984,357.42188
sample_6dcab0eff40f29eb,639.16016,639.16016,632.8125,627.4414,624.5117,607.4219,613.28125,593.75,586.91406,574.70703,562.0117,552.7344
sample_91823126232ca85e,398.92578,400.39062,392.33398,392.08984,374.51172,382.32422,368.4082,369.14062,376.46484,380.3711,371.09375,366.94336
sample_55d553e12721b183,365.47852,366.21094,367.67578,357.66602,357.42188,353.51562,362.3047,364.2578,368.4082,369.6289,375.73242,374.51172
sample_f7f1e98650cb6033,418.2129,410.88867,415.03906,426.0254,397.94922,410.4004,395.75195,387.93945,415.03906,410.15625,398.4375,395.5078
sample_7037eb5425f2a758,352.05078,361.57227,366.45508,367.1875,367.1875,362.54883,374.26758,373.04688,376.2207,381.83594,380.85938,381.10352
sample_e0a4c752280cf463,354.4922,360.35156,359.13086,356.68945,345.45898,355.95703,370.60547,375.24414,381.34766,387.6953,393.5547,396.72852
sample_a8e3977ee70a27ef,372.5586,375.0,363.5254,374.02344,357.17773,382.32422,373.7793,403.56445,407.4707,421.875,443.60352,442.3828
sample_b24c6e71396c1d55,359.375,360.5957,362.54883,356.20117,352.53906,347.9004,357.91016,355.46875,360.10742,367.67578,367.1875,365.47852
sample_10a6eccde63c5871,340.33203,350.83008,361.32812,366.45508,374.26758,395.9961,408.44727,433.3496,446.77734,470.70312,494.38477,491.94336
sample_f86b3ad90124904d,307.37305,313.96484,317.13867,332.2754,320.3125,343.01758,347.9004,359.13086,370.1172,386.23047,389.16016,380.12695
sample_3a57419ff3f95fbd,400.39062,422.85156,435.79102,471.92383,490.72266,501.46484,519.04297,536.1328,539.5508,560.0586,558.59375,542.96875
sample_483ffac577acad13,356.4453,359.61914,379.39453,385.49805,380.61523,389.4043,390.13672,388.67188,403.8086,405.76172,395.5078,386.23047
sample_b3a5d9a61a44f2f7,417.7246,420.16602,417.7246,426.51367,430.66406,423.33984,425.5371,420.89844,419.92188,417.96875,420.41016,420.89844
sample_104c6c181bd08948,384.76562,385.7422,381.34766,389.4043,377.19727,368.89648,371.82617,368.89648,368.65234,369.14062,364.01367,365.72266
sample_137061af026b4b19,410.15625,419.4336,428.95508,459.47266,458.4961,450.92773,487.3047,475.3418,486.57227,497.5586,488.0371,475.09766
sample_745f18112cf3bf92,373.29102,377.9297,381.34766,383.30078,380.3711,374.75586,383.54492,376.2207,378.90625,379.39453,380.85938,376.95312
sample_090065b7061c78c3,354.24805,353.51562,371.3379,383.54492,379.63867,383.78906,400.14648,399.16992,407.95898,412.10938,408.93555,398.68164
sample_d09925649915a2d9,395.26367,395.75195,399.41406,404.05273,407.4707,423.0957,426.0254,442.8711,433.59375,443.84766,449.95117,457.51953
sample_b77334875c381cc2,366.94336,374.75586,372.0703,380.61523,382.8125,376.46484,381.10352,383.54492,390.13672,390.625,391.35742,401.85547
sample_0cc42b419bb817fd,361.32812,365.23438,367.43164,369.87305,357.17773,368.89648,377.68555,378.90625,390.13672,395.5078,388.91602,384.76562
sample_9967c6028ee1d75d,417.48047,428.22266,432.6172,439.45312,421.875,417.7246,429.44336,426.51367,414.30664,420.89844,404.05273,404.29688
sample_ea237325b4b31526,337.1582,345.94727,353.27148,372.0703,368.65234,380.85938,402.5879,407.95898,416.01562,429.6875,434.32617,424.8047
sample_23d1f57b73eb15f3,446.77734,445.80078,439.45312,431.88477,425.5371,417.23633,421.38672,407.4707,407.95898,400.39062,399.16992,395.26367
sample_6161717a00e5b913,480.95703,468.26172,459.47266,457.03125,439.45312,439.69727,439.9414,434.32617,440.4297,445.80078,457.51953,456.7871
sample_9de55da5d02b57c0,382.32422,382.08008,385.98633,382.08008,377.19727,372.5586,373.7793,370.36133,364.7461,367.1875,369.6289,361.57227
sample_915bf0a3e0f7afed,531.25,542.96875,541.5039,543.45703,534.1797,516.60156,544.9219,527.34375,524.41406,532.22656,514.64844,488.76953
sample_0222822e56381136,579.58984,563.96484,544.9219,540.52734,503.41797,492.91992,483.64258,467.5293,448.48633,444.82422,418.2129,406.25
sample_23849ce4423098e9,622.5586,610.35156,603.5156,607.4219,588.3789,594.2383,579.10156,585.9375,602.0508,605.95703,606.9336,614.7461
sample_eddb0032ca07c2dc,325.6836,340.57617,343.50586,352.53906,367.43164,362.3047,375.97656,381.10352,383.54492,390.625,395.5078,395.75195
sample_125259a4003fed85,414.30664,416.5039,416.5039,416.9922,408.20312,393.31055,400.39062,388.42773,390.86914,388.1836,386.4746,382.32422
sample_c40f96587cc49198,380.12695,388.67188,398.19336,412.35352,408.20312,412.35352,436.2793,438.47656,443.35938,456.0547,451.41602,447.26562
sample_490b6150cac46a5f,473.14453,479.98047,480.46875,471.92383,462.89062,477.05078,471.43555,473.87695,484.13086,471.1914,481.68945,488.5254
sample_ee20efb7d0b29993,362.3047,365.72266,378.6621,381.5918,377.19727,366.21094,377.19727,371.09375,375.0,372.5586,376.95312,370.36133
sample_e3996c4327e73e77,326.9043,337.40234,337.89062,345.94727,329.58984,359.375,356.9336,385.00977,399.90234,417.96875,441.1621,430.9082
sample_4b3ec08a77b1b717,347.4121,341.3086,341.3086,357.66602,340.8203,355.46875,350.58594,352.05078,362.06055,376.95312,365.9668,362.79297
sample_7f035344f012f4de,364.2578,368.65234,369.87305,372.80273,367.1875,365.23438,366.94336,367.1875,368.16406,371.09375,369.14062,367.67578
sample_a97ec004caaa472e,371.58203,373.53516,379.8828,390.38086,391.11328,389.4043,395.26367,395.01953,397.46094,399.41406,402.34375,403.3203
sample_f305f3fe8a8e29f7,341.3086,349.60938,357.91016,362.06055,363.0371,357.91016,368.65234,362.3047,368.89648,373.04688,373.53516,370.8496
sample_ae2a64519c36fae2,471.1914,463.3789,451.9043,438.7207,434.5703,426.51367,416.25977,407.71484,407.71484,399.41406,406.25,393.31055
sample_d3f0ff56123e3c32,488.76953,488.76953,478.75977,466.55273,461.91406,440.4297,437.74414,422.60742,418.9453,409.66797,402.83203,395.01953
sample_481045ef4b2b31a0,482.91016,480.46875,480.95703,480.7129,468.26172,459.47266,447.50977,437.98828,434.32617,423.82812,414.79492,413.57422
sample_0b76112250c1d469,330.5664,340.33203,352.53906,360.5957,360.10742,354.0039,368.16406,364.2578,369.14062,372.5586,375.0,372.5586
sample_96a12eb96d970bd7,418.9453,443.60352,456.29883,502.9297,530.7617,531.25,554.1992,565.4297,576.1719,592.28516,588.8672,588.3789
sample_455f91b53c6e0cea,394.7754,426.7578,437.5,451.66016,464.11133,508.78906,522.46094,520.9961,561.52344,587.40234,582.51953,579.10156
sample_a4384edeb9bd0772,399.41406,406.98242,398.68164,398.92578,403.3203,412.10938,415.2832,413.33008,417.96875,421.38672,417.96875,413.57422
sample_c208709a1a405190,462.89062,458.25195,449.21875,440.67383,432.1289,418.45703,416.74805,400.14648,399.6582,393.5547,385.7422,383.05664
sample_439c69d928b6fb95,430.17578,425.5371,432.1289,451.66016,453.61328,443.84766,446.04492,447.50977,446.5332,447.7539,443.60352,455.81055
sample_dd201bdd665568d9,332.51953,331.0547,340.57617,354.24805,355.46875,367.67578,374.26758,395.26367,393.5547,400.39062,419.18945,430.66406
sample_6d0e346ea686e35b,466.3086,472.65625,444.58008,446.5332,424.8047,423.82812,389.89258,416.01562,397.94922,406.73828,409.1797,398.4375
sample_b50730580e630d11,397.46094,417.96875,423.82812,415.52734,440.4297,471.43555,483.1543,496.09375,516.60156,535.15625,533.2031,531.7383
sample_333bcf9347953bc2,493.65234,480.95703,458.74023,442.13867,422.11914,409.66797,400.39062,399.16992,379.39453,377.4414,370.36133,371.09375
sample_76700a378b813348,565.91797,584.47266,588.3789,593.2617,609.375,595.21484,574.21875,572.7539,557.6172,539.5508,533.6914,533.2031
sample_e780dce701d01ef8,342.77344,360.10742,356.20117,365.23438,353.27148,373.04688,378.6621,398.4375,410.88867,431.15234,446.77734,441.1621
sample_7c2eddbb4d5c9cbc,350.83008,360.35156,362.54883,385.49805,367.43164,375.48828,368.65234,392.57812,390.38086,402.34375,418.45703,400.63477
sample_e939e0095fb308b4,289.55078,308.59375,311.76758,322.26562,307.37305,336.18164,336.42578,351.07422,376.70898,394.53125,402.34375,399.6582
sample_8357d056561184c0,498.04688,484.375,469.48242,461.18164,438.47656,434.5703,423.0957,411.1328,406.25,408.6914,387.20703,370.60547
sample_b99bc318eaa5b6f2,385.98633,386.9629,384.76562,359.61914,366.94336,383.78906,374.75586,389.89258,385.7422,394.04297,402.5879,402.83203
sample_791ccb4f8457a713,380.12695,382.08008,386.71875,388.67188,383.78906,375.24414,372.31445,368.16406,371.82617,377.4414,366.45508,364.2578
sample_d03044313f2987e9,402.34375,400.39062,384.0332,392.57812,385.2539,375.48828,387.93945,392.33398,383.78906,389.16016,406.49414,413.08594
sample_bc21a422eb36c5a9,383.05664,382.56836,398.4375,403.56445,396.48438,403.8086,412.35352,407.22656,412.59766,412.10938,410.64453,398.4375
sample_74baab7fe36958b7,343.26172,343.01758,342.04102,354.24805,333.25195,345.70312,343.50586,344.9707,353.75977,367.67578,351.5625,356.4453
sample_5f3291d3ac835979,517.5781,528.8086,529.2969,531.25,514.64844,511.71875,508.30078,508.78906,499.51172,498.53516,491.21094,472.9004
sample_3e34eb6e3686f3fc,319.33594,332.76367,336.42578,346.43555,358.39844,354.4922,363.76953,366.94336,372.31445,375.0,381.10352,375.97656
sample_79d43dc98be67466,427.00195,420.41016,424.8047,416.25977,405.27344,400.8789,411.86523,401.12305,397.94922,404.29688,385.00977,376.70898
sample_c4b925abd66d0ec0,389.64844,402.0996,417.96875,431.39648,451.41602,444.82422,455.32227,458.74023,460.44922,459.96094,457.76367,466.06445
sample_4cd6f5644c05e617,378.90625,393.79883,413.33008,430.9082,462.89062,497.5586,516.1133,532.22656,554.6875,589.35547,589.84375,610.35156
sample_8a65b91bbcc23acc,647.46094,615.72266,596.6797,589.35547,536.1328,538.5742,508.30078,495.36133,480.46875,478.02734,447.02148,440.4297
sample_c3a270b752b820d9,358.39844,361.57227,363.0371,369.14062,365.72266,367.1875,366.45508,370.36133,365.9668,374.51172,384.0332,372.0703
sample_08734fcb2c46affd,381.10352,394.2871,402.0996,437.98828,452.39258,472.16797,479.73633,503.90625,501.95312,513.6719,514.16016,519.53125
sample_9b5fcb93cc7001cc,304.44336,316.40625,319.33594,334.47266,322.50977,342.77344,342.77344,355.2246,368.16406,379.8828,386.4746,375.97656
sample_dda047e9691cfb34,348.6328,359.86328,366.21094,365.47852,373.53516,377.19727,385.98633,407.95898,400.39062,413.57422,421.38672,418.45703
sample_dab95214b79a5a0a,434.08203,426.26953,425.78125,419.67773,408.93555,406.25,407.95898,401.12305,395.5078,396.48438,399.16992,384.52148
sample_154a4300541c1efc,362.54883,359.86328,391.11328,405.51758,414.79492,411.1328,434.81445,426.51367,426.7578,428.71094,432.86133,429.6875
sample_766ce8b800285c5d,450.6836,441.89453,436.2793,425.5371,411.6211,412.10938,405.0293,397.2168,390.86914,391.11328,390.38086,380.12695
sample_34c83e35d6a61aca,345.94727,347.16797,377.68555,387.93945,397.46094,399.16992,418.2129,413.33008,417.7246,421.38672,421.63086,417.7246
sample_2fc06e7d4426fdb1,522.9492,533.6914,538.08594,518.5547,529.2969,516.60156,509.27734,508.78906,491.21094,489.7461,487.79297,476.80664
sample_28fdb43350e0b140,571.77734,563.47656,560.5469,546.3867,524.41406,503.90625,504.39453,483.1543,470.94727,450.6836,452.39258,439.45312
sample_dccc125f054c795e,314.45312,325.6836,340.0879,348.14453,354.98047,350.58594,365.23438,361.08398,367.67578,370.1172,376.70898,372.0703
sample_d4bbf4d48e6c9b9e,334.47266,337.89062,339.11133,325.1953,334.7168,346.6797,342.04102,360.10742,351.31836,355.95703,375.97656,381.34766
sample_08f1b47912840523,380.3711,386.4746,386.71875,384.52148,381.83594,379.63867,384.52148,387.20703,384.76562,388.67188,398.4375,378.41797
sample_1edca7a7d6a232d1,564.9414,568.3594,575.1953,577.6367,592.28516,571.28906,549.3164,558.59375,541.9922,518.0664,530.27344,538.08594
sample_bbec8bc6a384056b,324.95117,329.58984,340.57617,352.53906,366.69922,375.97656,390.86914,404.05273,405.76172,411.6211,425.78125,437.25586
sample_2684a647715ff2a0,484.375,496.58203,503.90625,482.17773,481.4453,481.20117,476.31836,476.07422,456.0547,457.51953,441.6504,439.9414
sample_44fbbefedc5cdcce,296.63086,312.01172,328.125,326.41602,329.83398,351.5625,371.82617,391.11328,403.07617,420.41016,437.98828,432.86133
sample_e50392c63e2b0401,565.4297,557.6172,531.25,542.96875,510.2539,503.90625,505.3711,483.39844,485.35156,487.3047,470.21484,463.62305
sample_0c0d4c674eca046f,309.5703,328.61328,349.1211,369.87305,359.375,373.53516,418.2129,414.79492,429.6875,454.58984,441.40625,438.7207
sample_0cbf4bcade72f98e,427.73438,418.9453,420.89844,418.2129,406.00586,400.8789,404.29688,396.72852,393.0664,392.57812,395.5078,381.10352
sample_6fade424daa089d7,568.84766,580.0781,583.0078,583.4961,594.72656,591.3086,604.0039,595.21484,599.6094,608.39844,599.1211,585.9375
sample_c3176e918f18b8f7,441.40625,436.52344,431.88477,443.60352,427.2461,438.96484,457.76367,447.99805,475.3418,487.79297,482.91016,488.5254
sample_a1b22f5b8dc89ca0,557.1289,549.8047,527.34375,539.5508,508.78906,502.9297,499.02344,483.39844,490.23438,489.7461,482.66602,472.16797
sample_f34c8b6c706683f7,407.95898,400.14648,396.72852,403.07617,385.2539,398.68164,398.4375,397.46094,406.00586,406.73828,403.56445,399.16992
sample_0a8351bf76521726,643.5547,645.5078,638.1836,636.23047,649.41406,631.34766,630.3711,634.7656,625.0,622.5586,616.6992,609.375
sample_a106b76743a5d564,378.6621,372.80273,364.2578,360.35156,342.5293,346.92383,344.23828,354.0039,354.73633,356.9336,367.1875,366.94336
sample_389021763f8579e8,315.18555,330.5664,342.77344,336.66992,338.3789,365.72266,374.75586,393.31055,407.95898,425.29297,439.45312,432.86133
sample_a7f4b3b87dcaf775,325.6836,321.77734,343.01758,356.4453,354.98047,353.75977,377.19727,374.02344,376.95312,389.16016,391.11328,366.69922
sample_f637260a270594c7,384.76562,380.61523,380.61523,391.35742,385.7422,388.67188,398.68164,409.1797,412.59766,416.01562,435.79102,432.86133
sample_c96634d6492b7628,672.3633,666.5039,673.33984,669.4336,692.8711,672.3633,651.3672,670.41016,671.3867,662.59766,670.41016,664.0625
sample_c3552eda72b8d776,413.57422,399.90234,400.39062,397.2168,365.23438,391.11328,386.71875,378.6621,405.76172,416.5039,396.97266,399.90234
sample_3b7f5c72b1a9196e,357.91016,361.8164,352.7832,364.7461,356.4453,372.0703,370.60547,402.0996,402.83203,416.9922,452.39258,461.18164
sample_a4e03a34f5719502,470.21484,465.0879,472.16797,491.45508,482.42188,488.76953,503.41797,497.80273,500.97656,497.0703,502.4414,493.16406
sample_94c5c430dc54bb42,361.57227,372.5586,377.19727,395.26367,408.20312,406.73828,413.08594,415.77148,422.36328,421.875,427.73438,433.10547
sample_e0b4e053dea220eb,315.67383,324.21875,332.76367,336.18164,345.94727,357.91016,369.38477,378.90625,385.00977,393.0664,398.68164,407.71484
sample_6eaabe8eb46a6c1f,438.96484,422.11914,416.74805,420.16602,397.94922,379.39453,375.73242,369.14062,366.94336,358.39844,351.80664,350.58594
sample_78f6c1a99b183bd5,569.8242,546.3867,539.5508,535.64453,498.04688,482.66602,468.99414,457.76367,438.23242,429.19922,413.33008,399.41406
sample_860f9c8a88440089,482.91016,476.07422,466.55273,461.42578,448.2422,430.17578,424.56055,410.4004,409.1797,402.34375,392.08984,392.57812
sample_0b95bfa1cfd35a5c,375.0,378.17383,385.49805,385.00977,379.8828,371.09375,381.83594,375.73242,375.73242,378.41797,377.9297,374.02344
sample_7ed991b4b98e972d,357.42188,363.5254,370.8496,377.4414,375.48828,370.60547,380.3711,375.48828,378.17383,381.34766,382.08008,384.27734
sample_7f07c785fa8b6487,387.6953,381.34766,376.95312,386.23047,358.1543,377.4414,362.54883,387.6953,387.6953,392.08984,406.00586,400.63477
sample_34a299966aade711,375.48828,380.85938,394.04297,399.41406,410.64453,407.22656,421.38672,418.45703,415.77148,419.92188,415.77148,419.92188
sample_a8fc7344f4263db2,397.70508,400.39062,391.35742,389.4043,373.29102,381.34766,374.26758,371.58203,378.90625,383.78906,372.31445,372.0703
sample_964d91b324363aa4,405.76172,410.15625,419.4336,415.03906,411.1328,410.15625,418.45703,412.10938,418.70117,417.96875,417.96875,412.10938
sample_0566bc2fe9d9a890,452.63672,437.5,428.95508,416.5039,396.48438,411.6211,392.08984,403.56445,402.83203,401.85547,414.0625,407.4707
sample_79db50ab81c1a586,410.15625,398.68164,396.24023,397.70508,382.8125,368.16406,368.4082,366.45508,364.99023,362.79297,353.51562,353.27148
sample_cb7687ec8e9f2476,480.46875,488.28125,491.21094,488.0371,473.38867,468.26172,462.1582,453.36914,446.77734,437.5,422.11914,412.59766
sample_98dc465dd158c26c,346.1914,355.46875,366.21094,382.56836,385.7422,396.48438,432.86133,434.32617,444.0918,456.54297,463.62305,451.66016
sample_54d2841db9017c46,353.75977,360.10742,364.50195,362.79297,361.32812,365.23438,367.91992,371.58203,367.1875,379.39453,379.63867,383.54492
sample_6aed9596cc2482c9,663.5742,653.3203,651.3672,633.78906,604.4922,587.8906,576.66016,567.3828,529.78516,519.04297,503.41797,464.84375
sample_cba431b52f801786,500.97656,516.60156,525.3906,536.6211,556.6406,566.40625,583.0078,575.6836,595.7031,612.79297,607.4219,605.46875
sample_d2653d9bec195d7f,398.68164,404.05273,405.51758,406.49414,400.63477,388.1836,393.79883,383.78906,389.64844,389.64844,386.71875,383.30078
sample_034d4692ddca0767,439.9414,433.10547,415.77148,397.70508,377.9297,398.92578,369.38477,385.49805,387.20703,388.67188,395.75195,388.42773
sample_f4e48fb1efcacc46,353.51562,356.68945,348.6328,351.31836,350.83008,349.1211,366.45508,363.5254,367.91992,379.39453,380.12695,384.76562
sample_e7aa6c3e98367a62,471.1914,449.4629,429.6875,423.58398,390.625,392.33398,358.39844,368.16406,358.64258,359.375,358.1543,356.9336
sample_3ae1cbee05561c5c,358.88672,360.10742,382.56836,388.42773,394.04297,394.53125,412.10938,405.27344,411.6211,415.03906,410.4004,405.76172
sample_a258e077f465a0e5,400.63477,400.14648,400.14648,397.94922,384.76562,376.70898,386.9629,384.52148,381.34766,381.34766,383.30078,381.10352
sample_b5c6dac1fce28236,343.26172,347.16797,348.38867,359.375,354.98047,353.75977,358.1543,364.50195,368.16406,376.46484,373.04688,375.97656
sample_a70d85722b0c1ce4,596.6797,598.6328,587.40234,613.76953,584.96094,558.59375,564.9414,551.26953,541.0156,538.5742,520.5078,497.0703
sample_5c151f1cec45e181,372.5586,378.41797,383.05664,381.10352,386.4746,378.6621,380.61523,374.75586,380.12695,378.90625,379.8828,373.7793
sample_97bf28b3ece47bf3,499.51172,512.20703,515.625,517.08984,537.59766,543.45703,530.27344,536.6211,535.64453,522.9492,524.41406,537.1094
sample_53fb276de83e7bc9,364.7461,355.7129,353.75977,373.29102,354.0039,361.08398,365.47852,370.1172,367.67578,382.8125,379.39453,375.48828
sample_b0b60836b810668c,331.7871,336.91406,342.77344,347.16797,350.58594,354.0039,360.35156,379.63867,377.4414,386.23047,401.3672,400.39062
sample_cbd503d75a79cd1e,329.3457,351.80664,370.60547,391.8457,423.33984,424.3164,438.7207,456.29883,458.98438,464.84375,472.16797,486.8164
sample_e44f0e911faeba05,592.77344,584.47266,575.6836,565.91797,544.9219,534.1797,509.76562,495.8496,478.51562,458.98438,451.41602,441.89453
sample_6f4ee3c101b02647,333.25195,341.79688,353.02734,360.10742,366.94336,363.76953,375.0,372.80273,377.4414,379.39453,386.4746,383.54492
sample_1cbc1993491ea6c8,374.26758,390.86914,408.93555,455.81055,464.84375,490.72266,511.71875,533.6914,538.08594,561.52344,562.9883,562.5
sample_55d78947d6671e01,397.94922,407.4707,428.22266,436.76758,443.35938,442.3828,452.88086,461.91406,458.4961,463.3789,465.8203,460.44922
sample_39f40fba13ed665b,366.69922,373.04688,377.9297,381.10352,377.4414,372.80273,380.3711,374.51172,378.90625,375.97656,381.5918,378.90625
sample_c5e89fd8d321075a,423.33984,448.2422,461.18164,511.71875,529.2969,523.4375,549.8047,554.1992,562.5,573.73047,570.3125,563.47656
sample_7f367c4d4ac197ae,349.60938,349.1211,359.375,364.50195,370.1172,375.97656,376.46484,383.54492,387.6953,393.5547,400.39062,398.19336
sample_7908703f1ef7e9ba,383.30078,389.16016,384.0332,384.27734,393.79883,404.29688,409.9121,411.37695,412.8418,419.92188,415.2832,414.0625
sample_16fa22cadbb4a463,430.66406,428.71094,432.6172,428.22266,411.1328,427.97852,432.37305,433.8379,448.2422,459.47266,463.62305,457.76367
sample_0509376a63a12685,353.27148,365.72266,368.89648,363.28125,351.07422,368.65234,375.73242,382.08008,395.5078,408.6914,405.76172,405.0293
sample_86b3c0d6f49f20d7,379.63867,384.0332,387.45117,386.9629,384.76562,378.17383,383.78906,377.9297,381.5918,375.0,383.54492,379.1504
sample_6c1f42325312f7e2,454.58984,452.63672,445.06836,434.5703,427.49023,413.57422,413.08594,397.70508,396.72852,390.13672,385.00977,379.1504
sample_dfd772d4925b712e,430.41992,426.26953,423.58398,420.41016,413.81836,409.1797,412.35352,417.23633,414.30664,413.57422,425.04883,425.5371
sample_a00b96de6679d020,590.33203,610.83984,597.16797,579.10156,603.5156,607.91016,579.10156,592.77344,571.28906,558.10547,558.10547,574.70703
sample_18b663ddd0b46654,343.26172,356.20117,373.29102,395.26367,388.91602,395.26367,412.8418,413.33008,419.4336,428.71094,422.11914,405.76172
sample_40986e5c61464c18,338.3789,349.36523,355.95703,361.57227,367.43164,362.3047,373.7793,369.38477,374.02344,376.95312,379.63867,374.75586
sample_736a31eff368c914,356.9336,371.09375,364.01367,358.64258,363.76953,362.54883,362.54883,366.94336,380.3711,383.30078,375.0,380.61523
sample_ee35d1a1d272f095,387.45117,379.8828,393.31055,403.3203,379.63867,402.0996,397.70508,386.71875,425.04883,425.29297,415.2832,414.55078
sample_ebc739e04bc8f0ef,300.29297,310.30273,319.33594,325.92773,335.9375,342.28516,351.31836,355.7129,362.54883,368.16406,377.19727,378.6621
sample_10f849c6a1ca8072,306.88477,317.13867,330.07812,332.76367,339.84375,345.21484,350.58594,354.24805,360.83984,368.16406,369.38477,365.23438
sample_54a5e0be314cfd95,505.3711,498.04688,495.8496,481.20117,464.84375,453.125,451.17188,447.99805,436.03516,427.73438,432.1289,426.26953
sample_dd46da2d16000c49,342.77344,341.3086,349.85352,356.4453,354.0039,359.375,365.23438,366.94336,369.87305,379.8828,368.65234,367.1875
sample_53402b7bc465fa20,398.4375,409.42383,418.45703,419.18945,429.6875,453.61328,479.0039,482.42188,490.23438,501.46484,492.91992,486.57227
sample_4addc63441561ae3,344.72656,366.69922,388.42773,399.41406,400.8789,412.8418,423.58398,438.7207,435.54688,443.84766,447.26562,440.67383
sample_6679aa0edb1256b1,447.7539,447.7539,437.25586,437.98828,411.86523,420.89844,410.64453,421.14258,420.16602,432.6172,434.5703,429.19922
sample_c42713b8ffb576aa,326.41602,336.42578,335.9375,343.75,338.62305,348.6328,367.43164,370.60547,379.63867,394.53125,395.26367,398.4375
sample_b415452e593a4341,311.52344,305.66406,322.02148,343.99414,336.66992,342.04102,357.17773,356.4453,366.94336,377.4414,379.1504,363.28125
sample_64d6962d84d2dbbe,337.89062,348.6328,357.42188,364.50195,365.9668,359.86328,370.8496,366.21094,371.82617,372.5586,375.97656,373.53516
sample_cf456d800e6a440d,634.27734,653.3203,627.4414,599.6094,602.53906,604.4922,558.59375,565.91797,542.48047,528.8086,516.60156,526.3672
sample_efa10bcd87987b0d,351.5625,353.27148,349.85352,370.60547,350.58594,380.3711,378.90625,407.4707,417.7246,432.6172,457.2754,453.85742
sample_d7cca62fa01aeab7,458.98438,455.32227,447.99805,448.9746,438.96484,421.38672,416.5039,403.56445,405.0293,392.08984,392.33398,389.89258
sample_a98d7e753102a3db,346.92383,360.10742,385.49805,378.41797,394.7754,423.33984,428.71094,457.76367,467.5293,485.35156,505.3711,515.625
sample_dc2a3e7975b427de,406.00586,400.63477,393.79883,386.9629,383.78906,375.97656,375.73242,370.36133,366.69922,375.48828,363.28125,356.4453
sample_f7e01b0c04c91073,340.33203,346.6797,348.38867,354.4922,347.9004,351.80664,365.47852,365.9668,374.02344,374.51172,378.6621,379.63867
sample_703ebd9c43aa4426,387.20703,386.23047,384.27734,389.16016,381.34766,378.17383,372.0703,369.87305,372.31445,377.4414,367.91992,364.99023
